account_id,customer_id,branch_id,account_type,open_date,opening_balance
1,1,4,Savings,2024-01-01,233742.44
2,2,5,Savings,2024-01-01,65314.49
3,3,3,Savings,2024-01-01,65911.71
4,4,8,Savings,2024-01-01,80135.27
5,5,8,Savings,2024-01-01,167892.76
6,6,5,Savings,2024-01-01,174249.51
7,7,1,Current,2024-01-01,119186.22
8,8,7,Current,2024-01-01,131734.58
9,9,7,Current,2024-01-01,89582.64
10,10,2,Savings,2024-01-01,98304.92
11,11,8,Current,2024-01-01,56917.08
12,12,1,Savings,2024-01-01,148644.51
13,13,5,Current,2024-01-01,103027.01
14,14,6,Savings,2024-01-01,108404.6
15,15,5,Current,2024-01-01,75253.67
16,16,4,Current,2024-01-01,73730.57
17,17,3,Savings,2024-01-01,130475.3
18,18,7,Savings,2024-01-01,125775.15
19,19,4,Savings,2024-01-01,434309.01
20,20,2,Savings,2024-01-01,60691.58
21,21,6,Current,2024-01-01,88803.78
22,22,3,Savings,2024-01-01,79926.57
23,23,4,Savings,2024-01-01,99634.68
24,24,1,Savings,2024-01-01,136234.24
25,25,4,Savings,2024-01-01,142412.63
26,26,3,Savings,2024-01-01,132178.88
27,27,1,Savings,2024-01-01,376954.74
28,28,6,Savings,2024-01-01,88934.65
29,29,8,Savings,2024-01-01,102642.31
30,30,2,Savings,2024-01-01,179322.94
31,31,8,Current,2024-01-01,267853.6
32,32,8,Savings,2024-01-01,36214.08
33,33,2,Savings,2024-01-01,264946.35
34,34,1,Savings,2024-01-01,70586.5
35,35,5,Savings,2024-01-01,126659.36
36,36,1,Savings,2024-01-01,123503.83
37,37,7,Savings,2024-01-01,166433.03
38,38,6,Savings,2024-01-01,97217.3
39,39,7,Savings,2024-01-01,904490.85
40,40,1,Savings,2024-01-01,100091.98
41,41,5,Savings,2024-01-01,352581.26
42,42,6,Savings,2024-01-01,62013.59
43,43,6,Savings,2024-01-01,111133.15
44,44,3,Savings,2024-01-01,214204.26
45,45,6,Current,2024-01-01,124156.74
46,46,6,Savings,2024-01-01,96798.74
47,47,5,Savings,2024-01-01,263023.22
48,48,4,Savings,2024-01-01,102172.4
49,49,2,Savings,2024-01-01,139755.78
50,50,6,Savings,2024-01-01,124896.71
51,51,2,Savings,2024-01-01,124028.16
52,52,3,Savings,2024-01-01,190892.03
53,53,3,Savings,2024-01-01,465086.91
54,54,8,Savings,2024-01-01,376129.09
55,55,4,Savings,2024-01-01,195711.99
56,56,6,Savings,2024-01-01,132362.61
57,57,1,Savings,2024-01-01,471327.43
58,58,4,Savings,2024-01-01,217466.72
59,59,1,Savings,2024-01-01,246652.3
60,60,5,Savings,2024-01-01,182321.06
61,61,8,Savings,2024-01-01,76962.38
62,62,6,Current,2024-01-01,198027.13
63,63,6,Savings,2024-01-01,43054.41
64,64,5,Savings,2024-01-01,179808.22
65,65,8,Savings,2024-01-01,368380.6
66,66,3,Current,2024-01-01,198327.37
67,67,8,Savings,2024-01-01,161782.47
68,68,8,Savings,2024-01-01,95484.92
69,69,5,Current,2024-01-01,255620.93
70,70,8,Savings,2024-01-01,228996.56
71,71,6,Savings,2024-01-01,115574.8
72,72,3,Savings,2024-01-01,176984.62
73,73,5,Savings,2024-01-01,121868.66
74,74,7,Savings,2024-01-01,82029.56
75,75,4,Current,2024-01-01,114955.32
76,76,6,Savings,2024-01-01,90393.51
77,77,5,Current,2024-01-01,203031.26
78,78,2,Savings,2024-01-01,49510.93
79,79,3,Savings,2024-01-01,144329.38
80,80,6,Savings,2024-01-01,305348.84
81,81,5,Savings,2024-01-01,241902.16
82,82,5,Savings,2024-01-01,153823.28
83,83,5,Savings,2024-01-01,188233.89
84,84,7,Current,2024-01-01,36749.61
85,85,1,Savings,2024-01-01,57587.62
86,86,4,Savings,2024-01-01,115085.46
87,87,7,Current,2024-01-01,55779.29
88,88,7,Savings,2024-01-01,241761.34
89,89,3,Current,2024-01-01,48486.85
90,90,7,Current,2024-01-01,162439.03
91,91,2,Current,2024-01-01,71296.57
92,92,2,Current,2024-01-01,125563.78
93,93,3,Savings,2024-01-01,274489.04
94,94,4,Savings,2024-01-01,405544.44
95,95,6,Savings,2024-01-01,175245.68
96,96,1,Savings,2024-01-01,136802.46
97,97,4,Savings,2024-01-01,213218.9
98,98,3,Savings,2024-01-01,67552.63
99,99,1,Savings,2024-01-01,156726.14
100,100,5,Savings,2024-01-01,79445.7
101,101,4,Savings,2024-01-01,556507.34
102,102,2,Savings,2024-01-01,110762.58
103,103,6,Savings,2024-01-01,65365.01
104,104,4,Savings,2024-01-01,110957.14
105,105,8,Current,2024-01-01,483402.55
106,106,8,Savings,2024-01-01,269046.8
107,107,5,Savings,2024-01-01,48942.21
108,108,5,Current,2024-01-01,102239.32
109,109,7,Savings,2024-01-01,66380.38
110,110,8,Current,2024-01-01,27943.2
111,111,7,Savings,2024-01-01,388319.17
112,112,1,Savings,2024-01-01,104522.57
113,113,7,Savings,2024-01-01,69460.84
114,114,3,Savings,2024-01-01,278964.84
115,115,1,Savings,2024-01-01,131987.43
116,116,5,Savings,2024-01-01,56363.11
117,117,5,Current,2024-01-01,214175.59
118,118,7,Savings,2024-01-01,218321.89
119,119,6,Savings,2024-01-01,226871.01
120,120,3,Current,2024-01-01,139675.58
121,121,2,Savings,2024-01-01,143818.85
122,122,1,Savings,2024-01-01,61712.94
123,123,6,Savings,2024-01-01,165452.11
124,124,6,Savings,2024-01-01,194330.84
125,125,7,Savings,2024-01-01,91803.82
126,126,6,Current,2024-01-01,178021.21
127,127,8,Savings,2024-01-01,65431.63
128,128,1,Current,2024-01-01,218572.81
129,129,5,Savings,2024-01-01,107371.57
130,130,2,Savings,2024-01-01,59048.0
131,131,8,Savings,2024-01-01,96919.02
132,132,6,Savings,2024-01-01,85510.26
133,133,7,Savings,2024-01-01,131062.64
134,134,2,Savings,2024-01-01,142327.42
135,135,6,Savings,2024-01-01,50148.17
136,136,7,Current,2024-01-01,39889.79
137,137,2,Savings,2024-01-01,174357.84
138,138,3,Savings,2024-01-01,65531.73
139,139,8,Savings,2024-01-01,193664.43
140,140,2,Savings,2024-01-01,114395.77
141,141,3,Savings,2024-01-01,326981.39
142,142,8,Savings,2024-01-01,192428.43
143,143,5,Savings,2024-01-01,85652.92
144,144,3,Savings,2024-01-01,97418.12
145,145,5,Current,2024-01-01,163263.16
146,146,5,Current,2024-01-01,272647.13
147,147,3,Savings,2024-01-01,201894.82
148,148,8,Current,2024-01-01,65863.15
149,149,4,Savings,2024-01-01,355209.0
150,150,4,Savings,2024-01-01,64806.78
151,151,1,Savings,2024-01-01,57529.62
152,152,6,Savings,2024-01-01,604750.12
153,153,1,Savings,2024-01-01,119887.63
154,154,5,Savings,2024-01-01,83411.55
155,155,1,Current,2024-01-01,65035.86
156,156,3,Savings,2024-01-01,143772.07
157,157,1,Savings,2024-01-01,51830.9
158,158,6,Current,2024-01-01,115869.14
159,159,7,Savings,2024-01-01,93198.91
160,160,6,Savings,2024-01-01,93560.67
161,161,8,Savings,2024-01-01,157338.77
162,162,3,Savings,2024-01-01,146904.5
163,163,2,Savings,2024-01-01,322883.39
164,164,2,Current,2024-01-01,220491.83
165,165,3,Savings,2024-01-01,196449.27
166,166,4,Savings,2024-01-01,46949.46
167,167,6,Savings,2024-01-01,394676.55
168,168,2,Savings,2024-01-01,124849.27
169,169,5,Savings,2024-01-01,200179.72
170,170,5,Savings,2024-01-01,378949.5
171,171,3,Current,2024-01-01,219417.56
172,172,7,Savings,2024-01-01,75027.08
173,173,6,Current,2024-01-01,78045.95
174,174,6,Savings,2024-01-01,428939.46
175,175,5,Savings,2024-01-01,174845.27
176,176,5,Savings,2024-01-01,79284.35
177,177,3,Savings,2024-01-01,53033.81
178,178,1,Savings,2024-01-01,157646.8
179,179,2,Savings,2024-01-01,301149.63
180,180,6,Savings,2024-01-01,161959.97
181,181,7,Savings,2024-01-01,229548.52
182,182,8,Savings,2024-01-01,105846.97
183,183,7,Savings,2024-01-01,114478.6
184,184,8,Savings,2024-01-01,67320.97
185,185,8,Savings,2024-01-01,100650.31
186,186,6,Savings,2024-01-01,337897.62
187,187,8,Savings,2024-01-01,80224.49
188,188,8,Current,2024-01-01,127001.97
189,189,4,Savings,2024-01-01,43902.43
190,190,8,Savings,2024-01-01,129623.43
191,191,4,Current,2024-01-01,34530.67
192,192,3,Savings,2024-01-01,75359.25
193,193,4,Savings,2024-01-01,151403.44
194,194,4,Savings,2024-01-01,175676.63
195,195,8,Savings,2024-01-01,91460.66
196,196,1,Savings,2024-01-01,247744.96
197,197,2,Savings,2024-01-01,276579.86
198,198,6,Savings,2024-01-01,448850.67
199,199,6,Current,2024-01-01,52981.51
200,200,8,Savings,2024-01-01,103552.55
201,201,4,Savings,2024-01-01,66606.44
202,202,1,Savings,2024-01-01,261794.0
203,203,7,Savings,2024-01-01,99263.26
204,204,6,Savings,2024-01-01,282574.07
205,205,6,Savings,2024-01-01,45868.16
206,206,4,Savings,2024-01-01,176910.23
207,207,5,Savings,2024-01-01,200659.9
208,208,8,Savings,2024-01-01,310599.62
209,209,2,Savings,2024-01-01,267622.85
210,210,6,Savings,2024-01-01,134098.76
211,211,2,Savings,2024-01-01,163168.63
212,212,4,Savings,2024-01-01,481391.32
213,213,2,Savings,2024-01-01,106672.3
214,214,3,Current,2024-01-01,165287.45
215,215,8,Savings,2024-01-01,140332.94
216,216,7,Savings,2024-01-01,410724.29
217,217,3,Savings,2024-01-01,114409.87
218,218,3,Savings,2024-01-01,159397.75
219,219,8,Current,2024-01-01,174154.21
220,220,5,Savings,2024-01-01,223970.83
221,221,1,Savings,2024-01-01,72874.4
222,222,1,Current,2024-01-01,150461.94
223,223,8,Savings,2024-01-01,71396.39
224,224,6,Savings,2024-01-01,177333.2
225,225,5,Savings,2024-01-01,288376.54
226,226,1,Savings,2024-01-01,198867.96
227,227,5,Savings,2024-01-01,56303.68
228,228,3,Savings,2024-01-01,91657.9
229,229,2,Savings,2024-01-01,167638.35
230,230,2,Current,2024-01-01,376261.96
231,231,8,Savings,2024-01-01,193557.29
232,232,8,Current,2024-01-01,126624.83
233,233,5,Savings,2024-01-01,113314.32
234,234,4,Savings,2024-01-01,186692.19
235,235,6,Savings,2024-01-01,202156.13
236,236,7,Savings,2024-01-01,72296.31
237,237,1,Savings,2024-01-01,328898.63
238,238,3,Savings,2024-01-01,52120.05
239,239,5,Savings,2024-01-01,29600.69
240,240,5,Savings,2024-01-01,263732.79
241,241,7,Savings,2024-01-01,187908.47
242,242,7,Savings,2024-01-01,440921.6
243,243,7,Savings,2024-01-01,134410.52
244,244,4,Current,2024-01-01,128495.42
245,245,4,Current,2024-01-01,208946.99
246,246,7,Savings,2024-01-01,39827.53
247,247,4,Savings,2024-01-01,42513.61
248,248,6,Savings,2024-01-01,47988.46
249,249,7,Savings,2024-01-01,132487.19
250,250,5,Savings,2024-01-01,161383.95
251,251,3,Savings,2024-01-01,35742.1
252,252,6,Current,2024-01-01,67222.66
253,253,3,Current,2024-01-01,73971.65
254,254,6,Savings,2024-01-01,187846.89
255,255,2,Savings,2024-01-01,139302.87
256,256,6,Current,2024-01-01,122468.45
257,257,4,Savings,2024-01-01,105828.69
258,258,2,Current,2024-01-01,42621.87
259,259,1,Savings,2024-01-01,165256.73
260,260,6,Savings,2024-01-01,114788.59
261,261,1,Current,2024-01-01,62353.55
262,262,8,Current,2024-01-01,140406.61
263,263,5,Current,2024-01-01,124137.21
264,264,7,Savings,2024-01-01,94875.96
265,265,6,Current,2024-01-01,198465.87
266,266,4,Savings,2024-01-01,107252.76
267,267,1,Savings,2024-01-01,81605.94
268,268,3,Savings,2024-01-01,50016.6
269,269,1,Savings,2024-01-01,89094.87
270,270,3,Savings,2024-01-01,107605.35
271,271,2,Savings,2024-01-01,73938.94
272,272,4,Current,2024-01-01,218270.48
273,273,5,Savings,2024-01-01,155916.67
274,274,3,Savings,2024-01-01,111030.19
275,275,2,Savings,2024-01-01,488807.32
276,276,6,Savings,2024-01-01,171293.76
277,277,7,Savings,2024-01-01,172868.98
278,278,8,Savings,2024-01-01,327451.67
279,279,5,Current,2024-01-01,375406.28
280,280,4,Current,2024-01-01,151260.47
281,281,2,Savings,2024-01-01,79988.82
282,282,4,Savings,2024-01-01,170582.04
283,283,3,Savings,2024-01-01,71504.42
284,284,1,Savings,2024-01-01,24774.43
285,285,4,Savings,2024-01-01,227378.95
286,286,2,Savings,2024-01-01,307006.83
287,287,4,Savings,2024-01-01,567264.15
288,288,3,Current,2024-01-01,87936.45
289,289,6,Savings,2024-01-01,180389.42
290,290,6,Savings,2024-01-01,115533.02
291,291,8,Savings,2024-01-01,342689.7
292,292,3,Savings,2024-01-01,242822.11
293,293,6,Savings,2024-01-01,174285.88
294,294,6,Savings,2024-01-01,84789.61
295,295,6,Savings,2024-01-01,194214.17
296,296,6,Savings,2024-01-01,113262.37
297,297,6,Current,2024-01-01,263009.53
298,298,5,Savings,2024-01-01,351479.25
299,299,2,Savings,2024-01-01,144178.89
300,300,2,Savings,2024-01-01,75943.48
301,301,7,Savings,2024-01-01,87230.71
302,302,3,Savings,2024-01-01,200194.59
303,303,5,Savings,2024-01-01,114521.5
304,304,4,Savings,2024-01-01,147147.28
305,305,7,Savings,2024-01-01,233334.57
306,306,7,Savings,2024-01-01,197646.96
307,307,7,Savings,2024-01-01,181992.78
308,308,8,Savings,2024-01-01,17087.17
309,309,3,Current,2024-01-01,125447.13
310,310,2,Savings,2024-01-01,158710.33
311,311,5,Current,2024-01-01,46160.73
312,312,5,Savings,2024-01-01,149691.76
313,313,8,Savings,2024-01-01,106335.84
314,314,5,Current,2024-01-01,123122.79
315,315,4,Savings,2024-01-01,195477.8
316,316,4,Savings,2024-01-01,135703.83
317,317,3,Savings,2024-01-01,96705.62
318,318,8,Savings,2024-01-01,82816.15
319,319,1,Savings,2024-01-01,127280.64
320,320,3,Savings,2024-01-01,67562.51
321,321,3,Savings,2024-01-01,259891.42
322,322,7,Savings,2024-01-01,56926.81
323,323,5,Current,2024-01-01,259268.8
324,324,2,Savings,2024-01-01,248374.56
325,325,3,Current,2024-01-01,138075.52
326,326,2,Current,2024-01-01,294666.95
327,327,7,Savings,2024-01-01,157397.5
328,328,3,Savings,2024-01-01,58285.07
329,329,3,Savings,2024-01-01,272409.86
330,330,6,Savings,2024-01-01,99285.77
331,331,1,Savings,2024-01-01,42417.96
332,332,5,Savings,2024-01-01,132710.61
333,333,7,Savings,2024-01-01,201549.86
334,334,5,Savings,2024-01-01,156869.58
335,335,4,Savings,2024-01-01,62490.58
336,336,8,Savings,2024-01-01,355483.42
337,337,2,Savings,2024-01-01,198792.5
338,338,3,Savings,2024-01-01,59215.01
339,339,8,Savings,2024-01-01,93062.47
340,340,2,Savings,2024-01-01,255306.93
341,341,8,Savings,2024-01-01,97720.42
342,342,5,Savings,2024-01-01,200052.15
343,343,3,Savings,2024-01-01,206623.44
344,344,5,Current,2024-01-01,72592.83
345,345,5,Savings,2024-01-01,128956.71
346,346,4,Savings,2024-01-01,300534.77
347,347,1,Savings,2024-01-01,167354.3
348,348,8,Savings,2024-01-01,48113.05
349,349,2,Savings,2024-01-01,95083.29
350,350,2,Savings,2024-01-01,130246.15
351,351,2,Savings,2024-01-01,337184.28
352,352,2,Savings,2024-01-01,170211.19
353,353,7,Savings,2024-01-01,67875.01
354,354,6,Savings,2024-01-01,160675.73
355,355,7,Savings,2024-01-01,152435.95
356,356,8,Savings,2024-01-01,154212.66
357,357,2,Savings,2024-01-01,103053.43
358,358,6,Current,2024-01-01,88187.12
359,359,7,Savings,2024-01-01,102935.12
360,360,7,Savings,2024-01-01,91733.04
361,361,4,Current,2024-01-01,138856.24
362,362,5,Savings,2024-01-01,80756.44
363,363,7,Savings,2024-01-01,68148.05
364,364,7,Savings,2024-01-01,264414.95
365,365,8,Current,2024-01-01,393722.99
366,366,5,Savings,2024-01-01,83928.52
367,367,2,Current,2024-01-01,234237.11
368,368,5,Savings,2024-01-01,142608.88
369,369,2,Savings,2024-01-01,215095.26
370,370,4,Savings,2024-01-01,133011.46
371,371,3,Current,2024-01-01,163406.0
372,372,1,Savings,2024-01-01,155340.33
373,373,7,Savings,2024-01-01,117955.32
374,374,8,Savings,2024-01-01,263337.12
375,375,2,Savings,2024-01-01,162402.77
376,376,3,Savings,2024-01-01,67944.3
377,377,5,Current,2024-01-01,488811.6
378,378,4,Savings,2024-01-01,68129.59
379,379,1,Savings,2024-01-01,185317.54
380,380,7,Savings,2024-01-01,68448.21
381,381,2,Current,2024-01-01,55804.05
382,382,5,Current,2024-01-01,201207.3
383,383,3,Savings,2024-01-01,83411.17
384,384,2,Savings,2024-01-01,140897.32
385,385,8,Savings,2024-01-01,62418.88
386,386,5,Savings,2024-01-01,74143.16
387,387,8,Savings,2024-01-01,291395.49
388,388,8,Savings,2024-01-01,173137.85
389,389,6,Savings,2024-01-01,331319.19
390,390,6,Current,2024-01-01,251433.08
391,391,4,Savings,2024-01-01,516929.78
392,392,5,Savings,2024-01-01,152515.6
393,393,4,Savings,2024-01-01,302036.98
394,394,3,Current,2024-01-01,294386.52
395,395,2,Savings,2024-01-01,180116.01
396,396,7,Savings,2024-01-01,131625.66
397,397,2,Savings,2024-01-01,194254.11
398,398,1,Savings,2024-01-01,535577.73
399,399,2,Current,2024-01-01,105826.14
400,400,3,Savings,2024-01-01,235869.81
401,401,6,Savings,2024-01-01,177100.02
402,402,5,Savings,2024-01-01,112864.33
403,403,3,Savings,2024-01-01,154535.57
404,404,2,Current,2024-01-01,165030.81
405,405,4,Savings,2024-01-01,287668.84
406,406,1,Savings,2024-01-01,124820.7
407,407,2,Savings,2024-01-01,81669.47
408,408,2,Savings,2024-01-01,127810.98
409,409,4,Current,2024-01-01,91060.12
410,410,8,Savings,2024-01-01,175515.75
411,411,1,Savings,2024-01-01,111646.78
412,412,3,Current,2024-01-01,334813.64
413,413,7,Current,2024-01-01,110596.45
414,414,3,Savings,2024-01-01,565730.37
415,415,6,Savings,2024-01-01,135225.08
416,416,4,Savings,2024-01-01,170496.89
417,417,2,Savings,2024-01-01,68617.19
418,418,2,Savings,2024-01-01,428649.25
419,419,6,Savings,2024-01-01,156137.1
420,420,2,Savings,2024-01-01,127162.12
421,421,8,Current,2024-01-01,47015.32
422,422,7,Savings,2024-01-01,57296.02
423,423,5,Savings,2024-01-01,35868.63
424,424,1,Savings,2024-01-01,378840.62
425,425,4,Current,2024-01-01,260643.06
426,426,6,Savings,2024-01-01,192725.91
427,427,2,Savings,2024-01-01,131090.3
428,428,5,Savings,2024-01-01,86891.41
429,429,5,Savings,2024-01-01,178835.77
430,430,8,Savings,2024-01-01,360728.73
431,431,5,Savings,2024-01-01,192342.93
432,432,1,Savings,2024-01-01,180075.35
433,433,8,Savings,2024-01-01,83186.01
434,434,1,Savings,2024-01-01,130169.27
435,435,5,Current,2024-01-01,18843.14
436,436,3,Savings,2024-01-01,373221.13
437,437,3,Savings,2024-01-01,190596.39
438,438,7,Savings,2024-01-01,56862.33
439,439,1,Current,2024-01-01,144918.07
440,440,3,Savings,2024-01-01,208381.11
441,441,2,Savings,2024-01-01,222717.35
442,442,3,Savings,2024-01-01,258403.77
443,443,1,Current,2024-01-01,385704.63
444,444,8,Current,2024-01-01,61614.36
445,445,7,Savings,2024-01-01,376918.92
446,446,4,Savings,2024-01-01,360292.59
447,447,6,Savings,2024-01-01,132748.97
448,448,3,Savings,2024-01-01,73281.53
449,449,7,Current,2024-01-01,392963.65
450,450,4,Savings,2024-01-01,76630.34
451,451,4,Current,2024-01-01,128356.82
452,452,8,Savings,2024-01-01,227478.53
453,453,4,Savings,2024-01-01,60574.67
454,454,6,Savings,2024-01-01,72381.4
455,455,3,Savings,2024-01-01,81126.16
456,456,6,Savings,2024-01-01,130197.76
457,457,5,Savings,2024-01-01,71791.26
458,458,2,Savings,2024-01-01,356495.62
459,459,4,Current,2024-01-01,299612.53
460,460,4,Savings,2024-01-01,99859.5
461,461,2,Savings,2024-01-01,105059.79
462,462,6,Savings,2024-01-01,41464.96
463,463,1,Savings,2024-01-01,440356.79
464,464,6,Savings,2024-01-01,51285.85
465,465,3,Current,2024-01-01,72505.92
466,466,5,Savings,2024-01-01,308277.69
467,467,2,Current,2024-01-01,136814.6
468,468,1,Savings,2024-01-01,45325.0
469,469,8,Savings,2024-01-01,370441.99
470,470,3,Current,2024-01-01,52570.05
471,471,4,Current,2024-01-01,271013.06
472,472,6,Savings,2024-01-01,73774.51
473,473,8,Savings,2024-01-01,96325.53
474,474,7,Savings,2024-01-01,150190.18
475,475,4,Savings,2024-01-01,91737.44
476,476,8,Savings,2024-01-01,74608.24
477,477,6,Savings,2024-01-01,349068.66
478,478,4,Savings,2024-01-01,99288.13
479,479,3,Current,2024-01-01,131321.33
480,480,1,Current,2024-01-01,120102.58
481,481,2,Current,2024-01-01,87123.36
482,482,6,Savings,2024-01-01,263101.14
483,483,8,Current,2024-01-01,435874.68
484,484,5,Savings,2024-01-01,44471.98
485,485,3,Savings,2024-01-01,162320.37
486,486,5,Savings,2024-01-01,38818.17
487,487,1,Current,2024-01-01,44409.95
488,488,7,Savings,2024-01-01,48637.65
489,489,4,Savings,2024-01-01,288575.38
490,490,6,Current,2024-01-01,67940.63
491,491,2,Savings,2024-01-01,175463.1
492,492,1,Savings,2024-01-01,50913.36
493,493,6,Savings,2024-01-01,64043.68
494,494,3,Current,2024-01-01,163956.63
495,495,1,Savings,2024-01-01,168033.49
496,496,1,Current,2024-01-01,174798.45
497,497,6,Savings,2024-01-01,519209.08
498,498,1,Savings,2024-01-01,88471.23
499,499,5,Savings,2024-01-01,480466.67
500,500,2,Savings,2024-01-01,132325.29
501,501,6,Savings,2024-01-01,186058.41
502,502,7,Savings,2024-01-01,284743.86
503,503,7,Savings,2024-01-01,57302.42
504,504,1,Savings,2024-01-01,104638.97
505,505,2,Savings,2024-01-01,136225.49
506,506,2,Current,2024-01-01,211062.14
507,507,5,Savings,2024-01-01,124904.59
508,508,8,Current,2024-01-01,95738.37
509,509,3,Savings,2024-01-01,152447.86
510,510,5,Savings,2024-01-01,71743.81
511,511,6,Savings,2024-01-01,85324.53
512,512,5,Savings,2024-01-01,116910.02
513,513,6,Savings,2024-01-01,346874.92
514,514,8,Savings,2024-01-01,154180.15
515,515,5,Savings,2024-01-01,123267.0
516,516,2,Savings,2024-01-01,313848.22
517,517,1,Savings,2024-01-01,111314.57
518,518,4,Savings,2024-01-01,519098.69
519,519,1,Current,2024-01-01,189601.28
520,520,7,Savings,2024-01-01,228756.89
521,521,7,Savings,2024-01-01,70155.28
522,522,4,Savings,2024-01-01,30068.01
523,523,6,Current,2024-01-01,57465.38
524,524,2,Savings,2024-01-01,94656.6
525,525,1,Savings,2024-01-01,146664.48
526,526,6,Savings,2024-01-01,76544.57
527,527,3,Savings,2024-01-01,144316.6
528,528,8,Savings,2024-01-01,176966.86
529,529,7,Savings,2024-01-01,474510.53
530,530,6,Savings,2024-01-01,52411.47
531,531,1,Savings,2024-01-01,221700.48
532,532,3,Savings,2024-01-01,216030.61
533,533,3,Savings,2024-01-01,96208.15
534,534,8,Savings,2024-01-01,168261.95
535,535,7,Savings,2024-01-01,37601.87
536,536,4,Savings,2024-01-01,131046.81
537,537,4,Current,2024-01-01,26684.25
538,538,6,Savings,2024-01-01,91939.85
539,539,6,Savings,2024-01-01,130285.15
540,540,8,Savings,2024-01-01,222449.87
541,541,2,Savings,2024-01-01,89767.58
542,542,6,Savings,2024-01-01,219341.33
543,543,1,Savings,2024-01-01,304154.9
544,544,6,Savings,2024-01-01,239717.97
545,545,4,Savings,2024-01-01,274806.98
546,546,2,Savings,2024-01-01,232651.94
547,547,5,Savings,2024-01-01,44351.07
548,548,3,Savings,2024-01-01,61919.72
549,549,8,Savings,2024-01-01,91670.97
550,550,8,Savings,2024-01-01,161555.63
551,551,7,Savings,2024-01-01,101273.27
552,552,7,Savings,2024-01-01,62649.71
553,553,8,Savings,2024-01-01,90997.84
554,554,5,Current,2024-01-01,89258.65
555,555,3,Savings,2024-01-01,111148.32
556,556,8,Savings,2024-01-01,351204.0
557,557,6,Savings,2024-01-01,56476.29
558,558,5,Savings,2024-01-01,45021.49
559,559,6,Savings,2024-01-01,90772.16
560,560,7,Savings,2024-01-01,52451.48
561,561,1,Current,2024-01-01,277106.08
562,562,2,Savings,2024-01-01,218625.93
563,563,5,Savings,2024-01-01,116993.7
564,564,4,Current,2024-01-01,159457.02
565,565,6,Current,2024-01-01,64291.26
566,566,4,Savings,2024-01-01,92520.26
567,567,8,Current,2024-01-01,235987.6
568,568,2,Current,2024-01-01,153415.83
569,569,6,Savings,2024-01-01,188253.65
570,570,7,Savings,2024-01-01,32265.64
571,571,4,Savings,2024-01-01,192099.37
572,572,1,Savings,2024-01-01,126811.87
573,573,2,Savings,2024-01-01,118096.84
574,574,7,Savings,2024-01-01,144474.33
575,575,4,Savings,2024-01-01,73103.43
576,576,1,Savings,2024-01-01,76759.96
577,577,4,Savings,2024-01-01,145235.95
578,578,4,Savings,2024-01-01,235194.58
579,579,1,Current,2024-01-01,258613.78
580,580,8,Savings,2024-01-01,86839.54
581,581,2,Savings,2024-01-01,320218.66
582,582,4,Savings,2024-01-01,288730.72
583,583,4,Savings,2024-01-01,214290.93
584,584,2,Savings,2024-01-01,86342.01
585,585,1,Savings,2024-01-01,23827.91
586,586,7,Current,2024-01-01,97852.06
587,587,2,Savings,2024-01-01,341772.42
588,588,1,Savings,2024-01-01,89129.66
589,589,5,Savings,2024-01-01,270134.01
590,590,3,Savings,2024-01-01,66999.75
591,591,1,Savings,2024-01-01,107109.46
592,592,5,Savings,2024-01-01,100916.42
593,593,7,Savings,2024-01-01,142651.41
594,594,1,Savings,2024-01-01,331992.75
595,595,3,Current,2024-01-01,108105.6
596,596,5,Savings,2024-01-01,97600.51
597,597,1,Savings,2024-01-01,85773.45
598,598,1,Current,2024-01-01,287779.05
599,599,1,Savings,2024-01-01,62253.22
600,600,8,Savings,2024-01-01,136259.96
601,601,2,Savings,2024-01-01,103134.44
602,602,3,Savings,2024-01-01,740774.82
603,603,1,Savings,2024-01-01,189490.21
604,604,7,Savings,2024-01-01,60174.11
605,605,7,Savings,2024-01-01,158824.92
606,606,7,Savings,2024-01-01,126483.57
607,607,1,Savings,2024-01-01,578825.21
608,608,3,Savings,2024-01-01,80253.71
609,609,8,Savings,2024-01-01,112594.78
610,610,2,Savings,2024-01-01,140930.44
611,611,5,Current,2024-01-01,60340.01
612,612,5,Savings,2024-01-01,205308.44
613,613,6,Savings,2024-01-01,155365.64
614,614,6,Savings,2024-01-01,215677.64
615,615,2,Savings,2024-01-01,118205.84
616,616,3,Current,2024-01-01,57838.0
617,617,8,Savings,2024-01-01,155552.0
618,618,3,Savings,2024-01-01,258814.14
619,619,8,Savings,2024-01-01,289908.76
620,620,5,Savings,2024-01-01,80953.0
621,621,6,Savings,2024-01-01,243540.67
622,622,1,Savings,2024-01-01,51689.05
623,623,8,Savings,2024-01-01,160262.31
624,624,3,Savings,2024-01-01,235921.15
625,625,3,Savings,2024-01-01,286418.95
626,626,4,Current,2024-01-01,94984.3
627,627,7,Savings,2024-01-01,215265.92
628,628,8,Savings,2024-01-01,225953.41
629,629,8,Savings,2024-01-01,87369.77
630,630,5,Savings,2024-01-01,163565.97
631,631,6,Current,2024-01-01,48363.91
632,632,3,Savings,2024-01-01,118341.33
633,633,2,Savings,2024-01-01,166072.21
634,634,5,Savings,2024-01-01,120820.31
635,635,8,Current,2024-01-01,121720.98
636,636,8,Savings,2024-01-01,97694.28
637,637,3,Savings,2024-01-01,1039795.5
638,638,8,Current,2024-01-01,101705.03
639,639,3,Savings,2024-01-01,99081.57
640,640,3,Savings,2024-01-01,218334.09
641,641,3,Savings,2024-01-01,81726.92
642,642,5,Savings,2024-01-01,160392.32
643,643,1,Savings,2024-01-01,97690.95
644,644,6,Savings,2024-01-01,175543.46
645,645,7,Current,2024-01-01,507411.38
646,646,6,Savings,2024-01-01,113266.57
647,647,2,Savings,2024-01-01,100644.62
648,648,1,Savings,2024-01-01,200096.01
649,649,2,Savings,2024-01-01,137635.44
650,650,6,Savings,2024-01-01,196768.57
651,651,2,Current,2024-01-01,141513.91
652,652,5,Savings,2024-01-01,134377.86
653,653,2,Savings,2024-01-01,42627.5
654,654,4,Savings,2024-01-01,603986.79
655,655,3,Savings,2024-01-01,193575.2
656,656,5,Savings,2024-01-01,99827.93
657,657,8,Savings,2024-01-01,110506.4
658,658,6,Savings,2024-01-01,165335.96
659,659,1,Current,2024-01-01,232938.18
660,660,1,Savings,2024-01-01,132981.58
661,661,6,Current,2024-01-01,54000.43
662,662,4,Savings,2024-01-01,54658.92
663,663,6,Current,2024-01-01,95667.83
664,664,3,Savings,2024-01-01,105509.59
665,665,6,Savings,2024-01-01,93410.03
666,666,1,Savings,2024-01-01,199656.61
667,667,6,Savings,2024-01-01,98541.74
668,668,8,Savings,2024-01-01,129271.09
669,669,6,Savings,2024-01-01,15128.62
670,670,1,Savings,2024-01-01,222503.09
671,671,5,Current,2024-01-01,40540.26
672,672,2,Savings,2024-01-01,142409.62
673,673,8,Savings,2024-01-01,104248.55
674,674,1,Savings,2024-01-01,160019.14
675,675,4,Savings,2024-01-01,128297.42
676,676,8,Savings,2024-01-01,428443.34
677,677,4,Current,2024-01-01,103071.41
678,678,3,Savings,2024-01-01,134423.17
679,679,7,Savings,2024-01-01,39005.91
680,680,7,Current,2024-01-01,135126.36
681,681,1,Savings,2024-01-01,34615.17
682,682,3,Savings,2024-01-01,117626.03
683,683,5,Savings,2024-01-01,37877.74
684,684,7,Savings,2024-01-01,82713.02
685,685,3,Current,2024-01-01,155880.71
686,686,3,Savings,2024-01-01,122653.33
687,687,6,Savings,2024-01-01,127928.37
688,688,3,Current,2024-01-01,126306.73
689,689,7,Savings,2024-01-01,148495.42
690,690,2,Savings,2024-01-01,153019.79
691,691,4,Savings,2024-01-01,156516.05
692,692,7,Savings,2024-01-01,57092.86
693,693,4,Savings,2024-01-01,59640.75
694,694,7,Savings,2024-01-01,100657.02
695,695,7,Current,2024-01-01,417267.76
696,696,5,Savings,2024-01-01,62800.05
697,697,6,Savings,2024-01-01,171821.81
698,698,2,Savings,2024-01-01,58404.97
699,699,2,Savings,2024-01-01,187425.23
700,700,7,Savings,2024-01-01,79878.46
701,701,6,Current,2024-01-01,31983.31
702,702,7,Savings,2024-01-01,63886.94
703,703,2,Savings,2024-01-01,139707.44
704,704,7,Savings,2024-01-01,96941.34
705,705,8,Savings,2024-01-01,80449.94
706,706,1,Savings,2024-01-01,458059.44
707,707,8,Current,2024-01-01,124378.05
708,708,4,Current,2024-01-01,269252.9
709,709,8,Savings,2024-01-01,42503.56
710,710,8,Savings,2024-01-01,200521.03
711,711,2,Savings,2024-01-01,120543.29
712,712,1,Savings,2024-01-01,119060.15
713,713,5,Savings,2024-01-01,143305.11
714,714,7,Savings,2024-01-01,825630.14
715,715,1,Current,2024-01-01,248050.04
716,716,1,Savings,2024-01-01,121602.93
717,717,2,Current,2024-01-01,165439.16
718,718,7,Savings,2024-01-01,371392.49
719,719,1,Savings,2024-01-01,91705.03
720,720,8,Current,2024-01-01,89188.56
721,721,5,Savings,2024-01-01,60883.14
722,722,5,Savings,2024-01-01,183566.92
723,723,3,Savings,2024-01-01,319411.06
724,724,1,Current,2024-01-01,84834.47
725,725,2,Savings,2024-01-01,157782.55
726,726,7,Current,2024-01-01,186227.58
727,727,5,Savings,2024-01-01,70203.11
728,728,1,Current,2024-01-01,46336.74
729,729,6,Savings,2024-01-01,174610.56
730,730,5,Savings,2024-01-01,205465.5
731,731,1,Current,2024-01-01,107959.32
732,732,2,Savings,2024-01-01,108419.15
733,733,1,Current,2024-01-01,279936.22
734,734,4,Savings,2024-01-01,118048.91
735,735,4,Savings,2024-01-01,129597.12
736,736,3,Current,2024-01-01,510042.14
737,737,2,Savings,2024-01-01,63469.44
738,738,5,Current,2024-01-01,178383.26
739,739,4,Savings,2024-01-01,57822.46
740,740,2,Current,2024-01-01,193856.36
741,741,7,Savings,2024-01-01,330257.83
742,742,1,Current,2024-01-01,67202.57
743,743,8,Savings,2024-01-01,61341.11
744,744,7,Savings,2024-01-01,79617.2
745,745,5,Savings,2024-01-01,104078.66
746,746,5,Savings,2024-01-01,195523.63
747,747,1,Current,2024-01-01,158353.75
748,748,3,Savings,2024-01-01,51511.95
749,749,1,Savings,2024-01-01,121174.26
750,750,4,Current,2024-01-01,96972.27
751,751,8,Savings,2024-01-01,182176.55
752,752,3,Savings,2024-01-01,119211.02
753,753,3,Savings,2024-01-01,36876.42
754,754,6,Savings,2024-01-01,102719.18
755,755,2,Savings,2024-01-01,97066.96
756,756,5,Savings,2024-01-01,128835.81
757,757,8,Savings,2024-01-01,422682.21
758,758,4,Savings,2024-01-01,406624.66
759,759,5,Savings,2024-01-01,125366.74
760,760,4,Savings,2024-01-01,240295.36
761,761,5,Savings,2024-01-01,108016.63
762,762,5,Current,2024-01-01,93258.6
763,763,6,Savings,2024-01-01,124434.63
764,764,1,Savings,2024-01-01,77668.63
765,765,7,Savings,2024-01-01,83659.47
766,766,5,Savings,2024-01-01,133326.54
767,767,6,Savings,2024-01-01,101140.69
768,768,4,Savings,2024-01-01,45522.19
769,769,2,Savings,2024-01-01,181486.89
770,770,5,Savings,2024-01-01,172432.84
771,771,2,Savings,2024-01-01,280621.49
772,772,5,Savings,2024-01-01,133270.82
773,773,1,Savings,2024-01-01,116307.24
774,774,3,Savings,2024-01-01,48026.05
775,775,4,Savings,2024-01-01,179573.77
776,776,8,Current,2024-01-01,206774.27
777,777,8,Savings,2024-01-01,521061.38
778,778,6,Savings,2024-01-01,58085.65
779,779,7,Savings,2024-01-01,205357.37
780,780,5,Savings,2024-01-01,356729.79
781,781,2,Savings,2024-01-01,41751.33
782,782,3,Savings,2024-01-01,152915.97
783,783,8,Current,2024-01-01,80052.86
784,784,2,Savings,2024-01-01,84494.2
785,785,4,Savings,2024-01-01,34712.83
786,786,1,Current,2024-01-01,220387.58
787,787,1,Current,2024-01-01,253428.9
788,788,3,Savings,2024-01-01,293704.4
789,789,2,Savings,2024-01-01,48151.5
790,790,2,Savings,2024-01-01,142327.94
791,791,8,Savings,2024-01-01,118313.74
792,792,6,Savings,2024-01-01,47589.28
793,793,3,Current,2024-01-01,311562.23
794,794,1,Savings,2024-01-01,108229.84
795,795,5,Current,2024-01-01,133966.08
796,796,3,Savings,2024-01-01,517001.92
797,797,1,Savings,2024-01-01,46509.04
798,798,5,Savings,2024-01-01,202700.01
799,799,1,Current,2024-01-01,511285.97
800,800,4,Savings,2024-01-01,166148.02
801,801,4,Savings,2024-01-01,309401.27
802,802,1,Savings,2024-01-01,26941.98
803,803,5,Savings,2024-01-01,185824.23
804,804,3,Savings,2024-01-01,122054.76
805,805,3,Current,2024-01-01,139809.08
806,806,4,Savings,2024-01-01,129132.76
807,807,1,Savings,2024-01-01,27475.34
808,808,2,Savings,2024-01-01,166304.39
809,809,2,Savings,2024-01-01,84869.47
810,810,5,Savings,2024-01-01,131213.73
811,811,2,Savings,2024-01-01,111235.94
812,812,3,Savings,2024-01-01,98861.67
813,813,8,Current,2024-01-01,38688.98
814,814,4,Savings,2024-01-01,485183.23
815,815,4,Current,2024-01-01,205368.8
816,816,4,Savings,2024-01-01,392618.65
817,817,3,Savings,2024-01-01,99409.76
818,818,3,Savings,2024-01-01,164330.83
819,819,7,Current,2024-01-01,113032.21
820,820,2,Savings,2024-01-01,191960.09
821,821,1,Savings,2024-01-01,107166.58
822,822,4,Savings,2024-01-01,226945.05
823,823,2,Savings,2024-01-01,250058.22
824,824,4,Savings,2024-01-01,267598.03
825,825,5,Savings,2024-01-01,219429.85
826,826,3,Savings,2024-01-01,285153.13
827,827,8,Savings,2024-01-01,250485.66
828,828,7,Savings,2024-01-01,99296.02
829,829,4,Savings,2024-01-01,403122.0
830,830,1,Savings,2024-01-01,146087.53
831,831,4,Savings,2024-01-01,217332.46
832,832,3,Current,2024-01-01,68445.98
833,833,7,Current,2024-01-01,438461.07
834,834,4,Savings,2024-01-01,205053.65
835,835,8,Savings,2024-01-01,106258.39
836,836,3,Savings,2024-01-01,377147.72
837,837,2,Savings,2024-01-01,164122.83
838,838,6,Current,2024-01-01,342408.25
839,839,7,Savings,2024-01-01,181294.13
840,840,7,Savings,2024-01-01,55138.26
841,841,7,Current,2024-01-01,442527.73
842,842,3,Savings,2024-01-01,59283.69
843,843,2,Current,2024-01-01,69466.75
844,844,3,Savings,2024-01-01,77413.72
845,845,2,Savings,2024-01-01,258998.12
846,846,4,Current,2024-01-01,195954.29
847,847,7,Savings,2024-01-01,109097.37
848,848,5,Current,2024-01-01,96484.66
849,849,6,Current,2024-01-01,79131.72
850,850,2,Savings,2024-01-01,111966.28
851,851,1,Savings,2024-01-01,59012.53
852,852,6,Savings,2024-01-01,658001.26
853,853,5,Savings,2024-01-01,64264.8
854,854,7,Current,2024-01-01,67014.04
855,855,2,Savings,2024-01-01,140554.09
856,856,6,Savings,2024-01-01,76578.95
857,857,4,Current,2024-01-01,52520.56
858,858,1,Savings,2024-01-01,129992.61
859,859,7,Savings,2024-01-01,234186.31
860,860,7,Savings,2024-01-01,41082.46
861,861,1,Savings,2024-01-01,191806.46
862,862,1,Savings,2024-01-01,112643.04
863,863,2,Savings,2024-01-01,190075.57
864,864,1,Savings,2024-01-01,997338.97
865,865,2,Savings,2024-01-01,26532.78
866,866,5,Savings,2024-01-01,84808.15
867,867,5,Savings,2024-01-01,151174.3
868,868,6,Savings,2024-01-01,155053.18
869,869,7,Current,2024-01-01,128423.54
870,870,2,Savings,2024-01-01,50688.81
871,871,3,Savings,2024-01-01,64442.99
872,872,3,Current,2024-01-01,102290.47
873,873,2,Current,2024-01-01,70223.97
874,874,1,Savings,2024-01-01,48053.86
875,875,2,Savings,2024-01-01,92681.45
876,876,6,Current,2024-01-01,370357.37
877,877,2,Savings,2024-01-01,244914.28
878,878,7,Savings,2024-01-01,81324.26
879,879,2,Savings,2024-01-01,117742.86
880,880,3,Savings,2024-01-01,38725.86
881,881,4,Savings,2024-01-01,119049.23
882,882,8,Savings,2024-01-01,268012.21
883,883,7,Savings,2024-01-01,260136.39
884,884,6,Savings,2024-01-01,403432.76
885,885,4,Savings,2024-01-01,168417.1
886,886,6,Savings,2024-01-01,45177.81
887,887,4,Savings,2024-01-01,54744.99
888,888,1,Current,2024-01-01,98305.79
889,889,5,Savings,2024-01-01,369693.86
890,890,4,Current,2024-01-01,176500.02
891,891,7,Savings,2024-01-01,126519.24
892,892,3,Savings,2024-01-01,278007.76
893,893,2,Savings,2024-01-01,246485.84
894,894,8,Savings,2024-01-01,176841.9
895,895,7,Current,2024-01-01,170059.73
896,896,5,Savings,2024-01-01,407468.07
897,897,6,Savings,2024-01-01,236242.67
898,898,7,Savings,2024-01-01,96288.96
899,899,2,Savings,2024-01-01,165664.79
900,900,7,Savings,2024-01-01,140780.29
901,901,7,Savings,2024-01-01,107042.23
902,902,7,Savings,2024-01-01,346315.3
903,903,5,Current,2024-01-01,396455.6
904,904,5,Savings,2024-01-01,100370.07
905,905,6,Savings,2024-01-01,255191.71
906,906,3,Current,2024-01-01,132598.34
907,907,2,Current,2024-01-01,113248.44
908,908,2,Savings,2024-01-01,87696.84
909,909,5,Savings,2024-01-01,66890.94
910,910,5,Savings,2024-01-01,159115.42
911,911,3,Savings,2024-01-01,46968.68
912,912,7,Savings,2024-01-01,262801.71
913,913,2,Savings,2024-01-01,598343.8
914,914,5,Savings,2024-01-01,85659.25
915,915,1,Savings,2024-01-01,114542.7
916,916,2,Savings,2024-01-01,117079.99
917,917,6,Current,2024-01-01,168551.32
918,918,8,Savings,2024-01-01,143352.34
919,919,2,Current,2024-01-01,87338.04
920,920,6,Savings,2024-01-01,195055.31
921,921,8,Savings,2024-01-01,106295.79
922,922,5,Savings,2024-01-01,95778.74
923,923,4,Savings,2024-01-01,138233.38
924,924,4,Savings,2024-01-01,77648.95
925,925,6,Savings,2024-01-01,164145.46
926,926,7,Savings,2024-01-01,147036.35
927,927,4,Current,2024-01-01,122965.33
928,928,7,Savings,2024-01-01,255712.97
929,929,6,Savings,2024-01-01,330189.28
930,930,3,Savings,2024-01-01,290115.08
931,931,2,Savings,2024-01-01,158275.63
932,932,3,Savings,2024-01-01,191566.94
933,933,4,Current,2024-01-01,66007.56
934,934,7,Current,2024-01-01,77735.76
935,935,5,Savings,2024-01-01,268776.81
936,936,5,Savings,2024-01-01,231988.67
937,937,1,Savings,2024-01-01,66333.95
938,938,7,Savings,2024-01-01,127396.92
939,939,8,Current,2024-01-01,49782.43
940,940,3,Savings,2024-01-01,196142.35
941,941,7,Savings,2024-01-01,130989.25
942,942,5,Savings,2024-01-01,136632.57
943,943,8,Savings,2024-01-01,150785.54
944,944,8,Savings,2024-01-01,161022.74
945,945,5,Savings,2024-01-01,81013.49
946,946,4,Savings,2024-01-01,110989.95
947,947,6,Savings,2024-01-01,788535.98
948,948,6,Current,2024-01-01,137326.97
949,949,2,Savings,2024-01-01,52847.1
950,950,8,Savings,2024-01-01,248788.58
951,951,1,Savings,2024-01-01,318754.33
952,952,8,Savings,2024-01-01,106543.9
953,953,8,Savings,2024-01-01,70861.45
954,954,5,Savings,2024-01-01,301259.94
955,955,7,Savings,2024-01-01,164255.17
956,956,1,Savings,2024-01-01,153692.99
957,957,7,Savings,2024-01-01,215576.98
958,958,1,Savings,2024-01-01,186446.95
959,959,1,Current,2024-01-01,313362.52
960,960,5,Savings,2024-01-01,258791.88
961,961,2,Savings,2024-01-01,255454.56
962,962,4,Savings,2024-01-01,132712.2
963,963,3,Current,2024-01-01,76786.51
964,964,2,Savings,2024-01-01,119212.48
965,965,4,Savings,2024-01-01,219981.5
966,966,8,Savings,2024-01-01,271283.06
967,967,1,Savings,2024-01-01,167603.08
968,968,8,Current,2024-01-01,238665.02
969,969,8,Savings,2024-01-01,294260.5
970,970,4,Savings,2024-01-01,162031.73
971,971,5,Savings,2024-01-01,116487.22
972,972,4,Savings,2024-01-01,163926.22
973,973,8,Savings,2024-01-01,78043.16
974,974,5,Savings,2024-01-01,163840.4
975,975,7,Savings,2024-01-01,35914.71
976,976,8,Current,2024-01-01,342983.4
977,977,5,Savings,2024-01-01,182610.54
978,978,7,Savings,2024-01-01,167222.68
979,979,3,Savings,2024-01-01,45713.33
980,980,5,Savings,2024-01-01,121514.98
981,981,1,Savings,2024-01-01,88515.75
982,982,7,Savings,2024-01-01,86514.34
983,983,7,Current,2024-01-01,152861.23
984,984,6,Savings,2024-01-01,86621.55
985,985,1,Savings,2024-01-01,29485.79
986,986,7,Savings,2024-01-01,66389.74
987,987,6,Savings,2024-01-01,110319.11
988,988,4,Savings,2024-01-01,137285.08
989,989,3,Current,2024-01-01,79511.12
990,990,6,Savings,2024-01-01,199150.17
991,991,1,Current,2024-01-01,200944.32
992,992,8,Savings,2024-01-01,122807.91
993,993,2,Savings,2024-01-01,120253.14
994,994,2,Savings,2024-01-01,121599.14
995,995,8,Savings,2024-01-01,43467.41
996,996,6,Current,2024-01-01,725106.21
997,997,7,Current,2024-01-01,478967.25
998,998,1,Savings,2024-01-01,190815.53
999,999,7,Savings,2024-01-01,162254.67
1000,1000,5,Savings,2024-01-01,86549.38
1001,1001,3,Savings,2024-01-01,89366.62
1002,1002,3,Savings,2024-01-01,275776.91
1003,1003,2,Savings,2024-01-01,135903.12
1004,1004,7,Current,2024-01-01,109493.15
1005,1005,3,Current,2024-01-01,46461.41
1006,1006,4,Current,2024-01-01,31838.04
1007,1007,3,Savings,2024-01-01,48358.05
1008,1008,6,Current,2024-01-01,215084.21
1009,1009,8,Savings,2024-01-01,196791.67
1010,1010,6,Savings,2024-01-01,130311.59
1011,1011,3,Current,2024-01-01,95688.33
1012,1012,7,Savings,2024-01-01,24443.52
1013,1013,4,Savings,2024-01-01,98384.91
1014,1014,8,Savings,2024-01-01,68604.5
1015,1015,2,Savings,2024-01-01,122266.71
1016,1016,1,Savings,2024-01-01,371621.17
1017,1017,1,Savings,2024-01-01,169582.18
1018,1018,3,Savings,2024-01-01,132973.91
1019,1019,7,Current,2024-01-01,95622.93
1020,1020,7,Savings,2024-01-01,109332.22
1021,1021,1,Savings,2024-01-01,162898.67
1022,1022,1,Savings,2024-01-01,393061.87
1023,1023,5,Current,2024-01-01,107863.26
1024,1024,2,Savings,2024-01-01,53157.54
1025,1025,5,Savings,2024-01-01,108179.74
1026,1026,8,Savings,2024-01-01,88597.9
1027,1027,6,Savings,2024-01-01,73303.98
1028,1028,8,Savings,2024-01-01,224226.22
1029,1029,5,Savings,2024-01-01,202134.63
1030,1030,5,Savings,2024-01-01,93463.14
1031,1031,4,Savings,2024-01-01,247461.01
1032,1032,2,Savings,2024-01-01,329551.59
1033,1033,3,Savings,2024-01-01,113029.08
1034,1034,7,Savings,2024-01-01,329264.35
1035,1035,3,Savings,2024-01-01,84288.6
1036,1036,8,Savings,2024-01-01,241586.09
1037,1037,3,Current,2024-01-01,80566.74
1038,1038,3,Savings,2024-01-01,392562.66
1039,1039,7,Current,2024-01-01,143044.77
1040,1040,5,Savings,2024-01-01,109309.66
1041,1041,1,Savings,2024-01-01,124477.37
1042,1042,4,Savings,2024-01-01,89437.24
1043,1043,3,Savings,2024-01-01,148075.68
1044,1044,2,Savings,2024-01-01,195392.41
1045,1045,5,Savings,2024-01-01,93927.34
1046,1046,8,Current,2024-01-01,418416.69
1047,1047,5,Savings,2024-01-01,106811.74
1048,1048,3,Savings,2024-01-01,211533.17
1049,1049,2,Savings,2024-01-01,506794.09
1050,1050,5,Savings,2024-01-01,74729.76
1051,1051,4,Savings,2024-01-01,104248.91
1052,1052,5,Savings,2024-01-01,658574.41
1053,1053,8,Savings,2024-01-01,113057.94
1054,1054,3,Current,2024-01-01,365663.53
1055,1055,2,Savings,2024-01-01,96779.23
1056,1056,7,Savings,2024-01-01,152501.7
1057,1057,6,Savings,2024-01-01,187026.58
1058,1058,4,Savings,2024-01-01,144635.75
1059,1059,7,Savings,2024-01-01,94053.61
1060,1060,6,Savings,2024-01-01,157717.4
1061,1061,7,Savings,2024-01-01,271622.11
1062,1062,4,Savings,2024-01-01,358228.08
1063,1063,4,Savings,2024-01-01,84502.87
1064,1064,5,Current,2024-01-01,146190.24
1065,1065,5,Current,2024-01-01,73247.67
1066,1066,2,Savings,2024-01-01,293554.65
1067,1067,2,Current,2024-01-01,339063.71
1068,1068,7,Savings,2024-01-01,131723.1
1069,1069,2,Savings,2024-01-01,296442.44
1070,1070,7,Current,2024-01-01,161975.35
1071,1071,2,Current,2024-01-01,135630.6
1072,1072,2,Current,2024-01-01,87094.21
1073,1073,8,Savings,2024-01-01,260379.69
1074,1074,7,Current,2024-01-01,477774.0
1075,1075,1,Savings,2024-01-01,172458.63
1076,1076,1,Savings,2024-01-01,38571.77
1077,1077,6,Savings,2024-01-01,83354.19
1078,1078,6,Savings,2024-01-01,208316.49
1079,1079,6,Savings,2024-01-01,134083.41
1080,1080,4,Current,2024-01-01,214016.57
1081,1081,8,Current,2024-01-01,401971.31
1082,1082,2,Savings,2024-01-01,163968.89
1083,1083,4,Savings,2024-01-01,87444.39
1084,1084,4,Current,2024-01-01,81501.91
1085,1085,4,Savings,2024-01-01,114001.29
1086,1086,6,Savings,2024-01-01,216285.41
1087,1087,3,Savings,2024-01-01,330578.66
1088,1088,3,Savings,2024-01-01,199052.71
1089,1089,5,Current,2024-01-01,155149.13
1090,1090,3,Savings,2024-01-01,150430.58
1091,1091,4,Savings,2024-01-01,94067.78
1092,1092,8,Savings,2024-01-01,45385.08
1093,1093,4,Savings,2024-01-01,109922.62
1094,1094,7,Current,2024-01-01,446835.94
1095,1095,3,Current,2024-01-01,88590.54
1096,1096,6,Current,2024-01-01,39512.88
1097,1097,4,Savings,2024-01-01,76342.25
1098,1098,8,Savings,2024-01-01,161818.38
1099,1099,5,Savings,2024-01-01,103873.74
1100,1100,1,Current,2024-01-01,141016.15
1101,1101,2,Savings,2024-01-01,65118.88
1102,1102,4,Savings,2024-01-01,230375.47
1103,1103,7,Savings,2024-01-01,73513.77
1104,1104,2,Current,2024-01-01,73149.79
1105,1105,1,Savings,2024-01-01,247247.76
1106,1106,7,Savings,2024-01-01,148013.14
1107,1107,2,Savings,2024-01-01,76597.32
1108,1108,5,Savings,2024-01-01,391703.83
1109,1109,5,Savings,2024-01-01,121770.55
1110,1110,4,Savings,2024-01-01,110224.3
1111,1111,7,Savings,2024-01-01,98567.2
1112,1112,1,Savings,2024-01-01,76310.29
1113,1113,6,Savings,2024-01-01,106312.13
1114,1114,6,Savings,2024-01-01,485731.75
1115,1115,4,Savings,2024-01-01,182459.5
1116,1116,8,Savings,2024-01-01,108386.14
1117,1117,2,Current,2024-01-01,132106.01
1118,1118,5,Savings,2024-01-01,289540.12
1119,1119,5,Savings,2024-01-01,276902.74
1120,1120,6,Current,2024-01-01,94289.08
1121,1121,5,Savings,2024-01-01,196778.43
1122,1122,2,Savings,2024-01-01,73713.27
1123,1123,6,Current,2024-01-01,171888.2
1124,1124,8,Savings,2024-01-01,209975.2
1125,1125,5,Savings,2024-01-01,178137.34
1126,1126,8,Savings,2024-01-01,31162.31
1127,1127,5,Savings,2024-01-01,150853.68
1128,1128,3,Savings,2024-01-01,267742.39
1129,1129,2,Savings,2024-01-01,120781.48
1130,1130,1,Savings,2024-01-01,145606.57
1131,1131,1,Savings,2024-01-01,179487.81
1132,1132,8,Savings,2024-01-01,85888.08
1133,1133,2,Savings,2024-01-01,53949.84
1134,1134,7,Current,2024-01-01,161528.05
1135,1135,8,Current,2024-01-01,122953.9
1136,1136,3,Savings,2024-01-01,249761.58
1137,1137,4,Current,2024-01-01,69822.67
1138,1138,4,Current,2024-01-01,64340.88
1139,1139,5,Savings,2024-01-01,247040.06
1140,1140,1,Savings,2024-01-01,55818.24
1141,1141,4,Savings,2024-01-01,131460.93
1142,1142,2,Savings,2024-01-01,414636.75
1143,1143,6,Savings,2024-01-01,320153.1
1144,1144,3,Savings,2024-01-01,150745.25
1145,1145,6,Savings,2024-01-01,91258.27
1146,1146,7,Current,2024-01-01,47858.72
1147,1147,2,Current,2024-01-01,99148.69
1148,1148,8,Savings,2024-01-01,133286.67
1149,1149,2,Savings,2024-01-01,201569.38
1150,1150,5,Savings,2024-01-01,101898.1
1151,1151,1,Savings,2024-01-01,719120.92
1152,1152,5,Savings,2024-01-01,120421.6
1153,1153,3,Savings,2024-01-01,60202.91
1154,1154,3,Savings,2024-01-01,93480.32
1155,1155,8,Savings,2024-01-01,78673.03
1156,1156,3,Current,2024-01-01,36568.0
1157,1157,2,Savings,2024-01-01,300031.49
1158,1158,3,Savings,2024-01-01,129335.29
1159,1159,7,Savings,2024-01-01,124273.82
1160,1160,6,Savings,2024-01-01,77223.48
1161,1161,2,Savings,2024-01-01,57565.6
1162,1162,4,Savings,2024-01-01,257632.96
1163,1163,4,Current,2024-01-01,97011.7
1164,1164,4,Current,2024-01-01,153128.71
1165,1165,6,Savings,2024-01-01,310924.19
1166,1166,2,Savings,2024-01-01,67410.4
1167,1167,7,Current,2024-01-01,140771.79
1168,1168,6,Current,2024-01-01,211176.22
1169,1169,6,Savings,2024-01-01,39263.5
1170,1170,1,Savings,2024-01-01,98350.73
1171,1171,8,Savings,2024-01-01,111873.89
1172,1172,4,Savings,2024-01-01,78849.44
1173,1173,2,Savings,2024-01-01,364780.2
1174,1174,2,Savings,2024-01-01,164408.1
1175,1175,5,Savings,2024-01-01,118339.0
1176,1176,8,Savings,2024-01-01,99758.76
1177,1177,3,Savings,2024-01-01,70838.97
1178,1178,4,Savings,2024-01-01,690211.65
1179,1179,5,Savings,2024-01-01,71207.9
1180,1180,8,Current,2024-01-01,288604.91
1181,1181,3,Current,2024-01-01,223977.81
1182,1182,2,Current,2024-01-01,366291.87
1183,1183,3,Savings,2024-01-01,225681.6
1184,1184,2,Savings,2024-01-01,51394.21
1185,1185,6,Savings,2024-01-01,52914.89
1186,1186,4,Savings,2024-01-01,142333.55
1187,1187,1,Savings,2024-01-01,92626.07
1188,1188,2,Current,2024-01-01,113743.61
1189,1189,4,Savings,2024-01-01,76772.12
1190,1190,1,Savings,2024-01-01,150972.72
1191,1191,6,Savings,2024-01-01,241344.93
1192,1192,8,Savings,2024-01-01,159009.92
1193,1193,2,Savings,2024-01-01,120886.53
1194,1194,6,Savings,2024-01-01,190901.02
1195,1195,4,Savings,2024-01-01,244423.1
1196,1196,6,Savings,2024-01-01,82860.56
1197,1197,1,Savings,2024-01-01,204022.49
1198,1198,8,Savings,2024-01-01,84794.07
1199,1199,6,Savings,2024-01-01,159561.65
1200,1200,1,Current,2024-01-01,90891.43
1201,1201,2,Savings,2024-01-01,90163.99
1202,1202,4,Savings,2024-01-01,319291.53
1203,1203,5,Savings,2024-01-01,117954.54
1204,1204,3,Savings,2024-01-01,180001.16
1205,1205,3,Current,2024-01-01,101792.81
1206,1206,1,Savings,2024-01-01,82299.2
1207,1207,5,Savings,2024-01-01,92759.76
1208,1208,2,Savings,2024-01-01,172750.81
1209,1209,5,Savings,2024-01-01,148562.63
1210,1210,6,Current,2024-01-01,96842.53
1211,1211,8,Savings,2024-01-01,59850.94
1212,1212,8,Savings,2024-01-01,439839.78
1213,1213,3,Savings,2024-01-01,36295.53
1214,1214,4,Savings,2024-01-01,167952.68
1215,1215,3,Savings,2024-01-01,287809.86
1216,1216,8,Current,2024-01-01,114952.95
1217,1217,3,Savings,2024-01-01,20778.78
1218,1218,6,Savings,2024-01-01,111377.96
1219,1219,7,Savings,2024-01-01,184829.74
1220,1220,8,Savings,2024-01-01,446636.53
1221,1221,2,Savings,2024-01-01,213327.26
1222,1222,6,Savings,2024-01-01,111326.59
1223,1223,3,Savings,2024-01-01,120807.01
1224,1224,4,Savings,2024-01-01,207459.2
1225,1225,5,Current,2024-01-01,93814.43
1226,1226,7,Current,2024-01-01,48154.26
1227,1227,1,Savings,2024-01-01,58755.03
1228,1228,3,Savings,2024-01-01,139465.09
1229,1229,2,Savings,2024-01-01,118302.8
1230,1230,3,Savings,2024-01-01,202194.33
1231,1231,3,Savings,2024-01-01,632868.65
1232,1232,8,Current,2024-01-01,122724.46
1233,1233,8,Savings,2024-01-01,214816.7
1234,1234,3,Savings,2024-01-01,125489.13
1235,1235,6,Current,2024-01-01,435429.23
1236,1236,8,Savings,2024-01-01,168084.73
1237,1237,1,Savings,2024-01-01,279102.75
1238,1238,4,Savings,2024-01-01,39996.73
1239,1239,6,Savings,2024-01-01,217487.34
1240,1240,7,Savings,2024-01-01,106157.24
1241,1241,7,Savings,2024-01-01,83376.34
1242,1242,5,Savings,2024-01-01,148298.87
1243,1243,7,Savings,2024-01-01,191566.54
1244,1244,7,Savings,2024-01-01,214583.14
1245,1245,6,Savings,2024-01-01,62626.53
1246,1246,6,Savings,2024-01-01,180176.9
1247,1247,2,Savings,2024-01-01,114844.81
1248,1248,5,Savings,2024-01-01,196581.26
1249,1249,8,Savings,2024-01-01,258332.52
1250,1250,3,Savings,2024-01-01,293047.25
1251,1251,1,Savings,2024-01-01,112863.78
1252,1252,7,Savings,2024-01-01,235181.38
1253,1253,3,Savings,2024-01-01,150722.07
1254,1254,1,Savings,2024-01-01,69025.81
1255,1255,2,Savings,2024-01-01,34484.93
1256,1256,8,Savings,2024-01-01,141792.26
1257,1257,3,Current,2024-01-01,50628.37
1258,1258,2,Current,2024-01-01,45686.46
1259,1259,7,Savings,2024-01-01,205332.55
1260,1260,1,Savings,2024-01-01,128015.29
1261,1261,6,Current,2024-01-01,243959.31
1262,1262,5,Savings,2024-01-01,117749.34
1263,1263,3,Savings,2024-01-01,332223.24
1264,1264,3,Current,2024-01-01,34758.85
1265,1265,7,Savings,2024-01-01,354128.69
1266,1266,7,Savings,2024-01-01,264867.94
1267,1267,6,Savings,2024-01-01,126686.55
1268,1268,8,Savings,2024-01-01,127686.98
1269,1269,5,Savings,2024-01-01,63955.23
1270,1270,4,Savings,2024-01-01,55490.77
1271,1271,2,Savings,2024-01-01,141776.78
1272,1272,4,Current,2024-01-01,161399.88
1273,1273,4,Savings,2024-01-01,187541.74
1274,1274,3,Savings,2024-01-01,259479.52
1275,1275,2,Savings,2024-01-01,123771.39
1276,1276,5,Savings,2024-01-01,70009.94
1277,1277,8,Savings,2024-01-01,93428.24
1278,1278,7,Savings,2024-01-01,703364.51
1279,1279,6,Savings,2024-01-01,310249.62
1280,1280,7,Current,2024-01-01,307129.57
1281,1281,5,Savings,2024-01-01,241035.77
1282,1282,7,Savings,2024-01-01,144312.46
1283,1283,6,Current,2024-01-01,114357.52
1284,1284,3,Savings,2024-01-01,117766.62
1285,1285,7,Savings,2024-01-01,179671.05
1286,1286,8,Current,2024-01-01,142568.76
1287,1287,1,Savings,2024-01-01,355829.44
1288,1288,6,Savings,2024-01-01,85954.91
1289,1289,2,Savings,2024-01-01,67504.46
1290,1290,7,Current,2024-01-01,140029.57
1291,1291,4,Current,2024-01-01,284375.45
1292,1292,8,Savings,2024-01-01,291592.16
1293,1293,3,Savings,2024-01-01,24065.48
1294,1294,8,Savings,2024-01-01,113845.96
1295,1295,1,Current,2024-01-01,267750.85
1296,1296,1,Savings,2024-01-01,59267.1
1297,1297,7,Current,2024-01-01,110430.38
1298,1298,8,Savings,2024-01-01,122567.81
1299,1299,5,Savings,2024-01-01,306360.54
1300,1300,6,Current,2024-01-01,97097.94
1301,1301,1,Savings,2024-01-01,143909.75
1302,1302,1,Current,2024-01-01,78733.53
1303,1303,6,Current,2024-01-01,420813.4
1304,1304,1,Savings,2024-01-01,88936.41
1305,1305,7,Savings,2024-01-01,223103.66
1306,1306,4,Savings,2024-01-01,48315.88
1307,1307,3,Savings,2024-01-01,176894.99
1308,1308,4,Savings,2024-01-01,120340.79
1309,1309,6,Savings,2024-01-01,82077.86
1310,1310,1,Savings,2024-01-01,64910.39
1311,1311,2,Savings,2024-01-01,184342.05
1312,1312,2,Current,2024-01-01,122120.27
1313,1313,4,Savings,2024-01-01,139800.97
1314,1314,7,Savings,2024-01-01,52288.51
1315,1315,8,Savings,2024-01-01,119500.3
1316,1316,3,Savings,2024-01-01,123895.05
1317,1317,3,Current,2024-01-01,144240.79
1318,1318,6,Savings,2024-01-01,53814.35
1319,1319,6,Savings,2024-01-01,115240.68
1320,1320,4,Current,2024-01-01,127646.05
1321,1321,1,Savings,2024-01-01,72359.59
1322,1322,2,Current,2024-01-01,78530.06
1323,1323,8,Savings,2024-01-01,387432.23
1324,1324,1,Savings,2024-01-01,241697.84
1325,1325,3,Savings,2024-01-01,142738.86
1326,1326,1,Savings,2024-01-01,80152.54
1327,1327,3,Savings,2024-01-01,247026.77
1328,1328,4,Current,2024-01-01,335917.83
1329,1329,7,Savings,2024-01-01,86696.14
1330,1330,5,Current,2024-01-01,231680.11
1331,1331,6,Current,2024-01-01,134128.34
1332,1332,7,Savings,2024-01-01,114386.05
1333,1333,1,Current,2024-01-01,106570.68
1334,1334,3,Savings,2024-01-01,73138.51
1335,1335,8,Current,2024-01-01,129723.98
1336,1336,6,Current,2024-01-01,97713.52
1337,1337,6,Savings,2024-01-01,136942.18
1338,1338,8,Savings,2024-01-01,175422.65
1339,1339,3,Savings,2024-01-01,145589.08
1340,1340,4,Savings,2024-01-01,62760.8
1341,1341,8,Savings,2024-01-01,127872.59
1342,1342,6,Savings,2024-01-01,141655.65
1343,1343,7,Savings,2024-01-01,227978.18
1344,1344,7,Savings,2024-01-01,196764.98
1345,1345,4,Savings,2024-01-01,117966.95
1346,1346,4,Current,2024-01-01,109506.46
1347,1347,4,Savings,2024-01-01,59916.77
1348,1348,2,Savings,2024-01-01,99762.68
1349,1349,4,Savings,2024-01-01,39778.52
1350,1350,4,Current,2024-01-01,110224.24
1351,1351,6,Savings,2024-01-01,139472.73
1352,1352,2,Savings,2024-01-01,339850.96
1353,1353,4,Savings,2024-01-01,191553.5
1354,1354,4,Savings,2024-01-01,65865.58
1355,1355,4,Savings,2024-01-01,155066.29
1356,1356,2,Savings,2024-01-01,165891.75
1357,1357,2,Current,2024-01-01,124768.51
1358,1358,3,Savings,2024-01-01,205735.75
1359,1359,3,Savings,2024-01-01,157302.41
1360,1360,6,Savings,2024-01-01,187750.73
1361,1361,5,Savings,2024-01-01,130856.09
1362,1362,6,Savings,2024-01-01,205510.16
1363,1363,2,Savings,2024-01-01,72255.01
1364,1364,8,Savings,2024-01-01,197440.09
1365,1365,1,Savings,2024-01-01,333922.42
1366,1366,7,Current,2024-01-01,95297.13
1367,1367,2,Savings,2024-01-01,106761.47
1368,1368,7,Savings,2024-01-01,270744.13
1369,1369,1,Savings,2024-01-01,272224.39
1370,1370,5,Savings,2024-01-01,91087.83
1371,1371,6,Savings,2024-01-01,143499.14
1372,1372,7,Savings,2024-01-01,298936.27
1373,1373,4,Savings,2024-01-01,242595.82
1374,1374,6,Savings,2024-01-01,182608.1
1375,1375,4,Savings,2024-01-01,56218.93
1376,1376,8,Current,2024-01-01,184273.05
1377,1377,3,Savings,2024-01-01,77398.42
1378,1378,6,Savings,2024-01-01,164317.55
1379,1379,3,Savings,2024-01-01,146912.9
1380,1380,4,Savings,2024-01-01,115113.91
1381,1381,7,Current,2024-01-01,148487.62
1382,1382,5,Savings,2024-01-01,126106.62
1383,1383,6,Savings,2024-01-01,39973.47
1384,1384,1,Savings,2024-01-01,94442.44
1385,1385,3,Savings,2024-01-01,59650.88
1386,1386,1,Savings,2024-01-01,63327.44
1387,1387,1,Savings,2024-01-01,645548.34
1388,1388,8,Savings,2024-01-01,299172.24
1389,1389,7,Savings,2024-01-01,484516.95
1390,1390,2,Savings,2024-01-01,41535.29
1391,1391,4,Current,2024-01-01,104520.62
1392,1392,1,Current,2024-01-01,381494.83
1393,1393,1,Savings,2024-01-01,260564.6
1394,1394,8,Current,2024-01-01,69115.03
1395,1395,8,Current,2024-01-01,72471.18
1396,1396,6,Savings,2024-01-01,141633.92
1397,1397,7,Savings,2024-01-01,123679.9
1398,1398,7,Savings,2024-01-01,107314.68
1399,1399,1,Savings,2024-01-01,202729.26
1400,1400,8,Savings,2024-01-01,26548.85
1401,1401,8,Savings,2024-01-01,283905.36
1402,1402,6,Savings,2024-01-01,133844.67
1403,1403,6,Current,2024-01-01,137315.07
1404,1404,6,Savings,2024-01-01,64285.43
1405,1405,8,Savings,2024-01-01,60550.47
1406,1406,3,Savings,2024-01-01,58431.38
1407,1407,5,Savings,2024-01-01,233967.56
1408,1408,7,Savings,2024-01-01,235384.9
1409,1409,2,Savings,2024-01-01,64584.03
1410,1410,2,Savings,2024-01-01,113345.67
1411,1411,2,Savings,2024-01-01,68066.94
1412,1412,7,Savings,2024-01-01,166182.65
1413,1413,7,Savings,2024-01-01,114949.29
1414,1414,3,Savings,2024-01-01,48778.74
1415,1415,7,Savings,2024-01-01,106579.36
1416,1416,6,Savings,2024-01-01,133347.43
1417,1417,6,Savings,2024-01-01,132573.44
1418,1418,8,Savings,2024-01-01,516569.99
1419,1419,7,Savings,2024-01-01,36394.79
1420,1420,4,Savings,2024-01-01,167142.91
1421,1421,4,Savings,2024-01-01,200056.12
1422,1422,1,Savings,2024-01-01,87449.88
1423,1423,3,Current,2024-01-01,231978.76
1424,1424,6,Savings,2024-01-01,242647.73
1425,1425,6,Savings,2024-01-01,104717.17
1426,1426,7,Savings,2024-01-01,65442.55
1427,1427,7,Savings,2024-01-01,67720.15
1428,1428,2,Savings,2024-01-01,40477.16
1429,1429,5,Current,2024-01-01,80588.4
1430,1430,1,Savings,2024-01-01,93120.97
1431,1431,8,Savings,2024-01-01,165680.1
1432,1432,1,Savings,2024-01-01,177703.93
1433,1433,6,Savings,2024-01-01,39640.43
1434,1434,6,Savings,2024-01-01,89587.42
1435,1435,8,Savings,2024-01-01,464190.75
1436,1436,1,Savings,2024-01-01,427302.83
1437,1437,5,Savings,2024-01-01,96141.98
1438,1438,5,Savings,2024-01-01,165416.24
1439,1439,7,Savings,2024-01-01,148131.3
1440,1440,6,Savings,2024-01-01,163561.85
1441,1441,5,Savings,2024-01-01,100040.45
1442,1442,4,Savings,2024-01-01,118307.79
1443,1443,8,Current,2024-01-01,104433.23
1444,1444,6,Savings,2024-01-01,253090.33
1445,1445,3,Savings,2024-01-01,103126.37
1446,1446,4,Savings,2024-01-01,106335.77
1447,1447,2,Current,2024-01-01,65473.41
1448,1448,3,Savings,2024-01-01,142238.5
1449,1449,5,Current,2024-01-01,42884.49
1450,1450,6,Savings,2024-01-01,136790.45
1451,1451,6,Current,2024-01-01,41119.9
1452,1452,2,Savings,2024-01-01,210237.65
1453,1453,3,Savings,2024-01-01,51089.27
1454,1454,2,Savings,2024-01-01,38187.12
1455,1455,3,Savings,2024-01-01,166580.13
1456,1456,8,Savings,2024-01-01,74995.12
1457,1457,5,Savings,2024-01-01,280824.23
1458,1458,1,Savings,2024-01-01,186531.08
1459,1459,2,Savings,2024-01-01,235676.2
1460,1460,8,Current,2024-01-01,160103.94
1461,1461,4,Savings,2024-01-01,138199.88
1462,1462,7,Current,2024-01-01,243150.88
1463,1463,6,Savings,2024-01-01,366807.41
1464,1464,4,Savings,2024-01-01,730128.31
1465,1465,6,Savings,2024-01-01,152607.42
1466,1466,3,Current,2024-01-01,192051.44
1467,1467,3,Savings,2024-01-01,105537.69
1468,1468,4,Savings,2024-01-01,99832.65
1469,1469,7,Savings,2024-01-01,78876.03
1470,1470,5,Savings,2024-01-01,262379.01
1471,1471,1,Savings,2024-01-01,145694.59
1472,1472,4,Savings,2024-01-01,90653.88
1473,1473,4,Savings,2024-01-01,166186.34
1474,1474,5,Savings,2024-01-01,128973.75
1475,1475,5,Savings,2024-01-01,91031.8
1476,1476,6,Savings,2024-01-01,49160.54
1477,1477,5,Savings,2024-01-01,393413.19
1478,1478,1,Current,2024-01-01,129249.46
1479,1479,8,Savings,2024-01-01,130547.25
1480,1480,2,Current,2024-01-01,304149.26
1481,1481,3,Savings,2024-01-01,211177.54
1482,1482,8,Current,2024-01-01,129423.83
1483,1483,4,Current,2024-01-01,302806.22
1484,1484,4,Savings,2024-01-01,391546.1
1485,1485,3,Savings,2024-01-01,65219.26
1486,1486,4,Savings,2024-01-01,107092.45
1487,1487,7,Savings,2024-01-01,255845.02
1488,1488,1,Savings,2024-01-01,102875.79
1489,1489,8,Savings,2024-01-01,212826.54
1490,1490,5,Savings,2024-01-01,305444.18
1491,1491,7,Current,2024-01-01,211823.73
1492,1492,4,Savings,2024-01-01,134010.46
1493,1493,7,Savings,2024-01-01,423750.76
1494,1494,7,Savings,2024-01-01,23165.72
1495,1495,4,Savings,2024-01-01,129979.76
1496,1496,1,Savings,2024-01-01,57536.43
1497,1497,4,Current,2024-01-01,81361.13
1498,1498,4,Current,2024-01-01,162081.41
1499,1499,8,Savings,2024-01-01,184431.35
1500,1500,1,Savings,2024-01-01,248990.23
1501,1501,8,Current,2024-01-01,95445.34
1502,1502,6,Savings,2024-01-01,42709.39
1503,1503,1,Current,2024-01-01,28761.9
1504,1504,7,Savings,2024-01-01,136105.48
1505,1505,8,Current,2024-01-01,265186.4
1506,1506,8,Savings,2024-01-01,59872.86
1507,1507,4,Current,2024-01-01,70827.75
1508,1508,7,Savings,2024-01-01,20806.2
1509,1509,6,Savings,2024-01-01,193058.57
1510,1510,4,Savings,2024-01-01,121672.05
1511,1511,5,Savings,2024-01-01,49677.06
1512,1512,1,Savings,2024-01-01,141406.51
1513,1513,5,Savings,2024-01-01,168380.51
1514,1514,3,Savings,2024-01-01,107286.62
1515,1515,3,Savings,2024-01-01,35265.43
1516,1516,4,Savings,2024-01-01,282769.92
1517,1517,1,Savings,2024-01-01,171173.3
1518,1518,7,Savings,2024-01-01,265149.06
1519,1519,4,Savings,2024-01-01,109565.55
1520,1520,6,Savings,2024-01-01,108665.24
1521,1521,8,Savings,2024-01-01,157625.7
1522,1522,4,Current,2024-01-01,53624.44
1523,1523,1,Savings,2024-01-01,59894.04
1524,1524,3,Savings,2024-01-01,107792.48
1525,1525,6,Savings,2024-01-01,76848.29
1526,1526,8,Current,2024-01-01,144500.68
1527,1527,4,Savings,2024-01-01,64744.25
1528,1528,5,Savings,2024-01-01,318037.24
1529,1529,5,Current,2024-01-01,90140.92
1530,1530,2,Savings,2024-01-01,244067.69
1531,1531,8,Savings,2024-01-01,181824.96
1532,1532,2,Current,2024-01-01,173444.23
1533,1533,8,Savings,2024-01-01,89194.48
1534,1534,2,Savings,2024-01-01,125200.85
1535,1535,1,Savings,2024-01-01,49747.92
1536,1536,7,Savings,2024-01-01,229171.32
1537,1537,7,Current,2024-01-01,138062.42
1538,1538,4,Savings,2024-01-01,208171.03
1539,1539,3,Savings,2024-01-01,170622.79
1540,1540,8,Current,2024-01-01,260486.26
1541,1541,5,Savings,2024-01-01,91447.55
1542,1542,4,Savings,2024-01-01,182723.47
1543,1543,2,Savings,2024-01-01,82572.0
1544,1544,7,Savings,2024-01-01,237775.46
1545,1545,7,Savings,2024-01-01,111893.55
1546,1546,4,Savings,2024-01-01,74690.16
1547,1547,7,Savings,2024-01-01,852874.68
1548,1548,5,Savings,2024-01-01,157897.07
1549,1549,5,Savings,2024-01-01,510158.12
1550,1550,5,Savings,2024-01-01,427823.7
1551,1551,7,Savings,2024-01-01,121531.19
1552,1552,2,Savings,2024-01-01,466633.39
1553,1553,2,Savings,2024-01-01,91735.91
1554,1554,8,Savings,2024-01-01,55487.08
1555,1555,5,Savings,2024-01-01,219587.11
1556,1556,5,Savings,2024-01-01,237252.01
1557,1557,8,Savings,2024-01-01,165343.8
1558,1558,6,Savings,2024-01-01,170609.42
1559,1559,6,Current,2024-01-01,96699.65
1560,1560,4,Current,2024-01-01,35127.68
1561,1561,3,Savings,2024-01-01,249873.39
1562,1562,4,Savings,2024-01-01,136671.76
1563,1563,6,Savings,2024-01-01,96573.58
1564,1564,1,Savings,2024-01-01,88782.48
1565,1565,6,Current,2024-01-01,94032.35
1566,1566,5,Savings,2024-01-01,230498.47
1567,1567,5,Savings,2024-01-01,204656.29
1568,1568,6,Savings,2024-01-01,120350.26
1569,1569,2,Current,2024-01-01,211650.81
1570,1570,6,Current,2024-01-01,202049.28
1571,1571,1,Savings,2024-01-01,88781.21
1572,1572,4,Savings,2024-01-01,135673.42
1573,1573,3,Savings,2024-01-01,80472.11
1574,1574,8,Savings,2024-01-01,59121.04
1575,1575,7,Current,2024-01-01,54535.24
1576,1576,5,Savings,2024-01-01,84368.6
1577,1577,5,Savings,2024-01-01,63341.8
1578,1578,6,Savings,2024-01-01,210123.11
1579,1579,6,Savings,2024-01-01,160215.55
1580,1580,6,Current,2024-01-01,128361.66
1581,1581,5,Savings,2024-01-01,467152.55
1582,1582,3,Savings,2024-01-01,62041.47
1583,1583,2,Savings,2024-01-01,33312.75
1584,1584,7,Savings,2024-01-01,42333.42
1585,1585,7,Current,2024-01-01,70087.83
1586,1586,8,Savings,2024-01-01,136902.52
1587,1587,1,Savings,2024-01-01,197000.42
1588,1588,4,Current,2024-01-01,89527.89
1589,1589,8,Savings,2024-01-01,169533.13
1590,1590,1,Current,2024-01-01,94260.7
1591,1591,5,Savings,2024-01-01,219065.65
1592,1592,1,Savings,2024-01-01,107681.54
1593,1593,6,Savings,2024-01-01,186591.12
1594,1594,6,Savings,2024-01-01,118913.63
1595,1595,1,Current,2024-01-01,153968.89
1596,1596,2,Savings,2024-01-01,109233.58
1597,1597,8,Savings,2024-01-01,94001.85
1598,1598,7,Savings,2024-01-01,145022.52
1599,1599,5,Current,2024-01-01,188151.82
1600,1600,6,Savings,2024-01-01,406264.57
1601,1601,7,Savings,2024-01-01,89138.88
1602,1602,5,Savings,2024-01-01,283799.97
1603,1603,7,Savings,2024-01-01,142945.27
1604,1604,3,Savings,2024-01-01,409530.39
1605,1605,6,Savings,2024-01-01,89223.11
1606,1606,7,Savings,2024-01-01,174453.11
1607,1607,6,Savings,2024-01-01,292650.49
1608,1608,8,Savings,2024-01-01,321220.3
1609,1609,6,Savings,2024-01-01,186974.82
1610,1610,3,Savings,2024-01-01,61870.62
1611,1611,4,Current,2024-01-01,124583.75
1612,1612,3,Savings,2024-01-01,71797.77
1613,1613,7,Savings,2024-01-01,208363.04
1614,1614,2,Current,2024-01-01,158526.5
1615,1615,5,Savings,2024-01-01,222767.87
1616,1616,6,Savings,2024-01-01,121089.05
1617,1617,5,Savings,2024-01-01,112097.35
1618,1618,6,Savings,2024-01-01,54819.99
1619,1619,6,Savings,2024-01-01,106301.37
1620,1620,8,Savings,2024-01-01,75295.72
1621,1621,8,Current,2024-01-01,53869.29
1622,1622,1,Savings,2024-01-01,96773.62
1623,1623,5,Savings,2024-01-01,260400.11
1624,1624,6,Savings,2024-01-01,134328.78
1625,1625,7,Savings,2024-01-01,94033.3
1626,1626,3,Savings,2024-01-01,143275.57
1627,1627,2,Savings,2024-01-01,176690.97
1628,1628,1,Savings,2024-01-01,87600.85
1629,1629,5,Savings,2024-01-01,41984.53
1630,1630,8,Savings,2024-01-01,132174.02
1631,1631,2,Current,2024-01-01,112302.42
1632,1632,3,Savings,2024-01-01,86882.34
1633,1633,8,Savings,2024-01-01,139328.84
1634,1634,8,Savings,2024-01-01,58536.53
1635,1635,3,Current,2024-01-01,248264.91
1636,1636,3,Savings,2024-01-01,74522.61
1637,1637,5,Current,2024-01-01,121001.0
1638,1638,3,Savings,2024-01-01,128326.77
1639,1639,7,Savings,2024-01-01,61366.7
1640,1640,2,Savings,2024-01-01,193016.39
1641,1641,6,Savings,2024-01-01,181603.46
1642,1642,2,Savings,2024-01-01,217436.27
1643,1643,8,Savings,2024-01-01,177471.47
1644,1644,2,Savings,2024-01-01,243519.25
1645,1645,5,Savings,2024-01-01,92155.95
1646,1646,1,Savings,2024-01-01,229090.96
1647,1647,4,Savings,2024-01-01,227526.9
1648,1648,2,Savings,2024-01-01,82386.2
1649,1649,8,Savings,2024-01-01,72920.93
1650,1650,4,Savings,2024-01-01,63509.37
1651,1651,8,Current,2024-01-01,280522.44
1652,1652,6,Savings,2024-01-01,206866.61
1653,1653,2,Current,2024-01-01,55960.6
1654,1654,5,Savings,2024-01-01,92817.88
1655,1655,8,Savings,2024-01-01,86940.38
1656,1656,7,Savings,2024-01-01,154027.61
1657,1657,6,Savings,2024-01-01,280027.13
1658,1658,6,Current,2024-01-01,94724.13
1659,1659,4,Savings,2024-01-01,186799.44
1660,1660,5,Savings,2024-01-01,66126.47
1661,1661,2,Savings,2024-01-01,101059.54
1662,1662,5,Savings,2024-01-01,95708.75
1663,1663,2,Savings,2024-01-01,51657.14
1664,1664,3,Savings,2024-01-01,312851.65
1665,1665,4,Savings,2024-01-01,288885.12
1666,1666,3,Savings,2024-01-01,227788.6
1667,1667,8,Savings,2024-01-01,65047.43
1668,1668,3,Current,2024-01-01,132667.75
1669,1669,3,Savings,2024-01-01,138220.87
1670,1670,7,Savings,2024-01-01,51532.46
1671,1671,5,Savings,2024-01-01,32088.51
1672,1672,6,Savings,2024-01-01,357916.15
1673,1673,8,Savings,2024-01-01,55727.94
1674,1674,6,Savings,2024-01-01,936844.96
1675,1675,7,Savings,2024-01-01,549846.11
1676,1676,1,Current,2024-01-01,36557.47
1677,1677,3,Current,2024-01-01,134386.94
1678,1678,2,Current,2024-01-01,145133.66
1679,1679,4,Savings,2024-01-01,57154.77
1680,1680,5,Savings,2024-01-01,162864.55
1681,1681,1,Savings,2024-01-01,172258.17
1682,1682,6,Savings,2024-01-01,254811.96
1683,1683,8,Savings,2024-01-01,139287.17
1684,1684,2,Savings,2024-01-01,114929.79
1685,1685,3,Savings,2024-01-01,83720.58
1686,1686,1,Savings,2024-01-01,159272.68
1687,1687,2,Savings,2024-01-01,59045.03
1688,1688,8,Savings,2024-01-01,98053.64
1689,1689,6,Savings,2024-01-01,59791.93
1690,1690,5,Current,2024-01-01,213760.48
1691,1691,3,Savings,2024-01-01,113377.38
1692,1692,8,Savings,2024-01-01,100102.13
1693,1693,3,Savings,2024-01-01,517200.16
1694,1694,2,Current,2024-01-01,32300.6
1695,1695,7,Savings,2024-01-01,60887.35
1696,1696,1,Savings,2024-01-01,49911.42
1697,1697,1,Savings,2024-01-01,289836.62
1698,1698,4,Savings,2024-01-01,262409.82
1699,1699,6,Savings,2024-01-01,72137.15
1700,1700,8,Savings,2024-01-01,36184.36
1701,1701,3,Current,2024-01-01,125209.24
1702,1702,2,Current,2024-01-01,95561.6
1703,1703,5,Savings,2024-01-01,156094.94
1704,1704,5,Current,2024-01-01,154051.44
1705,1705,8,Current,2024-01-01,102129.78
1706,1706,8,Current,2024-01-01,142542.62
1707,1707,7,Savings,2024-01-01,195398.36
1708,1708,7,Savings,2024-01-01,66888.76
1709,1709,1,Savings,2024-01-01,141947.63
1710,1710,4,Savings,2024-01-01,62569.23
1711,1711,2,Current,2024-01-01,130734.48
1712,1712,4,Savings,2024-01-01,91079.31
1713,1713,6,Current,2024-01-01,126366.96
1714,1714,4,Current,2024-01-01,267818.23
1715,1715,6,Savings,2024-01-01,155223.13
1716,1716,5,Current,2024-01-01,189403.2
1717,1717,5,Savings,2024-01-01,206557.8
1718,1718,7,Savings,2024-01-01,174623.82
1719,1719,2,Savings,2024-01-01,93468.56
1720,1720,6,Savings,2024-01-01,352396.03
1721,1721,8,Savings,2024-01-01,211236.33
1722,1722,6,Savings,2024-01-01,137895.63
1723,1723,7,Savings,2024-01-01,144700.29
1724,1724,6,Current,2024-01-01,302231.62
1725,1725,8,Savings,2024-01-01,161097.97
1726,1726,6,Savings,2024-01-01,66104.99
1727,1727,4,Savings,2024-01-01,78037.52
1728,1728,4,Current,2024-01-01,37618.49
1729,1729,6,Savings,2024-01-01,209435.84
1730,1730,3,Savings,2024-01-01,213423.4
1731,1731,3,Savings,2024-01-01,321144.39
1732,1732,1,Current,2024-01-01,149697.92
1733,1733,4,Savings,2024-01-01,32428.99
1734,1734,7,Savings,2024-01-01,100593.67
1735,1735,4,Savings,2024-01-01,41878.76
1736,1736,8,Savings,2024-01-01,122550.41
1737,1737,5,Savings,2024-01-01,338757.12
1738,1738,2,Savings,2024-01-01,70612.7
1739,1739,1,Savings,2024-01-01,143857.66
1740,1740,2,Savings,2024-01-01,299042.48
1741,1741,4,Current,2024-01-01,225815.38
1742,1742,8,Savings,2024-01-01,197644.3
1743,1743,8,Current,2024-01-01,62031.93
1744,1744,1,Savings,2024-01-01,253590.39
1745,1745,4,Savings,2024-01-01,48788.9
1746,1746,6,Current,2024-01-01,168732.64
1747,1747,7,Current,2024-01-01,22551.0
1748,1748,7,Savings,2024-01-01,121819.68
1749,1749,7,Current,2024-01-01,71269.42
1750,1750,6,Savings,2024-01-01,53443.82
1751,1751,6,Savings,2024-01-01,92102.65
1752,1752,1,Current,2024-01-01,37192.63
1753,1753,3,Savings,2024-01-01,33779.82
1754,1754,4,Savings,2024-01-01,242560.78
1755,1755,1,Current,2024-01-01,95953.18
1756,1756,1,Savings,2024-01-01,57222.55
1757,1757,1,Savings,2024-01-01,51177.54
1758,1758,1,Current,2024-01-01,156743.16
1759,1759,7,Current,2024-01-01,131932.53
1760,1760,2,Current,2024-01-01,128811.3
1761,1761,5,Savings,2024-01-01,244945.73
1762,1762,4,Current,2024-01-01,129517.29
1763,1763,7,Savings,2024-01-01,41647.86
1764,1764,6,Savings,2024-01-01,87476.69
1765,1765,1,Savings,2024-01-01,65785.69
1766,1766,4,Current,2024-01-01,155040.28
1767,1767,6,Current,2024-01-01,169961.49
1768,1768,6,Current,2024-01-01,167749.03
1769,1769,5,Savings,2024-01-01,66310.66
1770,1770,4,Current,2024-01-01,147773.43
1771,1771,3,Savings,2024-01-01,72186.7
1772,1772,7,Savings,2024-01-01,800668.97
1773,1773,4,Savings,2024-01-01,196153.6
1774,1774,5,Savings,2024-01-01,183048.65
1775,1775,3,Savings,2024-01-01,42804.74
1776,1776,5,Current,2024-01-01,295188.2
1777,1777,5,Savings,2024-01-01,142268.57
1778,1778,2,Savings,2024-01-01,89227.7
1779,1779,7,Savings,2024-01-01,50551.59
1780,1780,1,Savings,2024-01-01,169965.56
1781,1781,2,Savings,2024-01-01,156724.61
1782,1782,5,Savings,2024-01-01,80327.8
1783,1783,2,Savings,2024-01-01,81089.51
1784,1784,6,Current,2024-01-01,257969.49
1785,1785,5,Savings,2024-01-01,384940.4
1786,1786,5,Savings,2024-01-01,100687.69
1787,1787,3,Savings,2024-01-01,57001.57
1788,1788,2,Current,2024-01-01,98388.96
1789,1789,6,Savings,2024-01-01,263428.58
1790,1790,6,Savings,2024-01-01,66801.46
1791,1791,4,Savings,2024-01-01,263762.04
1792,1792,3,Savings,2024-01-01,232916.17
1793,1793,3,Savings,2024-01-01,175086.91
1794,1794,4,Savings,2024-01-01,498620.04
1795,1795,4,Savings,2024-01-01,90404.11
1796,1796,1,Current,2024-01-01,284648.37
1797,1797,5,Savings,2024-01-01,373817.48
1798,1798,2,Savings,2024-01-01,158554.97
1799,1799,6,Current,2024-01-01,185817.69
1800,1800,7,Savings,2024-01-01,369833.72
1801,1801,7,Savings,2024-01-01,69288.61
1802,1802,6,Savings,2024-01-01,145909.67
1803,1803,7,Savings,2024-01-01,73330.27
1804,1804,4,Savings,2024-01-01,257826.49
1805,1805,3,Savings,2024-01-01,124233.65
1806,1806,8,Current,2024-01-01,60657.61
1807,1807,5,Savings,2024-01-01,304180.06
1808,1808,2,Savings,2024-01-01,115561.6
1809,1809,2,Savings,2024-01-01,65096.23
1810,1810,7,Savings,2024-01-01,408061.22
1811,1811,3,Savings,2024-01-01,32022.45
1812,1812,7,Savings,2024-01-01,220028.29
1813,1813,2,Savings,2024-01-01,104256.71
1814,1814,2,Savings,2024-01-01,69170.91
1815,1815,8,Savings,2024-01-01,79814.76
1816,1816,4,Savings,2024-01-01,112371.59
1817,1817,6,Current,2024-01-01,106553.37
1818,1818,4,Current,2024-01-01,44167.48
1819,1819,5,Current,2024-01-01,159415.93
1820,1820,6,Current,2024-01-01,78665.37
1821,1821,4,Savings,2024-01-01,206637.43
1822,1822,3,Savings,2024-01-01,87983.57
1823,1823,8,Savings,2024-01-01,60981.71
1824,1824,2,Savings,2024-01-01,181743.47
1825,1825,1,Savings,2024-01-01,288316.92
1826,1826,6,Current,2024-01-01,105099.17
1827,1827,1,Savings,2024-01-01,63501.85
1828,1828,7,Savings,2024-01-01,134155.5
1829,1829,3,Savings,2024-01-01,161590.93
1830,1830,5,Savings,2024-01-01,93357.0
1831,1831,8,Savings,2024-01-01,191046.41
1832,1832,5,Savings,2024-01-01,101057.26
1833,1833,7,Savings,2024-01-01,150638.32
1834,1834,4,Savings,2024-01-01,197769.76
1835,1835,7,Savings,2024-01-01,138084.34
1836,1836,1,Savings,2024-01-01,146407.39
1837,1837,4,Savings,2024-01-01,303561.67
1838,1838,8,Savings,2024-01-01,76133.35
1839,1839,5,Savings,2024-01-01,72863.15
1840,1840,8,Savings,2024-01-01,202421.92
1841,1841,1,Savings,2024-01-01,70385.91
1842,1842,5,Savings,2024-01-01,352186.92
1843,1843,8,Savings,2024-01-01,144517.92
1844,1844,3,Savings,2024-01-01,26362.45
1845,1845,1,Savings,2024-01-01,252399.87
1846,1846,2,Savings,2024-01-01,132667.52
1847,1847,2,Savings,2024-01-01,85143.49
1848,1848,5,Current,2024-01-01,72504.81
1849,1849,8,Savings,2024-01-01,25003.05
1850,1850,1,Current,2024-01-01,171275.58
1851,1851,5,Current,2024-01-01,154748.01
1852,1852,2,Savings,2024-01-01,90563.45
1853,1853,8,Current,2024-01-01,138812.02
1854,1854,6,Savings,2024-01-01,36859.73
1855,1855,4,Current,2024-01-01,74155.33
1856,1856,7,Savings,2024-01-01,146487.52
1857,1857,8,Savings,2024-01-01,136288.26
1858,1858,4,Savings,2024-01-01,111458.57
1859,1859,8,Savings,2024-01-01,172565.74
1860,1860,7,Savings,2024-01-01,141015.02
1861,1861,3,Savings,2024-01-01,443567.25
1862,1862,3,Current,2024-01-01,121424.96
1863,1863,6,Savings,2024-01-01,54365.73
1864,1864,1,Savings,2024-01-01,56217.44
1865,1865,3,Savings,2024-01-01,59767.43
1866,1866,6,Savings,2024-01-01,82883.55
1867,1867,6,Current,2024-01-01,148167.13
1868,1868,4,Savings,2024-01-01,146536.69
1869,1869,3,Current,2024-01-01,76082.14
1870,1870,3,Savings,2024-01-01,632942.61
1871,1871,5,Savings,2024-01-01,158310.68
1872,1872,4,Savings,2024-01-01,224416.09
1873,1873,4,Savings,2024-01-01,86909.08
1874,1874,1,Savings,2024-01-01,86988.78
1875,1875,4,Current,2024-01-01,40448.43
1876,1876,4,Savings,2024-01-01,48712.37
1877,1877,6,Savings,2024-01-01,197212.6
1878,1878,4,Savings,2024-01-01,82433.78
1879,1879,2,Savings,2024-01-01,98768.71
1880,1880,3,Savings,2024-01-01,513790.92
1881,1881,3,Savings,2024-01-01,59543.18
1882,1882,8,Savings,2024-01-01,110103.11
1883,1883,6,Savings,2024-01-01,175182.37
1884,1884,3,Savings,2024-01-01,47947.77
1885,1885,2,Savings,2024-01-01,159816.22
1886,1886,1,Savings,2024-01-01,178261.27
1887,1887,1,Savings,2024-01-01,124430.69
1888,1888,6,Current,2024-01-01,127520.38
1889,1889,2,Savings,2024-01-01,81290.49
1890,1890,3,Savings,2024-01-01,135263.53
1891,1891,5,Current,2024-01-01,63445.47
1892,1892,4,Savings,2024-01-01,96637.82
1893,1893,1,Current,2024-01-01,153749.45
1894,1894,3,Savings,2024-01-01,115800.26
1895,1895,2,Savings,2024-01-01,35875.48
1896,1896,2,Savings,2024-01-01,155060.42
1897,1897,2,Savings,2024-01-01,53101.36
1898,1898,4,Savings,2024-01-01,73486.13
1899,1899,4,Savings,2024-01-01,83551.12
1900,1900,1,Savings,2024-01-01,196392.11
1901,1901,4,Savings,2024-01-01,110634.58
1902,1902,1,Savings,2024-01-01,297646.6
1903,1903,4,Current,2024-01-01,77436.02
1904,1904,3,Savings,2024-01-01,113794.47
1905,1905,1,Savings,2024-01-01,64012.05
1906,1906,6,Savings,2024-01-01,204158.27
1907,1907,8,Current,2024-01-01,441211.43
1908,1908,5,Current,2024-01-01,105007.7
1909,1909,8,Savings,2024-01-01,182657.52
1910,1910,6,Savings,2024-01-01,78937.24
1911,1911,3,Savings,2024-01-01,91115.68
1912,1912,7,Current,2024-01-01,109555.53
1913,1913,3,Savings,2024-01-01,187289.73
1914,1914,8,Savings,2024-01-01,69628.68
1915,1915,4,Savings,2024-01-01,108556.45
1916,1916,4,Savings,2024-01-01,108308.26
1917,1917,3,Savings,2024-01-01,429912.23
1918,1918,3,Savings,2024-01-01,177345.92
1919,1919,7,Savings,2024-01-01,91210.81
1920,1920,5,Savings,2024-01-01,77374.03
1921,1921,8,Savings,2024-01-01,249779.07
1922,1922,3,Savings,2024-01-01,136148.39
1923,1923,6,Savings,2024-01-01,155866.11
1924,1924,4,Savings,2024-01-01,118448.27
1925,1925,2,Savings,2024-01-01,246995.43
1926,1926,3,Savings,2024-01-01,68157.29
1927,1927,3,Savings,2024-01-01,326152.7
1928,1928,8,Savings,2024-01-01,45627.94
1929,1929,3,Savings,2024-01-01,117208.85
1930,1930,7,Savings,2024-01-01,103033.28
1931,1931,6,Savings,2024-01-01,258015.59
1932,1932,3,Savings,2024-01-01,89590.51
1933,1933,8,Savings,2024-01-01,136729.17
1934,1934,4,Savings,2024-01-01,413507.88
1935,1935,4,Savings,2024-01-01,147773.98
1936,1936,1,Savings,2024-01-01,179858.32
1937,1937,6,Savings,2024-01-01,304155.77
1938,1938,5,Savings,2024-01-01,186143.26
1939,1939,1,Savings,2024-01-01,167630.05
1940,1940,3,Current,2024-01-01,105618.95
1941,1941,2,Savings,2024-01-01,138063.32
1942,1942,8,Savings,2024-01-01,87782.07
1943,1943,1,Savings,2024-01-01,354160.19
1944,1944,3,Savings,2024-01-01,139479.63
1945,1945,5,Savings,2024-01-01,228045.63
1946,1946,6,Current,2024-01-01,202052.78
1947,1947,3,Savings,2024-01-01,242395.3
1948,1948,3,Savings,2024-01-01,115939.03
1949,1949,8,Savings,2024-01-01,157081.61
1950,1950,5,Savings,2024-01-01,1241492.0
1951,1951,8,Savings,2024-01-01,189525.45
1952,1952,5,Savings,2024-01-01,173274.38
1953,1953,2,Savings,2024-01-01,235566.29
1954,1954,7,Savings,2024-01-01,280179.45
1955,1955,2,Savings,2024-01-01,69839.86
1956,1956,4,Savings,2024-01-01,281934.9
1957,1957,2,Savings,2024-01-01,125192.17
1958,1958,6,Savings,2024-01-01,82127.7
1959,1959,5,Savings,2024-01-01,51065.54
1960,1960,3,Savings,2024-01-01,172481.14
1961,1961,7,Savings,2024-01-01,286609.0
1962,1962,1,Savings,2024-01-01,59336.64
1963,1963,4,Savings,2024-01-01,162369.05
1964,1964,5,Savings,2024-01-01,226677.22
1965,1965,2,Savings,2024-01-01,48687.46
1966,1966,2,Current,2024-01-01,232608.66
1967,1967,6,Savings,2024-01-01,53776.11
1968,1968,1,Savings,2024-01-01,93317.57
1969,1969,3,Savings,2024-01-01,170758.46
1970,1970,1,Savings,2024-01-01,89751.63
1971,1971,3,Current,2024-01-01,49976.9
1972,1972,3,Current,2024-01-01,63243.29
1973,1973,8,Savings,2024-01-01,166815.38
1974,1974,7,Savings,2024-01-01,461139.35
1975,1975,4,Savings,2024-01-01,216179.86
1976,1976,7,Current,2024-01-01,124948.24
1977,1977,6,Savings,2024-01-01,121119.66
1978,1978,2,Savings,2024-01-01,170314.54
1979,1979,6,Current,2024-01-01,102928.29
1980,1980,2,Savings,2024-01-01,142460.15
1981,1981,4,Savings,2024-01-01,27726.24
1982,1982,6,Savings,2024-01-01,102350.59
1983,1983,1,Savings,2024-01-01,103239.37
1984,1984,4,Current,2024-01-01,113805.17
1985,1985,2,Savings,2024-01-01,99968.18
1986,1986,8,Savings,2024-01-01,256668.87
1987,1987,5,Savings,2024-01-01,194568.87
1988,1988,8,Savings,2024-01-01,441017.12
1989,1989,2,Savings,2024-01-01,68477.36
1990,1990,6,Current,2024-01-01,57319.17
1991,1991,2,Savings,2024-01-01,117016.08
1992,1992,1,Savings,2024-01-01,51779.78
1993,1993,7,Current,2024-01-01,297214.91
1994,1994,3,Savings,2024-01-01,106186.81
1995,1995,3,Savings,2024-01-01,50690.77
1996,1996,6,Savings,2024-01-01,171975.5
1997,1997,3,Savings,2024-01-01,288020.37
1998,1998,1,Savings,2024-01-01,271513.4
1999,1999,3,Savings,2024-01-01,45923.34
2000,2000,2,Savings,2024-01-01,80922.56
2001,2001,7,Savings,2024-01-01,198094.95
2002,2002,8,Savings,2024-01-01,245926.76
2003,2003,1,Savings,2024-01-01,241370.97
2004,2004,1,Savings,2024-01-01,52308.49
2005,2005,3,Current,2024-01-01,237811.55
2006,2006,1,Savings,2024-01-01,69232.19
2007,2007,6,Savings,2024-01-01,80662.79
2008,2008,1,Savings,2024-01-01,169101.99
2009,2009,1,Current,2024-01-01,92071.15
2010,2010,4,Savings,2024-01-01,63211.92
2011,2011,5,Current,2024-01-01,178471.22
2012,2012,2,Savings,2024-01-01,358828.36
2013,2013,5,Savings,2024-01-01,200957.65
2014,2014,3,Savings,2024-01-01,289283.46
2015,2015,7,Savings,2024-01-01,142338.36
2016,2016,2,Savings,2024-01-01,33902.15
2017,2017,5,Savings,2024-01-01,184855.25
2018,2018,3,Savings,2024-01-01,52784.02
2019,2019,1,Savings,2024-01-01,34465.87
2020,2020,4,Savings,2024-01-01,78326.87
2021,2021,4,Savings,2024-01-01,174372.54
2022,2022,2,Current,2024-01-01,124962.19
2023,2023,7,Savings,2024-01-01,118071.85
2024,2024,7,Savings,2024-01-01,395529.59
2025,2025,4,Savings,2024-01-01,116627.46
2026,2026,4,Current,2024-01-01,129623.43
2027,2027,2,Savings,2024-01-01,170437.66
2028,2028,8,Savings,2024-01-01,37930.02
2029,2029,7,Savings,2024-01-01,34855.05
2030,2030,6,Savings,2024-01-01,45560.5
2031,2031,3,Current,2024-01-01,256038.43
2032,2032,1,Savings,2024-01-01,47345.38
2033,2033,4,Savings,2024-01-01,91404.99
2034,2034,5,Current,2024-01-01,89734.94
2035,2035,8,Savings,2024-01-01,333517.36
2036,2036,7,Savings,2024-01-01,117966.62
2037,2037,4,Savings,2024-01-01,64575.26
2038,2038,5,Savings,2024-01-01,85900.33
2039,2039,2,Savings,2024-01-01,196762.43
2040,2040,2,Savings,2024-01-01,596964.43
2041,2041,3,Savings,2024-01-01,77342.9
2042,2042,5,Savings,2024-01-01,196172.2
2043,2043,1,Savings,2024-01-01,246523.08
2044,2044,7,Current,2024-01-01,51376.48
2045,2045,2,Savings,2024-01-01,171157.84
2046,2046,6,Savings,2024-01-01,108084.96
2047,2047,3,Current,2024-01-01,216543.56
2048,2048,1,Savings,2024-01-01,253778.57
2049,2049,8,Savings,2024-01-01,109582.05
2050,2050,7,Current,2024-01-01,44193.27
2051,2051,6,Savings,2024-01-01,69379.45
2052,2052,5,Current,2024-01-01,59772.29
2053,2053,7,Savings,2024-01-01,166178.21
2054,2054,8,Savings,2024-01-01,241324.9
2055,2055,3,Savings,2024-01-01,173380.72
2056,2056,8,Savings,2024-01-01,40137.87
2057,2057,1,Current,2024-01-01,80766.76
2058,2058,1,Savings,2024-01-01,39565.6
2059,2059,3,Savings,2024-01-01,217841.62
2060,2060,1,Savings,2024-01-01,227028.35
2061,2061,4,Savings,2024-01-01,105229.81
2062,2062,5,Current,2024-01-01,136046.42
2063,2063,5,Current,2024-01-01,156940.38
2064,2064,5,Savings,2024-01-01,366265.24
2065,2065,5,Savings,2024-01-01,190676.04
2066,2066,1,Savings,2024-01-01,125329.67
2067,2067,5,Savings,2024-01-01,48713.59
2068,2068,8,Savings,2024-01-01,48235.37
2069,2069,3,Savings,2024-01-01,129235.08
2070,2070,6,Savings,2024-01-01,113683.25
2071,2071,7,Savings,2024-01-01,94106.84
2072,2072,3,Current,2024-01-01,123647.08
2073,2073,2,Current,2024-01-01,162229.9
2074,2074,3,Savings,2024-01-01,312952.63
2075,2075,1,Current,2024-01-01,76380.66
2076,2076,2,Savings,2024-01-01,61631.38
2077,2077,3,Current,2024-01-01,156805.7
2078,2078,5,Savings,2024-01-01,251575.8
2079,2079,8,Savings,2024-01-01,125153.03
2080,2080,6,Savings,2024-01-01,41598.4
2081,2081,7,Savings,2024-01-01,63206.98
2082,2082,6,Current,2024-01-01,163889.63
2083,2083,1,Savings,2024-01-01,38191.95
2084,2084,2,Savings,2024-01-01,108176.01
2085,2085,7,Savings,2024-01-01,54938.71
2086,2086,6,Savings,2024-01-01,195703.76
2087,2087,7,Current,2024-01-01,286978.1
2088,2088,3,Savings,2024-01-01,72239.62
2089,2089,5,Savings,2024-01-01,302191.38
2090,2090,4,Current,2024-01-01,70100.03
2091,2091,5,Savings,2024-01-01,340066.99
2092,2092,8,Current,2024-01-01,321600.66
2093,2093,7,Savings,2024-01-01,201160.89
2094,2094,8,Savings,2024-01-01,115572.86
2095,2095,2,Savings,2024-01-01,169082.36
2096,2096,5,Savings,2024-01-01,293575.66
2097,2097,3,Savings,2024-01-01,128624.64
2098,2098,3,Savings,2024-01-01,116879.83
2099,2099,5,Savings,2024-01-01,150771.05
2100,2100,1,Savings,2024-01-01,96250.79
2101,2101,2,Savings,2024-01-01,186086.79
2102,2102,5,Savings,2024-01-01,151886.29
2103,2103,6,Savings,2024-01-01,31853.05
2104,2104,8,Savings,2024-01-01,219277.35
2105,2105,5,Savings,2024-01-01,65477.03
2106,2106,3,Savings,2024-01-01,726962.65
2107,2107,6,Savings,2024-01-01,105892.14
2108,2108,8,Current,2024-01-01,98007.33
2109,2109,1,Current,2024-01-01,168345.24
2110,2110,1,Savings,2024-01-01,26885.33
2111,2111,8,Savings,2024-01-01,157228.45
2112,2112,8,Savings,2024-01-01,73693.09
2113,2113,2,Savings,2024-01-01,447435.03
2114,2114,6,Savings,2024-01-01,238229.66
2115,2115,6,Savings,2024-01-01,52566.02
2116,2116,8,Savings,2024-01-01,118445.21
2117,2117,4,Current,2024-01-01,103374.46
2118,2118,3,Savings,2024-01-01,144394.97
2119,2119,7,Savings,2024-01-01,107149.73
2120,2120,8,Savings,2024-01-01,81213.64
2121,2121,5,Savings,2024-01-01,80163.61
2122,2122,4,Current,2024-01-01,182716.05
2123,2123,6,Savings,2024-01-01,112994.92
2124,2124,3,Savings,2024-01-01,101673.35
2125,2125,2,Savings,2024-01-01,49639.49
2126,2126,3,Current,2024-01-01,26796.17
2127,2127,8,Savings,2024-01-01,83294.52
2128,2128,6,Savings,2024-01-01,54660.28
2129,2129,5,Savings,2024-01-01,277044.59
2130,2130,1,Current,2024-01-01,142210.88
2131,2131,1,Savings,2024-01-01,195871.84
2132,2132,7,Savings,2024-01-01,78470.41
2133,2133,3,Current,2024-01-01,126028.39
2134,2134,3,Savings,2024-01-01,359568.8
2135,2135,5,Savings,2024-01-01,89283.57
2136,2136,3,Savings,2024-01-01,90269.08
2137,2137,2,Savings,2024-01-01,339588.25
2138,2138,1,Savings,2024-01-01,269200.98
2139,2139,1,Savings,2024-01-01,366453.98
2140,2140,4,Savings,2024-01-01,83357.05
2141,2141,1,Savings,2024-01-01,116203.14
2142,2142,7,Savings,2024-01-01,162566.4
2143,2143,2,Savings,2024-01-01,105080.42
2144,2144,1,Savings,2024-01-01,161407.18
2145,2145,3,Savings,2024-01-01,205113.59
2146,2146,3,Current,2024-01-01,63584.2
2147,2147,5,Savings,2024-01-01,162261.17
2148,2148,1,Savings,2024-01-01,41800.2
2149,2149,6,Savings,2024-01-01,142942.52
2150,2150,4,Savings,2024-01-01,275273.6
2151,2151,6,Savings,2024-01-01,150322.39
2152,2152,6,Savings,2024-01-01,143927.0
2153,2153,8,Savings,2024-01-01,295125.45
2154,2154,6,Savings,2024-01-01,246583.41
2155,2155,5,Savings,2024-01-01,126390.73
2156,2156,8,Current,2024-01-01,422167.99
2157,2157,2,Savings,2024-01-01,46346.27
2158,2158,2,Savings,2024-01-01,155326.82
2159,2159,4,Savings,2024-01-01,81299.61
2160,2160,7,Savings,2024-01-01,48038.04
2161,2161,2,Savings,2024-01-01,50404.13
2162,2162,4,Savings,2024-01-01,94353.79
2163,2163,2,Savings,2024-01-01,80598.73
2164,2164,8,Savings,2024-01-01,250769.2
2165,2165,1,Savings,2024-01-01,310459.69
2166,2166,5,Savings,2024-01-01,166681.55
2167,2167,1,Savings,2024-01-01,69528.41
2168,2168,3,Savings,2024-01-01,104602.91
2169,2169,2,Savings,2024-01-01,241075.18
2170,2170,7,Current,2024-01-01,62518.14
2171,2171,1,Savings,2024-01-01,138536.24
2172,2172,3,Savings,2024-01-01,134640.84
2173,2173,6,Savings,2024-01-01,449823.39
2174,2174,7,Savings,2024-01-01,87551.63
2175,2175,2,Savings,2024-01-01,105854.9
2176,2176,5,Current,2024-01-01,188610.22
2177,2177,3,Savings,2024-01-01,51335.82
2178,2178,6,Savings,2024-01-01,137511.05
2179,2179,8,Current,2024-01-01,101320.5
2180,2180,5,Savings,2024-01-01,323543.27
2181,2181,1,Savings,2024-01-01,270914.34
2182,2182,2,Savings,2024-01-01,101993.56
2183,2183,8,Savings,2024-01-01,131617.42
2184,2184,8,Current,2024-01-01,60283.5
2185,2185,4,Savings,2024-01-01,145259.01
2186,2186,6,Savings,2024-01-01,205774.21
2187,2187,7,Savings,2024-01-01,65846.04
2188,2188,7,Savings,2024-01-01,302874.52
2189,2189,7,Savings,2024-01-01,71332.56
2190,2190,2,Current,2024-01-01,140712.81
2191,2191,6,Savings,2024-01-01,401078.69
2192,2192,3,Current,2024-01-01,212356.03
2193,2193,1,Savings,2024-01-01,192925.57
2194,2194,5,Savings,2024-01-01,87097.28
2195,2195,4,Savings,2024-01-01,125527.75
2196,2196,2,Current,2024-01-01,125246.78
2197,2197,7,Savings,2024-01-01,54823.1
2198,2198,6,Savings,2024-01-01,102863.42
2199,2199,4,Savings,2024-01-01,164906.99
2200,2200,6,Current,2024-01-01,91981.93
2201,2201,8,Savings,2024-01-01,144273.84
2202,2202,1,Savings,2024-01-01,115653.35
2203,2203,6,Savings,2024-01-01,21054.72
2204,2204,1,Savings,2024-01-01,229762.01
2205,2205,8,Savings,2024-01-01,119732.43
2206,2206,8,Savings,2024-01-01,71306.09
2207,2207,8,Savings,2024-01-01,204787.32
2208,2208,2,Savings,2024-01-01,332351.2
2209,2209,4,Savings,2024-01-01,358584.02
2210,2210,2,Savings,2024-01-01,279984.45
2211,2211,4,Savings,2024-01-01,220785.47
2212,2212,3,Savings,2024-01-01,46708.53
2213,2213,4,Savings,2024-01-01,48409.04
2214,2214,1,Savings,2024-01-01,326356.59
2215,2215,1,Savings,2024-01-01,219949.52
2216,2216,7,Savings,2024-01-01,168950.99
2217,2217,4,Savings,2024-01-01,145261.64
2218,2218,1,Savings,2024-01-01,88717.98
2219,2219,8,Current,2024-01-01,72184.25
2220,2220,5,Savings,2024-01-01,139145.44
2221,2221,5,Current,2024-01-01,107878.75
2222,2222,6,Savings,2024-01-01,125576.61
2223,2223,3,Savings,2024-01-01,392146.36
2224,2224,5,Savings,2024-01-01,212178.46
2225,2225,5,Current,2024-01-01,114824.05
2226,2226,2,Savings,2024-01-01,51028.98
2227,2227,4,Savings,2024-01-01,259948.67
2228,2228,2,Savings,2024-01-01,197306.11
2229,2229,2,Savings,2024-01-01,370713.74
2230,2230,4,Savings,2024-01-01,260938.09
2231,2231,2,Current,2024-01-01,435167.53
2232,2232,4,Savings,2024-01-01,171456.24
2233,2233,1,Current,2024-01-01,167969.38
2234,2234,3,Savings,2024-01-01,53720.34
2235,2235,2,Savings,2024-01-01,85147.26
2236,2236,8,Savings,2024-01-01,59363.7
2237,2237,8,Savings,2024-01-01,179012.37
2238,2238,2,Savings,2024-01-01,250112.54
2239,2239,4,Current,2024-01-01,101550.72
2240,2240,7,Savings,2024-01-01,120984.5
2241,2241,1,Savings,2024-01-01,208304.44
2242,2242,5,Savings,2024-01-01,126732.04
2243,2243,3,Savings,2024-01-01,493088.56
2244,2244,8,Savings,2024-01-01,361494.95
2245,2245,4,Savings,2024-01-01,304281.77
2246,2246,7,Savings,2024-01-01,255025.37
2247,2247,4,Savings,2024-01-01,123876.17
2248,2248,5,Savings,2024-01-01,102963.31
2249,2249,7,Savings,2024-01-01,81534.58
2250,2250,2,Savings,2024-01-01,52218.59
2251,2251,4,Savings,2024-01-01,130770.26
2252,2252,5,Savings,2024-01-01,107388.6
2253,2253,6,Current,2024-01-01,229032.73
2254,2254,8,Savings,2024-01-01,63957.26
2255,2255,7,Savings,2024-01-01,147719.85
2256,2256,6,Savings,2024-01-01,88012.34
2257,2257,5,Savings,2024-01-01,130759.19
2258,2258,4,Current,2024-01-01,209334.24
2259,2259,8,Savings,2024-01-01,80141.49
2260,2260,7,Current,2024-01-01,148492.47
2261,2261,2,Savings,2024-01-01,302273.36
2262,2262,7,Savings,2024-01-01,47067.02
2263,2263,8,Savings,2024-01-01,399852.21
2264,2264,2,Savings,2024-01-01,142261.9
2265,2265,4,Savings,2024-01-01,55986.79
2266,2266,8,Savings,2024-01-01,169950.4
2267,2267,1,Savings,2024-01-01,84217.5
2268,2268,6,Current,2024-01-01,171850.48
2269,2269,3,Savings,2024-01-01,67091.11
2270,2270,4,Savings,2024-01-01,242997.14
2271,2271,5,Savings,2024-01-01,234797.92
2272,2272,6,Savings,2024-01-01,22286.79
2273,2273,4,Savings,2024-01-01,228839.23
2274,2274,6,Savings,2024-01-01,133903.2
2275,2275,4,Savings,2024-01-01,90834.5
2276,2276,3,Savings,2024-01-01,389233.74
2277,2277,5,Savings,2024-01-01,169294.15
2278,2278,1,Current,2024-01-01,214905.89
2279,2279,1,Current,2024-01-01,166174.05
2280,2280,5,Current,2024-01-01,304306.8
2281,2281,6,Current,2024-01-01,120583.92
2282,2282,8,Savings,2024-01-01,84688.76
2283,2283,1,Savings,2024-01-01,170589.3
2284,2284,3,Savings,2024-01-01,41030.57
2285,2285,2,Current,2024-01-01,95214.69
2286,2286,7,Savings,2024-01-01,87543.29
2287,2287,1,Savings,2024-01-01,53648.33
2288,2288,3,Savings,2024-01-01,86815.97
2289,2289,4,Current,2024-01-01,133943.42
2290,2290,6,Savings,2024-01-01,298072.8
2291,2291,7,Savings,2024-01-01,91526.16
2292,2292,2,Savings,2024-01-01,67189.16
2293,2293,5,Current,2024-01-01,170876.27
2294,2294,6,Savings,2024-01-01,305914.55
2295,2295,3,Savings,2024-01-01,158283.73
2296,2296,2,Savings,2024-01-01,89939.02
2297,2297,4,Current,2024-01-01,41121.94
2298,2298,8,Savings,2024-01-01,108088.49
2299,2299,5,Current,2024-01-01,160476.23
2300,2300,4,Savings,2024-01-01,114149.29
2301,2301,1,Savings,2024-01-01,152138.07
2302,2302,2,Savings,2024-01-01,111035.64
2303,2303,1,Savings,2024-01-01,478573.45
2304,2304,2,Savings,2024-01-01,136992.25
2305,2305,5,Savings,2024-01-01,107740.77
2306,2306,2,Savings,2024-01-01,135579.33
2307,2307,3,Savings,2024-01-01,298096.25
2308,2308,6,Savings,2024-01-01,143597.16
2309,2309,6,Savings,2024-01-01,357538.9
2310,2310,3,Savings,2024-01-01,76587.12
2311,2311,8,Savings,2024-01-01,94626.72
2312,2312,1,Current,2024-01-01,116957.6
2313,2313,4,Savings,2024-01-01,136281.21
2314,2314,8,Savings,2024-01-01,87305.3
2315,2315,5,Savings,2024-01-01,48770.25
2316,2316,1,Savings,2024-01-01,86698.72
2317,2317,1,Current,2024-01-01,205295.64
2318,2318,2,Current,2024-01-01,53643.49
2319,2319,2,Savings,2024-01-01,308905.63
2320,2320,7,Savings,2024-01-01,156326.46
2321,2321,8,Savings,2024-01-01,99655.6
2322,2322,3,Savings,2024-01-01,78429.81
2323,2323,6,Savings,2024-01-01,196547.82
2324,2324,8,Savings,2024-01-01,287526.32
2325,2325,8,Savings,2024-01-01,156216.46
2326,2326,6,Savings,2024-01-01,116450.45
2327,2327,7,Savings,2024-01-01,186192.33
2328,2328,2,Savings,2024-01-01,96671.97
2329,2329,1,Savings,2024-01-01,83886.83
2330,2330,6,Savings,2024-01-01,243752.17
2331,2331,8,Savings,2024-01-01,88925.51
2332,2332,8,Savings,2024-01-01,316309.54
2333,2333,6,Savings,2024-01-01,80858.28
2334,2334,7,Current,2024-01-01,139350.38
2335,2335,4,Current,2024-01-01,195109.92
2336,2336,5,Savings,2024-01-01,122572.85
2337,2337,4,Savings,2024-01-01,30418.11
2338,2338,5,Savings,2024-01-01,206239.46
2339,2339,5,Current,2024-01-01,58968.73
2340,2340,5,Savings,2024-01-01,366622.22
2341,2341,8,Savings,2024-01-01,55196.61
2342,2342,6,Savings,2024-01-01,45577.92
2343,2343,7,Savings,2024-01-01,163989.58
2344,2344,2,Savings,2024-01-01,170206.33
2345,2345,3,Savings,2024-01-01,282392.49
2346,2346,3,Savings,2024-01-01,136976.9
2347,2347,5,Savings,2024-01-01,88795.8
2348,2348,1,Savings,2024-01-01,86493.25
2349,2349,6,Current,2024-01-01,62072.92
2350,2350,4,Savings,2024-01-01,195524.75
2351,2351,3,Savings,2024-01-01,31675.61
2352,2352,5,Savings,2024-01-01,160831.12
2353,2353,5,Savings,2024-01-01,71354.09
2354,2354,3,Current,2024-01-01,185055.01
2355,2355,6,Savings,2024-01-01,381101.94
2356,2356,2,Savings,2024-01-01,92048.17
2357,2357,3,Savings,2024-01-01,86778.19
2358,2358,1,Savings,2024-01-01,85876.07
2359,2359,5,Savings,2024-01-01,139304.45
2360,2360,5,Savings,2024-01-01,170513.51
2361,2361,6,Savings,2024-01-01,38437.17
2362,2362,1,Savings,2024-01-01,80114.7
2363,2363,5,Savings,2024-01-01,304497.27
2364,2364,2,Savings,2024-01-01,184786.05
2365,2365,7,Savings,2024-01-01,255272.9
2366,2366,8,Savings,2024-01-01,121508.54
2367,2367,2,Savings,2024-01-01,26237.71
2368,2368,6,Savings,2024-01-01,65474.7
2369,2369,1,Savings,2024-01-01,372819.79
2370,2370,7,Current,2024-01-01,111625.81
2371,2371,1,Current,2024-01-01,756038.01
2372,2372,5,Savings,2024-01-01,133250.64
2373,2373,3,Savings,2024-01-01,102761.71
2374,2374,2,Savings,2024-01-01,242359.24
2375,2375,2,Current,2024-01-01,83104.16
2376,2376,7,Savings,2024-01-01,146661.7
2377,2377,8,Savings,2024-01-01,153482.52
2378,2378,5,Savings,2024-01-01,336027.39
2379,2379,7,Savings,2024-01-01,105501.83
2380,2380,2,Current,2024-01-01,216586.46
2381,2381,5,Savings,2024-01-01,241962.56
2382,2382,1,Savings,2024-01-01,418070.51
2383,2383,8,Savings,2024-01-01,96558.17
2384,2384,1,Savings,2024-01-01,52222.45
2385,2385,7,Savings,2024-01-01,67080.48
2386,2386,8,Current,2024-01-01,186632.3
2387,2387,6,Current,2024-01-01,55582.16
2388,2388,1,Current,2024-01-01,111211.27
2389,2389,1,Savings,2024-01-01,125273.77
2390,2390,8,Savings,2024-01-01,67093.27
2391,2391,8,Savings,2024-01-01,359634.02
2392,2392,7,Current,2024-01-01,222716.67
2393,2393,2,Savings,2024-01-01,183766.75
2394,2394,7,Savings,2024-01-01,209975.01
2395,2395,1,Savings,2024-01-01,78819.29
2396,2396,5,Savings,2024-01-01,611406.4
2397,2397,5,Savings,2024-01-01,47353.0
2398,2398,7,Savings,2024-01-01,32960.73
2399,2399,2,Savings,2024-01-01,290430.36
2400,2400,2,Current,2024-01-01,189482.32
2401,2401,1,Savings,2024-01-01,101498.01
2402,2402,4,Current,2024-01-01,164618.92
2403,2403,5,Current,2024-01-01,77423.8
2404,2404,7,Savings,2024-01-01,79393.67
2405,2405,6,Savings,2024-01-01,133527.48
2406,2406,1,Savings,2024-01-01,184141.51
2407,2407,4,Savings,2024-01-01,230024.69
2408,2408,4,Savings,2024-01-01,200740.72
2409,2409,5,Savings,2024-01-01,78654.09
2410,2410,7,Savings,2024-01-01,354225.13
2411,2411,5,Savings,2024-01-01,367838.98
2412,2412,5,Savings,2024-01-01,70758.61
2413,2413,6,Current,2024-01-01,66983.37
2414,2414,2,Savings,2024-01-01,148887.5
2415,2415,8,Savings,2024-01-01,290483.98
2416,2416,3,Savings,2024-01-01,252602.69
2417,2417,2,Savings,2024-01-01,137054.25
2418,2418,7,Savings,2024-01-01,101826.27
2419,2419,3,Savings,2024-01-01,98398.1
2420,2420,5,Savings,2024-01-01,83321.51
2421,2421,1,Savings,2024-01-01,86918.82
2422,2422,4,Savings,2024-01-01,51561.39
2423,2423,8,Current,2024-01-01,96378.23
2424,2424,7,Savings,2024-01-01,185271.51
2425,2425,7,Savings,2024-01-01,202003.09
2426,2426,8,Savings,2024-01-01,67335.43
2427,2427,5,Current,2024-01-01,162372.71
2428,2428,4,Savings,2024-01-01,84374.49
2429,2429,5,Savings,2024-01-01,229813.51
2430,2430,5,Savings,2024-01-01,77516.46
2431,2431,8,Current,2024-01-01,289658.79
2432,2432,7,Savings,2024-01-01,319980.01
2433,2433,5,Savings,2024-01-01,491805.01
2434,2434,7,Current,2024-01-01,100737.26
2435,2435,2,Current,2024-01-01,170589.33
2436,2436,7,Savings,2024-01-01,137549.97
2437,2437,2,Savings,2024-01-01,122571.67
2438,2438,4,Savings,2024-01-01,134045.71
2439,2439,1,Savings,2024-01-01,162948.28
2440,2440,8,Savings,2024-01-01,57058.04
2441,2441,2,Savings,2024-01-01,155740.69
2442,2442,1,Current,2024-01-01,141853.61
2443,2443,2,Savings,2024-01-01,59945.55
2444,2444,2,Savings,2024-01-01,84502.16
2445,2445,1,Savings,2024-01-01,110761.73
2446,2446,8,Savings,2024-01-01,148004.55
2447,2447,1,Current,2024-01-01,59570.03
2448,2448,6,Savings,2024-01-01,196478.5
2449,2449,1,Current,2024-01-01,42936.9
2450,2450,1,Savings,2024-01-01,242328.6
2451,2451,6,Current,2024-01-01,100752.05
2452,2452,8,Savings,2024-01-01,239248.78
2453,2453,7,Savings,2024-01-01,483247.06
2454,2454,6,Savings,2024-01-01,96691.96
2455,2455,1,Savings,2024-01-01,117634.01
2456,2456,8,Savings,2024-01-01,28782.81
2457,2457,6,Savings,2024-01-01,75433.85
2458,2458,2,Savings,2024-01-01,330514.19
2459,2459,2,Current,2024-01-01,205401.96
2460,2460,5,Current,2024-01-01,70730.95
2461,2461,2,Current,2024-01-01,169379.46
2462,2462,7,Savings,2024-01-01,64188.56
2463,2463,3,Savings,2024-01-01,71060.83
2464,2464,4,Current,2024-01-01,130318.0
2465,2465,5,Savings,2024-01-01,98736.97
2466,2466,8,Savings,2024-01-01,802712.58
2467,2467,6,Savings,2024-01-01,76278.81
2468,2468,8,Savings,2024-01-01,497541.65
2469,2469,1,Current,2024-01-01,197624.14
2470,2470,5,Savings,2024-01-01,308393.24
2471,2471,7,Savings,2024-01-01,240047.85
2472,2472,7,Current,2024-01-01,151949.62
2473,2473,3,Savings,2024-01-01,108725.41
2474,2474,8,Savings,2024-01-01,67336.03
2475,2475,8,Savings,2024-01-01,159166.57
2476,2476,8,Savings,2024-01-01,136090.58
2477,2477,4,Savings,2024-01-01,102393.15
2478,2478,4,Savings,2024-01-01,112205.05
2479,2479,3,Savings,2024-01-01,172416.27
2480,2480,5,Savings,2024-01-01,246641.32
2481,2481,7,Savings,2024-01-01,50154.81
2482,2482,4,Savings,2024-01-01,115320.12
2483,2483,4,Savings,2024-01-01,57017.79
2484,2484,8,Current,2024-01-01,117172.23
2485,2485,3,Savings,2024-01-01,76959.5
2486,2486,2,Current,2024-01-01,162574.12
2487,2487,8,Savings,2024-01-01,93508.72
2488,2488,5,Savings,2024-01-01,159965.62
2489,2489,5,Savings,2024-01-01,207692.2
2490,2490,2,Savings,2024-01-01,264771.87
2491,2491,7,Savings,2024-01-01,135136.99
2492,2492,5,Savings,2024-01-01,181628.59
2493,2493,7,Current,2024-01-01,117973.4
2494,2494,6,Savings,2024-01-01,62376.63
2495,2495,3,Savings,2024-01-01,204492.1
2496,2496,2,Savings,2024-01-01,128423.2
2497,2497,4,Savings,2024-01-01,144476.83
2498,2498,6,Savings,2024-01-01,192837.55
2499,2499,8,Savings,2024-01-01,362133.14
2500,2500,3,Savings,2024-01-01,124615.83
2501,1720,6,Savings,2024-01-01,114402.99
2502,1809,2,Savings,2024-01-01,185157.13
2503,1739,1,Current,2024-01-01,54948.06
2504,1946,6,Savings,2024-01-01,136881.91
2505,990,6,Savings,2024-01-01,89760.67
2506,1435,8,Savings,2024-01-01,105788.02
2507,400,3,Current,2024-01-01,51474.91
2508,1855,4,Savings,2024-01-01,170134.26
2509,2081,7,Savings,2024-01-01,200051.66
2510,1828,7,Savings,2024-01-01,40185.43
2511,1714,4,Savings,2024-01-01,82781.08
2512,1413,7,Current,2024-01-01,143510.37
2513,1736,8,Current,2024-01-01,107898.48
2514,358,6,Savings,2024-01-01,46325.58
2515,366,5,Current,2024-01-01,82101.9
2516,838,6,Current,2024-01-01,172325.15
2517,596,5,Current,2024-01-01,70609.77
2518,917,6,Current,2024-01-01,74345.44
2519,702,7,Savings,2024-01-01,187345.7
2520,1285,7,Savings,2024-01-01,69603.64
2521,2044,7,Savings,2024-01-01,295414.32
2522,1861,3,Savings,2024-01-01,66359.36
2523,673,8,Savings,2024-01-01,22225.12
2524,803,5,Current,2024-01-01,129700.4
2525,1690,5,Savings,2024-01-01,160811.38
2526,642,5,Savings,2024-01-01,77878.03
2527,68,8,Savings,2024-01-01,76324.28
2528,1251,1,Savings,2024-01-01,43979.6
2529,656,5,Savings,2024-01-01,40771.92
2530,277,7,Savings,2024-01-01,77244.07
2531,538,6,Savings,2024-01-01,85750.12
2532,2059,3,Current,2024-01-01,95838.6
2533,2213,4,Savings,2024-01-01,456153.03
2534,1273,4,Savings,2024-01-01,115713.39
2535,1949,8,Savings,2024-01-01,91700.66
2536,2265,4,Savings,2024-01-01,203504.88
2537,1201,2,Savings,2024-01-01,41431.42
2538,2209,4,Current,2024-01-01,103333.16
2539,1406,3,Current,2024-01-01,180078.24
2540,515,5,Savings,2024-01-01,425984.34
2541,422,7,Savings,2024-01-01,104727.5
2542,2105,5,Savings,2024-01-01,225200.54
2543,544,6,Savings,2024-01-01,77921.44
2544,1826,6,Savings,2024-01-01,179651.07
2545,1346,4,Savings,2024-01-01,180083.59
2546,952,8,Current,2024-01-01,127775.62
2547,845,2,Savings,2024-01-01,144701.88
2548,661,6,Current,2024-01-01,78385.35
2549,382,5,Savings,2024-01-01,177933.56
2550,1197,1,Current,2024-01-01,491497.97
2551,1864,1,Savings,2024-01-01,154329.81
2552,2264,2,Current,2024-01-01,82158.02
2553,162,3,Current,2024-01-01,72690.42
2554,1018,3,Savings,2024-01-01,69074.8
2555,1241,7,Current,2024-01-01,307531.93
2556,1227,1,Current,2024-01-01,206062.97
2557,2162,4,Savings,2024-01-01,264946.82
2558,1199,6,Savings,2024-01-01,109808.15
2559,2460,5,Current,2024-01-01,122107.08
2560,921,8,Current,2024-01-01,174798.29
2561,1487,7,Savings,2024-01-01,75037.26
2562,426,6,Savings,2024-01-01,42755.08
2563,2326,6,Current,2024-01-01,295418.44
2564,2355,6,Savings,2024-01-01,398894.22
2565,1413,7,Savings,2024-01-01,58375.85
2566,1390,2,Savings,2024-01-01,187309.66
2567,560,7,Current,2024-01-01,52186.12
2568,1988,8,Savings,2024-01-01,156660.25
2569,1805,3,Current,2024-01-01,68471.04
2570,815,4,Savings,2024-01-01,115903.14
2571,2132,7,Savings,2024-01-01,166139.0
2572,2441,2,Current,2024-01-01,162052.1
2573,667,6,Savings,2024-01-01,104925.7
2574,2310,3,Current,2024-01-01,180659.93
2575,1181,3,Savings,2024-01-01,42807.17
2576,2283,1,Savings,2024-01-01,198480.06
2577,1452,2,Current,2024-01-01,68395.4
2578,1438,5,Savings,2024-01-01,28553.17
2579,166,4,Savings,2024-01-01,59063.37
2580,691,4,Savings,2024-01-01,98478.46
2581,53,3,Current,2024-01-01,121198.94
2582,2026,4,Savings,2024-01-01,101570.68
2583,2299,5,Current,2024-01-01,89015.09
2584,876,6,Current,2024-01-01,142619.54
2585,323,5,Savings,2024-01-01,259592.81
2586,1726,6,Savings,2024-01-01,42969.69
2587,2330,6,Savings,2024-01-01,74017.52
2588,1806,8,Current,2024-01-01,180528.46
2589,1337,6,Savings,2024-01-01,454523.64
2590,1035,3,Current,2024-01-01,137526.22
2591,763,6,Savings,2024-01-01,51533.92
2592,1607,6,Savings,2024-01-01,176188.61
2593,1110,4,Current,2024-01-01,102081.13
2594,606,7,Savings,2024-01-01,149572.32
2595,1548,5,Savings,2024-01-01,111556.06
2596,1780,1,Savings,2024-01-01,145324.02
2597,1161,2,Savings,2024-01-01,189952.52
2598,363,7,Savings,2024-01-01,1092367.08
2599,1439,7,Savings,2024-01-01,51383.16
2600,1558,6,Savings,2024-01-01,165467.44
2601,1625,7,Savings,2024-01-01,162245.7
2602,1519,4,Savings,2024-01-01,126229.62
2603,2086,6,Savings,2024-01-01,138383.73
2604,264,7,Savings,2024-01-01,103502.99
2605,1652,6,Current,2024-01-01,194384.24
2606,2200,6,Savings,2024-01-01,63090.32
2607,1572,4,Savings,2024-01-01,73251.95
2608,745,5,Savings,2024-01-01,100872.39
2609,1058,4,Savings,2024-01-01,116619.95
2610,2040,2,Savings,2024-01-01,97405.86
2611,1305,7,Savings,2024-01-01,216539.8
2612,1869,3,Current,2024-01-01,73325.85
2613,1748,7,Current,2024-01-01,81589.72
2614,308,8,Savings,2024-01-01,220119.74
2615,290,6,Savings,2024-01-01,408673.59
2616,1191,6,Savings,2024-01-01,82172.33
2617,877,2,Savings,2024-01-01,193514.95
2618,180,6,Savings,2024-01-01,176253.5
2619,130,2,Savings,2024-01-01,73424.9
2620,2351,3,Savings,2024-01-01,91116.88
2621,420,2,Savings,2024-01-01,170868.49
2622,1132,8,Savings,2024-01-01,63736.17
2623,1892,4,Savings,2024-01-01,135620.36
2624,1437,5,Savings,2024-01-01,395834.85
2625,217,3,Savings,2024-01-01,90458.86
2626,1144,3,Savings,2024-01-01,69570.32
2627,957,7,Savings,2024-01-01,266283.29
2628,1372,7,Savings,2024-01-01,257366.81
2629,1772,7,Savings,2024-01-01,136550.74
2630,462,6,Savings,2024-01-01,204267.87
2631,1490,5,Savings,2024-01-01,102007.56
2632,1705,8,Savings,2024-01-01,164948.04
2633,2326,6,Savings,2024-01-01,456564.16
2634,1097,4,Savings,2024-01-01,133335.89
2635,1603,7,Savings,2024-01-01,124007.52
2636,913,2,Savings,2024-01-01,405489.7
2637,1762,4,Savings,2024-01-01,108823.53
2638,393,4,Current,2024-01-01,110744.32
2639,2367,2,Savings,2024-01-01,202390.27
2640,564,4,Current,2024-01-01,85255.29
2641,1764,6,Savings,2024-01-01,148021.04
2642,499,5,Savings,2024-01-01,159791.26
2643,1752,1,Savings,2024-01-01,74810.03
2644,154,5,Current,2024-01-01,88115.45
2645,970,4,Current,2024-01-01,75018.65
2646,8,7,Current,2024-01-01,171217.21
2647,1801,7,Savings,2024-01-01,269765.8
2648,682,3,Savings,2024-01-01,142693.56
2649,28,6,Current,2024-01-01,203218.55
2650,1776,5,Savings,2024-01-01,132511.04
2651,2138,1,Savings,2024-01-01,142223.75
2652,2313,4,Savings,2024-01-01,330638.89
2653,413,7,Current,2024-01-01,88010.59
2654,1902,1,Current,2024-01-01,152007.27
2655,2430,5,Savings,2024-01-01,64927.86
2656,620,5,Savings,2024-01-01,100143.02
2657,717,2,Savings,2024-01-01,42189.58
2658,2416,3,Savings,2024-01-01,96704.4
2659,460,4,Savings,2024-01-01,119852.47
2660,884,6,Savings,2024-01-01,176801.56
2661,2290,6,Savings,2024-01-01,196897.71
2662,1522,4,Savings,2024-01-01,57770.75
2663,1391,4,Savings,2024-01-01,50699.91
2664,2174,7,Savings,2024-01-01,86008.98
2665,1860,7,Savings,2024-01-01,107425.8
2666,1567,5,Current,2024-01-01,103767.24
2667,2045,2,Savings,2024-01-01,178164.2
2668,1275,2,Savings,2024-01-01,54770.45
2669,1154,3,Savings,2024-01-01,120949.0
2670,2315,5,Savings,2024-01-01,319778.9
2671,1096,6,Savings,2024-01-01,29501.48
2672,826,3,Savings,2024-01-01,77289.16
2673,1581,5,Current,2024-01-01,183834.24
2674,1381,7,Savings,2024-01-01,255170.86
2675,2079,8,Current,2024-01-01,111277.53
2676,468,1,Savings,2024-01-01,101558.6
2677,538,6,Current,2024-01-01,292057.19
2678,838,6,Savings,2024-01-01,128997.36
2679,1164,4,Savings,2024-01-01,275770.57
2680,1949,8,Savings,2024-01-01,77232.0
2681,1126,8,Current,2024-01-01,77211.96
2682,2287,1,Current,2024-01-01,143692.31
2683,596,5,Savings,2024-01-01,183966.68
2684,776,8,Savings,2024-01-01,314594.51
2685,1502,6,Savings,2024-01-01,128370.36
2686,1677,3,Savings,2024-01-01,208716.53
2687,731,1,Savings,2024-01-01,136807.97
2688,1131,1,Current,2024-01-01,143553.74
2689,2132,7,Savings,2024-01-01,137196.39
2690,962,4,Current,2024-01-01,95735.19
2691,650,6,Savings,2024-01-01,74212.44
2692,1478,1,Savings,2024-01-01,302524.24
2693,2116,8,Savings,2024-01-01,267755.52
2694,70,8,Current,2024-01-01,88250.43
2695,922,5,Current,2024-01-01,146878.26
2696,466,5,Savings,2024-01-01,128149.91
2697,705,8,Savings,2024-01-01,130730.27
2698,609,8,Savings,2024-01-01,219350.06
2699,1880,3,Savings,2024-01-01,123316.06
2700,2371,1,Savings,2024-01-01,129469.99
2701,393,4,Savings,2024-01-01,66545.81
2702,690,2,Current,2024-01-01,109925.24
2703,1566,5,Savings,2024-01-01,477522.8
2704,1843,8,Current,2024-01-01,154264.89
2705,2456,8,Savings,2024-01-01,107494.66
2706,1773,4,Savings,2024-01-01,149405.58
2707,833,7,Current,2024-01-01,227702.56
2708,267,1,Savings,2024-01-01,474444.85
2709,2298,8,Savings,2024-01-01,53085.39
2710,1938,5,Savings,2024-01-01,111996.62
2711,2442,1,Savings,2024-01-01,479057.38
2712,855,2,Savings,2024-01-01,197801.48
2713,509,3,Savings,2024-01-01,68908.02
2714,166,4,Savings,2024-01-01,95206.61
2715,1798,2,Savings,2024-01-01,640834.24
2716,867,5,Savings,2024-01-01,131199.92
2717,359,7,Savings,2024-01-01,112115.16
2718,1197,1,Savings,2024-01-01,68275.63
2719,980,5,Current,2024-01-01,125202.86
2720,633,2,Current,2024-01-01,95090.44
2721,1891,5,Savings,2024-01-01,416399.34
2722,734,4,Savings,2024-01-01,492590.91
2723,313,8,Savings,2024-01-01,240567.05
2724,690,2,Savings,2024-01-01,198598.99
2725,1639,7,Savings,2024-01-01,19908.82
2726,331,1,Savings,2024-01-01,56814.81
2727,1776,5,Current,2024-01-01,54141.37
2728,803,5,Savings,2024-01-01,203623.3
2729,330,6,Savings,2024-01-01,340424.25
2730,1440,6,Savings,2024-01-01,295764.45
2731,1501,8,Savings,2024-01-01,160897.44
2732,475,4,Savings,2024-01-01,146738.69
2733,1893,1,Savings,2024-01-01,318633.58
2734,2450,1,Savings,2024-01-01,139028.95
2735,2306,2,Savings,2024-01-01,182563.11
2736,1650,4,Savings,2024-01-01,229699.46
2737,2307,3,Savings,2024-01-01,332137.41
2738,1333,1,Savings,2024-01-01,33466.47
2739,1350,4,Savings,2024-01-01,517500.08
2740,1831,8,Savings,2024-01-01,304888.29
2741,2119,7,Current,2024-01-01,260692.08
2742,2382,1,Savings,2024-01-01,67815.32
2743,565,6,Savings,2024-01-01,152108.49
2744,1238,4,Savings,2024-01-01,63529.49
2745,549,8,Savings,2024-01-01,118198.41
2746,329,3,Savings,2024-01-01,119408.44
2747,1280,7,Savings,2024-01-01,76841.84
2748,1192,8,Savings,2024-01-01,207121.78
2749,844,3,Current,2024-01-01,549100.78
2750,1177,3,Savings,2024-01-01,196045.94
2751,2420,5,Current,2024-01-01,273593.17
2752,1336,6,Current,2024-01-01,113116.6
2753,672,2,Savings,2024-01-01,290182.69
2754,1612,3,Savings,2024-01-01,133550.8
2755,534,8,Savings,2024-01-01,155932.13
2756,229,2,Savings,2024-01-01,307289.73
2757,1291,4,Current,2024-01-01,189404.67
2758,1983,1,Savings,2024-01-01,145985.54
2759,685,3,Savings,2024-01-01,63007.13
2760,2268,6,Savings,2024-01-01,50944.9
2761,277,7,Savings,2024-01-01,320914.35
2762,1317,3,Current,2024-01-01,218673.96
2763,1671,5,Savings,2024-01-01,66691.08
2764,2188,7,Savings,2024-01-01,301777.69
2765,2088,3,Savings,2024-01-01,76645.01
2766,1178,4,Savings,2024-01-01,139711.33
2767,1216,8,Savings,2024-01-01,116500.65
2768,218,3,Savings,2024-01-01,129904.13
2769,313,8,Savings,2024-01-01,157039.51
2770,2325,8,Savings,2024-01-01,647724.79
2771,1026,8,Savings,2024-01-01,49344.75
2772,2292,2,Current,2024-01-01,126457.51
2773,2343,7,Savings,2024-01-01,312722.75
2774,1131,1,Savings,2024-01-01,61015.8
2775,1496,1,Savings,2024-01-01,207879.27
2776,288,3,Current,2024-01-01,123482.68
2777,2250,2,Savings,2024-01-01,20944.47
2778,1457,5,Savings,2024-01-01,68423.08
2779,992,8,Savings,2024-01-01,217218.03
2780,1022,1,Savings,2024-01-01,87799.1
2781,964,2,Savings,2024-01-01,189955.59
2782,968,8,Savings,2024-01-01,61131.62
2783,501,6,Current,2024-01-01,260068.23
2784,47,5,Savings,2024-01-01,120617.71
2785,401,6,Savings,2024-01-01,51860.81
2786,663,6,Current,2024-01-01,113872.17
2787,263,5,Savings,2024-01-01,224596.49
2788,1926,3,Savings,2024-01-01,117076.53
2789,1470,5,Savings,2024-01-01,106963.27
2790,1584,7,Savings,2024-01-01,142904.22
2791,2040,2,Current,2024-01-01,229098.25
2792,834,4,Savings,2024-01-01,97149.12
2793,4,8,Savings,2024-01-01,268953.3
2794,1246,6,Current,2024-01-01,321541.72
2795,371,3,Savings,2024-01-01,132165.71
2796,1197,1,Current,2024-01-01,96172.54
2797,1575,7,Current,2024-01-01,256126.68
2798,1309,6,Current,2024-01-01,129231.52
2799,997,7,Savings,2024-01-01,504300.98
2800,2128,6,Savings,2024-01-01,281107.92
2801,1126,8,Savings,2024-01-01,223919.04
2802,2318,2,Savings,2024-01-01,92897.43
2803,1093,4,Savings,2024-01-01,113987.76
2804,680,7,Savings,2024-01-01,34444.77
2805,1261,6,Current,2024-01-01,84014.26
2806,738,5,Savings,2024-01-01,78176.81
2807,1518,7,Savings,2024-01-01,72457.1
2808,1821,4,Savings,2024-01-01,261300.28
2809,86,4,Savings,2024-01-01,965798.59
2810,559,6,Savings,2024-01-01,154642.29
2811,1871,5,Current,2024-01-01,81204.13
2812,1330,5,Savings,2024-01-01,147840.59
2813,637,3,Current,2024-01-01,101660.49
2814,343,3,Savings,2024-01-01,64748.81
2815,215,8,Savings,2024-01-01,130035.88
2816,820,2,Savings,2024-01-01,156215.59
2817,1998,1,Savings,2024-01-01,302830.89
2818,1664,3,Savings,2024-01-01,109462.31
2819,1823,8,Savings,2024-01-01,97612.12
2820,960,5,Savings,2024-01-01,80171.32
2821,2062,5,Savings,2024-01-01,101617.84
2822,40,1,Savings,2024-01-01,171913.71
2823,932,3,Savings,2024-01-01,53219.41
2824,1245,6,Savings,2024-01-01,82886.53
2825,865,2,Savings,2024-01-01,158960.59
2826,1281,5,Savings,2024-01-01,186245.43
2827,1524,3,Savings,2024-01-01,51794.84
2828,817,3,Savings,2024-01-01,193309.13
2829,383,3,Savings,2024-01-01,86366.08
2830,232,8,Savings,2024-01-01,148681.13
2831,1295,1,Savings,2024-01-01,339003.8
2832,1386,1,Savings,2024-01-01,338847.82
2833,1228,3,Savings,2024-01-01,113993.62
2834,1633,8,Current,2024-01-01,690088.95
2835,28,6,Savings,2024-01-01,285040.24
2836,624,3,Savings,2024-01-01,338794.14
2837,1686,1,Savings,2024-01-01,52898.83
2838,1756,1,Savings,2024-01-01,91402.37
2839,1727,4,Savings,2024-01-01,136729.55
2840,1166,2,Savings,2024-01-01,114203.28
2841,980,5,Current,2024-01-01,165781.86
2842,495,1,Current,2024-01-01,39709.91
2843,1735,4,Savings,2024-01-01,164136.75
2844,1608,8,Current,2024-01-01,359892.57
2845,812,3,Savings,2024-01-01,337346.44
2846,728,1,Savings,2024-01-01,264277.48
2847,66,3,Current,2024-01-01,144933.85
2848,345,5,Savings,2024-01-01,183234.1
2849,424,1,Savings,2024-01-01,40320.36
2850,1777,5,Savings,2024-01-01,146748.13
2851,1282,7,Savings,2024-01-01,463556.24
2852,1168,6,Savings,2024-01-01,62869.71
2853,531,1,Current,2024-01-01,109134.64
2854,571,4,Savings,2024-01-01,403568.97
2855,470,3,Savings,2024-01-01,289854.7
2856,825,5,Savings,2024-01-01,194355.8
2857,1098,8,Savings,2024-01-01,182830.27
2858,804,3,Savings,2024-01-01,271472.31
2859,542,6,Savings,2024-01-01,84703.15
2860,1624,6,Savings,2024-01-01,87351.16
2861,2306,2,Savings,2024-01-01,54274.95
2862,140,2,Savings,2024-01-01,187429.74
2863,219,8,Savings,2024-01-01,60019.65
2864,1435,8,Savings,2024-01-01,66379.35
2865,289,6,Savings,2024-01-01,82918.22
2866,193,4,Current,2024-01-01,87337.65
2867,2106,3,Savings,2024-01-01,89594.64
2868,263,5,Savings,2024-01-01,155077.85
2869,1312,2,Current,2024-01-01,162566.65
2870,1530,2,Current,2024-01-01,203376.85
2871,1089,5,Current,2024-01-01,171253.76
2872,1600,6,Current,2024-01-01,145077.8
2873,235,6,Savings,2024-01-01,356638.22
2874,1524,3,Current,2024-01-01,96252.14
2875,592,5,Savings,2024-01-01,97029.01
2876,332,5,Savings,2024-01-01,76938.59
2877,903,5,Savings,2024-01-01,60248.67
2878,2431,8,Savings,2024-01-01,153799.41
2879,1343,7,Savings,2024-01-01,121272.97
2880,930,3,Savings,2024-01-01,99936.44
2881,1223,3,Savings,2024-01-01,103355.22
2882,1659,4,Savings,2024-01-01,89479.09
2883,2341,8,Current,2024-01-01,45982.78
2884,991,1,Savings,2024-01-01,100273.5
2885,1326,1,Savings,2024-01-01,61096.53
2886,727,5,Savings,2024-01-01,427472.07
2887,1863,6,Current,2024-01-01,39059.67
2888,1820,6,Savings,2024-01-01,150771.13
2889,787,1,Savings,2024-01-01,112677.52
2890,1774,5,Savings,2024-01-01,90268.58
2891,2499,8,Savings,2024-01-01,56558.84
2892,2434,7,Savings,2024-01-01,134016.2
2893,244,4,Savings,2024-01-01,99757.25
2894,1596,2,Savings,2024-01-01,146702.77
2895,301,7,Savings,2024-01-01,115354.36
2896,1998,1,Current,2024-01-01,90402.67
2897,2126,3,Savings,2024-01-01,43058.89
2898,768,4,Current,2024-01-01,95211.83
2899,980,5,Current,2024-01-01,67911.23
2900,2031,3,Savings,2024-01-01,176435.76
2901,2328,2,Savings,2024-01-01,302626.69
2902,1689,6,Savings,2024-01-01,49291.7
2903,1014,8,Savings,2024-01-01,185602.26
2904,1723,7,Savings,2024-01-01,102256.89
2905,1911,3,Savings,2024-01-01,112115.71
2906,674,1,Savings,2024-01-01,70086.18
2907,1581,5,Current,2024-01-01,165806.76
2908,2268,6,Current,2024-01-01,107946.73
2909,1678,2,Savings,2024-01-01,38564.89
2910,1965,2,Current,2024-01-01,168893.03
2911,2442,1,Savings,2024-01-01,215907.63
2912,1572,4,Savings,2024-01-01,179869.95
2913,1037,3,Savings,2024-01-01,72414.74
2914,578,4,Savings,2024-01-01,29733.66
2915,434,1,Current,2024-01-01,62241.29
2916,343,3,Savings,2024-01-01,115772.46
2917,516,2,Savings,2024-01-01,60850.47
2918,728,1,Savings,2024-01-01,230968.96
2919,39,7,Savings,2024-01-01,121967.84
2920,1071,2,Savings,2024-01-01,120133.14
2921,2067,5,Savings,2024-01-01,314343.75
2922,48,4,Current,2024-01-01,79414.71
2923,2095,2,Savings,2024-01-01,100524.6
2924,2177,3,Current,2024-01-01,79418.78
2925,1088,3,Savings,2024-01-01,334390.62
2926,635,8,Savings,2024-01-01,238420.35
2927,864,1,Savings,2024-01-01,67908.81
2928,587,2,Savings,2024-01-01,129668.17
2929,1373,4,Current,2024-01-01,131132.47
2930,1644,2,Savings,2024-01-01,113370.93
2931,959,1,Savings,2024-01-01,38407.23
2932,183,7,Savings,2024-01-01,95552.37
2933,2217,4,Savings,2024-01-01,101460.14
2934,1523,1,Savings,2024-01-01,102692.23
2935,94,4,Savings,2024-01-01,50302.96
2936,546,2,Savings,2024-01-01,66936.33
2937,208,8,Current,2024-01-01,28526.78
2938,2052,5,Savings,2024-01-01,176239.82
2939,2326,6,Savings,2024-01-01,156157.8
2940,655,3,Savings,2024-01-01,257074.65
2941,1470,5,Savings,2024-01-01,505072.95
2942,2318,2,Current,2024-01-01,126903.56
2943,2431,8,Current,2024-01-01,114336.96
2944,1072,2,Current,2024-01-01,162462.38
2945,1138,4,Savings,2024-01-01,266648.19
2946,1935,4,Savings,2024-01-01,315921.41
2947,633,2,Savings,2024-01-01,115639.93
2948,2480,5,Savings,2024-01-01,106671.15
2949,165,3,Savings,2024-01-01,55497.05
2950,1532,2,Savings,2024-01-01,156769.34
2951,1866,6,Current,2024-01-01,651020.16
2952,1445,3,Savings,2024-01-01,106767.54
2953,916,2,Savings,2024-01-01,77289.44
2954,1016,1,Savings,2024-01-01,186336.04
2955,1002,3,Savings,2024-01-01,143530.32
2956,1991,2,Savings,2024-01-01,235536.01
2957,2448,6,Savings,2024-01-01,82860.33
2958,1867,6,Savings,2024-01-01,167842.21
2959,361,4,Savings,2024-01-01,88511.2
2960,167,6,Current,2024-01-01,105766.39
2961,1510,4,Savings,2024-01-01,71713.16
2962,1587,1,Current,2024-01-01,289226.14
2963,1739,1,Current,2024-01-01,214308.63
2964,1299,5,Savings,2024-01-01,117086.58
2965,737,2,Current,2024-01-01,236822.86
2966,1279,6,Current,2024-01-01,87761.63
2967,1996,6,Savings,2024-01-01,93824.9
2968,613,6,Savings,2024-01-01,198423.38
2969,983,7,Savings,2024-01-01,129462.31
2970,1916,4,Savings,2024-01-01,104189.9
2971,2050,7,Savings,2024-01-01,189094.43
2972,868,6,Savings,2024-01-01,1170343.5
2973,478,4,Savings,2024-01-01,163690.69
2974,490,6,Savings,2024-01-01,138021.32
2975,1991,2,Savings,2024-01-01,151455.55
2976,1729,6,Current,2024-01-01,169876.56
2977,1952,5,Current,2024-01-01,142604.01
2978,2220,5,Savings,2024-01-01,86196.61
2979,1347,4,Savings,2024-01-01,163907.94
2980,714,7,Current,2024-01-01,86927.41
2981,1602,5,Savings,2024-01-01,87844.96
2982,870,2,Current,2024-01-01,189086.72
2983,1428,2,Savings,2024-01-01,126302.31
2984,484,5,Current,2024-01-01,178359.04
2985,1896,2,Savings,2024-01-01,61475.0
2986,1557,8,Savings,2024-01-01,92882.94
2987,6,5,Savings,2024-01-01,164592.05
2988,1842,5,Savings,2024-01-01,192255.52
2989,1368,7,Savings,2024-01-01,71816.24
2990,2186,6,Savings,2024-01-01,97558.92
2991,1158,3,Current,2024-01-01,143274.73
2992,1122,2,Savings,2024-01-01,163828.97
2993,1350,4,Savings,2024-01-01,47012.2
2994,464,6,Savings,2024-01-01,134821.83
2995,639,3,Savings,2024-01-01,162350.89
2996,676,8,Savings,2024-01-01,215001.48
2997,1016,1,Savings,2024-01-01,115920.37
2998,1737,5,Savings,2024-01-01,79967.72
2999,1757,1,Current,2024-01-01,224096.02
3000,869,7,Savings,2024-01-01,188717.15
3001,806,4,Savings,2024-01-01,37856.01
3002,130,2,Savings,2024-01-01,170819.85
3003,1112,1,Savings,2024-01-01,112879.06
3004,1190,1,Savings,2024-01-01,26319.54
3005,1362,6,Savings,2024-01-01,97786.86
3006,1489,8,Savings,2024-01-01,113807.52
3007,1153,3,Savings,2024-01-01,162131.37
3008,459,4,Savings,2024-01-01,526241.28
3009,2299,5,Savings,2024-01-01,378210.52
3010,1442,4,Savings,2024-01-01,84170.36
3011,953,8,Savings,2024-01-01,149510.83
3012,1055,2,Savings,2024-01-01,420818.19
3013,659,1,Current,2024-01-01,381643.33
3014,1676,1,Savings,2024-01-01,108811.25
3015,2325,8,Savings,2024-01-01,62603.3
3016,320,3,Savings,2024-01-01,168156.89
3017,2235,2,Savings,2024-01-01,291339.74
3018,1079,6,Savings,2024-01-01,119461.52
3019,113,7,Current,2024-01-01,241297.55
3020,972,4,Savings,2024-01-01,545883.05
3021,285,4,Savings,2024-01-01,270095.84
3022,2372,5,Savings,2024-01-01,136947.67
3023,1119,5,Savings,2024-01-01,151853.94
3024,1091,4,Current,2024-01-01,64723.81
3025,505,2,Current,2024-01-01,101621.4
3026,1377,3,Savings,2024-01-01,132565.37
3027,912,7,Savings,2024-01-01,179325.45
3028,1440,6,Savings,2024-01-01,107006.69
3029,450,4,Current,2024-01-01,108283.67
3030,1178,4,Savings,2024-01-01,140579.7
3031,943,8,Savings,2024-01-01,68950.52
3032,854,7,Savings,2024-01-01,69752.61
3033,487,1,Savings,2024-01-01,48592.09
3034,1140,1,Savings,2024-01-01,104974.83
3035,1633,8,Savings,2024-01-01,172615.09
3036,753,3,Savings,2024-01-01,149908.72
3037,118,7,Savings,2024-01-01,180189.37
3038,2175,2,Savings,2024-01-01,250642.69
3039,1896,2,Savings,2024-01-01,1315365.85
3040,127,8,Savings,2024-01-01,108640.93
3041,185,8,Current,2024-01-01,114902.62
3042,2112,8,Current,2024-01-01,240846.42
3043,4,8,Savings,2024-01-01,72700.13
3044,2101,2,Savings,2024-01-01,386967.34
3045,464,6,Savings,2024-01-01,214919.11
3046,1297,7,Current,2024-01-01,193171.2
3047,2149,6,Savings,2024-01-01,285565.91
3048,1686,1,Savings,2024-01-01,119388.32
3049,1992,1,Savings,2024-01-01,88706.91
3050,2167,1,Savings,2024-01-01,270108.73
3051,1771,3,Savings,2024-01-01,45397.27
3052,1244,7,Savings,2024-01-01,98073.56
3053,1650,4,Savings,2024-01-01,110040.9
3054,872,3,Savings,2024-01-01,90792.95
3055,1003,2,Current,2024-01-01,140158.14
3056,348,8,Savings,2024-01-01,260761.47
3057,562,2,Savings,2024-01-01,252454.66
3058,1816,4,Savings,2024-01-01,83300.69
3059,2338,5,Savings,2024-01-01,382962.59
3060,491,2,Savings,2024-01-01,124482.28
3061,1780,1,Savings,2024-01-01,155923.29
3062,1374,6,Savings,2024-01-01,33784.39
3063,1718,7,Savings,2024-01-01,246844.62
3064,667,6,Savings,2024-01-01,42693.8
3065,990,6,Savings,2024-01-01,119457.54
3066,2271,5,Savings,2024-01-01,68552.3
3067,1398,7,Savings,2024-01-01,99872.8
3068,1191,6,Savings,2024-01-01,186361.07
3069,2158,2,Current,2024-01-01,40271.83
3070,1109,5,Savings,2024-01-01,61478.04
3071,571,4,Savings,2024-01-01,147109.23
3072,520,7,Savings,2024-01-01,105285.27
3073,1973,8,Current,2024-01-01,305991.25
3074,1907,8,Savings,2024-01-01,29338.86
3075,778,6,Savings,2024-01-01,91214.89
3076,1015,2,Savings,2024-01-01,113914.6
3077,625,3,Savings,2024-01-01,125836.25
3078,817,3,Current,2024-01-01,105795.73
3079,502,7,Savings,2024-01-01,91707.54
3080,216,7,Current,2024-01-01,91624.86
3081,349,2,Current,2024-01-01,71769.64
3082,1249,8,Savings,2024-01-01,135447.11
3083,2048,1,Savings,2024-01-01,206641.54
3084,1539,3,Savings,2024-01-01,111647.39
3085,1798,2,Savings,2024-01-01,83562.58
3086,1671,5,Savings,2024-01-01,160677.76
3087,1448,3,Current,2024-01-01,177304.54
3088,1972,3,Savings,2024-01-01,96331.24
3089,1094,7,Savings,2024-01-01,93262.95
3090,180,6,Savings,2024-01-01,99212.58
3091,2354,3,Savings,2024-01-01,263015.82
3092,2121,5,Savings,2024-01-01,112300.38
3093,860,7,Savings,2024-01-01,832271.31
3094,1026,8,Savings,2024-01-01,248044.59
3095,2234,3,Current,2024-01-01,408818.37
3096,351,2,Savings,2024-01-01,126435.64
3097,540,8,Current,2024-01-01,82664.16
3098,666,1,Current,2024-01-01,216460.23
3099,2313,4,Savings,2024-01-01,117624.71
3100,627,7,Current,2024-01-01,118916.05
3101,209,2,Current,2024-01-01,109017.67
3102,533,3,Savings,2024-01-01,357618.46
3103,301,7,Current,2024-01-01,199953.37
3104,2172,3,Current,2024-01-01,251274.39
3105,1670,7,Current,2024-01-01,118883.3
3106,1435,8,Savings,2024-01-01,123644.37
3107,2330,6,Savings,2024-01-01,399216.12
3108,1515,3,Savings,2024-01-01,76263.32
3109,655,3,Savings,2024-01-01,33343.03
3110,995,8,Current,2024-01-01,23894.46
3111,90,7,Savings,2024-01-01,101738.65
3112,1307,3,Current,2024-01-01,64604.53
3113,945,5,Savings,2024-01-01,106696.13
3114,2169,2,Savings,2024-01-01,159622.04
3115,265,6,Savings,2024-01-01,142094.0
3116,325,3,Savings,2024-01-01,174427.43
3117,228,3,Current,2024-01-01,197916.48
3118,1864,1,Savings,2024-01-01,130120.84
3119,2309,6,Current,2024-01-01,78331.71
3120,57,1,Current,2024-01-01,356835.03
3121,1204,3,Savings,2024-01-01,50425.58
3122,2030,6,Current,2024-01-01,37095.8
3123,433,8,Current,2024-01-01,136997.46
3124,945,5,Savings,2024-01-01,196669.08
3125,1327,3,Current,2024-01-01,133936.62
3126,1489,8,Savings,2024-01-01,114187.03
3127,1262,5,Savings,2024-01-01,90057.64
3128,845,2,Savings,2024-01-01,47020.51
3129,1683,8,Savings,2024-01-01,161703.25
3130,2360,5,Savings,2024-01-01,222216.35
3131,1531,8,Savings,2024-01-01,89201.09
3132,2052,5,Current,2024-01-01,417646.93
3133,2306,2,Current,2024-01-01,430823.61
3134,730,5,Savings,2024-01-01,391805.05
3135,651,2,Savings,2024-01-01,130639.9
3136,272,4,Savings,2024-01-01,275861.82
3137,349,2,Savings,2024-01-01,119317.9
3138,905,6,Savings,2024-01-01,167015.86
3139,1188,2,Savings,2024-01-01,197872.24
3140,717,2,Savings,2024-01-01,77045.09
3141,2084,2,Savings,2024-01-01,97119.57
3142,1614,2,Savings,2024-01-01,92351.09
3143,316,4,Savings,2024-01-01,174481.48
3144,257,4,Savings,2024-01-01,138117.29
3145,954,5,Savings,2024-01-01,92139.65
3146,101,4,Savings,2024-01-01,108105.86
3147,1742,8,Savings,2024-01-01,229442.53
3148,458,2,Savings,2024-01-01,126277.33
3149,1365,1,Savings,2024-01-01,75419.13
3150,516,2,Savings,2024-01-01,302980.9
3151,416,4,Savings,2024-01-01,176030.76
3152,1829,3,Savings,2024-01-01,45773.57
3153,96,1,Savings,2024-01-01,248024.64
3154,1431,8,Savings,2024-01-01,70347.83
3155,397,2,Savings,2024-01-01,275036.59
3156,327,7,Savings,2024-01-01,211942.3
3157,847,7,Savings,2024-01-01,686865.37
3158,2454,6,Current,2024-01-01,226753.98
3159,1011,3,Savings,2024-01-01,31474.01
3160,682,3,Savings,2024-01-01,443305.05
3161,591,1,Savings,2024-01-01,222976.68
3162,1389,7,Current,2024-01-01,66947.63
3163,1626,3,Current,2024-01-01,135539.16
3164,644,6,Current,2024-01-01,185596.84
3165,1234,3,Savings,2024-01-01,233968.4
3166,1612,3,Savings,2024-01-01,104087.13
3167,775,4,Savings,2024-01-01,159641.4
3168,323,5,Savings,2024-01-01,178791.0
3169,1736,8,Savings,2024-01-01,51255.77
3170,1689,6,Savings,2024-01-01,108069.47
3171,631,6,Savings,2024-01-01,32624.14
3172,2082,6,Savings,2024-01-01,66591.92
3173,107,5,Savings,2024-01-01,98369.71
3174,660,1,Current,2024-01-01,109512.6
3175,1324,1,Savings,2024-01-01,137378.62
3176,1602,5,Savings,2024-01-01,470283.85
3177,712,1,Savings,2024-01-01,74185.22
3178,2454,6,Savings,2024-01-01,226366.57
3179,2380,2,Savings,2024-01-01,175313.77
3180,1338,8,Savings,2024-01-01,148141.14
3181,2281,6,Savings,2024-01-01,318271.53
3182,949,2,Current,2024-01-01,39427.52
3183,153,1,Current,2024-01-01,82767.8
3184,620,5,Savings,2024-01-01,146470.58
3185,2259,8,Savings,2024-01-01,128772.88
3186,2134,3,Savings,2024-01-01,186990.74
3187,1794,4,Savings,2024-01-01,233278.47
3188,1388,8,Savings,2024-01-01,314286.51
3189,737,2,Savings,2024-01-01,363134.57
3190,1480,2,Savings,2024-01-01,55489.97
3191,20,2,Savings,2024-01-01,172650.21
3192,61,8,Savings,2024-01-01,155958.76
3193,548,3,Current,2024-01-01,95434.38
3194,367,2,Savings,2024-01-01,199196.43
3195,2181,1,Savings,2024-01-01,542685.41
3196,1347,4,Savings,2024-01-01,271003.35
3197,2220,5,Savings,2024-01-01,244088.94
3198,1874,1,Savings,2024-01-01,442869.6
3199,597,1,Current,2024-01-01,222820.73
3200,1415,7,Savings,2024-01-01,83442.7
