snapshot_date,account_id,balance
2025-01-31,1,231910.24
2025-01-31,2,73193.69
2025-01-31,3,51492.39
2025-01-31,4,80135.27
2025-01-31,5,174968.54
2025-01-31,6,176431.04
2025-01-31,7,108288.26
2025-01-31,8,122162.74
2025-01-31,9,86748.75
2025-01-31,10,98304.92
2025-01-31,11,56917.08
2025-01-31,12,148644.51
2025-01-31,13,103027.01
2025-01-31,14,121481.4
2025-01-31,15,78217.06
2025-01-31,16,73730.57
2025-01-31,17,130210.87
2025-01-31,18,131455.25
2025-01-31,19,448987.52
2025-01-31,20,60691.58
2025-01-31,21,86126.93
2025-01-31,22,76486.02
2025-01-31,23,104106.8
2025-01-31,24,136234.24
2025-01-31,25,131197.54
2025-01-31,26,127150.99
2025-01-31,27,372250.07
2025-01-31,28,86865.82
2025-01-31,29,102642.31
2025-01-31,30,175564.9
2025-01-31,31,280330.68
2025-01-31,32,43633.24
2025-01-31,33,259461.94
2025-01-31,34,70586.5
2025-01-31,35,97692.98
2025-01-31,36,132672.02
2025-01-31,37,166433.03
2025-01-31,38,97217.3
2025-01-31,39,898490.75
2025-01-31,40,100091.98
2025-01-31,41,358082.33
2025-01-31,42,62013.59
2025-01-31,43,111133.15
2025-01-31,44,214204.26
2025-01-31,45,119891.38
2025-01-31,46,102940.1
2025-01-31,47,263023.22
2025-01-31,48,113077.28
2025-01-31,49,137494.61
2025-01-31,50,133133.97
2025-01-31,51,129150.02
2025-01-31,52,185947.66
2025-01-31,53,441221.64
2025-01-31,54,376129.09
2025-01-31,55,195711.99
2025-01-31,56,131327.6
2025-01-31,57,478135.62
2025-01-31,58,208415.23
2025-01-31,59,248993.85
2025-01-31,60,182321.06
2025-01-31,61,76962.38
2025-01-31,62,187961.19
2025-01-31,63,43054.41
2025-01-31,64,175697.36
2025-01-31,65,371400.21
2025-01-31,66,198327.37
2025-01-31,67,161782.47
2025-01-31,68,98997.98
2025-01-31,69,255620.93
2025-01-31,70,228996.56
2025-01-31,71,122491.09
2025-01-31,72,175696.04
2025-01-31,73,126377.27
2025-01-31,74,77051.83
2025-01-31,75,101100.24
2025-01-31,76,95701.71
2025-01-31,77,203031.26
2025-01-31,78,51673.77
2025-01-31,79,144329.38
2025-01-31,80,305348.84
2025-01-31,81,230745.74
2025-01-31,82,158077.31
2025-01-31,83,194133.97
2025-01-31,84,40191.55
2025-01-31,85,55525.82
2025-01-31,86,115085.46
2025-01-31,87,55779.29
2025-01-31,88,241761.34
2025-01-31,89,63720.74
2025-01-31,90,162439.03
2025-01-31,91,73105.78
2025-01-31,92,125563.78
2025-01-31,93,269939.09
2025-01-31,94,405544.44
2025-01-31,95,176303.2
2025-01-31,96,136802.46
2025-01-31,97,196596.7
2025-01-31,98,56179.91
2025-01-31,99,169191.92
2025-01-31,100,79445.7
2025-01-31,101,556770.57
2025-01-31,102,108458.97
2025-01-31,103,59628.18
2025-01-31,104,107278.41
2025-01-31,105,483402.55
2025-01-31,106,283773.26
2025-01-31,107,51505.27
2025-01-31,108,102239.32
2025-01-31,109,66380.38
2025-01-31,110,27943.2
2025-01-31,111,392826.47
2025-01-31,112,104522.57
2025-01-31,113,64482.41
2025-01-31,114,285794.0
2025-01-31,115,126684.97
2025-01-31,116,56363.11
2025-01-31,117,218999.63
2025-01-31,118,218321.89
2025-01-31,119,211351.87
2025-01-31,120,156247.83
2025-01-31,121,143818.85
2025-01-31,122,61712.94
2025-01-31,123,160890.59
2025-01-31,124,192674.62
2025-01-31,125,96227.83
2025-01-31,126,178021.21
2025-01-31,127,65139.87
2025-01-31,128,218572.81
2025-01-31,129,122750.18
2025-01-31,130,72028.47
2025-01-31,131,85085.51
2025-01-31,132,95106.52
2025-01-31,133,118171.83
2025-01-31,134,142327.42
2025-01-31,135,53450.05
2025-01-31,136,16633.22
2025-01-31,137,174357.84
2025-01-31,138,65531.73
2025-01-31,139,174316.87
2025-01-31,140,121272.86
2025-01-31,141,329494.94
2025-01-31,142,201053.62
2025-01-31,143,83559.09
2025-01-31,144,97418.12
2025-01-31,145,150426.09
2025-01-31,146,274545.04
2025-01-31,147,176361.39
2025-01-31,148,68674.24
2025-01-31,149,353500.53
2025-01-31,150,68494.96
2025-01-31,151,51116.84
2025-01-31,152,608237.95
2025-01-31,153,124595.26
2025-01-31,154,90511.29
2025-01-31,155,65035.86
2025-01-31,156,149292.07
2025-01-31,157,60022.31
2025-01-31,158,104992.29
2025-01-31,159,93588.33
2025-01-31,160,104325.95
2025-01-31,161,158299.56
2025-01-31,162,178831.74
2025-01-31,163,271472.07
2025-01-31,164,220491.83
2025-01-31,165,168196.27
2025-01-31,166,35389.57
2025-01-31,167,392487.02
2025-01-31,168,117513.87
2025-01-31,169,208106.38
2025-01-31,170,377082.11
2025-01-31,171,236262.31
2025-01-31,172,75027.08
2025-01-31,173,75733.09
2025-01-31,174,428939.46
2025-01-31,175,181215.49
2025-01-31,176,77601.69
2025-01-31,177,35741.46
2025-01-31,178,157646.8
2025-01-31,179,301149.63
2025-01-31,180,180751.24
2025-01-31,181,212718.74
2025-01-31,182,80821.35
2025-01-31,183,111552.91
2025-01-31,184,67320.97
2025-01-31,185,118388.31
2025-01-31,186,337897.62
2025-01-31,187,85158.75
2025-01-31,188,157720.59
2025-01-31,189,43902.43
2025-01-31,190,135207.27
2025-01-31,191,34530.67
2025-01-31,192,67923.56
2025-01-31,193,149128.66
2025-01-31,194,184198.18
2025-01-31,195,94963.03
2025-01-31,196,253207.82
2025-01-31,197,281099.46
2025-01-31,198,440874.74
2025-01-31,199,43115.11
2025-01-31,200,96653.56
2025-01-31,201,68564.93
2025-01-31,202,267277.21
2025-01-31,203,98849.52
2025-01-31,204,282574.07
2025-01-31,205,54994.8
2025-01-31,206,176910.23
2025-01-31,207,200659.9
2025-01-31,208,310599.62
2025-01-31,209,267622.85
2025-01-31,210,134098.76
2025-01-31,211,163168.63
2025-01-31,212,484100.55
2025-01-31,213,97150.36
2025-01-31,214,182470.78
2025-01-31,215,141769.79
2025-01-31,216,410724.29
2025-01-31,217,108011.66
2025-01-31,218,159397.75
2025-01-31,219,172270.07
2025-01-31,220,208019.07
2025-01-31,221,67109.53
2025-01-31,222,150461.94
2025-01-31,223,70142.38
2025-01-31,224,177333.2
2025-01-31,225,270089.11
2025-01-31,226,193945.13
2025-01-31,227,56303.68
2025-01-31,228,81993.51
2025-01-31,229,169719.43
2025-01-31,230,376261.96
2025-01-31,231,187510.59
2025-01-31,232,126624.83
2025-01-31,233,111649.25
2025-01-31,234,182709.35
2025-01-31,235,208624.14
2025-01-31,236,72296.31
2025-01-31,237,345692.05
2025-01-31,238,48434.11
2025-01-31,239,35477.25
2025-01-31,240,263732.79
2025-01-31,241,184105.37
2025-01-31,242,440921.6
2025-01-31,243,134410.52
2025-01-31,244,123266.84
2025-01-31,245,194529.9
2025-01-31,246,29136.31
2025-01-31,247,51655.85
2025-01-31,248,54842.37
2025-01-31,249,132487.19
2025-01-31,250,164666.78
2025-01-31,251,35742.1
2025-01-31,252,114589.69
2025-01-31,253,73971.65
2025-01-31,254,194971.61
2025-01-31,255,139302.87
2025-01-31,256,124642.06
2025-01-31,257,96141.78
2025-01-31,258,28092.66
2025-01-31,259,160916.72
2025-01-31,260,114788.59
2025-01-31,261,69131.6
2025-01-31,262,155787.48
2025-01-31,263,124137.21
2025-01-31,264,94875.96
2025-01-31,265,198465.87
2025-01-31,266,112997.38
2025-01-31,267,81605.94
2025-01-31,268,35712.93
2025-01-31,269,89094.87
2025-01-31,270,104059.58
2025-01-31,271,73938.94
2025-01-31,272,218270.48
2025-01-31,273,155916.67
2025-01-31,274,111030.19
2025-01-31,275,507698.54
2025-01-31,276,171293.76
2025-01-31,277,164678.23
2025-01-31,278,368247.14
2025-01-31,279,375406.28
2025-01-31,280,155340.0
2025-01-31,281,79988.82
2025-01-31,282,167731.75
2025-01-31,283,71504.42
2025-01-31,284,20681.17
2025-01-31,285,233180.25
2025-01-31,286,322194.65
2025-01-31,287,597063.75
2025-01-31,288,86283.98
2025-01-31,289,180389.42
2025-01-31,290,119847.31
2025-01-31,291,350020.98
2025-01-31,292,248778.67
2025-01-31,293,180571.43
2025-01-31,294,90099.25
2025-01-31,295,194214.17
2025-01-31,296,115278.54
2025-01-31,297,262096.6
2025-01-31,298,352406.46
2025-01-31,299,145212.31
2025-01-31,300,75943.48
2025-01-31,301,87230.71
2025-01-31,302,200194.59
2025-01-31,303,110784.34
2025-01-31,304,144537.13
2025-01-31,305,237799.7
2025-01-31,306,206571.23
2025-01-31,307,178396.41
2025-01-31,308,18366.29
2025-01-31,309,125447.13
2025-01-31,310,157526.87
2025-01-31,311,44354.53
2025-01-31,312,152265.11
2025-01-31,313,109048.13
2025-01-31,314,131494.8
2025-01-31,315,199772.55
2025-01-31,316,114647.83
2025-01-31,317,98826.13
2025-01-31,318,73967.73
2025-01-31,319,131831.11
2025-01-31,320,63024.61
2025-01-31,321,283876.57
2025-01-31,322,59945.87
2025-01-31,323,259268.8
2025-01-31,324,255278.91
2025-01-31,325,138075.52
2025-01-31,326,266021.93
2025-01-31,327,153234.46
2025-01-31,328,65221.55
2025-01-31,329,269245.78
2025-01-31,330,99285.77
2025-01-31,331,42417.96
2025-01-31,332,113459.94
2025-01-31,333,199491.59
2025-01-31,334,144428.14
2025-01-31,335,56313.36
2025-01-31,336,343801.34
2025-01-31,337,198792.5
2025-01-31,338,54580.39
2025-01-31,339,95868.02
2025-01-31,340,267298.81
2025-01-31,341,73464.97
2025-01-31,342,209544.71
2025-01-31,343,206623.44
2025-01-31,344,72592.83
2025-01-31,345,136922.83
2025-01-31,346,288588.83
2025-01-31,347,167354.3
2025-01-31,348,52127.66
2025-01-31,349,121728.72
2025-01-31,350,129458.92
2025-01-31,351,318964.16
2025-01-31,352,192958.9
2025-01-31,353,75737.52
2025-01-31,354,162741.26
2025-01-31,355,154243.38
2025-01-31,356,160335.55
2025-01-31,357,100812.19
2025-01-31,358,83327.5
2025-01-31,359,102935.12
2025-01-31,360,80033.18
2025-01-31,361,182445.09
2025-01-31,362,73931.44
2025-01-31,363,53390.9
2025-01-31,364,259936.69
2025-01-31,365,399415.06
2025-01-31,366,92896.22
2025-01-31,367,234237.11
2025-01-31,368,141341.17
2025-01-31,369,196216.2
2025-01-31,370,133011.46
2025-01-31,371,191005.85
2025-01-31,372,155340.33
2025-01-31,373,90446.16
2025-01-31,374,263337.12
2025-01-31,375,162402.77
2025-01-31,376,64368.73
2025-01-31,377,488811.6
2025-01-31,378,68129.59
2025-01-31,379,190659.87
2025-01-31,380,68448.21
2025-01-31,381,55804.05
2025-01-31,382,201207.3
2025-01-31,383,91623.65
2025-01-31,384,138504.06
2025-01-31,385,63507.1
2025-01-31,386,76593.98
2025-01-31,387,291778.38
2025-01-31,388,173137.85
2025-01-31,389,331319.19
2025-01-31,390,257770.32
2025-01-31,391,516929.78
2025-01-31,392,155323.74
2025-01-31,393,321750.12
2025-01-31,394,295342.0
2025-01-31,395,180116.01
2025-01-31,396,119498.19
2025-01-31,397,194254.11
2025-01-31,398,541526.3
2025-01-31,399,105826.14
2025-01-31,400,242941.84
2025-01-31,401,168969.93
2025-01-31,402,119501.68
2025-01-31,403,146319.5
2025-01-31,404,159625.5
2025-01-31,405,287668.84
2025-01-31,406,121356.41
2025-01-31,407,69947.85
2025-01-31,408,131704.73
2025-01-31,409,92736.49
2025-01-31,410,210041.26
2025-01-31,411,111497.68
2025-01-31,412,334813.64
2025-01-31,413,109215.1
2025-01-31,414,562904.84
2025-01-31,415,119896.65
2025-01-31,416,170496.89
2025-01-31,417,53410.85
2025-01-31,418,424857.28
2025-01-31,419,159416.27
2025-01-31,420,142566.72
2025-01-31,421,44215.66
2025-01-31,422,55897.09
2025-01-31,423,44594.86
2025-01-31,424,378840.62
2025-01-31,425,257856.69
2025-01-31,426,192725.91
2025-01-31,427,138929.86
2025-01-31,428,88433.58
2025-01-31,429,147854.49
2025-01-31,430,333002.19
2025-01-31,431,205765.09
2025-01-31,432,174904.82
2025-01-31,433,83186.01
2025-01-31,434,124396.66
2025-01-31,435,18843.14
2025-01-31,436,370465.11
2025-01-31,437,188999.15
2025-01-31,438,52575.89
2025-01-31,439,137607.66
2025-01-31,440,208381.11
2025-01-31,441,227002.77
2025-01-31,442,262195.37
2025-01-31,443,383165.09
2025-01-31,444,62242.39
2025-01-31,445,368127.69
2025-01-31,446,360292.59
2025-01-31,447,124976.53
2025-01-31,448,76556.79
2025-01-31,449,392963.65
2025-01-31,450,79265.48
2025-01-31,451,128356.82
2025-01-31,452,215886.82
2025-01-31,453,65509.94
2025-01-31,454,72381.4
2025-01-31,455,75834.07
2025-01-31,456,130197.76
2025-01-31,457,45324.3
2025-01-31,458,359458.71
2025-01-31,459,299612.53
2025-01-31,460,96088.11
2025-01-31,461,105059.79
2025-01-31,462,25388.03
2025-01-31,463,444148.59
2025-01-31,464,51285.85
2025-01-31,465,75945.81
2025-01-31,466,308277.69
2025-01-31,467,148090.01
2025-01-31,468,44130.02
2025-01-31,469,360219.08
2025-01-31,470,61857.22
2025-01-31,471,275865.06
2025-01-31,472,77189.14
2025-01-31,473,93767.23
2025-01-31,474,155769.22
2025-01-31,475,93229.19
2025-01-31,476,73418.48
2025-01-31,477,350368.77
2025-01-31,478,99288.13
2025-01-31,479,131321.33
2025-01-31,480,120102.58
2025-01-31,481,88755.33
2025-01-31,482,262042.89
2025-01-31,483,435874.68
2025-01-31,484,38499.69
2025-01-31,485,162320.37
2025-01-31,486,34904.74
2025-01-31,487,52437.42
2025-01-31,488,48637.65
2025-01-31,489,278736.45
2025-01-31,490,63123.58
2025-01-31,491,175463.1
2025-01-31,492,46173.61
2025-01-31,493,58672.4
2025-01-31,494,163956.63
2025-01-31,495,160649.85
2025-01-31,496,168361.17
2025-01-31,497,522867.93
2025-01-31,498,88471.23
2025-01-31,499,478689.72
2025-01-31,500,132325.29
2025-01-31,501,181062.35
2025-01-31,502,284743.86
2025-01-31,503,72801.58
2025-01-31,504,121658.55
2025-01-31,505,136225.49
2025-01-31,506,209577.43
2025-01-31,507,124904.59
2025-01-31,508,98165.91
2025-01-31,509,147809.74
2025-01-31,510,71743.81
2025-01-31,511,88427.42
2025-01-31,512,114309.7
2025-01-31,513,346874.92
2025-01-31,514,154180.15
2025-01-31,515,123267.0
2025-01-31,516,312176.84
2025-01-31,517,109629.71
2025-01-31,518,526013.9
2025-01-31,519,189601.28
2025-01-31,520,228756.89
2025-01-31,521,67469.31
2025-01-31,522,30068.01
2025-01-31,523,65262.76
2025-01-31,524,99451.25
2025-01-31,525,151952.67
2025-01-31,526,76544.57
2025-01-31,527,136029.13
2025-01-31,528,176966.86
2025-01-31,529,471353.08
2025-01-31,530,52411.47
2025-01-31,531,259075.92
2025-01-31,532,216030.61
2025-01-31,533,89471.14
2025-01-31,534,153896.33
2025-01-31,535,37601.87
2025-01-31,536,133965.93
2025-01-31,537,37153.45
2025-01-31,538,103869.07
2025-01-31,539,128525.58
2025-01-31,540,236574.69
2025-01-31,541,92739.61
2025-01-31,542,209910.08
2025-01-31,543,297105.43
2025-01-31,544,245144.15
2025-01-31,545,274806.98
2025-01-31,546,232651.94
2025-01-31,547,44351.07
2025-01-31,548,55469.59
2025-01-31,549,85190.54
2025-01-31,550,184040.28
2025-01-31,551,106423.94
2025-01-31,552,62649.71
2025-01-31,553,82547.7
2025-01-31,554,90542.7
2025-01-31,555,117956.22
2025-01-31,556,351204.0
2025-01-31,557,51279.18
2025-01-31,558,45021.49
2025-01-31,559,90772.16
2025-01-31,560,53973.9
2025-01-31,561,277106.08
2025-01-31,562,218625.93
2025-01-31,563,121892.9
2025-01-31,564,164239.55
2025-01-31,565,62790.04
2025-01-31,566,117869.65
2025-01-31,567,237186.19
2025-01-31,568,140420.41
2025-01-31,569,191660.6
2025-01-31,570,33536.09
2025-01-31,571,195286.02
2025-01-31,572,138794.41
2025-01-31,573,140434.53
2025-01-31,574,144474.33
2025-01-31,575,85976.51
2025-01-31,576,80974.83
2025-01-31,577,145235.95
2025-01-31,578,235194.58
2025-01-31,579,251923.29
2025-01-31,580,73383.12
2025-01-31,581,320218.66
2025-01-31,582,291455.2
2025-01-31,583,214290.93
2025-01-31,584,86342.01
2025-01-31,585,30241.3
2025-01-31,586,99736.96
2025-01-31,587,341772.42
2025-01-31,588,86733.64
2025-01-31,589,271082.52
2025-01-31,590,53364.92
2025-01-31,591,107109.46
2025-01-31,592,100916.42
2025-01-31,593,149148.69
2025-01-31,594,335698.17
2025-01-31,595,110982.08
2025-01-31,596,76366.91
2025-01-31,597,73731.34
2025-01-31,598,286262.31
2025-01-31,599,63310.52
2025-01-31,600,146282.97
2025-01-31,601,103134.44
2025-01-31,602,740774.82
2025-01-31,603,207691.97
2025-01-31,604,66665.59
2025-01-31,605,158824.92
2025-01-31,606,111302.29
2025-01-31,607,574325.45
2025-01-31,608,94027.23
2025-01-31,609,112594.78
2025-01-31,610,139062.82
2025-01-31,611,68614.51
2025-01-31,612,205308.44
2025-01-31,613,159010.09
2025-01-31,614,207052.44
2025-01-31,615,118205.84
2025-01-31,616,40115.87
2025-01-31,617,155552.0
2025-01-31,618,258814.14
2025-01-31,619,289908.76
2025-01-31,620,75197.53
2025-01-31,621,246575.55
2025-01-31,622,43243.33
2025-01-31,623,154918.08
2025-01-31,624,235921.15
2025-01-31,625,286418.95
2025-01-31,626,90031.2
2025-01-31,627,212274.75
2025-01-31,628,205123.62
2025-01-31,629,87369.77
2025-01-31,630,122908.5
2025-01-31,631,52849.96
2025-01-31,632,127030.68
2025-01-31,633,166072.21
2025-01-31,634,111842.74
2025-01-31,635,121720.98
2025-01-31,636,111655.34
2025-01-31,637,1027170.58
2025-01-31,638,92380.07
2025-01-31,639,99081.57
2025-01-31,640,218334.09
2025-01-31,641,78803.94
2025-01-31,642,164329.7
2025-01-31,643,94921.19
2025-01-31,644,178560.3
2025-01-31,645,507411.38
2025-01-31,646,115112.22
2025-01-31,647,100644.62
2025-01-31,648,200096.01
2025-01-31,649,144756.02
2025-01-31,650,196768.57
2025-01-31,651,108201.2
2025-01-31,652,134377.86
2025-01-31,653,42627.5
2025-01-31,654,632059.65
2025-01-31,655,205842.71
2025-01-31,656,116490.93
2025-01-31,657,110506.4
2025-01-31,658,162235.53
2025-01-31,659,229614.38
2025-01-31,660,132981.58
2025-01-31,661,54000.43
2025-01-31,662,63329.2
2025-01-31,663,100704.97
2025-01-31,664,105509.59
2025-01-31,665,93410.03
2025-01-31,666,185637.36
2025-01-31,667,65393.1
2025-01-31,668,126857.77
2025-01-31,669,13663.53
2025-01-31,670,224527.3
2025-01-31,671,42715.21
2025-01-31,672,142409.62
2025-01-31,673,109027.84
2025-01-31,674,164183.71
2025-01-31,675,123126.63
2025-01-31,676,428443.34
2025-01-31,677,103071.41
2025-01-31,678,109106.92
2025-01-31,679,24786.72
2025-01-31,680,133618.15
2025-01-31,681,38580.77
2025-01-31,682,119770.89
2025-01-31,683,37877.74
2025-01-31,684,84911.89
2025-01-31,685,152487.1
2025-01-31,686,122653.33
2025-01-31,687,122579.51
2025-01-31,688,107046.02
2025-01-31,689,136343.67
2025-01-31,690,153019.79
2025-01-31,691,167315.41
2025-01-31,692,57092.86
2025-01-31,693,61909.78
2025-01-31,694,83269.69
2025-01-31,695,417267.76
2025-01-31,696,43868.61
2025-01-31,697,172655.54
2025-01-31,698,56149.09
2025-01-31,699,187425.23
2025-01-31,700,79878.46
2025-01-31,701,41404.84
2025-01-31,702,63886.94
2025-01-31,703,88894.34
2025-01-31,704,96941.34
2025-01-31,705,80449.94
2025-01-31,706,458059.44
2025-01-31,707,120839.02
2025-01-31,708,269252.9
2025-01-31,709,42503.56
2025-01-31,710,201583.9
2025-01-31,711,113204.77
2025-01-31,712,119060.15
2025-01-31,713,138369.07
2025-01-31,714,824850.57
2025-01-31,715,246036.77
2025-01-31,716,118535.87
2025-01-31,717,159902.77
2025-01-31,718,371392.49
2025-01-31,719,83259.31
2025-01-31,720,87033.88
2025-01-31,721,44939.0
2025-01-31,722,171547.76
2025-01-31,723,315803.03
2025-01-31,724,60258.62
2025-01-31,725,176584.72
2025-01-31,726,184182.36
2025-01-31,727,84580.13
2025-01-31,728,70777.99
2025-01-31,729,205801.18
2025-01-31,730,205465.5
2025-01-31,731,107959.32
2025-01-31,732,114286.44
2025-01-31,733,279936.22
2025-01-31,734,120989.58
2025-01-31,735,124906.73
2025-01-31,736,520319.95
2025-01-31,737,63469.44
2025-01-31,738,176897.71
2025-01-31,739,66184.34
2025-01-31,740,189255.37
2025-01-31,741,328093.81
2025-01-31,742,117153.16
2025-01-31,743,61341.11
2025-01-31,744,82738.31
2025-01-31,745,104078.66
2025-01-31,746,198501.22
2025-01-31,747,158353.75
2025-01-31,748,48279.89
2025-01-31,749,122468.92
2025-01-31,750,101078.22
2025-01-31,751,185580.9
2025-01-31,752,122478.27
2025-01-31,753,36876.42
2025-01-31,754,99120.09
2025-01-31,755,94854.11
2025-01-31,756,136110.09
2025-01-31,757,420278.52
2025-01-31,758,397796.4
2025-01-31,759,88824.81
2025-01-31,760,240295.36
2025-01-31,761,107349.76
2025-01-31,762,93258.6
2025-01-31,763,128022.19
2025-01-31,764,77668.63
2025-01-31,765,78621.7
2025-01-31,766,133326.54
2025-01-31,767,101784.71
2025-01-31,768,51172.21
2025-01-31,769,202759.59
2025-01-31,770,178950.46
2025-01-31,771,276944.54
2025-01-31,772,134050.79
2025-01-31,773,118253.24
2025-01-31,774,42179.23
2025-01-31,775,168694.61
2025-01-31,776,198054.68
2025-01-31,777,543242.12
2025-01-31,778,54272.05
2025-01-31,779,221703.57
2025-01-31,780,356729.79
2025-01-31,781,41751.33
2025-01-31,782,143593.68
2025-01-31,783,86874.11
2025-01-31,784,88685.39
2025-01-31,785,23964.58
2025-01-31,786,218235.05
2025-01-31,787,253428.9
2025-01-31,788,293704.4
2025-01-31,789,44033.27
2025-01-31,790,142549.82
2025-01-31,791,119790.56
2025-01-31,792,66402.37
2025-01-31,793,307290.31
2025-01-31,794,106056.95
2025-01-31,795,133966.08
2025-01-31,796,510943.45
2025-01-31,797,37982.48
2025-01-31,798,202700.01
2025-01-31,799,511285.97
2025-01-31,800,160273.45
2025-01-31,801,309401.27
2025-01-31,802,26941.98
2025-01-31,803,181828.57
2025-01-31,804,122054.76
2025-01-31,805,136314.94
2025-01-31,806,129132.76
2025-01-31,807,34334.56
2025-01-31,808,166304.39
2025-01-31,809,80717.07
2025-01-31,810,131213.73
2025-01-31,811,115358.29
2025-01-31,812,98861.67
2025-01-31,813,38688.98
2025-01-31,814,476400.07
2025-01-31,815,202203.48
2025-01-31,816,388760.57
2025-01-31,817,103828.64
2025-01-31,818,164330.83
2025-01-31,819,111792.85
2025-01-31,820,187436.21
2025-01-31,821,112002.15
2025-01-31,822,234413.24
2025-01-31,823,250058.22
2025-01-31,824,216793.51
2025-01-31,825,219429.85
2025-01-31,826,264678.83
2025-01-31,827,245975.84
2025-01-31,828,97648.45
2025-01-31,829,403122.0
2025-01-31,830,141145.84
2025-01-31,831,211879.88
2025-01-31,832,68445.98
2025-01-31,833,438461.07
2025-01-31,834,205053.65
2025-01-31,835,106258.39
2025-01-31,836,374993.47
2025-01-31,837,149353.49
2025-01-31,838,327534.7
2025-01-31,839,179439.85
2025-01-31,840,51631.43
2025-01-31,841,442527.73
2025-01-31,842,87265.61
2025-01-31,843,69793.88
2025-01-31,844,64441.2
2025-01-31,845,258998.12
2025-01-31,846,200379.93
2025-01-31,847,102706.89
2025-01-31,848,99596.4
2025-01-31,849,80337.02
2025-01-31,850,111842.92
2025-01-31,851,48586.03
2025-01-31,852,658001.26
2025-01-31,853,64264.8
2025-01-31,854,67014.04
2025-01-31,855,140554.09
2025-01-31,856,73372.47
2025-01-31,857,44722.27
2025-01-31,858,125754.06
2025-01-31,859,225075.33
2025-01-31,860,19108.38
2025-01-31,861,178090.13
2025-01-31,862,102746.96
2025-01-31,863,187351.39
2025-01-31,864,996671.21
2025-01-31,865,25427.4
2025-01-31,866,84808.15
2025-01-31,867,125042.57
2025-01-31,868,158603.02
2025-01-31,869,123564.07
2025-01-31,870,53630.69
2025-01-31,871,64442.99
2025-01-31,872,102290.47
2025-01-31,873,67211.83
2025-01-31,874,70253.44
2025-01-31,875,90847.9
2025-01-31,876,382439.42
2025-01-31,877,244914.28
2025-01-31,878,79564.68
2025-01-31,879,122498.0
2025-01-31,880,41741.13
2025-01-31,881,119049.23
2025-01-31,882,268012.21
2025-01-31,883,260136.39
2025-01-31,884,403483.72
2025-01-31,885,172187.38
2025-01-31,886,45177.81
2025-01-31,887,59592.45
2025-01-31,888,94964.28
2025-01-31,889,369693.86
2025-01-31,890,171864.27
2025-01-31,891,136232.23
2025-01-31,892,278007.76
2025-01-31,893,252009.92
2025-01-31,894,174270.75
2025-01-31,895,170059.73
2025-01-31,896,401605.04
2025-01-31,897,247465.46
2025-01-31,898,96288.96
2025-01-31,899,158211.14
2025-01-31,900,145134.04
2025-01-31,901,103740.68
2025-01-31,902,328638.66
2025-01-31,903,396455.6
2025-01-31,904,100370.07
2025-01-31,905,259471.3
2025-01-31,906,135119.75
2025-01-31,907,111685.67
2025-01-31,908,86098.9
2025-01-31,909,46671.19
2025-01-31,910,139353.74
2025-01-31,911,49414.25
2025-01-31,912,262801.71
2025-01-31,913,590804.53
2025-01-31,914,92041.07
2025-01-31,915,114542.7
2025-01-31,916,108241.0
2025-01-31,917,167027.8
2025-01-31,918,131022.27
2025-01-31,919,87338.04
2025-01-31,920,200071.76
2025-01-31,921,99938.04
2025-01-31,922,91997.47
2025-01-31,923,132423.79
2025-01-31,924,77613.3
2025-01-31,925,164145.46
2025-01-31,926,143639.71
2025-01-31,927,127186.6
2025-01-31,928,248913.89
2025-01-31,929,321850.63
2025-01-31,930,297108.51
2025-01-31,931,158275.63
2025-01-31,932,191566.94
2025-01-31,933,66007.56
2025-01-31,934,79340.41
2025-01-31,935,266306.45
2025-01-31,936,231988.67
2025-01-31,937,84553.81
2025-01-31,938,118818.68
2025-01-31,939,34212.64
2025-01-31,940,201820.08
2025-01-31,941,123406.76
2025-01-31,942,132885.82
2025-01-31,943,150785.54
2025-01-31,944,152471.87
2025-01-31,945,116197.31
2025-01-31,946,138590.26
2025-01-31,947,809839.89
2025-01-31,948,167923.17
2025-01-31,949,56343.81
2025-01-31,950,248788.58
2025-01-31,951,339553.84
2025-01-31,952,106543.9
2025-01-31,953,44976.09
2025-01-31,954,291448.23
2025-01-31,955,159456.81
2025-01-31,956,150806.33
2025-01-31,957,203199.48
2025-01-31,958,185151.83
2025-01-31,959,312130.11
2025-01-31,960,258791.88
2025-01-31,961,252053.5
2025-01-31,962,121740.51
2025-01-31,963,79351.87
2025-01-31,964,119212.48
2025-01-31,965,219981.5
2025-01-31,966,266372.23
2025-01-31,967,167603.08
2025-01-31,968,250327.94
2025-01-31,969,300316.56
2025-01-31,970,162031.73
2025-01-31,971,113236.19
2025-01-31,972,163926.22
2025-01-31,973,70835.69
2025-01-31,974,163840.4
2025-01-31,975,32121.99
2025-01-31,976,347670.81
2025-01-31,977,203072.78
2025-01-31,978,167222.68
2025-01-31,979,45713.33
2025-01-31,980,121514.98
2025-01-31,981,94202.58
2025-01-31,982,86514.34
2025-01-31,983,152861.23
2025-01-31,984,90789.23
2025-01-31,985,39811.47
2025-01-31,986,64614.57
2025-01-31,987,110319.11
2025-01-31,988,138369.19
2025-01-31,989,79511.12
2025-01-31,990,221982.97
2025-01-31,991,221110.46
2025-01-31,992,122807.91
2025-01-31,993,120253.14
2025-01-31,994,123406.31
2025-01-31,995,43467.41
2025-01-31,996,754039.84
2025-01-31,997,488208.69
2025-01-31,998,190815.53
2025-01-31,999,135168.56
2025-01-31,1000,86549.38
2025-01-31,1001,104750.82
2025-01-31,1002,275776.91
2025-01-31,1003,139256.17
2025-01-31,1004,119146.88
2025-01-31,1005,51270.86
2025-01-31,1006,34903.36
2025-01-31,1007,47166.93
2025-01-31,1008,215084.21
2025-01-31,1009,195834.01
2025-01-31,1010,130311.59
2025-01-31,1011,95688.33
2025-01-31,1012,357.39
2025-01-31,1013,102594.75
2025-01-31,1014,74631.08
2025-01-31,1015,110653.42
2025-01-31,1016,375350.91
2025-01-31,1017,169582.18
2025-01-31,1018,95037.79
2025-01-31,1019,123844.37
2025-01-31,1020,109332.22
2025-01-31,1021,162898.67
2025-01-31,1022,393061.87
2025-01-31,1023,127076.53
2025-01-31,1024,53157.54
2025-01-31,1025,108179.74
2025-01-31,1026,88597.9
2025-01-31,1027,70772.77
2025-01-31,1028,233553.7
2025-01-31,1029,202134.63
2025-01-31,1030,93463.14
2025-01-31,1031,238118.85
2025-01-31,1032,327018.95
2025-01-31,1033,107297.23
2025-01-31,1034,318386.72
2025-01-31,1035,80945.08
2025-01-31,1036,241586.09
2025-01-31,1037,131570.32
2025-01-31,1038,391830.98
2025-01-31,1039,138872.1
2025-01-31,1040,109309.66
2025-01-31,1041,124477.37
2025-01-31,1042,87369.76
2025-01-31,1043,148075.68
2025-01-31,1044,201585.13
2025-01-31,1045,105881.08
2025-01-31,1046,419845.44
2025-01-31,1047,111932.67
2025-01-31,1048,224403.0
2025-01-31,1049,506794.09
2025-01-31,1050,76270.62
2025-01-31,1051,91184.99
2025-01-31,1052,658574.41
2025-01-31,1053,90976.75
2025-01-31,1054,370956.37
2025-01-31,1055,96779.23
2025-01-31,1056,156607.77
2025-01-31,1057,189543.57
2025-01-31,1058,172570.42
2025-01-31,1059,101826.8
2025-01-31,1060,163548.96
2025-01-31,1061,266544.93
2025-01-31,1062,358228.08
2025-01-31,1063,85377.97
2025-01-31,1064,146190.24
2025-01-31,1065,117426.37
2025-01-31,1066,290606.19
2025-01-31,1067,357053.4
2025-01-31,1068,144809.21
2025-01-31,1069,292295.17
2025-01-31,1070,161975.35
2025-01-31,1071,172697.38
2025-01-31,1072,87094.21
2025-01-31,1073,260379.69
2025-01-31,1074,470813.04
2025-01-31,1075,171182.02
2025-01-31,1076,38571.77
2025-01-31,1077,85729.09
2025-01-31,1078,208316.49
2025-01-31,1079,129016.13
2025-01-31,1080,203448.83
2025-01-31,1081,403546.1
2025-01-31,1082,182160.95
2025-01-31,1083,94604.02
2025-01-31,1084,81501.91
2025-01-31,1085,114001.29
2025-01-31,1086,170397.21
2025-01-31,1087,327827.46
2025-01-31,1088,199052.71
2025-01-31,1089,164316.17
2025-01-31,1090,150430.58
2025-01-31,1091,94067.78
2025-01-31,1092,45385.08
2025-01-31,1093,109922.62
2025-01-31,1094,449282.65
2025-01-31,1095,81421.5
2025-01-31,1096,47030.37
2025-01-31,1097,76342.25
2025-01-31,1098,163979.32
2025-01-31,1099,91715.69
2025-01-31,1100,141016.15
2025-01-31,1101,54301.43
2025-01-31,1102,238359.76
2025-01-31,1103,67912.31
2025-01-31,1104,73149.79
2025-01-31,1105,247247.76
2025-01-31,1106,151386.88
2025-01-31,1107,76597.32
2025-01-31,1108,389565.03
2025-01-31,1109,131777.68
2025-01-31,1110,110224.3
2025-01-31,1111,129857.35
2025-01-31,1112,76310.29
2025-01-31,1113,106312.13
2025-01-31,1114,484182.15
2025-01-31,1115,185656.81
2025-01-31,1116,104756.55
2025-01-31,1117,121152.89
2025-01-31,1118,285553.32
2025-01-31,1119,293042.85
2025-01-31,1120,100546.93
2025-01-31,1121,192347.24
2025-01-31,1122,73713.27
2025-01-31,1123,175076.14
2025-01-31,1124,206312.88
2025-01-31,1125,175028.02
2025-01-31,1126,41218.68
2025-01-31,1127,145186.44
2025-01-31,1128,267742.39
2025-01-31,1129,120781.48
2025-01-31,1130,145606.57
2025-01-31,1131,175534.96
2025-01-31,1132,83027.31
2025-01-31,1133,56245.48
2025-01-31,1134,148416.48
2025-01-31,1135,121159.93
2025-01-31,1136,251494.4
2025-01-31,1137,75832.36
2025-01-31,1138,73642.52
2025-01-31,1139,247040.06
2025-01-31,1140,62755.44
2025-01-31,1141,131460.93
2025-01-31,1142,418729.32
2025-01-31,1143,314362.94
2025-01-31,1144,148691.99
2025-01-31,1145,87698.6
2025-01-31,1146,56500.12
2025-01-31,1147,99148.69
2025-01-31,1148,131366.19
2025-01-31,1149,198455.93
2025-01-31,1150,102642.79
2025-01-31,1151,719120.92
2025-01-31,1152,124856.29
2025-01-31,1153,60202.91
2025-01-31,1154,94142.47
2025-01-31,1155,78673.03
2025-01-31,1156,47641.49
2025-01-31,1157,332884.04
2025-01-31,1158,129335.29
2025-01-31,1159,124273.82
2025-01-31,1160,77223.48
2025-01-31,1161,52159.05
2025-01-31,1162,257632.96
2025-01-31,1163,96567.98
2025-01-31,1164,153128.71
2025-01-31,1165,326785.8
2025-01-31,1166,73748.49
2025-01-31,1167,136330.02
2025-01-31,1168,211176.22
2025-01-31,1169,27173.97
2025-01-31,1170,98350.73
2025-01-31,1171,114855.6
2025-01-31,1172,78849.44
2025-01-31,1173,365705.32
2025-01-31,1174,162289.05
2025-01-31,1175,118339.0
2025-01-31,1176,84788.05
2025-01-31,1177,73749.63
2025-01-31,1178,690211.65
2025-01-31,1179,64965.14
2025-01-31,1180,296842.83
2025-01-31,1181,238742.32
2025-01-31,1182,369204.74
2025-01-31,1183,216852.89
2025-01-31,1184,61748.16
2025-01-31,1185,28426.5
2025-01-31,1186,144082.35
2025-01-31,1187,97688.65
2025-01-31,1188,117371.24
2025-01-31,1189,76772.12
2025-01-31,1190,150972.72
2025-01-31,1191,244277.04
2025-01-31,1192,149826.13
2025-01-31,1193,125811.87
2025-01-31,1194,188304.31
2025-01-31,1195,244423.1
2025-01-31,1196,76000.13
2025-01-31,1197,204022.49
2025-01-31,1198,75724.07
2025-01-31,1199,157616.04
2025-01-31,1200,90891.43
2025-01-31,1201,111525.19
2025-01-31,1202,334173.47
2025-01-31,1203,117954.54
2025-01-31,1204,149648.31
2025-01-31,1205,103433.28
2025-01-31,1206,80059.58
2025-01-31,1207,82904.94
2025-01-31,1208,143393.96
2025-01-31,1209,153084.73
2025-01-31,1210,112432.75
2025-01-31,1211,59850.94
2025-01-31,1212,434784.74
2025-01-31,1213,34348.2
2025-01-31,1214,157915.54
2025-01-31,1215,288964.7
2025-01-31,1216,114952.95
2025-01-31,1217,16858.43
2025-01-31,1218,49413.52
2025-01-31,1219,169474.45
2025-01-31,1220,433326.49
2025-01-31,1221,218071.72
2025-01-31,1222,111326.59
2025-01-31,1223,117315.83
2025-01-31,1224,212935.34
2025-01-31,1225,96994.13
2025-01-31,1226,51881.3
2025-01-31,1227,58755.03
2025-01-31,1228,139465.09
2025-01-31,1229,118302.8
2025-01-31,1230,215064.15
2025-01-31,1231,635053.51
2025-01-31,1232,119705.59
2025-01-31,1233,223359.16
2025-01-31,1234,137889.24
2025-01-31,1235,424749.51
2025-01-31,1236,171449.67
2025-01-31,1237,284072.4
2025-01-31,1238,39996.73
2025-01-31,1239,217487.34
2025-01-31,1240,106157.24
2025-01-31,1241,69800.73
2025-01-31,1242,147397.31
2025-01-31,1243,191566.54
2025-01-31,1244,214583.14
2025-01-31,1245,61091.96
2025-01-31,1246,169829.41
2025-01-31,1247,114844.81
2025-01-31,1248,196581.26
2025-01-31,1249,258332.52
2025-01-31,1250,297461.42
2025-01-31,1251,112863.78
2025-01-31,1252,235181.38
2025-01-31,1253,147911.16
2025-01-31,1254,69025.81
2025-01-31,1255,36443.03
2025-01-31,1256,140494.78
2025-01-31,1257,36178.54
2025-01-31,1258,45686.46
2025-01-31,1259,209256.91
2025-01-31,1260,128015.29
2025-01-31,1261,246095.78
2025-01-31,1262,150566.83
2025-01-31,1263,328903.57
2025-01-31,1264,38323.12
2025-01-31,1265,354128.69
2025-01-31,1266,266784.11
2025-01-31,1267,108324.07
2025-01-31,1268,144310.57
2025-01-31,1269,61973.85
2025-01-31,1270,50486.56
2025-01-31,1271,134341.66
2025-01-31,1272,163009.41
2025-01-31,1273,205768.69
2025-01-31,1274,259479.52
2025-01-31,1275,123771.39
2025-01-31,1276,64978.84
2025-01-31,1277,91702.46
2025-01-31,1278,701341.48
2025-01-31,1279,317081.81
2025-01-31,1280,307129.57
2025-01-31,1281,241035.77
2025-01-31,1282,135818.67
2025-01-31,1283,115815.35
2025-01-31,1284,117766.62
2025-01-31,1285,177570.97
2025-01-31,1286,146627.07
2025-01-31,1287,345220.94
2025-01-31,1288,85954.91
2025-01-31,1289,67504.46
2025-01-31,1290,140029.57
2025-01-31,1291,289402.05
2025-01-31,1292,291592.16
2025-01-31,1293,24065.48
2025-01-31,1294,124722.61
2025-01-31,1295,267750.85
2025-01-31,1296,59267.1
2025-01-31,1297,110430.38
2025-01-31,1298,106369.48
2025-01-31,1299,306360.54
2025-01-31,1300,97097.94
2025-01-31,1301,153355.68
2025-01-31,1302,80958.89
2025-01-31,1303,420813.4
2025-01-31,1304,92176.62
2025-01-31,1305,224446.28
2025-01-31,1306,82913.63
2025-01-31,1307,183016.69
2025-01-31,1308,120340.79
2025-01-31,1309,83438.41
2025-01-31,1310,64910.39
2025-01-31,1311,194690.78
2025-01-31,1312,122120.27
2025-01-31,1313,139800.97
2025-01-31,1314,52288.51
2025-01-31,1315,113782.37
2025-01-31,1316,126898.04
2025-01-31,1317,156083.71
2025-01-31,1318,53814.35
2025-01-31,1319,81169.1
2025-01-31,1320,127646.05
2025-01-31,1321,71432.86
2025-01-31,1322,78530.06
2025-01-31,1323,383559.58
2025-01-31,1324,257664.57
2025-01-31,1325,142738.86
2025-01-31,1326,80152.54
2025-01-31,1327,229751.75
2025-01-31,1328,320526.85
2025-01-31,1329,94877.06
2025-01-31,1330,222206.94
2025-01-31,1331,134128.34
2025-01-31,1332,115160.79
2025-01-31,1333,105303.05
2025-01-31,1334,73138.51
2025-01-31,1335,116680.22
2025-01-31,1336,97713.52
2025-01-31,1337,69395.53
2025-01-31,1338,175422.65
2025-01-31,1339,145589.08
2025-01-31,1340,62760.8
2025-01-31,1341,127872.59
2025-01-31,1342,141655.65
2025-01-31,1343,227978.18
2025-01-31,1344,186946.81
2025-01-31,1345,130698.75
2025-01-31,1346,94832.02
2025-01-31,1347,75377.16
2025-01-31,1348,90902.17
2025-01-31,1349,40628.74
2025-01-31,1350,85481.19
2025-01-31,1351,158246.49
2025-01-31,1352,305675.59
2025-01-31,1353,168182.63
2025-01-31,1354,68513.61
2025-01-31,1355,186191.74
2025-01-31,1356,169746.63
2025-01-31,1357,112398.36
2025-01-31,1358,203895.93
2025-01-31,1359,157302.41
2025-01-31,1360,187750.73
2025-01-31,1361,135121.39
2025-01-31,1362,210074.46
2025-01-31,1363,74736.65
2025-01-31,1364,207334.21
2025-01-31,1365,333922.42
2025-01-31,1366,101446.74
2025-01-31,1367,84655.2
2025-01-31,1368,286883.23
2025-01-31,1369,262778.87
2025-01-31,1370,91087.83
2025-01-31,1371,143499.14
2025-01-31,1372,302795.95
2025-01-31,1373,248319.7
2025-01-31,1374,171493.84
2025-01-31,1375,56218.93
2025-01-31,1376,178602.86
2025-01-31,1377,77398.42
2025-01-31,1378,147670.39
2025-01-31,1379,146912.9
2025-01-31,1380,115113.91
2025-01-31,1381,144891.82
2025-01-31,1382,116863.18
2025-01-31,1383,32813.11
2025-01-31,1384,82270.66
2025-01-31,1385,57908.35
2025-01-31,1386,63327.44
2025-01-31,1387,640559.24
2025-01-31,1388,316467.49
2025-01-31,1389,491297.88
2025-01-31,1390,27385.17
2025-01-31,1391,100934.26
2025-01-31,1392,387370.56
2025-01-31,1393,249600.85
2025-01-31,1394,66434.62
2025-01-31,1395,72471.18
2025-01-31,1396,146803.93
2025-01-31,1397,123679.9
2025-01-31,1398,107314.68
2025-01-31,1399,202729.26
2025-01-31,1400,30098.1
2025-01-31,1401,283905.36
2025-01-31,1402,133844.67
2025-01-31,1403,131114.8
2025-01-31,1404,69037.49
2025-01-31,1405,57831.09
2025-01-31,1406,67427.66
2025-01-31,1407,243374.24
2025-01-31,1408,235854.72
2025-01-31,1409,72724.56
2025-01-31,1410,113345.67
2025-01-31,1411,68066.94
2025-01-31,1412,158806.26
2025-01-31,1413,114949.29
2025-01-31,1414,48778.74
2025-01-31,1415,107841.88
2025-01-31,1416,167724.45
2025-01-31,1417,119949.04
2025-01-31,1418,515886.93
2025-01-31,1419,36394.79
2025-01-31,1420,167142.91
2025-01-31,1421,200056.12
2025-01-31,1422,58698.37
2025-01-31,1423,246033.35
2025-01-31,1424,242647.73
2025-01-31,1425,104717.17
2025-01-31,1426,66148.17
2025-01-31,1427,71269.05
2025-01-31,1428,41662.09
2025-01-31,1429,80588.4
2025-01-31,1430,75180.67
2025-01-31,1431,174823.79
2025-01-31,1432,169858.11
2025-01-31,1433,38083.1
2025-01-31,1434,89587.42
2025-01-31,1435,464190.75
2025-01-31,1436,427302.83
2025-01-31,1437,96141.98
2025-01-31,1438,168074.54
2025-01-31,1439,155361.27
2025-01-31,1440,148202.14
2025-01-31,1441,100040.45
2025-01-31,1442,114751.77
2025-01-31,1443,104433.23
2025-01-31,1444,253090.33
2025-01-31,1445,103126.37
2025-01-31,1446,118110.27
2025-01-31,1447,62467.86
2025-01-31,1448,135054.13
2025-01-31,1449,36551.3
2025-01-31,1450,145017.5
2025-01-31,1451,36998.27
2025-01-31,1452,199960.68
2025-01-31,1453,80375.52
2025-01-31,1454,49594.43
2025-01-31,1455,166580.13
2025-01-31,1456,58016.42
2025-01-31,1457,280824.23
2025-01-31,1458,185078.68
2025-01-31,1459,231635.91
2025-01-31,1460,160103.94
2025-01-31,1461,138199.88
2025-01-31,1462,243150.88
2025-01-31,1463,366807.41
2025-01-31,1464,689616.27
2025-01-31,1465,153549.61
2025-01-31,1466,192051.44
2025-01-31,1467,91422.06
2025-01-31,1468,97657.55
2025-01-31,1469,73975.05
2025-01-31,1470,262379.01
2025-01-31,1471,137708.32
2025-01-31,1472,87735.78
2025-01-31,1473,166186.34
2025-01-31,1474,129376.45
2025-01-31,1475,91031.8
2025-01-31,1476,59531.64
2025-01-31,1477,393413.19
2025-01-31,1478,126139.31
2025-01-31,1479,130547.25
2025-01-31,1480,304829.14
2025-01-31,1481,211177.54
2025-01-31,1482,128777.73
2025-01-31,1483,302806.22
2025-01-31,1484,391546.1
2025-01-31,1485,65219.26
2025-01-31,1486,107092.45
2025-01-31,1487,255845.02
2025-01-31,1488,134543.47
2025-01-31,1489,214712.94
2025-01-31,1490,305444.18
2025-01-31,1491,216485.92
2025-01-31,1492,137027.73
2025-01-31,1493,423750.76
2025-01-31,1494,11465.98
2025-01-31,1495,135008.63
2025-01-31,1496,57536.43
2025-01-31,1497,77383.79
2025-01-31,1498,166366.23
2025-01-31,1499,184431.35
2025-01-31,1500,250568.81
2025-01-31,1501,95445.34
2025-01-31,1502,42709.39
2025-01-31,1503,28761.9
2025-01-31,1504,136105.48
2025-01-31,1505,272361.65
2025-01-31,1506,59872.86
2025-01-31,1507,68995.63
2025-01-31,1508,25018.28
2025-01-31,1509,226665.95
2025-01-31,1510,105801.91
2025-01-31,1511,49677.06
2025-01-31,1512,141406.51
2025-01-31,1513,158394.44
2025-01-31,1514,92918.25
2025-01-31,1515,29451.91
2025-01-31,1516,279340.58
2025-01-31,1517,171173.3
2025-01-31,1518,265149.06
2025-01-31,1519,105781.41
2025-01-31,1520,116190.55
2025-01-31,1521,156396.45
2025-01-31,1522,47609.87
2025-01-31,1523,53190.72
2025-01-31,1524,107792.48
2025-01-31,1525,74204.59
2025-01-31,1526,138671.88
2025-01-31,1527,62431.56
2025-01-31,1528,340427.0
2025-01-31,1529,80691.7
2025-01-31,1530,243071.65
2025-01-31,1531,181824.96
2025-01-31,1532,173444.23
2025-01-31,1533,83870.11
2025-01-31,1534,125200.85
2025-01-31,1535,59031.09
2025-01-31,1536,229171.32
2025-01-31,1537,140589.91
2025-01-31,1538,219285.84
2025-01-31,1539,174008.22
2025-01-31,1540,264930.47
2025-01-31,1541,92967.82
2025-01-31,1542,162443.37
2025-01-31,1543,91634.06
2025-01-31,1544,237775.46
2025-01-31,1545,129666.47
2025-01-31,1546,103773.44
2025-01-31,1547,865103.53
2025-01-31,1548,152411.83
2025-01-31,1549,510158.12
2025-01-31,1550,430626.58
2025-01-31,1551,120062.49
2025-01-31,1552,466633.39
2025-01-31,1553,97069.38
2025-01-31,1554,55487.08
2025-01-31,1555,219587.11
2025-01-31,1556,237252.01
2025-01-31,1557,179443.27
2025-01-31,1558,175488.76
2025-01-31,1559,97711.94
2025-01-31,1560,34652.59
2025-01-31,1561,252633.02
2025-01-31,1562,135255.64
2025-01-31,1563,102912.21
2025-01-31,1564,105100.47
2025-01-31,1565,85473.74
2025-01-31,1566,230498.47
2025-01-31,1567,215009.32
2025-01-31,1568,115728.03
2025-01-31,1569,211650.81
2025-01-31,1570,194490.25
2025-01-31,1571,88781.21
2025-01-31,1572,134344.21
2025-01-31,1573,85605.52
2025-01-31,1574,73952.19
2025-01-31,1575,54535.24
2025-01-31,1576,88929.78
2025-01-31,1577,63341.8
2025-01-31,1578,230893.18
2025-01-31,1579,150793.41
2025-01-31,1580,137022.06
2025-01-31,1581,465206.77
2025-01-31,1582,64992.34
2025-01-31,1583,33312.75
2025-01-31,1584,32211.27
2025-01-31,1585,70087.83
2025-01-31,1586,136902.52
2025-01-31,1587,206031.2
2025-01-31,1588,89527.89
2025-01-31,1589,169533.13
2025-01-31,1590,94260.7
2025-01-31,1591,204834.82
2025-01-31,1592,135846.51
2025-01-31,1593,178020.18
2025-01-31,1594,115223.38
2025-01-31,1595,150303.8
2025-01-31,1596,109233.58
2025-01-31,1597,94001.85
2025-01-31,1598,140070.74
2025-01-31,1599,193796.28
2025-01-31,1600,412209.65
2025-01-31,1601,68340.67
2025-01-31,1602,279910.02
2025-01-31,1603,142038.93
2025-01-31,1604,378864.49
2025-01-31,1605,82175.12
2025-01-31,1606,173875.97
2025-01-31,1607,300110.54
2025-01-31,1608,321220.3
2025-01-31,1609,173141.34
2025-01-31,1610,65298.54
2025-01-31,1611,129721.31
2025-01-31,1612,117098.77
2025-01-31,1613,203893.89
2025-01-31,1614,158526.5
2025-01-31,1615,222767.87
2025-01-31,1616,112643.59
2025-01-31,1617,101191.41
2025-01-31,1618,51197.34
2025-01-31,1619,74713.16
2025-01-31,1620,75295.72
2025-01-31,1621,55555.4
2025-01-31,1622,99733.57
2025-01-31,1623,260400.11
2025-01-31,1624,134328.78
2025-01-31,1625,94033.3
2025-01-31,1626,143275.57
2025-01-31,1627,182734.69
2025-01-31,1628,75452.1
2025-01-31,1629,41984.53
2025-01-31,1630,132174.02
2025-01-31,1631,115654.5
2025-01-31,1632,86882.34
2025-01-31,1633,132422.04
2025-01-31,1634,55386.82
2025-01-31,1635,240865.83
2025-01-31,1636,74932.57
2025-01-31,1637,119947.58
2025-01-31,1638,128326.77
2025-01-31,1639,57935.55
2025-01-31,1640,197374.8
2025-01-31,1641,167998.08
2025-01-31,1642,211555.73
2025-01-31,1643,177590.04
2025-01-31,1644,243519.25
2025-01-31,1645,61476.2
2025-01-31,1646,229090.96
2025-01-31,1647,238219.87
2025-01-31,1648,78851.35
2025-01-31,1649,72920.93
2025-01-31,1650,63509.37
2025-01-31,1651,274670.73
2025-01-31,1652,215700.44
2025-01-31,1653,55960.6
2025-01-31,1654,95855.79
2025-01-31,1655,48478.6
2025-01-31,1656,151463.23
2025-01-31,1657,284763.24
2025-01-31,1658,94724.13
2025-01-31,1659,190540.04
2025-01-31,1660,64379.19
2025-01-31,1661,110108.21
2025-01-31,1662,95708.75
2025-01-31,1663,51657.14
2025-01-31,1664,298093.52
2025-01-31,1665,307721.86
2025-01-31,1666,229091.15
2025-01-31,1667,65047.43
2025-01-31,1668,139012.61
2025-01-31,1669,130040.93
2025-01-31,1670,62659.03
2025-01-31,1671,32088.51
2025-01-31,1672,354366.04
2025-01-31,1673,56422.93
2025-01-31,1674,936844.96
2025-01-31,1675,548933.13
2025-01-31,1676,18704.82
2025-01-31,1677,134386.94
2025-01-31,1678,142215.58
2025-01-31,1679,50153.88
2025-01-31,1680,169880.38
2025-01-31,1681,167170.05
2025-01-31,1682,256242.31
2025-01-31,1683,138620.64
2025-01-31,1684,114929.79
2025-01-31,1685,83720.58
2025-01-31,1686,152281.92
2025-01-31,1687,59045.03
2025-01-31,1688,86009.92
2025-01-31,1689,70167.71
2025-01-31,1690,208589.89
2025-01-31,1691,102661.13
2025-01-31,1692,95987.63
2025-01-31,1693,517200.16
2025-01-31,1694,22136.66
2025-01-31,1695,70484.52
2025-01-31,1696,47581.46
2025-01-31,1697,291808.53
2025-01-31,1698,262409.82
2025-01-31,1699,93081.15
2025-01-31,1700,44197.12
2025-01-31,1701,129581.95
2025-01-31,1702,90395.93
2025-01-31,1703,156094.94
2025-01-31,1704,149276.11
2025-01-31,1705,110099.23
2025-01-31,1706,156582.76
2025-01-31,1707,195398.36
2025-01-31,1708,62362.84
2025-01-31,1709,141947.63
2025-01-31,1710,58722.19
2025-01-31,1711,125004.18
2025-01-31,1712,89116.45
2025-01-31,1713,144027.87
2025-01-31,1714,277163.66
2025-01-31,1715,149354.4
2025-01-31,1716,198135.71
2025-01-31,1717,211933.62
2025-01-31,1718,174623.82
2025-01-31,1719,97702.08
2025-01-31,1720,340110.88
2025-01-31,1721,207970.92
2025-01-31,1722,137895.63
2025-01-31,1723,151729.59
2025-01-31,1724,299943.46
2025-01-31,1725,155685.21
2025-01-31,1726,69921.08
2025-01-31,1727,71742.46
2025-01-31,1728,36283.78
2025-01-31,1729,188741.14
2025-01-31,1730,213423.4
2025-01-31,1731,322503.83
2025-01-31,1732,149697.92
2025-01-31,1733,32751.72
2025-01-31,1734,100593.67
2025-01-31,1735,43151.71
2025-01-31,1736,118642.84
2025-01-31,1737,338757.12
2025-01-31,1738,70612.7
2025-01-31,1739,141352.34
2025-01-31,1740,306898.78
2025-01-31,1741,247648.09
2025-01-31,1742,195441.42
2025-01-31,1743,46094.27
2025-01-31,1744,253590.39
2025-01-31,1745,49426.41
2025-01-31,1746,168732.64
2025-01-31,1747,22551.0
2025-01-31,1748,121819.68
2025-01-31,1749,73838.93
2025-01-31,1750,57963.35
2025-01-31,1751,86897.29
2025-01-31,1752,34355.41
2025-01-31,1753,33779.82
2025-01-31,1754,234418.91
2025-01-31,1755,95953.18
2025-01-31,1756,59077.35
2025-01-31,1757,37745.26
2025-01-31,1758,182836.56
2025-01-31,1759,130624.65
2025-01-31,1760,128811.3
2025-01-31,1761,244945.73
2025-01-31,1762,110602.51
2025-01-31,1763,33358.67
2025-01-31,1764,91565.79
2025-01-31,1765,65785.69
2025-01-31,1766,156695.92
2025-01-31,1767,187614.55
2025-01-31,1768,167749.03
2025-01-31,1769,66310.66
2025-01-31,1770,147773.43
2025-01-31,1771,76321.72
2025-01-31,1772,788664.04
2025-01-31,1773,206349.5
2025-01-31,1774,184674.15
2025-01-31,1775,39309.54
2025-01-31,1776,305205.83
2025-01-31,1777,142268.57
2025-01-31,1778,89227.7
2025-01-31,1779,50551.59
2025-01-31,1780,141689.56
2025-01-31,1781,190917.49
2025-01-31,1782,68147.46
2025-01-31,1783,86067.8
2025-01-31,1784,257969.49
2025-01-31,1785,379395.38
2025-01-31,1786,102086.94
2025-01-31,1787,43893.48
2025-01-31,1788,95510.72
2025-01-31,1789,280364.91
2025-01-31,1790,68685.36
2025-01-31,1791,250454.74
2025-01-31,1792,232916.17
2025-01-31,1793,174162.89
2025-01-31,1794,502054.49
2025-01-31,1795,97067.61
2025-01-31,1796,284648.37
2025-01-31,1797,373817.48
2025-01-31,1798,164061.19
2025-01-31,1799,185817.69
2025-01-31,1800,351369.46
2025-01-31,1801,86559.27
2025-01-31,1802,155912.25
2025-01-31,1803,73330.27
2025-01-31,1804,257826.49
2025-01-31,1805,106297.44
2025-01-31,1806,55393.39
2025-01-31,1807,304180.06
2025-01-31,1808,115561.6
2025-01-31,1809,57564.48
2025-01-31,1810,408061.22
2025-01-31,1811,32022.45
2025-01-31,1812,234010.33
2025-01-31,1813,106680.86
2025-01-31,1814,67055.93
2025-01-31,1815,73862.56
2025-01-31,1816,99592.89
2025-01-31,1817,106553.37
2025-01-31,1818,44167.48
2025-01-31,1819,127500.34
2025-01-31,1820,85809.32
2025-01-31,1821,184964.27
2025-01-31,1822,91474.6
2025-01-31,1823,58168.75
2025-01-31,1824,181743.47
2025-01-31,1825,281430.49
2025-01-31,1826,116404.28
2025-01-31,1827,63501.85
2025-01-31,1828,127448.2
2025-01-31,1829,161590.93
2025-01-31,1830,86242.33
2025-01-31,1831,191046.41
2025-01-31,1832,100637.53
2025-01-31,1833,153371.25
2025-01-31,1834,186190.15
2025-01-31,1835,138084.34
2025-01-31,1836,147685.74
2025-01-31,1837,303561.67
2025-01-31,1838,80473.58
2025-01-31,1839,134353.42
2025-01-31,1840,202421.92
2025-01-31,1841,70385.91
2025-01-31,1842,352186.92
2025-01-31,1843,149258.15
2025-01-31,1844,27903.87
2025-01-31,1845,284641.32
2025-01-31,1846,123641.69
2025-01-31,1847,93043.14
2025-01-31,1848,82632.25
2025-01-31,1849,25003.05
2025-01-31,1850,169639.39
2025-01-31,1851,153070.82
2025-01-31,1852,125793.52
2025-01-31,1853,143304.53
2025-01-31,1854,36743.33
2025-01-31,1855,79316.91
2025-01-31,1856,147745.77
2025-01-31,1857,126545.65
2025-01-31,1858,104975.74
2025-01-31,1859,174811.79
2025-01-31,1860,140059.42
2025-01-31,1861,431659.77
2025-01-31,1862,118986.75
2025-01-31,1863,70765.2
2025-01-31,1864,59514.3
2025-01-31,1865,59767.43
2025-01-31,1866,82853.44
2025-01-31,1867,148167.13
2025-01-31,1868,146807.05
2025-01-31,1869,50534.48
2025-01-31,1870,632942.61
2025-01-31,1871,142502.95
2025-01-31,1872,224416.09
2025-01-31,1873,86909.08
2025-01-31,1874,89598.56
2025-01-31,1875,40448.43
2025-01-31,1876,55843.36
2025-01-31,1877,222483.26
2025-01-31,1878,82433.78
2025-01-31,1879,86410.23
2025-01-31,1880,509768.66
2025-01-31,1881,59543.18
2025-01-31,1882,111061.9
2025-01-31,1883,164302.94
2025-01-31,1884,42048.3
2025-01-31,1885,159816.22
2025-01-31,1886,178393.89
2025-01-31,1887,124430.69
2025-01-31,1888,127520.38
2025-01-31,1889,81290.49
2025-01-31,1890,137050.85
2025-01-31,1891,56465.62
2025-01-31,1892,104248.52
2025-01-31,1893,153749.45
2025-01-31,1894,116350.16
2025-01-31,1895,24490.11
2025-01-31,1896,173151.99
2025-01-31,1897,60617.94
2025-01-31,1898,65892.44
2025-01-31,1899,90961.03
2025-01-31,1900,196392.11
2025-01-31,1901,128692.21
2025-01-31,1902,294261.03
2025-01-31,1903,80962.39
2025-01-31,1904,109568.77
2025-01-31,1905,70720.49
2025-01-31,1906,201584.76
2025-01-31,1907,441211.43
2025-01-31,1908,105007.7
2025-01-31,1909,177703.39
2025-01-31,1910,78937.24
2025-01-31,1911,96321.65
2025-01-31,1912,108604.32
2025-01-31,1913,184973.81
2025-01-31,1914,66549.43
2025-01-31,1915,108556.45
2025-01-31,1916,108308.26
2025-01-31,1917,426885.44
2025-01-31,1918,177345.92
2025-01-31,1919,80058.3
2025-01-31,1920,82542.98
2025-01-31,1921,249779.07
2025-01-31,1922,137399.12
2025-01-31,1923,155866.11
2025-01-31,1924,141968.93
2025-01-31,1925,237029.33
2025-01-31,1926,60233.58
2025-01-31,1927,307208.8
2025-01-31,1928,56062.24
2025-01-31,1929,115186.37
2025-01-31,1930,103033.28
2025-01-31,1931,265907.52
2025-01-31,1932,96851.32
2025-01-31,1933,136729.17
2025-01-31,1934,413507.88
2025-01-31,1935,147773.98
2025-01-31,1936,175243.12
2025-01-31,1937,304155.77
2025-01-31,1938,190646.98
2025-01-31,1939,169416.93
2025-01-31,1940,96236.82
2025-01-31,1941,138063.32
2025-01-31,1942,87782.07
2025-01-31,1943,354160.19
2025-01-31,1944,139479.63
2025-01-31,1945,235127.33
2025-01-31,1946,204312.18
2025-01-31,1947,247275.26
2025-01-31,1948,114314.43
2025-01-31,1949,157081.61
2025-01-31,1950,1241492.0
2025-01-31,1951,187810.65
2025-01-31,1952,174903.0
2025-01-31,1953,231898.77
2025-01-31,1954,300876.37
2025-01-31,1955,69839.86
2025-01-31,1956,267336.6
2025-01-31,1957,125192.17
2025-01-31,1958,82127.7
2025-01-31,1959,56939.27
2025-01-31,1960,172481.14
2025-01-31,1961,304357.79
2025-01-31,1962,59336.64
2025-01-31,1963,161889.7
2025-01-31,1964,226677.22
2025-01-31,1965,48687.46
2025-01-31,1966,232608.66
2025-01-31,1967,53776.11
2025-01-31,1968,99598.78
2025-01-31,1969,166294.7
2025-01-31,1970,89751.63
2025-01-31,1971,60789.0
2025-01-31,1972,63243.29
2025-01-31,1973,172838.1
2025-01-31,1974,423277.98
2025-01-31,1975,219836.7
2025-01-31,1976,109289.94
2025-01-31,1977,114424.58
2025-01-31,1978,173148.25
2025-01-31,1979,84238.29
2025-01-31,1980,142460.15
2025-01-31,1981,56901.34
2025-01-31,1982,102350.59
2025-01-31,1983,100277.36
2025-01-31,1984,113805.17
2025-01-31,1985,99968.18
2025-01-31,1986,256668.87
2025-01-31,1987,194568.87
2025-01-31,1988,439585.28
2025-01-31,1989,49752.53
2025-01-31,1990,75586.98
2025-01-31,1991,120821.2
2025-01-31,1992,35673.13
2025-01-31,1993,289654.27
2025-01-31,1994,102165.94
2025-01-31,1995,37686.05
2025-01-31,1996,156338.05
2025-01-31,1997,282619.9
2025-01-31,1998,256881.46
2025-01-31,1999,18533.99
2025-01-31,2000,73741.25
2025-01-31,2001,208958.9
2025-01-31,2002,234705.76
2025-01-31,2003,243208.76
2025-01-31,2004,63190.3
2025-01-31,2005,241538.56
2025-01-31,2006,69067.63
2025-01-31,2007,87869.2
2025-01-31,2008,169101.99
2025-01-31,2009,100011.35
2025-01-31,2010,58639.71
2025-01-31,2011,178471.22
2025-01-31,2012,362572.1
2025-01-31,2013,200957.65
2025-01-31,2014,306165.45
2025-01-31,2015,157185.37
2025-01-31,2016,28018.09
2025-01-31,2017,184855.25
2025-01-31,2018,52784.02
2025-01-31,2019,13913.44
2025-01-31,2020,69373.26
2025-01-31,2021,174372.54
2025-01-31,2022,143364.28
2025-01-31,2023,127454.75
2025-01-31,2024,383662.01
2025-01-31,2025,118519.96
2025-01-31,2026,136975.64
2025-01-31,2027,165867.17
2025-01-31,2028,31279.5
2025-01-31,2029,54738.91
2025-01-31,2030,40076.65
2025-01-31,2031,269490.75
2025-01-31,2032,45615.11
2025-01-31,2033,86656.7
2025-01-31,2034,84608.59
2025-01-31,2035,279390.82
2025-01-31,2036,149559.84
2025-01-31,2037,64575.26
2025-01-31,2038,85900.33
2025-01-31,2039,196762.43
2025-01-31,2040,581062.88
2025-01-31,2041,32972.25
2025-01-31,2042,187561.21
2025-01-31,2043,231385.35
2025-01-31,2044,48021.27
2025-01-31,2045,171157.84
2025-01-31,2046,108084.96
2025-01-31,2047,211957.42
2025-01-31,2048,254942.31
2025-01-31,2049,105281.41
2025-01-31,2050,44193.27
2025-01-31,2051,66007.06
2025-01-31,2052,63470.26
2025-01-31,2053,178006.38
2025-01-31,2054,241324.9
2025-01-31,2055,163281.91
2025-01-31,2056,38206.94
2025-01-31,2057,80766.76
2025-01-31,2058,20467.48
2025-01-31,2059,217290.81
2025-01-31,2060,229594.35
2025-01-31,2061,105229.81
2025-01-31,2062,142623.02
2025-01-31,2063,148916.3
2025-01-31,2064,372194.66
2025-01-31,2065,190676.04
2025-01-31,2066,125329.67
2025-01-31,2067,48713.59
2025-01-31,2068,66341.09
2025-01-31,2069,129235.08
2025-01-31,2070,111682.32
2025-01-31,2071,94106.84
2025-01-31,2072,125430.03
2025-01-31,2073,153900.73
2025-01-31,2074,311553.64
2025-01-31,2075,79350.96
2025-01-31,2076,68066.77
2025-01-31,2077,156812.3
2025-01-31,2078,263700.44
2025-01-31,2079,140085.45
2025-01-31,2080,41598.4
2025-01-31,2081,76566.51
2025-01-31,2082,163889.63
2025-01-31,2083,42020.9
2025-01-31,2084,104348.36
2025-01-31,2085,54938.71
2025-01-31,2086,185846.95
2025-01-31,2087,280076.31
2025-01-31,2088,60858.93
2025-01-31,2089,303559.84
2025-01-31,2090,70100.03
2025-01-31,2091,340066.99
2025-01-31,2092,321600.66
2025-01-31,2093,186398.88
2025-01-31,2094,115572.86
2025-01-31,2095,171656.18
2025-01-31,2096,285829.46
2025-01-31,2097,130852.49
2025-01-31,2098,122050.78
2025-01-31,2099,150771.05
2025-01-31,2100,117938.57
2025-01-31,2101,186086.79
2025-01-31,2102,124617.67
2025-01-31,2103,34473.48
2025-01-31,2104,177050.76
2025-01-31,2105,109825.88
2025-01-31,2106,726210.23
2025-01-31,2107,105892.14
2025-01-31,2108,100282.92
2025-01-31,2109,175157.38
2025-01-31,2110,41263.64
2025-01-31,2111,162494.24
2025-01-31,2112,73693.09
2025-01-31,2113,445039.62
2025-01-31,2114,238229.66
2025-01-31,2115,49512.37
2025-01-31,2116,118445.21
2025-01-31,2117,91369.62
2025-01-31,2118,144394.97
2025-01-31,2119,109914.12
2025-01-31,2120,65111.24
2025-01-31,2121,79503.47
2025-01-31,2122,182716.05
2025-01-31,2123,103401.52
2025-01-31,2124,92736.94
2025-01-31,2125,48391.4
2025-01-31,2126,21319.97
2025-01-31,2127,83294.52
2025-01-31,2128,40695.55
2025-01-31,2129,278456.1
2025-01-31,2130,140465.43
2025-01-31,2131,223285.11
2025-01-31,2132,78464.66
2025-01-31,2133,129209.89
2025-01-31,2134,354081.37
2025-01-31,2135,89283.57
2025-01-31,2136,99812.9
2025-01-31,2137,336017.97
2025-01-31,2138,246138.84
2025-01-31,2139,371568.9
2025-01-31,2140,83357.05
2025-01-31,2141,120998.07
2025-01-31,2142,164747.86
2025-01-31,2143,115440.54
2025-01-31,2144,153004.94
2025-01-31,2145,205124.69
2025-01-31,2146,64195.63
2025-01-31,2147,166017.15
2025-01-31,2148,48011.03
2025-01-31,2149,142942.52
2025-01-31,2150,262658.06
2025-01-31,2151,142674.61
2025-01-31,2152,137522.0
2025-01-31,2153,291365.73
2025-01-31,2154,236946.9
2025-01-31,2155,138905.41
2025-01-31,2156,419173.77
2025-01-31,2157,46346.27
2025-01-31,2158,155326.82
2025-01-31,2159,82331.85
2025-01-31,2160,48038.04
2025-01-31,2161,73470.91
2025-01-31,2162,107214.91
2025-01-31,2163,98285.33
2025-01-31,2164,250474.77
2025-01-31,2165,311519.1
2025-01-31,2166,159760.24
2025-01-31,2167,69528.41
2025-01-31,2168,108688.89
2025-01-31,2169,241075.18
2025-01-31,2170,51660.74
2025-01-31,2171,152231.19
2025-01-31,2172,142484.89
2025-01-31,2173,449823.39
2025-01-31,2174,87551.63
2025-01-31,2175,111498.58
2025-01-31,2176,179189.82
2025-01-31,2177,44337.72
2025-01-31,2178,139111.33
2025-01-31,2179,101320.5
2025-01-31,2180,323543.27
2025-01-31,2181,270914.34
2025-01-31,2182,101993.56
2025-01-31,2183,131617.42
2025-01-31,2184,60704.61
2025-01-31,2185,145259.01
2025-01-31,2186,217465.73
2025-01-31,2187,62276.36
2025-01-31,2188,302874.52
2025-01-31,2189,71332.56
2025-01-31,2190,141750.88
2025-01-31,2191,402833.05
2025-01-31,2192,207664.01
2025-01-31,2193,213292.22
2025-01-31,2194,87097.28
2025-01-31,2195,125527.75
2025-01-31,2196,125311.44
2025-01-31,2197,54823.1
2025-01-31,2198,97114.16
2025-01-31,2199,167333.0
2025-01-31,2200,79081.18
2025-01-31,2201,144273.84
2025-01-31,2202,113276.24
2025-01-31,2203,22716.7
2025-01-31,2204,232281.65
2025-01-31,2205,110243.49
2025-01-31,2206,73685.88
2025-01-31,2207,262301.04
2025-01-31,2208,332351.2
2025-01-31,2209,358584.02
2025-01-31,2210,279984.45
2025-01-31,2211,200404.01
2025-01-31,2212,46708.53
2025-01-31,2213,48409.04
2025-01-31,2214,319183.42
2025-01-31,2215,221861.14
2025-01-31,2216,168950.99
2025-01-31,2217,148606.59
2025-01-31,2218,80644.61
2025-01-31,2219,72184.25
2025-01-31,2220,147471.41
2025-01-31,2221,119094.54
2025-01-31,2222,124200.03
2025-01-31,2223,392146.36
2025-01-31,2224,212178.46
2025-01-31,2225,114824.05
2025-01-31,2226,46060.55
2025-01-31,2227,259948.67
2025-01-31,2228,211095.75
2025-01-31,2229,368022.99
2025-01-31,2230,260938.09
2025-01-31,2231,436231.16
2025-01-31,2232,224791.07
2025-01-31,2233,186817.06
2025-01-31,2234,49969.61
2025-01-31,2235,85147.26
2025-01-31,2236,51541.53
2025-01-31,2237,144256.71
2025-01-31,2238,250112.54
2025-01-31,2239,104244.5
2025-01-31,2240,134793.76
2025-01-31,2241,191522.49
2025-01-31,2242,148505.65
2025-01-31,2243,494824.51
2025-01-31,2244,361494.95
2025-01-31,2245,304281.77
2025-01-31,2246,255025.37
2025-01-31,2247,121270.18
2025-01-31,2248,121850.04
2025-01-31,2249,81534.58
2025-01-31,2250,54579.61
2025-01-31,2251,116227.1
2025-01-31,2252,114545.85
2025-01-31,2253,229032.73
2025-01-31,2254,74613.2
2025-01-31,2255,182935.6
2025-01-31,2256,81204.13
2025-01-31,2257,130759.19
2025-01-31,2258,208578.73
2025-01-31,2259,87607.87
2025-01-31,2260,151202.25
2025-01-31,2261,302273.36
2025-01-31,2262,37151.97
2025-01-31,2263,405745.26
2025-01-31,2264,142261.9
2025-01-31,2265,41270.24
2025-01-31,2266,177272.98
2025-01-31,2267,84217.5
2025-01-31,2268,171850.48
2025-01-31,2269,62616.37
2025-01-31,2270,242997.14
2025-01-31,2271,253207.71
2025-01-31,2272,52643.54
2025-01-31,2273,223714.25
2025-01-31,2274,133903.2
2025-01-31,2275,90834.5
2025-01-31,2276,380325.18
2025-01-31,2277,168783.11
2025-01-31,2278,200376.39
2025-01-31,2279,158021.44
2025-01-31,2280,301817.11
2025-01-31,2281,120583.92
2025-01-31,2282,80407.79
2025-01-31,2283,172608.24
2025-01-31,2284,41030.57
2025-01-31,2285,88837.88
2025-01-31,2286,87543.29
2025-01-31,2287,58876.67
2025-01-31,2288,89928.16
2025-01-31,2289,139974.6
2025-01-31,2290,299465.61
2025-01-31,2291,93577.79
2025-01-31,2292,41490.3
2025-01-31,2293,157478.54
2025-01-31,2294,308604.47
2025-01-31,2295,157855.78
2025-01-31,2296,89939.02
2025-01-31,2297,41121.94
2025-01-31,2298,91863.6
2025-01-31,2299,167942.31
2025-01-31,2300,121397.14
2025-01-31,2301,152138.07
2025-01-31,2302,90788.71
2025-01-31,2303,479277.58
2025-01-31,2304,133770.34
2025-01-31,2305,102108.53
2025-01-31,2306,149289.67
2025-01-31,2307,298096.25
2025-01-31,2308,165192.52
2025-01-31,2309,357538.9
2025-01-31,2310,76587.12
2025-01-31,2311,94626.72
2025-01-31,2312,119795.88
2025-01-31,2313,136281.21
2025-01-31,2314,83523.31
2025-01-31,2315,45767.06
2025-01-31,2316,86698.72
2025-01-31,2317,227677.46
2025-01-31,2318,41951.82
2025-01-31,2319,303916.77
2025-01-31,2320,152742.94
2025-01-31,2321,118433.09
2025-01-31,2322,78429.81
2025-01-31,2323,196547.82
2025-01-31,2324,282864.81
2025-01-31,2325,156216.46
2025-01-31,2326,121761.79
2025-01-31,2327,195238.74
2025-01-31,2328,96671.97
2025-01-31,2329,91285.08
2025-01-31,2330,243752.17
2025-01-31,2331,78584.79
2025-01-31,2332,316309.54
2025-01-31,2333,92773.18
2025-01-31,2334,142421.63
2025-01-31,2335,195916.42
2025-01-31,2336,110279.09
2025-01-31,2337,35767.11
2025-01-31,2338,206239.46
2025-01-31,2339,57971.3
2025-01-31,2340,370990.31
2025-01-31,2341,54614.57
2025-01-31,2342,45577.92
2025-01-31,2343,163989.58
2025-01-31,2344,168427.97
2025-01-31,2345,291862.05
2025-01-31,2346,147964.46
2025-01-31,2347,88795.8
2025-01-31,2348,86493.25
2025-01-31,2349,62072.92
2025-01-31,2350,192818.19
2025-01-31,2351,35171.99
2025-01-31,2352,166330.85
2025-01-31,2353,69927.2
2025-01-31,2354,165686.37
2025-01-31,2355,355107.69
2025-01-31,2356,105661.86
2025-01-31,2357,96991.81
2025-01-31,2358,85876.07
2025-01-31,2359,140147.82
2025-01-31,2360,170513.51
2025-01-31,2361,38437.17
2025-01-31,2362,72662.67
2025-01-31,2363,301464.78
2025-01-31,2364,217443.77
2025-01-31,2365,253311.8
2025-01-31,2366,68761.36
2025-01-31,2367,20761.88
2025-01-31,2368,65474.7
2025-01-31,2369,372819.79
2025-01-31,2370,121683.92
2025-01-31,2371,729015.08
2025-01-31,2372,133250.64
2025-01-31,2373,102761.71
2025-01-31,2374,238899.31
2025-01-31,2375,89892.26
2025-01-31,2376,167262.03
2025-01-31,2377,156706.64
2025-01-31,2378,310892.72
2025-01-31,2379,111985.93
2025-01-31,2380,216586.46
2025-01-31,2381,238781.55
2025-01-31,2382,418070.51
2025-01-31,2383,96558.17
2025-01-31,2384,52222.45
2025-01-31,2385,47486.51
2025-01-31,2386,181008.52
2025-01-31,2387,55582.16
2025-01-31,2388,111211.27
2025-01-31,2389,128477.35
2025-01-31,2390,54608.31
2025-01-31,2391,354438.07
2025-01-31,2392,222716.67
2025-01-31,2393,207036.78
2025-01-31,2394,209975.01
2025-01-31,2395,78819.29
2025-01-31,2396,611406.4
2025-01-31,2397,47353.0
2025-01-31,2398,31545.12
2025-01-31,2399,290430.36
2025-01-31,2400,187418.45
2025-01-31,2401,100086.29
2025-01-31,2402,164618.92
2025-01-31,2403,74608.22
2025-01-31,2404,79393.67
2025-01-31,2405,133527.48
2025-01-31,2406,184141.51
2025-01-31,2407,230592.51
2025-01-31,2408,196645.5
2025-01-31,2409,78654.09
2025-01-31,2410,370154.92
2025-01-31,2411,376275.28
2025-01-31,2412,78682.04
2025-01-31,2413,66983.37
2025-01-31,2414,152281.19
2025-01-31,2415,290483.98
2025-01-31,2416,252602.69
2025-01-31,2417,139716.61
2025-01-31,2418,93534.31
2025-01-31,2419,98398.1
2025-01-31,2420,83321.51
2025-01-31,2421,86918.82
2025-01-31,2422,51561.39
2025-01-31,2423,153968.95
2025-01-31,2424,186235.17
2025-01-31,2425,202003.09
2025-01-31,2426,67335.43
2025-01-31,2427,165351.65
2025-01-31,2428,76591.17
2025-01-31,2429,229813.51
2025-01-31,2430,77516.46
2025-01-31,2431,289658.79
2025-01-31,2432,345142.05
2025-01-31,2433,503152.23
2025-01-31,2434,108480.11
2025-01-31,2435,159069.41
2025-01-31,2436,141039.59
2025-01-31,2437,111156.8
2025-01-31,2438,131289.19
2025-01-31,2439,178883.96
2025-01-31,2440,57748.71
2025-01-31,2441,155740.69
2025-01-31,2442,141853.61
2025-01-31,2443,59945.55
2025-01-31,2444,84502.16
2025-01-31,2445,118254.13
2025-01-31,2446,142281.74
2025-01-31,2447,60383.73
2025-01-31,2448,192778.17
2025-01-31,2449,26646.58
2025-01-31,2450,242328.6
2025-01-31,2451,109102.44
2025-01-31,2452,233095.78
2025-01-31,2453,496851.64
2025-01-31,2454,117113.67
2025-01-31,2455,117634.01
2025-01-31,2456,76763.63
2025-01-31,2457,70854.1
2025-01-31,2458,334255.14
2025-01-31,2459,210321.03
2025-01-31,2460,85414.17
2025-01-31,2461,162679.98
2025-01-31,2462,72446.18
2025-01-31,2463,109675.19
2025-01-31,2464,130318.0
2025-01-31,2465,95860.95
2025-01-31,2466,807091.28
2025-01-31,2467,69027.03
2025-01-31,2468,497541.65
2025-01-31,2469,197624.14
2025-01-31,2470,304301.54
2025-01-31,2471,237970.68
2025-01-31,2472,161826.74
2025-01-31,2473,108725.41
2025-01-31,2474,67336.03
2025-01-31,2475,157194.16
2025-01-31,2476,136090.58
2025-01-31,2477,104226.9
2025-01-31,2478,114382.63
2025-01-31,2479,172416.27
2025-01-31,2480,255647.06
2025-01-31,2481,33820.93
2025-01-31,2482,115320.12
2025-01-31,2483,57017.79
2025-01-31,2484,115704.92
2025-01-31,2485,76959.5
2025-01-31,2486,166193.3
2025-01-31,2487,93508.72
2025-01-31,2488,135574.34
2025-01-31,2489,210483.88
2025-01-31,2490,262281.8
2025-01-31,2491,135136.99
2025-01-31,2492,167945.15
2025-01-31,2493,124382.84
2025-01-31,2494,62376.63
2025-01-31,2495,204492.1
2025-01-31,2496,150141.4
2025-01-31,2497,152231.93
2025-01-31,2498,192837.55
2025-01-31,2499,355947.56
2025-01-31,2500,115232.98
2025-01-31,2501,111969.1
2025-01-31,2502,187294.02
2025-01-31,2503,51617.93
2025-01-31,2504,136881.91
2025-01-31,2505,104184.84
2025-01-31,2506,97410.36
2025-01-31,2507,30936.03
2025-01-31,2508,170134.26
2025-01-31,2509,204398.0
2025-01-31,2510,41809.24
2025-01-31,2511,83627.17
2025-01-31,2512,124429.39
2025-01-31,2513,106557.95
2025-01-31,2514,31750.68
2025-01-31,2515,79776.57
2025-01-31,2516,178224.03
2025-01-31,2517,70609.77
2025-01-31,2518,80845.59
2025-01-31,2519,187345.7
2025-01-31,2520,65509.38
2025-01-31,2521,311069.64
2025-01-31,2522,66359.36
2025-01-31,2523,44625.38
2025-01-31,2524,125573.92
2025-01-31,2525,175356.63
2025-01-31,2526,77878.03
2025-01-31,2527,87262.49
2025-01-31,2528,43979.6
2025-01-31,2529,49663.63
2025-01-31,2530,77244.07
2025-01-31,2531,85750.12
2025-01-31,2532,95838.6
2025-01-31,2533,456153.03
2025-01-31,2534,111989.33
2025-01-31,2535,91700.66
2025-01-31,2536,203504.88
2025-01-31,2537,23217.0
2025-01-31,2538,110039.42
2025-01-31,2539,182234.71
2025-01-31,2540,430036.21
2025-01-31,2541,104727.5
2025-01-31,2542,225200.54
2025-01-31,2543,76418.56
2025-01-31,2544,179651.07
2025-01-31,2545,180083.59
2025-01-31,2546,129283.73
2025-01-31,2547,140948.44
2025-01-31,2548,78385.35
2025-01-31,2549,197877.02
2025-01-31,2550,507020.27
2025-01-31,2551,154329.81
2025-01-31,2552,68417.18
2025-01-31,2553,75711.96
2025-01-31,2554,69074.8
2025-01-31,2555,300307.9
2025-01-31,2556,209974.98
2025-01-31,2557,249390.46
2025-01-31,2558,93591.87
2025-01-31,2559,106143.6
2025-01-31,2560,158206.23
2025-01-31,2561,53832.93
2025-01-31,2562,42755.08
2025-01-31,2563,283310.46
2025-01-31,2564,401426.11
2025-01-31,2565,58620.19
2025-01-31,2566,183007.16
2025-01-31,2567,57137.5
2025-01-31,2568,160698.72
2025-01-31,2569,77141.4
2025-01-31,2570,122059.95
2025-01-31,2571,170652.89
2025-01-31,2572,157650.91
2025-01-31,2573,104925.7
2025-01-31,2574,184553.42
2025-01-31,2575,48124.21
2025-01-31,2576,195670.15
2025-01-31,2577,66604.49
2025-01-31,2578,26457.88
2025-01-31,2579,59063.37
2025-01-31,2580,98478.46
2025-01-31,2581,121198.94
2025-01-31,2582,101570.68
2025-01-31,2583,85478.14
2025-01-31,2584,142619.54
2025-01-31,2585,259592.81
2025-01-31,2586,38821.53
2025-01-31,2587,77549.88
2025-01-31,2588,189318.63
2025-01-31,2589,437416.89
2025-01-31,2590,137526.22
2025-01-31,2591,51533.92
2025-01-31,2592,174445.16
2025-01-31,2593,93497.38
2025-01-31,2594,163037.71
2025-01-31,2595,104691.67
2025-01-31,2596,165153.51
2025-01-31,2597,172153.04
2025-01-31,2598,1096919.62
2025-01-31,2599,60166.89
2025-01-31,2600,152865.51
2025-01-31,2601,170145.29
2025-01-31,2602,131835.15
2025-01-31,2603,147763.36
2025-01-31,2604,102382.67
2025-01-31,2605,158471.07
2025-01-31,2606,63948.32
2025-01-31,2607,62157.58
2025-01-31,2608,100872.39
2025-01-31,2609,116619.95
2025-01-31,2610,102762.59
2025-01-31,2611,203099.04
2025-01-31,2612,73325.85
2025-01-31,2613,81589.72
2025-01-31,2614,241477.17
2025-01-31,2615,408673.59
2025-01-31,2616,79128.13
2025-01-31,2617,189758.68
2025-01-31,2618,176253.5
2025-01-31,2619,70764.77
2025-01-31,2620,91116.88
2025-01-31,2621,170868.49
2025-01-31,2622,68127.0
2025-01-31,2623,180930.04
2025-01-31,2624,401000.75
2025-01-31,2625,94499.37
2025-01-31,2626,68209.51
2025-01-31,2627,264708.52
2025-01-31,2628,256551.04
2025-01-31,2629,136550.74
2025-01-31,2630,204267.87
2025-01-31,2631,95971.76
2025-01-31,2632,57419.68
2025-01-31,2633,460191.49
2025-01-31,2634,133335.89
2025-01-31,2635,130593.7
2025-01-31,2636,404239.53
2025-01-31,2637,108823.53
2025-01-31,2638,102794.9
2025-01-31,2639,202390.27
2025-01-31,2640,85255.29
2025-01-31,2641,160381.23
2025-01-31,2642,157574.37
2025-01-31,2643,81375.57
2025-01-31,2644,84008.7
2025-01-31,2645,76714.27
2025-01-31,2646,169481.11
2025-01-31,2647,269765.8
2025-01-31,2648,142693.56
2025-01-31,2649,205023.14
2025-01-31,2650,132511.04
2025-01-31,2651,136339.55
2025-01-31,2652,330638.89
2025-01-31,2653,78537.72
2025-01-31,2654,150351.04
2025-01-31,2655,64927.86
2025-01-31,2656,101480.27
2025-01-31,2657,40252.83
2025-01-31,2658,100416.78
2025-01-31,2659,120756.32
2025-01-31,2660,176801.56
2025-01-31,2661,196897.71
2025-01-31,2662,86147.59
2025-01-31,2663,73370.83
2025-01-31,2664,81333.81
2025-01-31,2665,107425.8
2025-01-31,2666,103767.24
2025-01-31,2667,178164.2
2025-01-31,2668,57099.51
2025-01-31,2669,120949.0
2025-01-31,2670,319778.9
2025-01-31,2671,28110.4
2025-01-31,2672,77289.16
2025-01-31,2673,183834.24
2025-01-31,2674,255170.86
2025-01-31,2675,112586.14
2025-01-31,2676,101996.88
2025-01-31,2677,258658.44
2025-01-31,2678,136273.2
2025-01-31,2679,290850.97
2025-01-31,2680,77232.0
2025-01-31,2681,73022.84
2025-01-31,2682,136786.31
2025-01-31,2683,183616.09
2025-01-31,2684,314767.89
2025-01-31,2685,133832.03
2025-01-31,2686,210058.42
2025-01-31,2687,136807.97
2025-01-31,2688,147450.22
2025-01-31,2689,137196.39
2025-01-31,2690,95735.19
2025-01-31,2691,66210.95
2025-01-31,2692,302524.24
2025-01-31,2693,263807.88
2025-01-31,2694,88250.43
2025-01-31,2695,171655.62
2025-01-31,2696,142239.26
2025-01-31,2697,139037.21
2025-01-31,2698,229197.94
2025-01-31,2699,123316.06
2025-01-31,2700,126685.02
2025-01-31,2701,66545.81
2025-01-31,2702,108654.4
2025-01-31,2703,469655.49
2025-01-31,2704,155372.18
2025-01-31,2705,109944.93
2025-01-31,2706,149405.58
2025-01-31,2707,226752.03
2025-01-31,2708,487722.93
2025-01-31,2709,42891.23
2025-01-31,2710,113230.8
2025-01-31,2711,474638.19
2025-01-31,2712,197801.48
2025-01-31,2713,86060.06
2025-01-31,2714,95206.61
2025-01-31,2715,640834.24
2025-01-31,2716,153589.14
2025-01-31,2717,124243.62
2025-01-31,2718,68275.63
2025-01-31,2719,129311.38
2025-01-31,2720,95090.44
2025-01-31,2721,413561.48
2025-01-31,2722,497027.55
2025-01-31,2723,237735.42
2025-01-31,2724,194635.42
2025-01-31,2725,28097.96
2025-01-31,2726,60527.77
2025-01-31,2727,54141.37
2025-01-31,2728,200812.7
2025-01-31,2729,340424.25
2025-01-31,2730,280810.81
2025-01-31,2731,160897.44
2025-01-31,2732,148687.76
2025-01-31,2733,315146.46
2025-01-31,2734,139028.95
2025-01-31,2735,178237.66
2025-01-31,2736,230224.84
2025-01-31,2737,332137.41
2025-01-31,2738,34292.94
2025-01-31,2739,514723.86
2025-01-31,2740,303250.56
2025-01-31,2741,260692.08
2025-01-31,2742,66232.33
2025-01-31,2743,152108.49
2025-01-31,2744,58832.26
2025-01-31,2745,118198.41
2025-01-31,2746,110545.97
2025-01-31,2747,76841.84
2025-01-31,2748,185458.22
2025-01-31,2749,552206.12
2025-01-31,2750,196045.94
2025-01-31,2751,278018.04
2025-01-31,2752,113116.6
2025-01-31,2753,293918.28
2025-01-31,2754,137246.01
2025-01-31,2755,155932.13
2025-01-31,2756,301507.54
2025-01-31,2757,161449.28
2025-01-31,2758,131963.69
2025-01-31,2759,63007.13
2025-01-31,2760,38802.0
2025-01-31,2761,313874.75
2025-01-31,2762,208378.96
2025-01-31,2763,70981.32
2025-01-31,2764,299509.87
2025-01-31,2765,87075.03
2025-01-31,2766,139711.33
2025-01-31,2767,111448.55
2025-01-31,2768,131967.41
2025-01-31,2769,157039.51
2025-01-31,2770,647724.79
2025-01-31,2771,49344.75
2025-01-31,2772,126457.51
2025-01-31,2773,314665.35
2025-01-31,2774,52671.09
2025-01-31,2775,201734.24
2025-01-31,2776,120488.81
2025-01-31,2777,15692.02
2025-01-31,2778,68423.08
2025-01-31,2779,226570.09
2025-01-31,2780,90736.72
2025-01-31,2781,218784.73
2025-01-31,2782,79842.53
2025-01-31,2783,260068.23
2025-01-31,2784,120617.71
2025-01-31,2785,61983.58
2025-01-31,2786,102243.34
2025-01-31,2787,229807.73
2025-01-31,2788,119285.6
2025-01-31,2789,100079.85
2025-01-31,2790,140172.21
2025-01-31,2791,227431.43
2025-01-31,2792,97149.12
2025-01-31,2793,267731.19
2025-01-31,2794,321541.72
2025-01-31,2795,125772.02
2025-01-31,2796,98907.63
2025-01-31,2797,256126.68
2025-01-31,2798,116194.25
2025-01-31,2799,502304.75
2025-01-31,2800,281107.92
2025-01-31,2801,223919.04
2025-01-31,2802,92897.43
2025-01-31,2803,108365.22
2025-01-31,2804,30778.96
2025-01-31,2805,71554.57
2025-01-31,2806,81258.73
2025-01-31,2807,114634.45
2025-01-31,2808,261300.28
2025-01-31,2809,965798.59
2025-01-31,2810,149139.63
2025-01-31,2811,74875.49
2025-01-31,2812,148716.58
2025-01-31,2813,126303.57
2025-01-31,2814,66766.56
2025-01-31,2815,144955.55
2025-01-31,2816,154781.41
2025-01-31,2817,297188.07
2025-01-31,2818,109606.65
2025-01-31,2819,97612.12
2025-01-31,2820,75711.14
2025-01-31,2821,101617.84
2025-01-31,2822,169221.7
2025-01-31,2823,53219.41
2025-01-31,2824,82886.53
2025-01-31,2825,154314.08
2025-01-31,2826,179016.04
2025-01-31,2827,42094.94
2025-01-31,2828,193309.13
2025-01-31,2829,86366.08
2025-01-31,2830,150232.63
2025-01-31,2831,339003.8
2025-01-31,2832,379619.29
2025-01-31,2833,111515.94
2025-01-31,2834,692711.54
2025-01-31,2835,276638.08
2025-01-31,2836,349465.66
2025-01-31,2837,57427.85
2025-01-31,2838,91402.37
2025-01-31,2839,134506.35
2025-01-31,2840,107896.01
2025-01-31,2841,166576.27
2025-01-31,2842,38949.92
2025-01-31,2843,158976.35
2025-01-31,2844,361126.94
2025-01-31,2845,337346.44
2025-01-31,2846,264960.82
2025-01-31,2847,151179.23
2025-01-31,2848,183234.1
2025-01-31,2849,40320.36
2025-01-31,2850,151833.54
2025-01-31,2851,473319.18
2025-01-31,2852,62869.71
2025-01-31,2853,86589.03
2025-01-31,2854,406796.51
2025-01-31,2855,306117.45
2025-01-31,2856,209192.92
2025-01-31,2857,182830.27
2025-01-31,2858,311134.66
2025-01-31,2859,84703.15
2025-01-31,2860,101374.18
2025-01-31,2861,59932.91
2025-01-31,2862,187429.74
2025-01-31,2863,60019.65
2025-01-31,2864,66379.35
2025-01-31,2865,87913.41
2025-01-31,2866,83429.98
2025-01-31,2867,89594.64
2025-01-31,2868,155077.85
2025-01-31,2869,151871.53
2025-01-31,2870,210054.54
2025-01-31,2871,165490.81
2025-01-31,2872,158102.15
2025-01-31,2873,350302.86
2025-01-31,2874,94590.96
2025-01-31,2875,109867.23
2025-01-31,2876,76938.59
2025-01-31,2877,61682.9
2025-01-31,2878,152243.78
2025-01-31,2879,108787.19
2025-01-31,2880,105389.24
2025-01-31,2881,89562.72
2025-01-31,2882,82578.2
2025-01-31,2883,45982.78
2025-01-31,2884,100273.5
2025-01-31,2885,66506.42
2025-01-31,2886,444252.48
2025-01-31,2887,40350.02
2025-01-31,2888,147710.43
2025-01-31,2889,147963.59
2025-01-31,2890,85117.15
2025-01-31,2891,54610.15
2025-01-31,2892,120798.76
2025-01-31,2893,106816.63
2025-01-31,2894,146702.77
2025-01-31,2895,107381.54
2025-01-31,2896,95779.15
2025-01-31,2897,43058.89
2025-01-31,2898,95357.99
2025-01-31,2899,67911.23
2025-01-31,2900,168928.82
2025-01-31,2901,301145.82
2025-01-31,2902,46181.0
2025-01-31,2903,194936.82
2025-01-31,2904,102256.89
2025-01-31,2905,112115.71
2025-01-31,2906,65405.47
2025-01-31,2907,165806.76
2025-01-31,2908,92531.81
2025-01-31,2909,36904.82
2025-01-31,2910,174018.83
2025-01-31,2911,219300.96
2025-01-31,2912,169863.62
2025-01-31,2913,105286.12
2025-01-31,2914,30211.73
2025-01-31,2915,41236.59
2025-01-31,2916,126125.07
2025-01-31,2917,60850.47
2025-01-31,2918,227901.86
2025-01-31,2919,121967.84
2025-01-31,2920,119868.49
2025-01-31,2921,303039.78
2025-01-31,2922,79414.71
2025-01-31,2923,99230.06
2025-01-31,2924,79722.7
2025-01-31,2925,343230.98
2025-01-31,2926,227164.7
2025-01-31,2927,67908.81
2025-01-31,2928,129668.17
2025-01-31,2929,134136.38
2025-01-31,2930,105812.32
2025-01-31,2931,38407.23
2025-01-31,2932,95552.37
2025-01-31,2933,99759.36
2025-01-31,2934,102692.23
2025-01-31,2935,50302.96
2025-01-31,2936,66936.33
2025-01-31,2937,37242.02
2025-01-31,2938,173176.56
2025-01-31,2939,167318.57
2025-01-31,2940,278314.72
2025-01-31,2941,440048.08
2025-01-31,2942,126903.56
2025-01-31,2943,123054.56
2025-01-31,2944,162462.38
2025-01-31,2945,268139.82
2025-01-31,2946,315921.41
2025-01-31,2947,115639.93
2025-01-31,2948,109716.37
2025-01-31,2949,59704.3
2025-01-31,2950,155346.28
2025-01-31,2951,650392.56
2025-01-31,2952,95186.72
2025-01-31,2953,77289.44
2025-01-31,2954,186783.8
2025-01-31,2955,154652.57
2025-01-31,2956,241316.25
2025-01-31,2957,80497.9
2025-01-31,2958,165576.76
2025-01-31,2959,97212.53
2025-01-31,2960,105766.39
2025-01-31,2961,39765.95
2025-01-31,2962,297230.93
2025-01-31,2963,223505.14
2025-01-31,2964,98758.97
2025-01-31,2965,226328.02
2025-01-31,2966,87761.63
2025-01-31,2967,93177.14
2025-01-31,2968,198423.38
2025-01-31,2969,118188.27
2025-01-31,2970,104189.9
2025-01-31,2971,173337.75
2025-01-31,2972,1170343.5
2025-01-31,2973,160204.21
2025-01-31,2974,138021.32
2025-01-31,2975,171947.42
2025-01-31,2976,173002.46
2025-01-31,2977,182208.19
2025-01-31,2978,78435.29
2025-01-31,2979,169336.23
2025-01-31,2980,87898.44
2025-01-31,2981,126859.47
2025-01-31,2982,185205.87
2025-01-31,2983,133554.7
2025-01-31,2984,187117.2
2025-01-31,2985,61475.0
2025-01-31,2986,72122.51
2025-01-31,2987,120860.02
2025-01-31,2988,192255.52
2025-01-31,2989,74195.12
2025-01-31,2990,104363.25
2025-01-31,2991,150565.36
2025-01-31,2992,183190.47
2025-01-31,2993,47012.2
2025-01-31,2994,134821.83
2025-01-31,2995,158446.92
2025-01-31,2996,208821.71
2025-01-31,2997,107554.73
2025-01-31,2998,74932.16
2025-01-31,2999,224096.02
2025-01-31,3000,188717.15
2025-01-31,3001,42924.29
2025-01-31,3002,170819.85
2025-01-31,3003,119725.15
2025-01-31,3004,26319.54
2025-01-31,3005,97786.86
2025-01-31,3006,118091.13
2025-01-31,3007,169548.64
2025-01-31,3008,526241.28
2025-01-31,3009,366614.14
2025-01-31,3010,84170.36
2025-01-31,3011,141685.57
2025-01-31,3012,420818.19
2025-01-31,3013,381643.33
2025-01-31,3014,108811.25
2025-01-31,3015,89445.58
2025-01-31,3016,168156.89
2025-01-31,3017,291339.74
2025-01-31,3018,152458.54
2025-01-31,3019,244599.32
2025-01-31,3020,545883.05
2025-01-31,3021,286957.79
2025-01-31,3022,136947.67
2025-01-31,3023,160606.13
2025-01-31,3024,62626.74
2025-01-31,3025,101621.4
2025-01-31,3026,132565.37
2025-01-31,3027,155583.27
2025-01-31,3028,95105.69
2025-01-31,3029,105747.69
2025-01-31,3030,140579.7
2025-01-31,3031,68950.52
2025-01-31,3032,69752.61
2025-01-31,3033,48592.09
2025-01-31,3034,104974.83
2025-01-31,3035,176762.62
2025-01-31,3036,154022.89
2025-01-31,3037,180189.37
2025-01-31,3038,247239.77
2025-01-31,3039,1313613.75
2025-01-31,3040,108640.93
2025-01-31,3041,102634.78
2025-01-31,3042,252717.0
2025-01-31,3043,72700.13
2025-01-31,3044,386967.34
2025-01-31,3045,220797.35
2025-01-31,3046,193171.2
2025-01-31,3047,280672.33
2025-01-31,3048,119388.32
2025-01-31,3049,96292.04
2025-01-31,3050,268281.16
2025-01-31,3051,42297.75
2025-01-31,3052,98073.56
2025-01-31,3053,110040.9
2025-01-31,3054,96393.06
2025-01-31,3055,154188.94
2025-01-31,3056,261382.16
2025-01-31,3057,256895.69
2025-01-31,3058,77694.27
2025-01-31,3059,385257.14
2025-01-31,3060,113739.8
2025-01-31,3061,157208.17
2025-01-31,3062,33784.39
2025-01-31,3063,246844.62
2025-01-31,3064,42693.8
2025-01-31,3065,119457.54
2025-01-31,3066,75338.31
2025-01-31,3067,99872.8
2025-01-31,3068,185952.09
2025-01-31,3069,40271.83
2025-01-31,3070,58582.93
2025-01-31,3071,142025.91
2025-01-31,3072,98949.34
2025-01-31,3073,302107.45
2025-01-31,3074,29338.86
2025-01-31,3075,82442.39
2025-01-31,3076,109001.68
2025-01-31,3077,140840.08
2025-01-31,3078,105795.73
2025-01-31,3079,91707.54
2025-01-31,3080,90971.87
2025-01-31,3081,71769.64
2025-01-31,3082,134003.17
2025-01-31,3083,206641.54
2025-01-31,3084,76344.04
2025-01-31,3085,71820.57
2025-01-31,3086,158722.64
2025-01-31,3087,172553.69
2025-01-31,3088,96331.24
2025-01-31,3089,95770.48
2025-01-31,3090,95363.41
2025-01-31,3091,263768.76
2025-01-31,3092,113060.39
2025-01-31,3093,832271.31
2025-01-31,3094,259161.29
2025-01-31,3095,405981.38
2025-01-31,3096,122347.72
2025-01-31,3097,82664.16
2025-01-31,3098,216460.23
2025-01-31,3099,122448.87
2025-01-31,3100,123600.64
2025-01-31,3101,109017.67
2025-01-31,3102,350940.17
2025-01-31,3103,201318.48
2025-01-31,3104,236435.61
2025-01-31,3105,118121.17
2025-01-31,3106,128198.99
2025-01-31,3107,399216.12
2025-01-31,3108,74104.64
2025-01-31,3109,67643.88
2025-01-31,3110,16846.51
2025-01-31,3111,94460.54
2025-01-31,3112,62671.13
2025-01-31,3113,108502.75
2025-01-31,3114,159622.04
2025-01-31,3115,142094.0
2025-01-31,3116,178143.81
2025-01-31,3117,196458.27
2025-01-31,3118,126517.74
2025-01-31,3119,78331.71
2025-01-31,3120,464269.48
2025-01-31,3121,49378.21
2025-01-31,3122,42836.11
2025-01-31,3123,136997.46
2025-01-31,3124,196669.08
2025-01-31,3125,138318.51
2025-01-31,3126,118856.64
2025-01-31,3127,90057.64
2025-01-31,3128,45741.92
2025-01-31,3129,164996.6
2025-01-31,3130,222216.35
2025-01-31,3131,89201.09
2025-01-31,3132,417646.93
2025-01-31,3133,430823.61
2025-01-31,3134,385437.68
2025-01-31,3135,130639.9
2025-01-31,3136,275861.82
2025-01-31,3137,121292.12
2025-01-31,3138,178492.91
2025-01-31,3139,195997.0
2025-01-31,3140,58294.59
2025-01-31,3141,97119.57
2025-01-31,3142,96668.48
2025-01-31,3143,171569.03
2025-01-31,3144,128856.78
2025-01-31,3145,95975.06
2025-01-31,3146,120023.81
2025-01-31,3147,229442.53
2025-01-31,3148,128398.23
2025-01-31,3149,91641.38
2025-01-31,3150,302075.27
2025-01-31,3151,176030.76
2025-01-31,3152,59008.8
2025-01-31,3153,274460.14
2025-01-31,3154,64517.23
2025-01-31,3155,275036.59
2025-01-31,3156,215464.62
2025-01-31,3157,686865.37
2025-01-31,3158,220208.34
2025-01-31,3159,31474.01
2025-01-31,3160,442244.47
2025-01-31,3161,243757.77
2025-01-31,3162,66947.63
2025-01-31,3163,130023.35
2025-01-31,3164,185596.84
2025-01-31,3165,233968.4
2025-01-31,3166,92878.56
2025-01-31,3167,160220.1
2025-01-31,3168,178791.0
2025-01-31,3169,51255.77
2025-01-31,3170,82631.01
2025-01-31,3171,32023.12
2025-01-31,3172,110349.9
2025-01-31,3173,95911.14
2025-01-31,3174,109512.6
2025-01-31,3175,134616.78
2025-01-31,3176,470283.85
2025-01-31,3177,74962.73
2025-01-31,3178,226366.57
2025-01-31,3179,162764.13
2025-01-31,3180,159354.41
2025-01-31,3181,318271.53
2025-01-31,3182,10018.9
2025-01-31,3183,61984.38
2025-01-31,3184,154002.01
2025-01-31,3185,125510.39
2025-01-31,3186,186990.74
2025-01-31,3187,234891.02
2025-01-31,3188,294781.66
2025-01-31,3189,366194.75
2025-01-31,3190,40017.38
2025-01-31,3191,157038.7
2025-01-31,3192,155958.76
2025-01-31,3193,100280.49
2025-01-31,3194,199196.43
2025-01-31,3195,544706.21
2025-01-31,3196,271003.35
2025-01-31,3197,233549.23
2025-01-31,3198,442869.6
2025-01-31,3199,232221.43
2025-01-31,3200,102933.18
2025-02-28,1,242131.32
2025-02-28,2,87238.02
2025-02-28,3,45768.26
2025-02-28,4,60210.67
2025-02-28,5,174968.54
2025-02-28,6,140651.16
2025-02-28,7,100628.17
2025-02-28,8,122162.74
2025-02-28,9,86748.75
2025-02-28,10,93897.85
2025-02-28,11,56917.08
2025-02-28,12,153355.27
2025-02-28,13,103027.01
2025-02-28,14,119074.76
2025-02-28,15,78217.06
2025-02-28,16,73730.57
2025-02-28,17,126875.67
2025-02-28,18,145484.89
2025-02-28,19,448987.52
2025-02-28,20,60078.67
2025-02-28,21,71929.29
2025-02-28,22,76852.75
2025-02-28,23,104106.8
2025-02-28,24,144666.4
2025-02-28,25,128209.48
2025-02-28,26,117280.35
2025-02-28,27,371722.83
2025-02-28,28,86865.82
2025-02-28,29,102642.31
2025-02-28,30,175564.9
2025-02-28,31,274969.83
2025-02-28,32,24197.52
2025-02-28,33,260900.3
2025-02-28,34,67890.03
2025-02-28,35,95113.71
2025-02-28,36,126931.34
2025-02-28,37,167534.9
2025-02-28,38,135561.21
2025-02-28,39,898490.75
2025-02-28,40,103906.07
2025-02-28,41,360822.63
2025-02-28,42,69155.37
2025-02-28,43,123918.42
2025-02-28,44,225545.94
2025-02-28,45,122330.92
2025-02-28,46,102940.1
2025-02-28,47,268295.02
2025-02-28,48,113077.28
2025-02-28,49,164369.07
2025-02-28,50,135124.6
2025-02-28,51,129150.02
2025-02-28,52,148341.31
2025-02-28,53,465553.66
2025-02-28,54,372322.83
2025-02-28,55,187810.11
2025-02-28,56,140448.29
2025-02-28,57,482871.7
2025-02-28,58,208415.23
2025-02-28,59,246526.01
2025-02-28,60,178707.71
2025-02-28,61,76962.38
2025-02-28,62,181603.68
2025-02-28,63,43054.41
2025-02-28,64,175697.36
2025-02-28,65,371400.21
2025-02-28,66,196241.72
2025-02-28,67,161782.47
2025-02-28,68,102203.62
2025-02-28,69,255620.93
2025-02-28,70,245362.81
2025-02-28,71,122491.09
2025-02-28,72,151059.42
2025-02-28,73,114730.95
2025-02-28,74,74477.09
2025-02-28,75,97122.43
2025-02-28,76,95701.71
2025-02-28,77,203031.26
2025-02-28,78,50419.32
2025-02-28,79,146556.38
2025-02-28,80,285112.67
2025-02-28,81,230745.74
2025-02-28,82,145934.59
2025-02-28,83,190898.42
2025-02-28,84,41358.17
2025-02-28,85,55525.82
2025-02-28,86,115085.46
2025-02-28,87,55779.29
2025-02-28,88,241761.34
2025-02-28,89,66169.11
2025-02-28,90,161582.69
2025-02-28,91,78235.88
2025-02-28,92,125563.78
2025-02-28,93,264634.65
2025-02-28,94,400171.85
2025-02-28,95,176303.2
2025-02-28,96,136077.74
2025-02-28,97,197643.08
2025-02-28,98,58006.29
2025-02-28,99,185374.21
2025-02-28,100,82566.58
2025-02-28,101,551709.51
2025-02-28,102,108458.97
2025-02-28,103,59387.12
2025-02-28,104,107278.41
2025-02-28,105,483402.55
2025-02-28,106,283773.26
2025-02-28,107,51505.27
2025-02-28,108,79283.74
2025-02-28,109,66380.38
2025-02-28,110,27943.2
2025-02-28,111,388806.52
2025-02-28,112,104522.57
2025-02-28,113,64482.41
2025-02-28,114,285794.0
2025-02-28,115,131455.79
2025-02-28,116,35829.2
2025-02-28,117,222101.8
2025-02-28,118,217263.28
2025-02-28,119,216707.47
2025-02-28,120,159987.59
2025-02-28,121,140177.29
2025-02-28,122,70925.29
2025-02-28,123,98245.61
2025-02-28,124,192674.62
2025-02-28,125,104463.51
2025-02-28,126,178021.21
2025-02-28,127,62554.1
2025-02-28,128,226584.86
2025-02-28,129,128090.06
2025-02-28,130,72028.47
2025-02-28,131,82445.85
2025-02-28,132,95106.52
2025-02-28,133,118171.83
2025-02-28,134,127093.33
2025-02-28,135,53450.05
2025-02-28,136,11817.32
2025-02-28,137,174357.84
2025-02-28,138,84360.55
2025-02-28,139,162760.49
2025-02-28,140,118660.58
2025-02-28,141,324891.42
2025-02-28,142,201429.59
2025-02-28,143,83559.09
2025-02-28,144,110239.2
2025-02-28,145,150426.09
2025-02-28,146,274545.04
2025-02-28,147,176361.39
2025-02-28,148,65770.64
2025-02-28,149,324521.78
2025-02-28,150,68494.96
2025-02-28,151,51116.84
2025-02-28,152,608237.95
2025-02-28,153,116967.39
2025-02-28,154,90511.29
2025-02-28,155,69912.98
2025-02-28,156,155069.76
2025-02-28,157,60022.31
2025-02-28,158,128273.82
2025-02-28,159,89234.76
2025-02-28,160,104325.95
2025-02-28,161,167739.14
2025-02-28,162,204063.91
2025-02-28,163,269077.64
2025-02-28,164,220491.83
2025-02-28,165,164175.19
2025-02-28,166,35389.57
2025-02-28,167,399819.47
2025-02-28,168,117513.87
2025-02-28,169,208106.38
2025-02-28,170,384043.64
2025-02-28,171,231786.82
2025-02-28,172,74258.0
2025-02-28,173,75733.09
2025-02-28,174,428939.46
2025-02-28,175,181215.49
2025-02-28,176,82254.13
2025-02-28,177,38426.19
2025-02-28,178,155549.14
2025-02-28,179,303153.25
2025-02-28,180,180751.24
2025-02-28,181,237003.57
2025-02-28,182,74480.44
2025-02-28,183,111552.91
2025-02-28,184,67320.97
2025-02-28,185,118388.31
2025-02-28,186,329179.06
2025-02-28,187,85158.75
2025-02-28,188,158602.52
2025-02-28,189,44568.04
2025-02-28,190,135207.27
2025-02-28,191,34530.67
2025-02-28,192,65734.07
2025-02-28,193,149128.66
2025-02-28,194,184198.18
2025-02-28,195,80453.46
2025-02-28,196,253207.82
2025-02-28,197,281099.46
2025-02-28,198,440880.07
2025-02-28,199,47517.41
2025-02-28,200,93844.24
2025-02-28,201,69504.87
2025-02-28,202,270367.83
2025-02-28,203,93006.49
2025-02-28,204,281379.48
2025-02-28,205,42342.68
2025-02-28,206,176910.23
2025-02-28,207,202784.44
2025-02-28,208,310599.62
2025-02-28,209,264877.1
2025-02-28,210,141319.29
2025-02-28,211,163168.63
2025-02-28,212,484100.55
2025-02-28,213,103153.88
2025-02-28,214,186310.28
2025-02-28,215,138553.08
2025-02-28,216,403970.34
2025-02-28,217,111985.8
2025-02-28,218,144596.6
2025-02-28,219,172270.07
2025-02-28,220,210631.2
2025-02-28,221,67109.53
2025-02-28,222,150461.94
2025-02-28,223,73044.75
2025-02-28,224,177333.2
2025-02-28,225,267424.86
2025-02-28,226,196616.12
2025-02-28,227,56303.68
2025-02-28,228,81993.51
2025-02-28,229,164959.56
2025-02-28,230,383082.18
2025-02-28,231,191478.25
2025-02-28,232,122558.17
2025-02-28,233,111649.25
2025-02-28,234,182709.35
2025-02-28,235,206731.43
2025-02-28,236,72296.31
2025-02-28,237,340191.29
2025-02-28,238,24473.13
2025-02-28,239,38902.63
2025-02-28,240,259074.5
2025-02-28,241,201661.51
2025-02-28,242,443602.24
2025-02-28,243,126787.46
2025-02-28,244,106864.88
2025-02-28,245,207755.78
2025-02-28,246,32564.53
2025-02-28,247,57029.84
2025-02-28,248,54842.37
2025-02-28,249,99244.33
2025-02-28,250,162432.81
2025-02-28,251,22637.74
2025-02-28,252,123724.26
2025-02-28,253,73971.65
2025-02-28,254,194971.61
2025-02-28,255,139302.87
2025-02-28,256,129468.38
2025-02-28,257,96141.78
2025-02-28,258,32997.79
2025-02-28,259,160916.72
2025-02-28,260,119622.13
2025-02-28,261,69131.6
2025-02-28,262,177637.41
2025-02-28,263,122247.61
2025-02-28,264,81462.28
2025-02-28,265,198465.87
2025-02-28,266,116726.67
2025-02-28,267,81605.94
2025-02-28,268,35712.93
2025-02-28,269,101420.58
2025-02-28,270,104059.58
2025-02-28,271,67571.1
2025-02-28,272,221283.08
2025-02-28,273,155916.67
2025-02-28,274,111030.19
2025-02-28,275,507698.54
2025-02-28,276,165170.83
2025-02-28,277,164678.23
2025-02-28,278,316845.25
2025-02-28,279,374405.02
2025-02-28,280,150178.22
2025-02-28,281,85335.17
2025-02-28,282,167731.75
2025-02-28,283,71504.42
2025-02-28,284,8074.93
2025-02-28,285,233180.25
2025-02-28,286,324816.06
2025-02-28,287,597063.75
2025-02-28,288,86283.98
2025-02-28,289,180389.42
2025-02-28,290,126000.55
2025-02-28,291,350020.98
2025-02-28,292,220818.08
2025-02-28,293,170013.59
2025-02-28,294,90099.25
2025-02-28,295,212378.8
2025-02-28,296,117206.16
2025-02-28,297,265615.16
2025-02-28,298,352406.46
2025-02-28,299,143949.31
2025-02-28,300,76976.32
2025-02-28,301,88244.03
2025-02-28,302,200194.59
2025-02-28,303,110784.34
2025-02-28,304,140198.15
2025-02-28,305,216512.12
2025-02-28,306,214281.33
2025-02-28,307,175701.59
2025-02-28,308,19848.18
2025-02-28,309,122673.9
2025-02-28,310,162129.72
2025-02-28,311,41613.42
2025-02-28,312,152265.11
2025-02-28,313,116383.98
2025-02-28,314,117503.54
2025-02-28,315,196155.18
2025-02-28,316,93229.31
2025-02-28,317,98826.13
2025-02-28,318,77200.62
2025-02-28,319,131831.11
2025-02-28,320,64454.05
2025-02-28,321,283876.57
2025-02-28,322,62831.13
2025-02-28,323,260203.61
2025-02-28,324,255278.91
2025-02-28,325,138889.97
2025-02-28,326,266021.93
2025-02-28,327,156202.38
2025-02-28,328,65221.55
2025-02-28,329,269245.78
2025-02-28,330,99285.77
2025-02-28,331,39477.29
2025-02-28,332,113459.94
2025-02-28,333,199491.59
2025-02-28,334,144428.14
2025-02-28,335,56313.36
2025-02-28,336,340186.92
2025-02-28,337,199593.86
2025-02-28,338,59962.54
2025-02-28,339,77652.87
2025-02-28,340,268157.92
2025-02-28,341,68862.08
2025-02-28,342,199718.4
2025-02-28,343,198923.84
2025-02-28,344,66063.66
2025-02-28,345,136922.83
2025-02-28,346,313425.36
2025-02-28,347,167354.3
2025-02-28,348,50270.43
2025-02-28,349,121728.72
2025-02-28,350,129458.92
2025-02-28,351,314330.85
2025-02-28,352,201207.27
2025-02-28,353,75737.52
2025-02-28,354,169119.33
2025-02-28,355,140233.0
2025-02-28,356,156726.68
2025-02-28,357,103110.15
2025-02-28,358,83327.5
2025-02-28,359,78424.72
2025-02-28,360,91236.24
2025-02-28,361,180256.85
2025-02-28,362,73931.44
2025-02-28,363,39261.69
2025-02-28,364,260703.42
2025-02-28,365,399415.06
2025-02-28,366,92896.22
2025-02-28,367,235438.5
2025-02-28,368,148103.76
2025-02-28,369,196216.2
2025-02-28,370,121276.52
2025-02-28,371,189767.06
2025-02-28,372,151134.68
2025-02-28,373,92660.02
2025-02-28,374,256402.6
2025-02-28,375,164474.57
2025-02-28,376,59105.21
2025-02-28,377,488811.6
2025-02-28,378,73700.97
2025-02-28,379,197996.25
2025-02-28,380,83201.36
2025-02-28,381,55804.05
2025-02-28,382,192779.05
2025-02-28,383,88686.56
2025-02-28,384,142401.11
2025-02-28,385,63507.1
2025-02-28,386,76593.98
2025-02-28,387,291778.38
2025-02-28,388,181246.89
2025-02-28,389,331319.19
2025-02-28,390,257770.32
2025-02-28,391,533573.77
2025-02-28,392,155323.74
2025-02-28,393,322639.0
2025-02-28,394,291194.57
2025-02-28,395,181553.51
2025-02-28,396,119498.19
2025-02-28,397,191251.55
2025-02-28,398,542615.19
2025-02-28,399,101881.54
2025-02-28,400,247428.16
2025-02-28,401,183425.13
2025-02-28,402,126421.09
2025-02-28,403,156810.28
2025-02-28,404,159625.5
2025-02-28,405,287668.84
2025-02-28,406,117474.17
2025-02-28,407,69947.85
2025-02-28,408,131704.73
2025-02-28,409,88711.55
2025-02-28,410,210041.26
2025-02-28,411,111497.68
2025-02-28,412,334813.64
2025-02-28,413,109215.1
2025-02-28,414,527650.03
2025-02-28,415,113795.14
2025-02-28,416,168901.72
2025-02-28,417,53410.85
2025-02-28,418,425172.05
2025-02-28,419,162337.1
2025-02-28,420,142566.72
2025-02-28,421,12743.07
2025-02-28,422,55897.09
2025-02-28,423,44594.86
2025-02-28,424,386715.75
2025-02-28,425,257856.69
2025-02-28,426,192725.91
2025-02-28,427,150801.97
2025-02-28,428,70299.12
2025-02-28,429,147854.49
2025-02-28,430,330895.16
2025-02-28,431,204188.54
2025-02-28,432,174904.82
2025-02-28,433,83186.01
2025-02-28,434,124396.66
2025-02-28,435,16990.67
2025-02-28,436,377472.56
2025-02-28,437,185992.75
2025-02-28,438,52575.89
2025-02-28,439,152708.37
2025-02-28,440,204597.45
2025-02-28,441,222278.77
2025-02-28,442,262195.37
2025-02-28,443,386195.51
2025-02-28,444,57966.77
2025-02-28,445,369174.38
2025-02-28,446,365934.55
2025-02-28,447,124976.53
2025-02-28,448,78329.46
2025-02-28,449,382922.91
2025-02-28,450,73503.01
2025-02-28,451,141344.98
2025-02-28,452,215886.82
2025-02-28,453,68698.68
2025-02-28,454,78710.36
2025-02-28,455,73628.92
2025-02-28,456,135383.36
2025-02-28,457,45324.3
2025-02-28,458,364446.79
2025-02-28,459,299612.53
2025-02-28,460,96088.11
2025-02-28,461,99854.92
2025-02-28,462,68118.74
2025-02-28,463,422132.36
2025-02-28,464,36056.16
2025-02-28,465,67775.65
2025-02-28,466,302911.71
2025-02-28,467,151522.59
2025-02-28,468,57798.61
2025-02-28,469,360219.08
2025-02-28,470,52648.69
2025-02-28,471,300529.9
2025-02-28,472,94054.93
2025-02-28,473,104355.74
2025-02-28,474,155769.22
2025-02-28,475,89125.04
2025-02-28,476,81988.74
2025-02-28,477,333503.77
2025-02-28,478,99288.13
2025-02-28,479,131321.33
2025-02-28,480,120102.58
2025-02-28,481,3653.87
2025-02-28,482,262922.22
2025-02-28,483,430466.07
2025-02-28,484,37368.61
2025-02-28,485,171919.77
2025-02-28,486,34904.74
2025-02-28,487,52437.42
2025-02-28,488,48637.65
2025-02-28,489,286117.86
2025-02-28,490,63123.58
2025-02-28,491,190531.43
2025-02-28,492,49667.9
2025-02-28,493,66751.3
2025-02-28,494,168349.43
2025-02-28,495,160649.85
2025-02-28,496,178504.42
2025-02-28,497,538278.4
2025-02-28,498,82754.77
2025-02-28,499,478689.72
2025-02-28,500,128400.99
2025-02-28,501,181062.35
2025-02-28,502,296294.31
2025-02-28,503,79327.97
2025-02-28,504,121658.55
2025-02-28,505,136225.49
2025-02-28,506,208490.12
2025-02-28,507,121481.79
2025-02-28,508,88294.31
2025-02-28,509,144665.72
2025-02-28,510,67807.14
2025-02-28,511,79460.17
2025-02-28,512,114309.7
2025-02-28,513,344805.79
2025-02-28,514,164110.43
2025-02-28,515,123267.0
2025-02-28,516,312176.84
2025-02-28,517,102840.09
2025-02-28,518,544031.85
2025-02-28,519,189601.28
2025-02-28,520,228756.89
2025-02-28,521,69071.35
2025-02-28,522,34179.17
2025-02-28,523,58006.42
2025-02-28,524,109520.43
2025-02-28,525,151952.67
2025-02-28,526,63815.8
2025-02-28,527,65745.53
2025-02-28,528,176966.86
2025-02-28,529,468982.17
2025-02-28,530,70982.56
2025-02-28,531,259075.92
2025-02-28,532,219096.46
2025-02-28,533,89471.14
2025-02-28,534,153896.33
2025-02-28,535,26038.88
2025-02-28,536,133965.93
2025-02-28,537,30299.44
2025-02-28,538,105383.66
2025-02-28,539,135092.41
2025-02-28,540,236574.69
2025-02-28,541,92739.61
2025-02-28,542,201256.11
2025-02-28,543,309000.52
2025-02-28,544,245144.15
2025-02-28,545,274806.98
2025-02-28,546,198225.61
2025-02-28,547,63563.16
2025-02-28,548,74529.54
2025-02-28,549,78693.17
2025-02-28,550,187146.21
2025-02-28,551,104483.04
2025-02-28,552,62582.82
2025-02-28,553,66838.75
2025-02-28,554,89100.46
2025-02-28,555,111541.39
2025-02-28,556,366941.39
2025-02-28,557,5525.95
2025-02-28,558,45021.49
2025-02-28,559,108747.76
2025-02-28,560,50300.43
2025-02-28,561,277106.08
2025-02-28,562,218625.93
2025-02-28,563,121892.9
2025-02-28,564,176410.24
2025-02-28,565,62790.04
2025-02-28,566,124347.45
2025-02-28,567,237186.19
2025-02-28,568,158427.73
2025-02-28,569,191660.6
2025-02-28,570,33780.69
2025-02-28,571,195286.02
2025-02-28,572,138794.41
2025-02-28,573,137672.91
2025-02-28,574,144474.33
2025-02-28,575,76128.09
2025-02-28,576,86996.56
2025-02-28,577,145235.95
2025-02-28,578,243468.58
2025-02-28,579,251923.29
2025-02-28,580,69873.27
2025-02-28,581,326846.02
2025-02-28,582,281765.68
2025-02-28,583,211551.94
2025-02-28,584,88930.81
2025-02-28,585,30241.3
2025-02-28,586,115250.08
2025-02-28,587,346788.55
2025-02-28,588,81301.95
2025-02-28,589,276433.83
2025-02-28,590,48090.54
2025-02-28,591,111360.45
2025-02-28,592,105060.01
2025-02-28,593,149148.69
2025-02-28,594,329519.51
2025-02-28,595,118170.48
2025-02-28,596,76366.91
2025-02-28,597,73731.34
2025-02-28,598,286262.31
2025-02-28,599,68937.26
2025-02-28,600,146282.97
2025-02-28,601,103134.44
2025-02-28,602,736596.62
2025-02-28,603,207691.97
2025-02-28,604,65591.4
2025-02-28,605,160319.44
2025-02-28,606,116662.68
2025-02-28,607,573496.31
2025-02-28,608,94027.23
2025-02-28,609,101189.82
2025-02-28,610,119846.0
2025-02-28,611,66829.44
2025-02-28,612,209791.21
2025-02-28,613,166734.2
2025-02-28,614,217870.96
2025-02-28,615,118205.84
2025-02-28,616,50179.66
2025-02-28,617,185790.32
2025-02-28,618,262637.25
2025-02-28,619,289908.76
2025-02-28,620,72298.27
2025-02-28,621,248657.23
2025-02-28,622,43243.33
2025-02-28,623,167717.14
2025-02-28,624,238161.58
2025-02-28,625,286418.95
2025-02-28,626,105974.0
2025-02-28,627,216583.34
2025-02-28,628,195178.31
2025-02-28,629,88170.96
2025-02-28,630,126863.66
2025-02-28,631,48207.07
2025-02-28,632,131277.28
2025-02-28,633,166072.21
2025-02-28,634,110469.02
2025-02-28,635,97824.59
2025-02-28,636,112874.22
2025-02-28,637,1049759.66
2025-02-28,638,58366.19
2025-02-28,639,79902.65
2025-02-28,640,205889.27
2025-02-28,641,78803.94
2025-02-28,642,166681.46
2025-02-28,643,94921.19
2025-02-28,644,176883.05
2025-02-28,645,498394.98
2025-02-28,646,96145.91
2025-02-28,647,101750.79
2025-02-28,648,200096.01
2025-02-28,649,146398.26
2025-02-28,650,190224.68
2025-02-28,651,102399.89
2025-02-28,652,134377.86
2025-02-28,653,47107.14
2025-02-28,654,632059.65
2025-02-28,655,205842.71
2025-02-28,656,119543.55
2025-02-28,657,110506.4
2025-02-28,658,162680.16
2025-02-28,659,233135.49
2025-02-28,660,132981.58
2025-02-28,661,54000.43
2025-02-28,662,61451.52
2025-02-28,663,118327.92
2025-02-28,664,105509.59
2025-02-28,665,90001.62
2025-02-28,666,185637.36
2025-02-28,667,65716.66
2025-02-28,668,126857.77
2025-02-28,669,13663.53
2025-02-28,670,213187.19
2025-02-28,671,40686.16
2025-02-28,672,138138.97
2025-02-28,673,109027.84
2025-02-28,674,165594.77
2025-02-28,675,128262.5
2025-02-28,676,430918.41
2025-02-28,677,103071.41
2025-02-28,678,113961.52
2025-02-28,679,16303.48
2025-02-28,680,133618.15
2025-02-28,681,33223.38
2025-02-28,682,121891.99
2025-02-28,683,50741.81
2025-02-28,684,84911.89
2025-02-28,685,152487.1
2025-02-28,686,127311.1
2025-02-28,687,126154.39
2025-02-28,688,107046.02
2025-02-28,689,154610.48
2025-02-28,690,153019.79
2025-02-28,691,167315.41
2025-02-28,692,57092.86
2025-02-28,693,61909.78
2025-02-28,694,83269.69
2025-02-28,695,415991.82
2025-02-28,696,43868.61
2025-02-28,697,172655.54
2025-02-28,698,54005.59
2025-02-28,699,186679.53
2025-02-28,700,69875.06
2025-02-28,701,40708.62
2025-02-28,702,63886.94
2025-02-28,703,91936.46
2025-02-28,704,107752.53
2025-02-28,705,71578.09
2025-02-28,706,458059.44
2025-02-28,707,120839.02
2025-02-28,708,279699.61
2025-02-28,709,42503.56
2025-02-28,710,199895.29
2025-02-28,711,116670.26
2025-02-28,712,116967.84
2025-02-28,713,128332.61
2025-02-28,714,810368.43
2025-02-28,715,246036.77
2025-02-28,716,118535.87
2025-02-28,717,159902.77
2025-02-28,718,371392.49
2025-02-28,719,67855.68
2025-02-28,720,87033.88
2025-02-28,721,44939.0
2025-02-28,722,186392.84
2025-02-28,723,308860.15
2025-02-28,724,56841.3
2025-02-28,725,176584.72
2025-02-28,726,172615.93
2025-02-28,727,96169.13
2025-02-28,728,70777.99
2025-02-28,729,210535.31
2025-02-28,730,205465.5
2025-02-28,731,112134.36
2025-02-28,732,107579.23
2025-02-28,733,279936.22
2025-02-28,734,116631.93
2025-02-28,735,124906.73
2025-02-28,736,512314.88
2025-02-28,737,56248.61
2025-02-28,738,179047.72
2025-02-28,739,69388.15
2025-02-28,740,188413.36
2025-02-28,741,341120.7
2025-02-28,742,117153.16
2025-02-28,743,33137.39
2025-02-28,744,82738.31
2025-02-28,745,107180.52
2025-02-28,746,200016.99
2025-02-28,747,162940.59
2025-02-28,748,50998.53
2025-02-28,749,126974.06
2025-02-28,750,101078.22
2025-02-28,751,185580.9
2025-02-28,752,125696.55
2025-02-28,753,36876.42
2025-02-28,754,97196.48
2025-02-28,755,94854.11
2025-02-28,756,131759.17
2025-02-28,757,416378.4
2025-02-28,758,398327.38
2025-02-28,759,88824.81
2025-02-28,760,240295.36
2025-02-28,761,112912.5
2025-02-28,762,93258.6
2025-02-28,763,128022.19
2025-02-28,764,82433.09
2025-02-28,765,78621.7
2025-02-28,766,133872.34
2025-02-28,767,97042.49
2025-02-28,768,45380.84
2025-02-28,769,200194.88
2025-02-28,770,178950.46
2025-02-28,771,279475.82
2025-02-28,772,134050.79
2025-02-28,773,132937.49
2025-02-28,774,50758.51
2025-02-28,775,143555.83
2025-02-28,776,212571.2
2025-02-28,777,543242.12
2025-02-28,778,45775.75
2025-02-28,779,219571.68
2025-02-28,780,364352.18
2025-02-28,781,41751.33
2025-02-28,782,143593.68
2025-02-28,783,103679.28
2025-02-28,784,89621.82
2025-02-28,785,24794.58
2025-02-28,786,218235.05
2025-02-28,787,253428.9
2025-02-28,788,298967.22
2025-02-28,789,44033.27
2025-02-28,790,168001.82
2025-02-28,791,119790.56
2025-02-28,792,66402.37
2025-02-28,793,308092.16
2025-02-28,794,106056.95
2025-02-28,795,133966.08
2025-02-28,796,516383.2
2025-02-28,797,35786.8
2025-02-28,798,213201.69
2025-02-28,799,511285.97
2025-02-28,800,160273.45
2025-02-28,801,304366.67
2025-02-28,802,24852.36
2025-02-28,803,169270.07
2025-02-28,804,122054.76
2025-02-28,805,122128.03
2025-02-28,806,132070.43
2025-02-28,807,34334.56
2025-02-28,808,167040.89
2025-02-28,809,80717.07
2025-02-28,810,130561.81
2025-02-28,811,110142.46
2025-02-28,812,95125.63
2025-02-28,813,38688.98
2025-02-28,814,476400.07
2025-02-28,815,202203.48
2025-02-28,816,393303.45
2025-02-28,817,98629.06
2025-02-28,818,149187.73
2025-02-28,819,111792.85
2025-02-28,820,189734.5
2025-02-28,821,112002.15
2025-02-28,822,238953.68
2025-02-28,823,243426.32
2025-02-28,824,211017.82
2025-02-28,825,219429.85
2025-02-28,826,269705.44
2025-02-28,827,241508.53
2025-02-28,828,92460.56
2025-02-28,829,403122.0
2025-02-28,830,142869.79
2025-02-28,831,210545.98
2025-02-28,832,52550.2
2025-02-28,833,438461.07
2025-02-28,834,208692.11
2025-02-28,835,103731.79
2025-02-28,836,374993.47
2025-02-28,837,149353.49
2025-02-28,838,327534.7
2025-02-28,839,185118.78
2025-02-28,840,51631.43
2025-02-28,841,442067.66
2025-02-28,842,102536.62
2025-02-28,843,64383.38
2025-02-28,844,71575.76
2025-02-28,845,257582.87
2025-02-28,846,197925.58
2025-02-28,847,106488.06
2025-02-28,848,109885.29
2025-02-28,849,80337.02
2025-02-28,850,109826.44
2025-02-28,851,48586.03
2025-02-28,852,649890.71
2025-02-28,853,71913.35
2025-02-28,854,67014.04
2025-02-28,855,140554.09
2025-02-28,856,68879.37
2025-02-28,857,44238.87
2025-02-28,858,124042.14
2025-02-28,859,220498.25
2025-02-28,860,19108.38
2025-02-28,861,181309.68
2025-02-28,862,98625.38
2025-02-28,863,203871.34
2025-02-28,864,996671.21
2025-02-28,865,25427.4
2025-02-28,866,84808.15
2025-02-28,867,126343.82
2025-02-28,868,158603.02
2025-02-28,869,123564.07
2025-02-28,870,53630.69
2025-02-28,871,65778.0
2025-02-28,872,99045.78
2025-02-28,873,67211.83
2025-02-28,874,89754.85
2025-02-28,875,90847.9
2025-02-28,876,392411.18
2025-02-28,877,244914.28
2025-02-28,878,79564.68
2025-02-28,879,118447.95
2025-02-28,880,41741.13
2025-02-28,881,128875.7
2025-02-28,882,258997.73
2025-02-28,883,260136.39
2025-02-28,884,402101.68
2025-02-28,885,172187.38
2025-02-28,886,45177.81
2025-02-28,887,52811.41
2025-02-28,888,94964.28
2025-02-28,889,368213.4
2025-02-28,890,177469.84
2025-02-28,891,136232.23
2025-02-28,892,276457.5
2025-02-28,893,247282.52
2025-02-28,894,174270.75
2025-02-28,895,166332.56
2025-02-28,896,401617.03
2025-02-28,897,247465.46
2025-02-28,898,110999.7
2025-02-28,899,154846.37
2025-02-28,900,148456.17
2025-02-28,901,96550.86
2025-02-28,902,341078.98
2025-02-28,903,386563.88
2025-02-28,904,93934.41
2025-02-28,905,263890.44
2025-02-28,906,126325.58
2025-02-28,907,119343.08
2025-02-28,908,88534.46
2025-02-28,909,63190.84
2025-02-28,910,139457.35
2025-02-28,911,52219.79
2025-02-28,912,262801.71
2025-02-28,913,548859.34
2025-02-28,914,98103.8
2025-02-28,915,119012.23
2025-02-28,916,113709.77
2025-02-28,917,151547.14
2025-02-28,918,129207.18
2025-02-28,919,87338.04
2025-02-28,920,218565.47
2025-02-28,921,103774.94
2025-02-28,922,103316.41
2025-02-28,923,133264.99
2025-02-28,924,47179.62
2025-02-28,925,135439.46
2025-02-28,926,130330.01
2025-02-28,927,127186.6
2025-02-28,928,245922.7
2025-02-28,929,321850.63
2025-02-28,930,296046.56
2025-02-28,931,156913.94
2025-02-28,932,197025.6
2025-02-28,933,67859.09
2025-02-28,934,86600.75
2025-02-28,935,291761.31
2025-02-28,936,231105.15
2025-02-28,937,74618.72
2025-02-28,938,120518.01
2025-02-28,939,39437.45
2025-02-28,940,201820.08
2025-02-28,941,123406.76
2025-02-28,942,117840.97
2025-02-28,943,150785.54
2025-02-28,944,146980.23
2025-02-28,945,112123.51
2025-02-28,946,146878.91
2025-02-28,947,812834.42
2025-02-28,948,170639.78
2025-02-28,949,81272.73
2025-02-28,950,248788.58
2025-02-28,951,347935.5
2025-02-28,952,106543.9
2025-02-28,953,48517.61
2025-02-28,954,279431.46
2025-02-28,955,148571.24
2025-02-28,956,150806.33
2025-02-28,957,231114.74
2025-02-28,958,175519.53
2025-02-28,959,312130.11
2025-02-28,960,257707.67
2025-02-28,961,252053.5
2025-02-28,962,131747.85
2025-02-28,963,70970.51
2025-02-28,964,119212.48
2025-02-28,965,217368.73
2025-02-28,966,274405.15
2025-02-28,967,166427.63
2025-02-28,968,254680.6
2025-02-28,969,305357.72
2025-02-28,970,162031.73
2025-02-28,971,107027.5
2025-02-28,972,156268.34
2025-02-28,973,69136.91
2025-02-28,974,194879.62
2025-02-28,975,30533.44
2025-02-28,976,347670.81
2025-02-28,977,203072.78
2025-02-28,978,158481.38
2025-02-28,979,42782.45
2025-02-28,980,116568.53
2025-02-28,981,91648.43
2025-02-28,982,86514.34
2025-02-28,983,150827.37
2025-02-28,984,95266.1
2025-02-28,985,29108.27
2025-02-28,986,67665.27
2025-02-28,987,101933.37
2025-02-28,988,139389.1
2025-02-28,989,79511.12
2025-02-28,990,223887.15
2025-02-28,991,216302.45
2025-02-28,992,128985.63
2025-02-28,993,125201.68
2025-02-28,994,121221.62
2025-02-28,995,44438.46
2025-02-28,996,758099.24
2025-02-28,997,490056.11
2025-02-28,998,190154.43
2025-02-28,999,135168.56
2025-02-28,1000,89865.95
2025-02-28,1001,104673.16
2025-02-28,1002,275776.91
2025-02-28,1003,139256.17
2025-02-28,1004,116922.69
2025-02-28,1005,143938.74
2025-02-28,1006,18548.2
2025-02-28,1007,47166.93
2025-02-28,1008,219575.18
2025-02-28,1009,195834.01
2025-02-28,1010,123495.88
2025-02-28,1011,111716.66
2025-02-28,1012,1617.15
2025-02-28,1013,87630.32
2025-02-28,1014,74631.08
2025-02-28,1015,130675.57
2025-02-28,1016,375350.91
2025-02-28,1017,169080.91
2025-02-28,1018,92722.63
2025-02-28,1019,113483.51
2025-02-28,1020,130908.93
2025-02-28,1021,159120.5
2025-02-28,1022,393061.87
2025-02-28,1023,130451.79
2025-02-28,1024,53157.54
2025-02-28,1025,108179.74
2025-02-28,1026,82976.16
2025-02-28,1027,76645.7
2025-02-28,1028,230228.58
2025-02-28,1029,202134.63
2025-02-28,1030,90159.4
2025-02-28,1031,238118.85
2025-02-28,1032,325420.14
2025-02-28,1033,107297.23
2025-02-28,1034,318386.72
2025-02-28,1035,87417.22
2025-02-28,1036,243853.42
2025-02-28,1037,123609.41
2025-02-28,1038,401780.67
2025-02-28,1039,151289.05
2025-02-28,1040,109309.66
2025-02-28,1041,124477.37
2025-02-28,1042,90931.5
2025-02-28,1043,141979.72
2025-02-28,1044,201585.13
2025-02-28,1045,105881.08
2025-02-28,1046,419845.44
2025-02-28,1047,111932.67
2025-02-28,1048,224403.0
2025-02-28,1049,516859.62
2025-02-28,1050,82608.01
2025-02-28,1051,97060.43
2025-02-28,1052,652030.14
2025-02-28,1053,90976.75
2025-02-28,1054,370956.37
2025-02-28,1055,83682.35
2025-02-28,1056,156607.77
2025-02-28,1057,189543.57
2025-02-28,1058,172570.42
2025-02-28,1059,110960.86
2025-02-28,1060,163548.96
2025-02-28,1061,273544.24
2025-02-28,1062,359426.64
2025-02-28,1063,85377.97
2025-02-28,1064,141847.41
2025-02-28,1065,114789.66
2025-02-28,1066,290606.19
2025-02-28,1067,353590.6
2025-02-28,1068,146558.96
2025-02-28,1069,287979.97
2025-02-28,1070,161975.35
2025-02-28,1071,172697.38
2025-02-28,1072,91382.49
2025-02-28,1073,260379.69
2025-02-28,1074,462375.66
2025-02-28,1075,172046.4
2025-02-28,1076,28132.49
2025-02-28,1077,72944.19
2025-02-28,1078,212756.74
2025-02-28,1079,124261.73
2025-02-28,1080,206405.92
2025-02-28,1081,391291.25
2025-02-28,1082,182160.95
2025-02-28,1083,34196.61
2025-02-28,1084,76294.24
2025-02-28,1085,114001.29
2025-02-28,1086,170397.21
2025-02-28,1087,332901.84
2025-02-28,1088,167971.37
2025-02-28,1089,167656.68
2025-02-28,1090,140932.22
2025-02-28,1091,94067.78
2025-02-28,1092,45385.08
2025-02-28,1093,104823.58
2025-02-28,1094,430032.98
2025-02-28,1095,83478.98
2025-02-28,1096,41830.38
2025-02-28,1097,104776.74
2025-02-28,1098,163979.32
2025-02-28,1099,94528.0
2025-02-28,1100,135427.78
2025-02-28,1101,60088.48
2025-02-28,1102,242201.14
2025-02-28,1103,63663.69
2025-02-28,1104,72020.59
2025-02-28,1105,247247.76
2025-02-28,1106,136511.35
2025-02-28,1107,76597.32
2025-02-28,1108,393432.27
2025-02-28,1109,140586.14
2025-02-28,1110,110224.3
2025-02-28,1111,129857.35
2025-02-28,1112,74506.99
2025-02-28,1113,82368.75
2025-02-28,1114,477195.15
2025-02-28,1115,178450.41
2025-02-28,1116,104756.55
2025-02-28,1117,121152.89
2025-02-28,1118,285553.32
2025-02-28,1119,297016.71
2025-02-28,1120,100546.93
2025-02-28,1121,192347.24
2025-02-28,1122,70879.62
2025-02-28,1123,175873.41
2025-02-28,1124,206312.88
2025-02-28,1125,159891.25
2025-02-28,1126,41218.68
2025-02-28,1127,138990.21
2025-02-28,1128,268599.57
2025-02-28,1129,128024.77
2025-02-28,1130,141663.29
2025-02-28,1131,183429.88
2025-02-28,1132,83027.31
2025-02-28,1133,51571.59
2025-02-28,1134,153735.6
2025-02-28,1135,121159.93
2025-02-28,1136,248970.08
2025-02-28,1137,75832.36
2025-02-28,1138,73642.52
2025-02-28,1139,254827.37
2025-02-28,1140,47747.01
2025-02-28,1141,127395.41
2025-02-28,1142,411564.11
2025-02-28,1143,314362.94
2025-02-28,1144,153316.2
2025-02-28,1145,68031.33
2025-02-28,1146,88513.17
2025-02-28,1147,97459.44
2025-02-28,1148,131366.19
2025-02-28,1149,197277.8
2025-02-28,1150,102642.79
2025-02-28,1151,719120.92
2025-02-28,1152,143846.27
2025-02-28,1153,73100.76
2025-02-28,1154,117376.82
2025-02-28,1155,78673.03
2025-02-28,1156,47641.49
2025-02-28,1157,339366.73
2025-02-28,1158,113367.35
2025-02-28,1159,124273.82
2025-02-28,1160,77223.48
2025-02-28,1161,52606.73
2025-02-28,1162,246706.17
2025-02-28,1163,96567.98
2025-02-28,1164,165219.96
2025-02-28,1165,326785.8
2025-02-28,1166,76671.81
2025-02-28,1167,136330.02
2025-02-28,1168,208712.77
2025-02-28,1169,27173.97
2025-02-28,1170,102188.52
2025-02-28,1171,110643.11
2025-02-28,1172,78849.44
2025-02-28,1173,347093.11
2025-02-28,1174,171998.22
2025-02-28,1175,118339.0
2025-02-28,1176,83547.07
2025-02-28,1177,78618.4
2025-02-28,1178,684947.63
2025-02-28,1179,105628.07
2025-02-28,1180,293656.78
2025-02-28,1181,266877.36
2025-02-28,1182,369204.74
2025-02-28,1183,208442.26
2025-02-28,1184,69079.23
2025-02-28,1185,32408.34
2025-02-28,1186,112913.46
2025-02-28,1187,97688.65
2025-02-28,1188,109308.29
2025-02-28,1189,79629.5
2025-02-28,1190,128629.57
2025-02-28,1191,232706.31
2025-02-28,1192,149826.13
2025-02-28,1193,96230.82
2025-02-28,1194,188304.31
2025-02-28,1195,262869.58
2025-02-28,1196,84485.78
2025-02-28,1197,204022.49
2025-02-28,1198,75724.07
2025-02-28,1199,160813.76
2025-02-28,1200,92950.94
2025-02-28,1201,231332.02
2025-02-28,1202,327332.46
2025-02-28,1203,119231.44
2025-02-28,1204,149648.31
2025-02-28,1205,105409.48
2025-02-28,1206,80059.58
2025-02-28,1207,82904.94
2025-02-28,1208,143393.96
2025-02-28,1209,153084.73
2025-02-28,1210,112432.75
2025-02-28,1211,59850.94
2025-02-28,1212,429702.06
2025-02-28,1213,48113.74
2025-02-28,1214,157915.54
2025-02-28,1215,275275.57
2025-02-28,1216,118138.29
2025-02-28,1217,16858.43
2025-02-28,1218,46367.24
2025-02-28,1219,169474.45
2025-02-28,1220,433326.49
2025-02-28,1221,216316.35
2025-02-28,1222,111326.59
2025-02-28,1223,104882.7
2025-02-28,1224,212311.6
2025-02-28,1225,101596.25
2025-02-28,1226,51881.3
2025-02-28,1227,69930.75
2025-02-28,1228,127094.86
2025-02-28,1229,119203.87
2025-02-28,1230,212307.7
2025-02-28,1231,633519.3
2025-02-28,1232,130653.74
2025-02-28,1233,223359.16
2025-02-28,1234,137889.24
2025-02-28,1235,427695.55
2025-02-28,1236,175074.7
2025-02-28,1237,284072.4
2025-02-28,1238,30240.07
2025-02-28,1239,217487.34
2025-02-28,1240,119461.43
2025-02-28,1241,72149.13
2025-02-28,1242,145604.68
2025-02-28,1243,191566.54
2025-02-28,1244,214583.14
2025-02-28,1245,61091.96
2025-02-28,1246,169829.41
2025-02-28,1247,114844.81
2025-02-28,1248,196581.26
2025-02-28,1249,282434.27
2025-02-28,1250,320541.44
2025-02-28,1251,110760.95
2025-02-28,1252,240504.38
2025-02-28,1253,153052.84
2025-02-28,1254,86206.66
2025-02-28,1255,44966.82
2025-02-28,1256,143584.58
2025-02-28,1257,36178.54
2025-02-28,1258,50479.01
2025-02-28,1259,219699.08
2025-02-28,1260,133575.52
2025-02-28,1261,246095.78
2025-02-28,1262,138758.28
2025-02-28,1263,316773.59
2025-02-28,1264,63004.99
2025-02-28,1265,350997.7
2025-02-28,1266,271184.16
2025-02-28,1267,108324.07
2025-02-28,1268,144310.57
2025-02-28,1269,61973.85
2025-02-28,1270,50486.56
2025-02-28,1271,129358.6
2025-02-28,1272,165432.08
2025-02-28,1273,205768.69
2025-02-28,1274,256036.85
2025-02-28,1275,183026.54
2025-02-28,1276,79739.96
2025-02-28,1277,78380.04
2025-02-28,1278,701341.48
2025-02-28,1279,317081.81
2025-02-28,1280,307129.57
2025-02-28,1281,251705.15
2025-02-28,1282,142493.43
2025-02-28,1283,115815.35
2025-02-28,1284,117766.62
2025-02-28,1285,143254.88
2025-02-28,1286,173990.27
2025-02-28,1287,348231.4
2025-02-28,1288,78407.38
2025-02-28,1289,68708.61
2025-02-28,1290,154225.54
2025-02-28,1291,283391.27
2025-02-28,1292,297264.34
2025-02-28,1293,30275.83
2025-02-28,1294,124722.61
2025-02-28,1295,271892.34
2025-02-28,1296,62766.17
2025-02-28,1297,73316.95
2025-02-28,1298,106369.48
2025-02-28,1299,306360.54
2025-02-28,1300,80531.63
2025-02-28,1301,142643.4
2025-02-28,1302,97343.36
2025-02-28,1303,421051.51
2025-02-28,1304,92176.62
2025-02-28,1305,230173.17
2025-02-28,1306,82913.63
2025-02-28,1307,183016.69
2025-02-28,1308,122720.2
2025-02-28,1309,83438.41
2025-02-28,1310,64910.39
2025-02-28,1311,201283.55
2025-02-28,1312,125828.17
2025-02-28,1313,138413.23
2025-02-28,1314,52288.51
2025-02-28,1315,114684.81
2025-02-28,1316,126898.04
2025-02-28,1317,156083.71
2025-02-28,1318,53814.35
2025-02-28,1319,77925.05
2025-02-28,1320,124628.35
2025-02-28,1321,71432.86
2025-02-28,1322,74052.59
2025-02-28,1323,372546.51
2025-02-28,1324,256233.27
2025-02-28,1325,142738.86
2025-02-28,1326,63692.95
2025-02-28,1327,229751.75
2025-02-28,1328,314851.43
2025-02-28,1329,94877.06
2025-02-28,1330,222206.94
2025-02-28,1331,103386.29
2025-02-28,1332,108250.11
2025-02-28,1333,105303.05
2025-02-28,1334,68909.08
2025-02-28,1335,123715.13
2025-02-28,1336,97713.52
2025-02-28,1337,69395.53
2025-02-28,1338,176081.75
2025-02-28,1339,145589.08
2025-02-28,1340,58499.39
2025-02-28,1341,126381.46
2025-02-28,1342,151825.84
2025-02-28,1343,229896.6
2025-02-28,1344,186946.81
2025-02-28,1345,124022.65
2025-02-28,1346,102004.28
2025-02-28,1347,180080.45
2025-02-28,1348,90142.18
2025-02-28,1349,70975.91
2025-02-28,1350,85481.19
2025-02-28,1351,153013.37
2025-02-28,1352,305675.59
2025-02-28,1353,162516.14
2025-02-28,1354,68513.61
2025-02-28,1355,186191.74
2025-02-28,1356,174980.79
2025-02-28,1357,112398.36
2025-02-28,1358,203895.93
2025-02-28,1359,157302.41
2025-02-28,1360,187750.73
2025-02-28,1361,131513.7
2025-02-28,1362,201610.14
2025-02-28,1363,96560.4
2025-02-28,1364,198025.36
2025-02-28,1365,333922.42
2025-02-28,1366,110052.12
2025-02-28,1367,66832.7
2025-02-28,1368,285445.11
2025-02-28,1369,262778.87
2025-02-28,1370,91087.83
2025-02-28,1371,143499.14
2025-02-28,1372,314553.94
2025-02-28,1373,240098.32
2025-02-28,1374,171493.84
2025-02-28,1375,44186.0
2025-02-28,1376,185303.55
2025-02-28,1377,79374.02
2025-02-28,1378,151811.29
2025-02-28,1379,143096.92
2025-02-28,1380,115113.91
2025-02-28,1381,146135.65
2025-02-28,1382,116863.18
2025-02-28,1383,32813.11
2025-02-28,1384,71808.64
2025-02-28,1385,48711.17
2025-02-28,1386,64316.2
2025-02-28,1387,620988.89
2025-02-28,1388,321628.77
2025-02-28,1389,489332.89
2025-02-28,1390,27385.17
2025-02-28,1391,97024.76
2025-02-28,1392,398807.02
2025-02-28,1393,242205.09
2025-02-28,1394,66434.62
2025-02-28,1395,62594.12
2025-02-28,1396,141980.48
2025-02-28,1397,162756.14
2025-02-28,1398,107314.68
2025-02-28,1399,199652.85
2025-02-28,1400,30098.1
2025-02-28,1401,285949.15
2025-02-28,1402,133844.67
2025-02-28,1403,131114.8
2025-02-28,1404,67992.53
2025-02-28,1405,57831.09
2025-02-28,1406,50523.5
2025-02-28,1407,243374.24
2025-02-28,1408,235854.72
2025-02-28,1409,72724.56
2025-02-28,1410,107761.53
2025-02-28,1411,68066.94
2025-02-28,1412,173185.5
2025-02-28,1413,113950.81
2025-02-28,1414,48778.74
2025-02-28,1415,98616.6
2025-02-28,1416,159735.82
2025-02-28,1417,119949.04
2025-02-28,1418,515886.93
2025-02-28,1419,25389.98
2025-02-28,1420,169152.37
2025-02-28,1421,200056.12
2025-02-28,1422,36754.71
2025-02-28,1423,229731.77
2025-02-28,1424,239644.35
2025-02-28,1425,104717.17
2025-02-28,1426,66148.17
2025-02-28,1427,80061.58
2025-02-28,1428,43544.74
2025-02-28,1429,78707.08
2025-02-28,1430,75180.67
2025-02-28,1431,174823.79
2025-02-28,1432,174965.35
2025-02-28,1433,49714.45
2025-02-28,1434,89587.42
2025-02-28,1435,466825.29
2025-02-28,1436,432834.32
2025-02-28,1437,105888.79
2025-02-28,1438,174361.14
2025-02-28,1439,155361.27
2025-02-28,1440,140217.9
2025-02-28,1441,100040.45
2025-02-28,1442,114751.77
2025-02-28,1443,100439.06
2025-02-28,1444,253090.33
2025-02-28,1445,91598.72
2025-02-28,1446,121682.46
2025-02-28,1447,56196.12
2025-02-28,1448,135054.13
2025-02-28,1449,29018.03
2025-02-28,1450,142940.53
2025-02-28,1451,26737.43
2025-02-28,1452,199960.68
2025-02-28,1453,84950.24
2025-02-28,1454,57204.66
2025-02-28,1455,173691.24
2025-02-28,1456,58016.42
2025-02-28,1457,285131.58
2025-02-28,1458,193144.68
2025-02-28,1459,225543.11
2025-02-28,1460,160103.94
2025-02-28,1461,138199.88
2025-02-28,1462,242775.39
2025-02-28,1463,366807.41
2025-02-28,1464,693416.05
2025-02-28,1465,153549.61
2025-02-28,1466,192051.44
2025-02-28,1467,91422.06
2025-02-28,1468,100612.62
2025-02-28,1469,71253.57
2025-02-28,1470,280458.62
2025-02-28,1471,138351.87
2025-02-28,1472,81301.25
2025-02-28,1473,166186.34
2025-02-28,1474,137661.55
2025-02-28,1475,92860.49
2025-02-28,1476,59531.64
2025-02-28,1477,389393.83
2025-02-28,1478,151400.32
2025-02-28,1479,130547.25
2025-02-28,1480,294505.12
2025-02-28,1481,209799.34
2025-02-28,1482,117056.71
2025-02-28,1483,302806.22
2025-02-28,1484,386033.13
2025-02-28,1485,76081.08
2025-02-28,1486,112152.41
2025-02-28,1487,255845.02
2025-02-28,1488,130654.21
2025-02-28,1489,210617.63
2025-02-28,1490,293976.14
2025-02-28,1491,224006.22
2025-02-28,1492,132606.34
2025-02-28,1493,423750.76
2025-02-28,1494,11465.98
2025-02-28,1495,135008.63
2025-02-28,1496,57536.43
2025-02-28,1497,77383.79
2025-02-28,1498,207001.39
2025-02-28,1499,184431.35
2025-02-28,1500,250568.81
2025-02-28,1501,95445.34
2025-02-28,1502,42709.39
2025-02-28,1503,78259.7
2025-02-28,1504,136105.48
2025-02-28,1505,263653.3
2025-02-28,1506,57884.91
2025-02-28,1507,80013.36
2025-02-28,1508,25018.28
2025-02-28,1509,222583.15
2025-02-28,1510,91331.48
2025-02-28,1511,64567.88
2025-02-28,1512,141406.51
2025-02-28,1513,134013.82
2025-02-28,1514,92918.25
2025-02-28,1515,40574.88
2025-02-28,1516,279340.58
2025-02-28,1517,168381.17
2025-02-28,1518,269697.88
2025-02-28,1519,105781.41
2025-02-28,1520,107590.87
2025-02-28,1521,143040.03
2025-02-28,1522,47609.87
2025-02-28,1523,58078.43
2025-02-28,1524,98929.76
2025-02-28,1525,79702.43
2025-02-28,1526,133980.61
2025-02-28,1527,62431.56
2025-02-28,1528,331985.17
2025-02-28,1529,83649.42
2025-02-28,1530,243071.65
2025-02-28,1531,181824.96
2025-02-28,1532,168085.82
2025-02-28,1533,89233.3
2025-02-28,1534,107242.73
2025-02-28,1535,59031.09
2025-02-28,1536,236923.82
2025-02-28,1537,157150.38
2025-02-28,1538,231612.74
2025-02-28,1539,174008.22
2025-02-28,1540,269268.73
2025-02-28,1541,92967.82
2025-02-28,1542,159249.32
2025-02-28,1543,89352.57
2025-02-28,1544,228708.79
2025-02-28,1545,129666.47
2025-02-28,1546,103773.44
2025-02-28,1547,865103.53
2025-02-28,1548,147720.68
2025-02-28,1549,502853.1
2025-02-28,1550,420414.66
2025-02-28,1551,109863.96
2025-02-28,1552,466633.39
2025-02-28,1553,99563.94
2025-02-28,1554,55487.08
2025-02-28,1555,218088.6
2025-02-28,1556,237252.01
2025-02-28,1557,175882.09
2025-02-28,1558,147858.01
2025-02-28,1559,95929.91
2025-02-28,1560,34652.59
2025-02-28,1561,248305.9
2025-02-28,1562,103053.98
2025-02-28,1563,95835.97
2025-02-28,1564,119480.96
2025-02-28,1565,79816.04
2025-02-28,1566,246713.69
2025-02-28,1567,215009.32
2025-02-28,1568,116230.01
2025-02-28,1569,212290.59
2025-02-28,1570,200234.46
2025-02-28,1571,88781.21
2025-02-28,1572,164879.68
2025-02-28,1573,85605.52
2025-02-28,1574,68465.55
2025-02-28,1575,54535.24
2025-02-28,1576,88929.78
2025-02-28,1577,63341.8
2025-02-28,1578,230893.18
2025-02-28,1579,150793.41
2025-02-28,1580,159150.29
2025-02-28,1581,465206.77
2025-02-28,1582,64992.34
2025-02-28,1583,23770.99
2025-02-28,1584,30760.61
2025-02-28,1585,70087.83
2025-02-28,1586,128343.96
2025-02-28,1587,206031.2
2025-02-28,1588,83854.41
2025-02-28,1589,174121.0
2025-02-28,1590,92388.97
2025-02-28,1591,199406.27
2025-02-28,1592,135846.51
2025-02-28,1593,178020.18
2025-02-28,1594,112805.48
2025-02-28,1595,156104.82
2025-02-28,1596,105198.67
2025-02-28,1597,94001.85
2025-02-28,1598,140070.74
2025-02-28,1599,193796.28
2025-02-28,1600,412209.65
2025-02-28,1601,73079.58
2025-02-28,1602,279910.02
2025-02-28,1603,142038.93
2025-02-28,1604,378864.49
2025-02-28,1605,82175.12
2025-02-28,1606,182497.03
2025-02-28,1607,300110.54
2025-02-28,1608,321220.3
2025-02-28,1609,173141.34
2025-02-28,1610,62935.16
2025-02-28,1611,107506.35
2025-02-28,1612,117098.77
2025-02-28,1613,200735.32
2025-02-28,1614,173415.62
2025-02-28,1615,227721.58
2025-02-28,1616,104362.28
2025-02-28,1617,98769.81
2025-02-28,1618,44011.88
2025-02-28,1619,77135.28
2025-02-28,1620,57103.48
2025-02-28,1621,55555.4
2025-02-28,1622,99733.57
2025-02-28,1623,260400.11
2025-02-28,1624,134328.78
2025-02-28,1625,102129.25
2025-02-28,1626,161754.92
2025-02-28,1627,180194.83
2025-02-28,1628,75452.1
2025-02-28,1629,41984.53
2025-02-28,1630,132174.02
2025-02-28,1631,115654.5
2025-02-28,1632,78177.12
2025-02-28,1633,130333.16
2025-02-28,1634,67376.45
2025-02-28,1635,239205.05
2025-02-28,1636,74932.57
2025-02-28,1637,119947.58
2025-02-28,1638,151704.94
2025-02-28,1639,55239.09
2025-02-28,1640,204630.86
2025-02-28,1641,172166.74
2025-02-28,1642,211555.73
2025-02-28,1643,80523.06
2025-02-28,1644,229243.29
2025-02-28,1645,76751.32
2025-02-28,1646,229090.96
2025-02-28,1647,238219.87
2025-02-28,1648,20961.42
2025-02-28,1649,72920.93
2025-02-28,1650,53512.85
2025-02-28,1651,274670.73
2025-02-28,1652,215093.22
2025-02-28,1653,55960.6
2025-02-28,1654,95855.79
2025-02-28,1655,43419.06
2025-02-28,1656,165492.02
2025-02-28,1657,284763.24
2025-02-28,1658,94724.13
2025-02-28,1659,190540.04
2025-02-28,1660,64379.19
2025-02-28,1661,102746.7
2025-02-28,1662,90946.25
2025-02-28,1663,51657.14
2025-02-28,1664,286217.7
2025-02-28,1665,307721.86
2025-02-28,1666,213239.68
2025-02-28,1667,64915.28
2025-02-28,1668,137875.05
2025-02-28,1669,125944.95
2025-02-28,1670,79532.5
2025-02-28,1671,32088.51
2025-02-28,1672,360884.15
2025-02-28,1673,56422.93
2025-02-28,1674,939397.91
2025-02-28,1675,552762.38
2025-02-28,1676,22007.75
2025-02-28,1677,134386.94
2025-02-28,1678,144536.61
2025-02-28,1679,38611.39
2025-02-28,1680,185597.69
2025-02-28,1681,170114.11
2025-02-28,1682,261155.5
2025-02-28,1683,138620.64
2025-02-28,1684,114929.79
2025-02-28,1685,88695.95
2025-02-28,1686,152281.92
2025-02-28,1687,59045.03
2025-02-28,1688,101356.88
2025-02-28,1689,70167.71
2025-02-28,1690,208589.89
2025-02-28,1691,116322.26
2025-02-28,1692,95987.63
2025-02-28,1693,517200.16
2025-02-28,1694,22136.66
2025-02-28,1695,93320.73
2025-02-28,1696,47581.46
2025-02-28,1697,288290.55
2025-02-28,1698,267953.94
2025-02-28,1699,93081.15
2025-02-28,1700,46046.74
2025-02-28,1701,136312.65
2025-02-28,1702,112262.4
2025-02-28,1703,147558.2
2025-02-28,1704,144704.24
2025-02-28,1705,110099.23
2025-02-28,1706,156582.76
2025-02-28,1707,196244.69
2025-02-28,1708,56120.85
2025-02-28,1709,141947.63
2025-02-28,1710,58722.19
2025-02-28,1711,143523.87
2025-02-28,1712,84848.0
2025-02-28,1713,117934.23
2025-02-28,1714,282032.72
2025-02-28,1715,144796.74
2025-02-28,1716,212424.83
2025-02-28,1717,203257.56
2025-02-28,1718,174623.82
2025-02-28,1719,97702.08
2025-02-28,1720,340110.88
2025-02-28,1721,207970.92
2025-02-28,1722,139153.91
2025-02-28,1723,135920.25
2025-02-28,1724,289851.8
2025-02-28,1725,127834.33
2025-02-28,1726,62590.33
2025-02-28,1727,75139.59
2025-02-28,1728,42162.7
2025-02-28,1729,188741.14
2025-02-28,1730,213423.4
2025-02-28,1731,306603.6
2025-02-28,1732,151921.65
2025-02-28,1733,32751.72
2025-02-28,1734,100593.67
2025-02-28,1735,33493.42
2025-02-28,1736,118642.84
2025-02-28,1737,338757.12
2025-02-28,1738,77621.38
2025-02-28,1739,141352.34
2025-02-28,1740,317874.41
2025-02-28,1741,269672.99
2025-02-28,1742,195441.42
2025-02-28,1743,41199.73
2025-02-28,1744,256441.89
2025-02-28,1745,55299.55
2025-02-28,1746,168732.64
2025-02-28,1747,20418.34
2025-02-28,1748,139338.65
2025-02-28,1749,50243.69
2025-02-28,1750,53541.91
2025-02-28,1751,79616.95
2025-02-28,1752,34355.41
2025-02-28,1753,40504.78
2025-02-28,1754,232949.0
2025-02-28,1755,95953.18
2025-02-28,1756,57152.23
2025-02-28,1757,40653.35
2025-02-28,1758,179712.34
2025-02-28,1759,127634.9
2025-02-28,1760,114805.62
2025-02-28,1761,239903.63
2025-02-28,1762,110602.51
2025-02-28,1763,33358.67
2025-02-28,1764,75726.77
2025-02-28,1765,51007.83
2025-02-28,1766,148481.41
2025-02-28,1767,187614.55
2025-02-28,1768,173326.29
2025-02-28,1769,70120.39
2025-02-28,1770,89858.18
2025-02-28,1771,76321.72
2025-02-28,1772,788664.04
2025-02-28,1773,206349.5
2025-02-28,1774,184674.15
2025-02-28,1775,43825.42
2025-02-28,1776,303634.96
2025-02-28,1777,139334.5
2025-02-28,1778,77341.5
2025-02-28,1779,50551.59
2025-02-28,1780,141689.56
2025-02-28,1781,190917.49
2025-02-28,1782,75769.32
2025-02-28,1783,76557.45
2025-02-28,1784,257969.49
2025-02-28,1785,349355.49
2025-02-28,1786,104843.84
2025-02-28,1787,38494.17
2025-02-28,1788,95510.72
2025-02-28,1789,282064.45
2025-02-28,1790,68685.36
2025-02-28,1791,250454.74
2025-02-28,1792,232916.17
2025-02-28,1793,174162.89
2025-02-28,1794,502640.71
2025-02-28,1795,100556.1
2025-02-28,1796,285052.25
2025-02-28,1797,383995.53
2025-02-28,1798,175296.48
2025-02-28,1799,166780.85
2025-02-28,1800,343566.16
2025-02-28,1801,91164.47
2025-02-28,1802,155912.25
2025-02-28,1803,73330.27
2025-02-28,1804,257826.49
2025-02-28,1805,100764.36
2025-02-28,1806,59683.72
2025-02-28,1807,304180.06
2025-02-28,1808,115561.6
2025-02-28,1809,58195.26
2025-02-28,1810,408061.22
2025-02-28,1811,26285.46
2025-02-28,1812,233515.58
2025-02-28,1813,106680.86
2025-02-28,1814,62030.12
2025-02-28,1815,76529.48
2025-02-28,1816,94652.44
2025-02-28,1817,119449.55
2025-02-28,1818,44167.48
2025-02-28,1819,127500.34
2025-02-28,1820,85809.32
2025-02-28,1821,184964.27
2025-02-28,1822,87734.68
2025-02-28,1823,58168.75
2025-02-28,1824,187920.53
2025-02-28,1825,281430.49
2025-02-28,1826,122684.82
2025-02-28,1827,63501.85
2025-02-28,1828,132490.11
2025-02-28,1829,161590.93
2025-02-28,1830,86242.33
2025-02-28,1831,192907.65
2025-02-28,1832,98977.9
2025-02-28,1833,150401.15
2025-02-28,1834,186190.15
2025-02-28,1835,138084.34
2025-02-28,1836,145729.88
2025-02-28,1837,305937.36
2025-02-28,1838,70714.95
2025-02-28,1839,134353.42
2025-02-28,1840,215603.94
2025-02-28,1841,71749.19
2025-02-28,1842,350509.07
2025-02-28,1843,149258.15
2025-02-28,1844,27903.87
2025-02-28,1845,282783.8
2025-02-28,1846,114847.0
2025-02-28,1847,93043.14
2025-02-28,1848,82632.25
2025-02-28,1849,25003.05
2025-02-28,1850,162743.98
2025-02-28,1851,156821.77
2025-02-28,1852,130879.98
2025-02-28,1853,133458.55
2025-02-28,1854,36743.33
2025-02-28,1855,76835.41
2025-02-28,1856,147745.77
2025-02-28,1857,126545.65
2025-02-28,1858,76407.52
2025-02-28,1859,169768.7
2025-02-28,1860,145927.85
2025-02-28,1861,431659.77
2025-02-28,1862,118986.75
2025-02-28,1863,70765.2
2025-02-28,1864,58974.57
2025-02-28,1865,61453.31
2025-02-28,1866,59411.78
2025-02-28,1867,153299.88
2025-02-28,1868,149293.41
2025-02-28,1869,61500.64
2025-02-28,1870,630015.98
2025-02-28,1871,147564.34
2025-02-28,1872,224416.09
2025-02-28,1873,86909.08
2025-02-28,1874,79343.11
2025-02-28,1875,42994.82
2025-02-28,1876,55312.06
2025-02-28,1877,222483.26
2025-02-28,1878,60333.41
2025-02-28,1879,86410.23
2025-02-28,1880,505259.15
2025-02-28,1881,55150.24
2025-02-28,1882,115907.49
2025-02-28,1883,156534.23
2025-02-28,1884,58505.61
2025-02-28,1885,159816.22
2025-02-28,1886,178393.89
2025-02-28,1887,124430.69
2025-02-28,1888,107125.05
2025-02-28,1889,73716.06
2025-02-28,1890,137129.13
2025-02-28,1891,56465.62
2025-02-28,1892,99118.14
2025-02-28,1893,162664.61
2025-02-28,1894,96875.4
2025-02-28,1895,46566.26
2025-02-28,1896,169633.07
2025-02-28,1897,58744.71
2025-02-28,1898,84576.28
2025-02-28,1899,90961.03
2025-02-28,1900,196392.11
2025-02-28,1901,149883.82
2025-02-28,1902,280081.15
2025-02-28,1903,80962.39
2025-02-28,1904,92728.14
2025-02-28,1905,72374.01
2025-02-28,1906,196622.35
2025-02-28,1907,441461.97
2025-02-28,1908,105007.7
2025-02-28,1909,188040.96
2025-02-28,1910,78937.24
2025-02-28,1911,96321.65
2025-02-28,1912,101653.2
2025-02-28,1913,184973.81
2025-02-28,1914,65302.65
2025-02-28,1915,108556.45
2025-02-28,1916,108308.26
2025-02-28,1917,426885.44
2025-02-28,1918,177345.92
2025-02-28,1919,98836.4
2025-02-28,1920,90037.49
2025-02-28,1921,249779.07
2025-02-28,1922,137399.12
2025-02-28,1923,155866.11
2025-02-28,1924,137179.5
2025-02-28,1925,237029.33
2025-02-28,1926,60233.58
2025-02-28,1927,307208.8
2025-02-28,1928,56062.24
2025-02-28,1929,115186.37
2025-02-28,1930,112859.88
2025-02-28,1931,265907.52
2025-02-28,1932,96851.32
2025-02-28,1933,139440.41
2025-02-28,1934,410347.16
2025-02-28,1935,147773.98
2025-02-28,1936,164908.84
2025-02-28,1937,304155.77
2025-02-28,1938,190646.98
2025-02-28,1939,169416.93
2025-02-28,1940,96236.82
2025-02-28,1941,143861.92
2025-02-28,1942,81546.21
2025-02-28,1943,358864.74
2025-02-28,1944,139479.63
2025-02-28,1945,229955.9
2025-02-28,1946,204312.18
2025-02-28,1947,247275.26
2025-02-28,1948,120919.91
2025-02-28,1949,157081.61
2025-02-28,1950,1254374.37
2025-02-28,1951,188491.05
2025-02-28,1952,174903.0
2025-02-28,1953,245418.28
2025-02-28,1954,300876.37
2025-02-28,1955,72124.56
2025-02-28,1956,267336.6
2025-02-28,1957,121346.85
2025-02-28,1958,82127.7
2025-02-28,1959,56939.27
2025-02-28,1960,180929.77
2025-02-28,1961,300714.27
2025-02-28,1962,59336.64
2025-02-28,1963,149660.16
2025-02-28,1964,226677.22
2025-02-28,1965,56022.13
2025-02-28,1966,232608.66
2025-02-28,1967,53776.11
2025-02-28,1968,102881.37
2025-02-28,1969,175059.95
2025-02-28,1970,96836.28
2025-02-28,1971,61992.84
2025-02-28,1972,62237.49
2025-02-28,1973,172838.1
2025-02-28,1974,427398.46
2025-02-28,1975,219836.7
2025-02-28,1976,112886.97
2025-02-28,1977,120557.71
2025-02-28,1978,162136.54
2025-02-28,1979,82254.34
2025-02-28,1980,142460.15
2025-02-28,1981,63011.31
2025-02-28,1982,102350.59
2025-02-28,1983,100277.36
2025-02-28,1984,119966.64
2025-02-28,1985,112761.09
2025-02-28,1986,258553.43
2025-02-28,1987,194568.87
2025-02-28,1988,439585.28
2025-02-28,1989,49752.53
2025-02-28,1990,79079.1
2025-02-28,1991,118761.44
2025-02-28,1992,35673.13
2025-02-28,1993,283257.07
2025-02-28,1994,102165.94
2025-02-28,1995,38270.42
2025-02-28,1996,156338.05
2025-02-28,1997,277344.96
2025-02-28,1998,256881.46
2025-02-28,1999,18533.99
2025-02-28,2000,88915.25
2025-02-28,2001,208958.9
2025-02-28,2002,222408.16
2025-02-28,2003,243208.76
2025-02-28,2004,63190.3
2025-02-28,2005,234797.53
2025-02-28,2006,69067.63
2025-02-28,2007,112635.59
2025-02-28,2008,164000.76
2025-02-28,2009,100011.35
2025-02-28,2010,58639.71
2025-02-28,2011,178471.22
2025-02-28,2012,369160.92
2025-02-28,2013,196796.75
2025-02-28,2014,298666.92
2025-02-28,2015,165918.06
2025-02-28,2016,16620.16
2025-02-28,2017,184855.25
2025-02-28,2018,52784.02
2025-02-28,2019,27309.0
2025-02-28,2020,74192.76
2025-02-28,2021,179877.76
2025-02-28,2022,140776.92
2025-02-28,2023,125020.1
2025-02-28,2024,379152.64
2025-02-28,2025,118519.96
2025-02-28,2026,136975.64
2025-02-28,2027,172612.29
2025-02-28,2028,31279.5
2025-02-28,2029,71753.24
2025-02-28,2030,43535.02
2025-02-28,2031,269490.75
2025-02-28,2032,54061.65
2025-02-28,2033,85282.64
2025-02-28,2034,90231.21
2025-02-28,2035,290230.63
2025-02-28,2036,149559.84
2025-02-28,2037,60479.35
2025-02-28,2038,85900.33
2025-02-28,2039,185261.68
2025-02-28,2040,573582.67
2025-02-28,2041,22132.96
2025-02-28,2042,187561.21
2025-02-28,2043,225630.96
2025-02-28,2044,48021.27
2025-02-28,2045,165756.39
2025-02-28,2046,133024.8
2025-02-28,2047,211957.42
2025-02-28,2048,215360.25
2025-02-28,2049,105281.41
2025-02-28,2050,38692.76
2025-02-28,2051,66007.06
2025-02-28,2052,57649.86
2025-02-28,2053,163115.37
2025-02-28,2054,238535.36
2025-02-28,2055,163281.91
2025-02-28,2056,17826.39
2025-02-28,2057,92583.17
2025-02-28,2058,20467.48
2025-02-28,2059,203245.95
2025-02-28,2060,233899.92
2025-02-28,2061,101810.16
2025-02-28,2062,119633.83
2025-02-28,2063,145334.88
2025-02-28,2064,361143.12
2025-02-28,2065,200746.98
2025-02-28,2066,125329.67
2025-02-28,2067,45699.36
2025-02-28,2068,65107.2
2025-02-28,2069,129235.08
2025-02-28,2070,110236.85
2025-02-28,2071,94106.84
2025-02-28,2072,123861.96
2025-02-28,2073,151445.05
2025-02-28,2074,311553.64
2025-02-28,2075,95016.26
2025-02-28,2076,72475.09
2025-02-28,2077,175881.3
2025-02-28,2078,263700.44
2025-02-28,2079,116477.25
2025-02-28,2080,32712.13
2025-02-28,2081,76566.51
2025-02-28,2082,163889.63
2025-02-28,2083,42020.9
2025-02-28,2084,104348.36
2025-02-28,2085,61916.47
2025-02-28,2086,192034.76
2025-02-28,2087,282174.45
2025-02-28,2088,4694.18
2025-02-28,2089,303559.84
2025-02-28,2090,73928.25
2025-02-28,2091,343121.74
2025-02-28,2092,318395.32
2025-02-28,2093,186398.88
2025-02-28,2094,115572.86
2025-02-28,2095,171656.18
2025-02-28,2096,297073.15
2025-02-28,2097,115448.89
2025-02-28,2098,70599.52
2025-02-28,2099,151229.61
2025-02-28,2100,117938.57
2025-02-28,2101,186086.79
2025-02-28,2102,124617.67
2025-02-28,2103,36242.32
2025-02-28,2104,173297.14
2025-02-28,2105,89146.33
2025-02-28,2106,716380.42
2025-02-28,2107,105892.14
2025-02-28,2108,97254.72
2025-02-28,2109,177131.77
2025-02-28,2110,41263.64
2025-02-28,2111,162494.24
2025-02-28,2112,73693.09
2025-02-28,2113,445039.62
2025-02-28,2114,238229.66
2025-02-28,2115,34141.07
2025-02-28,2116,111504.34
2025-02-28,2117,107750.0
2025-02-28,2118,157263.78
2025-02-28,2119,91468.85
2025-02-28,2120,54180.8
2025-02-28,2121,79503.47
2025-02-28,2122,182716.05
2025-02-28,2123,105617.51
2025-02-28,2124,100113.27
2025-02-28,2125,62734.09
2025-02-28,2126,30130.31
2025-02-28,2127,91946.55
2025-02-28,2128,40695.55
2025-02-28,2129,273454.29
2025-02-28,2130,141562.01
2025-02-28,2131,223028.09
2025-02-28,2132,79079.91
2025-02-28,2133,129209.89
2025-02-28,2134,354637.63
2025-02-28,2135,89283.57
2025-02-28,2136,99812.9
2025-02-28,2137,343318.93
2025-02-28,2138,242156.71
2025-02-28,2139,368626.03
2025-02-28,2140,73728.2
2025-02-28,2141,120998.07
2025-02-28,2142,180467.42
2025-02-28,2143,112605.67
2025-02-28,2144,151955.5
2025-02-28,2145,195730.46
2025-02-28,2146,55561.46
2025-02-28,2147,169604.37
2025-02-28,2148,48011.03
2025-02-28,2149,142942.52
2025-02-28,2150,261485.61
2025-02-28,2151,141961.12
2025-02-28,2152,137522.0
2025-02-28,2153,289774.51
2025-02-28,2154,239695.08
2025-02-28,2155,127663.2
2025-02-28,2156,421400.97
2025-02-28,2157,44406.12
2025-02-28,2158,155326.82
2025-02-28,2159,97140.71
2025-02-28,2160,48038.04
2025-02-28,2161,61534.91
2025-02-28,2162,107214.91
2025-02-28,2163,98285.33
2025-02-28,2164,250474.77
2025-02-28,2165,298474.47
2025-02-28,2166,163771.13
2025-02-28,2167,68364.98
2025-02-28,2168,108688.89
2025-02-28,2169,232063.93
2025-02-28,2170,51660.74
2025-02-28,2171,141500.39
2025-02-28,2172,142484.89
2025-02-28,2173,459449.08
2025-02-28,2174,87551.63
2025-02-28,2175,104423.48
2025-02-28,2176,175461.49
2025-02-28,2177,22840.63
2025-02-28,2178,139111.33
2025-02-28,2179,118232.41
2025-02-28,2180,323543.27
2025-02-28,2181,278479.83
2025-02-28,2182,118950.73
2025-02-28,2183,134391.64
2025-02-28,2184,29211.9
2025-02-28,2185,145259.01
2025-02-28,2186,214976.02
2025-02-28,2187,62276.36
2025-02-28,2188,302874.52
2025-02-28,2189,84410.13
2025-02-28,2190,138275.9
2025-02-28,2191,402616.77
2025-02-28,2192,202230.6
2025-02-28,2193,213292.22
2025-02-28,2194,88356.09
2025-02-28,2195,129906.88
2025-02-28,2196,125311.44
2025-02-28,2197,49383.37
2025-02-28,2198,93123.94
2025-02-28,2199,167333.0
2025-02-28,2200,79081.18
2025-02-28,2201,144273.84
2025-02-28,2202,106420.16
2025-02-28,2203,33598.02
2025-02-28,2204,232281.65
2025-02-28,2205,122494.69
2025-02-28,2206,62902.67
2025-02-28,2207,262301.04
2025-02-28,2208,337261.43
2025-02-28,2209,358584.02
2025-02-28,2210,279984.45
2025-02-28,2211,200404.01
2025-02-28,2212,39923.74
2025-02-28,2213,48409.04
2025-02-28,2214,314811.63
2025-02-28,2215,251203.7
2025-02-28,2216,172014.79
2025-02-28,2217,148606.59
2025-02-28,2218,80644.61
2025-02-28,2219,72184.25
2025-02-28,2220,151044.42
2025-02-28,2221,128154.15
2025-02-28,2222,122069.75
2025-02-28,2223,394131.31
2025-02-28,2224,217612.03
2025-02-28,2225,114824.05
2025-02-28,2226,47106.14
2025-02-28,2227,259948.67
2025-02-28,2228,211095.75
2025-02-28,2229,361976.07
2025-02-28,2230,267856.45
2025-02-28,2231,436231.16
2025-02-28,2232,221788.27
2025-02-28,2233,189094.07
2025-02-28,2234,51819.63
2025-02-28,2235,85147.26
2025-02-28,2236,51541.53
2025-02-28,2237,111672.69
2025-02-28,2238,250112.54
2025-02-28,2239,108692.23
2025-02-28,2240,145008.27
2025-02-28,2241,191522.49
2025-02-28,2242,148505.65
2025-02-28,2243,500476.5
2025-02-28,2244,363389.62
2025-02-28,2245,308601.13
2025-02-28,2246,256989.34
2025-02-28,2247,121270.18
2025-02-28,2248,119067.14
2025-02-28,2249,81534.58
2025-02-28,2250,60834.3
2025-02-28,2251,97453.65
2025-02-28,2252,119040.92
2025-02-28,2253,229032.73
2025-02-28,2254,78928.97
2025-02-28,2255,182935.6
2025-02-28,2256,88666.08
2025-02-28,2257,132393.22
2025-02-28,2258,229503.33
2025-02-28,2259,87607.87
2025-02-28,2260,153910.43
2025-02-28,2261,302273.36
2025-02-28,2262,43625.24
2025-02-28,2263,409323.11
2025-02-28,2264,142261.9
2025-02-28,2265,42842.35
2025-02-28,2266,186484.64
2025-02-28,2267,84805.16
2025-02-28,2268,163778.71
2025-02-28,2269,60163.81
2025-02-28,2270,235690.98
2025-02-28,2271,257493.88
2025-02-28,2272,28077.67
2025-02-28,2273,225970.27
2025-02-28,2274,134396.54
2025-02-28,2275,90834.5
2025-02-28,2276,373440.4
2025-02-28,2277,169692.21
2025-02-28,2278,200376.39
2025-02-28,2279,158021.44
2025-02-28,2280,294023.79
2025-02-28,2281,125349.57
2025-02-28,2282,76982.33
2025-02-28,2283,172608.24
2025-02-28,2284,41030.57
2025-02-28,2285,78762.85
2025-02-28,2286,81863.55
2025-02-28,2287,58876.67
2025-02-28,2288,99694.48
2025-02-28,2289,139974.6
2025-02-28,2290,311770.16
2025-02-28,2291,98259.04
2025-02-28,2292,36511.34
2025-02-28,2293,157478.54
2025-02-28,2294,308604.47
2025-02-28,2295,157855.78
2025-02-28,2296,89939.02
2025-02-28,2297,44717.34
2025-02-28,2298,91863.6
2025-02-28,2299,167942.31
2025-02-28,2300,121397.14
2025-02-28,2301,159145.49
2025-02-28,2302,82024.05
2025-02-28,2303,479277.58
2025-02-28,2304,133770.34
2025-02-28,2305,120958.92
2025-02-28,2306,145012.98
2025-02-28,2307,295293.77
2025-02-28,2308,152747.08
2025-02-28,2309,357538.9
2025-02-28,2310,78175.89
2025-02-28,2311,94626.72
2025-02-28,2312,119683.48
2025-02-28,2313,136281.21
2025-02-28,2314,83523.31
2025-02-28,2315,45314.34
2025-02-28,2316,83323.64
2025-02-28,2317,227677.46
2025-02-28,2318,38576.84
2025-02-28,2319,309489.8
2025-02-28,2320,158116.76
2025-02-28,2321,133193.56
2025-02-28,2322,79826.79
2025-02-28,2323,197525.18
2025-02-28,2324,282864.81
2025-02-28,2325,172029.65
2025-02-28,2326,134730.95
2025-02-28,2327,191707.5
2025-02-28,2328,96671.97
2025-02-28,2329,91285.08
2025-02-28,2330,239586.91
2025-02-28,2331,78584.79
2025-02-28,2332,316309.54
2025-02-28,2333,95847.41
2025-02-28,2334,127669.49
2025-02-28,2335,203850.91
2025-02-28,2336,110279.09
2025-02-28,2337,29091.55
2025-02-28,2338,217508.41
2025-02-28,2339,57971.3
2025-02-28,2340,369328.75
2025-02-28,2341,54614.57
2025-02-28,2342,45577.92
2025-02-28,2343,163989.58
2025-02-28,2344,149441.38
2025-02-28,2345,291862.05
2025-02-28,2346,152934.51
2025-02-28,2347,89857.5
2025-02-28,2348,86493.25
2025-02-28,2349,63807.99
2025-02-28,2350,169158.77
2025-02-28,2351,31272.55
2025-02-28,2352,166330.85
2025-02-28,2353,72492.33
2025-02-28,2354,171730.91
2025-02-28,2355,345966.44
2025-02-28,2356,102855.42
2025-02-28,2357,96991.81
2025-02-28,2358,83184.23
2025-02-28,2359,140147.82
2025-02-28,2360,170513.51
2025-02-28,2361,45296.09
2025-02-28,2362,72662.67
2025-02-28,2363,255300.41
2025-02-28,2364,217443.77
2025-02-28,2365,251518.55
2025-02-28,2366,65249.36
2025-02-28,2367,22083.18
2025-02-28,2368,65474.7
2025-02-28,2369,361584.09
2025-02-28,2370,155277.0
2025-02-28,2371,736306.15
2025-02-28,2372,140098.27
2025-02-28,2373,107909.11
2025-02-28,2374,240979.29
2025-02-28,2375,87834.59
2025-02-28,2376,167262.03
2025-02-28,2377,154965.66
2025-02-28,2378,328642.63
2025-02-28,2379,120222.81
2025-02-28,2380,216319.59
2025-02-28,2381,238781.55
2025-02-28,2382,418931.49
2025-02-28,2383,96558.17
2025-02-28,2384,35737.95
2025-02-28,2385,47486.51
2025-02-28,2386,181008.52
2025-02-28,2387,55582.16
2025-02-28,2388,93504.44
2025-02-28,2389,132771.53
2025-02-28,2390,47266.51
2025-02-28,2391,354438.07
2025-02-28,2392,236617.79
2025-02-28,2393,207036.78
2025-02-28,2394,193021.92
2025-02-28,2395,90984.43
2025-02-28,2396,634973.43
2025-02-28,2397,43897.95
2025-02-28,2398,31545.12
2025-02-28,2399,293037.26
2025-02-28,2400,183743.42
2025-02-28,2401,100668.07
2025-02-28,2402,97758.31
2025-02-28,2403,72677.3
2025-02-28,2404,79393.67
2025-02-28,2405,131096.83
2025-02-28,2406,171451.68
2025-02-28,2407,188356.31
2025-02-28,2408,183695.33
2025-02-28,2409,83305.74
2025-02-28,2410,362269.35
2025-02-28,2411,363844.88
2025-02-28,2412,78682.04
2025-02-28,2413,66983.37
2025-02-28,2414,154954.53
2025-02-28,2415,295571.53
2025-02-28,2416,256097.94
2025-02-28,2417,139716.61
2025-02-28,2418,84162.9
2025-02-28,2419,95448.63
2025-02-28,2420,83321.51
2025-02-28,2421,98795.08
2025-02-28,2422,51561.39
2025-02-28,2423,153968.95
2025-02-28,2424,190371.32
2025-02-28,2425,202003.09
2025-02-28,2426,60263.37
2025-02-28,2427,165351.65
2025-02-28,2428,76591.17
2025-02-28,2429,229151.47
2025-02-28,2430,77516.46
2025-02-28,2431,270749.87
2025-02-28,2432,357096.37
2025-02-28,2433,503152.23
2025-02-28,2434,115676.27
2025-02-28,2435,159069.41
2025-02-28,2436,141039.59
2025-02-28,2437,111156.8
2025-02-28,2438,134232.69
2025-02-28,2439,172110.15
2025-02-28,2440,47675.11
2025-02-28,2441,155740.69
2025-02-28,2442,151909.3
2025-02-28,2443,63388.11
2025-02-28,2444,84502.16
2025-02-28,2445,118254.13
2025-02-28,2446,143645.2
2025-02-28,2447,63926.86
2025-02-28,2448,195022.3
2025-02-28,2449,31729.25
2025-02-28,2450,244521.4
2025-02-28,2451,105766.24
2025-02-28,2452,254055.45
2025-02-28,2453,486351.98
2025-02-28,2454,115713.42
2025-02-28,2455,117634.01
2025-02-28,2456,68549.39
2025-02-28,2457,70854.1
2025-02-28,2458,323397.8
2025-02-28,2459,213827.67
2025-02-28,2460,84075.46
2025-02-28,2461,162679.98
2025-02-28,2462,64910.99
2025-02-28,2463,109675.19
2025-02-28,2464,131057.78
2025-02-28,2465,95860.95
2025-02-28,2466,807091.28
2025-02-28,2467,65073.41
2025-02-28,2468,497541.65
2025-02-28,2469,197624.14
2025-02-28,2470,304301.54
2025-02-28,2471,237970.68
2025-02-28,2472,168780.55
2025-02-28,2473,108725.41
2025-02-28,2474,82556.61
2025-02-28,2475,157194.16
2025-02-28,2476,133517.99
2025-02-28,2477,104226.9
2025-02-28,2478,114382.63
2025-02-28,2479,169168.51
2025-02-28,2480,255647.06
2025-02-28,2481,32065.44
2025-02-28,2482,123775.0
2025-02-28,2483,50261.27
2025-02-28,2484,96878.62
2025-02-28,2485,76295.98
2025-02-28,2486,158465.35
2025-02-28,2487,79505.54
2025-02-28,2488,135574.34
2025-02-28,2489,209415.38
2025-02-28,2490,264145.11
2025-02-28,2491,135136.99
2025-02-28,2492,167945.15
2025-02-28,2493,124382.84
2025-02-28,2494,64250.36
2025-02-28,2495,195345.24
2025-02-28,2496,158483.09
2025-02-28,2497,152231.93
2025-02-28,2498,192837.55
2025-02-28,2499,363587.34
2025-02-28,2500,105625.58
2025-02-28,2501,105087.25
2025-02-28,2502,186278.87
2025-02-28,2503,51617.93
2025-02-28,2504,134007.88
2025-02-28,2505,104184.84
2025-02-28,2506,108220.66
2025-02-28,2507,16664.79
2025-02-28,2508,170134.26
2025-02-28,2509,204398.0
2025-02-28,2510,37046.72
2025-02-28,2511,83627.17
2025-02-28,2512,110354.5
2025-02-28,2513,105319.63
2025-02-28,2514,34509.37
2025-02-28,2515,67123.35
2025-02-28,2516,190471.77
2025-02-28,2517,70609.77
2025-02-28,2518,80845.59
2025-02-28,2519,187345.7
2025-02-28,2520,65509.38
2025-02-28,2521,307720.18
2025-02-28,2522,66359.36
2025-02-28,2523,45586.09
2025-02-28,2524,126719.86
2025-02-28,2525,182531.23
2025-02-28,2526,77878.03
2025-02-28,2527,87262.49
2025-02-28,2528,45127.47
2025-02-28,2529,48313.33
2025-02-28,2530,77244.07
2025-02-28,2531,85750.12
2025-02-28,2532,70274.72
2025-02-28,2533,460694.3
2025-02-28,2534,109781.77
2025-02-28,2535,91700.66
2025-02-28,2536,222158.21
2025-02-28,2537,14678.21
2025-02-28,2538,107060.73
2025-02-28,2539,182234.71
2025-02-28,2540,433802.03
2025-02-28,2541,104727.5
2025-02-28,2542,225200.54
2025-02-28,2543,80536.38
2025-02-28,2544,155086.02
2025-02-28,2545,180083.59
2025-02-28,2546,126088.55
2025-02-28,2547,140948.44
2025-02-28,2548,76435.92
2025-02-28,2549,208656.76
2025-02-28,2550,507020.27
2025-02-28,2551,164985.02
2025-02-28,2552,68789.11
2025-02-28,2553,75711.96
2025-02-28,2554,80261.7
2025-02-28,2555,292082.1
2025-02-28,2556,215293.29
2025-02-28,2557,249390.46
2025-02-28,2558,93591.87
2025-02-28,2559,110340.49
2025-02-28,2560,158206.23
2025-02-28,2561,57549.79
2025-02-28,2562,42295.32
2025-02-28,2563,267120.65
2025-02-28,2564,416698.35
2025-02-28,2565,55288.29
2025-02-28,2566,196173.05
2025-02-28,2567,68727.14
2025-02-28,2568,160698.72
2025-02-28,2569,76208.62
2025-02-28,2570,122059.95
2025-02-28,2571,169750.93
2025-02-28,2572,154681.71
2025-02-28,2573,90259.51
2025-02-28,2574,182916.25
2025-02-28,2575,55132.69
2025-02-28,2576,195670.15
2025-02-28,2577,72253.89
2025-02-28,2578,26457.88
2025-02-28,2579,48888.87
2025-02-28,2580,95848.52
2025-02-28,2581,121198.94
2025-02-28,2582,101570.68
2025-02-28,2583,85478.14
2025-02-28,2584,139240.04
2025-02-28,2585,264851.66
2025-02-28,2586,42652.0
2025-02-28,2587,77549.88
2025-02-28,2588,183825.67
2025-02-28,2589,437416.89
2025-02-28,2590,123688.08
2025-02-28,2591,47800.19
2025-02-28,2592,180987.24
2025-02-28,2593,98710.91
2025-02-28,2594,137751.93
2025-02-28,2595,104691.67
2025-02-28,2596,162204.37
2025-02-28,2597,173874.44
2025-02-28,2598,1115970.4
2025-02-28,2599,45083.94
2025-02-28,2600,152865.51
2025-02-28,2601,171466.56
2025-02-28,2602,131835.15
2025-02-28,2603,122221.17
2025-02-28,2604,97536.08
2025-02-28,2605,158471.07
2025-02-28,2606,63948.32
2025-02-28,2607,57550.34
2025-02-28,2608,100872.39
2025-02-28,2609,116619.95
2025-02-28,2610,99260.6
2025-02-28,2611,203099.04
2025-02-28,2612,73325.85
2025-02-28,2613,81589.72
2025-02-28,2614,237228.47
2025-02-28,2615,408673.59
2025-02-28,2616,84881.65
2025-02-28,2617,181504.69
2025-02-28,2618,171601.26
2025-02-28,2619,74153.84
2025-02-28,2620,91116.88
2025-02-28,2621,167433.77
2025-02-28,2622,64369.18
2025-02-28,2623,196155.35
2025-02-28,2624,412904.85
2025-02-28,2625,90558.78
2025-02-28,2626,68209.51
2025-02-28,2627,264708.52
2025-02-28,2628,256551.04
2025-02-28,2629,136550.74
2025-02-28,2630,226806.39
2025-02-28,2631,102987.5
2025-02-28,2632,62718.39
2025-02-28,2633,460191.49
2025-02-28,2634,133335.89
2025-02-28,2635,127911.8
2025-02-28,2636,404239.53
2025-02-28,2637,108823.53
2025-02-28,2638,102794.9
2025-02-28,2639,209456.2
2025-02-28,2640,92631.22
2025-02-28,2641,90860.92
2025-02-28,2642,160058.5
2025-02-28,2643,81375.57
2025-02-28,2644,80263.01
2025-02-28,2645,76714.27
2025-02-28,2646,169481.11
2025-02-28,2647,269765.8
2025-02-28,2648,137911.82
2025-02-28,2649,175093.87
2025-02-28,2650,132511.04
2025-02-28,2651,127262.01
2025-02-28,2652,330638.89
2025-02-28,2653,78537.72
2025-02-28,2654,162341.45
2025-02-28,2655,64927.86
2025-02-28,2656,96602.99
2025-02-28,2657,30109.28
2025-02-28,2658,104753.61
2025-02-28,2659,120756.32
2025-02-28,2660,172864.49
2025-02-28,2661,194456.21
2025-02-28,2662,78240.66
2025-02-28,2663,77376.13
2025-02-28,2664,81333.81
2025-02-28,2665,115026.98
2025-02-28,2666,103767.24
2025-02-28,2667,178164.2
2025-02-28,2668,57099.51
2025-02-28,2669,121931.68
2025-02-28,2670,315105.53
2025-02-28,2671,28110.4
2025-02-28,2672,77289.16
2025-02-28,2673,195777.63
2025-02-28,2674,264764.39
2025-02-28,2675,130633.08
2025-02-28,2676,101996.88
2025-02-28,2677,258658.44
2025-02-28,2678,125174.34
2025-02-28,2679,290118.41
2025-02-28,2680,78195.69
2025-02-28,2681,77053.58
2025-02-28,2682,129472.84
2025-02-28,2683,186722.44
2025-02-28,2684,320323.86
2025-02-28,2685,133832.03
2025-02-28,2686,210058.42
2025-02-28,2687,223124.18
2025-02-28,2688,135468.11
2025-02-28,2689,128242.16
2025-02-28,2690,81214.61
2025-02-28,2691,70415.9
2025-02-28,2692,302524.24
2025-02-28,2693,258033.25
2025-02-28,2694,59148.21
2025-02-28,2695,152779.46
2025-02-28,2696,146535.9
2025-02-28,2697,139515.0
2025-02-28,2698,232621.51
2025-02-28,2699,123316.06
2025-02-28,2700,123875.13
2025-02-28,2701,71888.9
2025-02-28,2702,108654.4
2025-02-28,2703,469655.49
2025-02-28,2704,155372.18
2025-02-28,2705,109944.93
2025-02-28,2706,156277.4
2025-02-28,2707,225223.54
2025-02-28,2708,487722.93
2025-02-28,2709,41559.29
2025-02-28,2710,113230.8
2025-02-28,2711,456063.4
2025-02-28,2712,193027.22
2025-02-28,2713,87989.4
2025-02-28,2714,95206.61
2025-02-28,2715,643838.1
2025-02-28,2716,153589.14
2025-02-28,2717,121238.22
2025-02-28,2718,50874.32
2025-02-28,2719,130978.18
2025-02-28,2720,93709.36
2025-02-28,2721,413561.48
2025-02-28,2722,486464.31
2025-02-28,2723,237234.82
2025-02-28,2724,195413.66
2025-02-28,2725,28097.96
2025-02-28,2726,63395.97
2025-02-28,2727,59603.24
2025-02-28,2728,202032.27
2025-02-28,2729,353979.31
2025-02-28,2730,293496.35
2025-02-28,2731,163091.1
2025-02-28,2732,140208.29
2025-02-28,2733,321338.97
2025-02-28,2734,139028.95
2025-02-28,2735,178237.66
2025-02-28,2736,246227.64
2025-02-28,2737,332137.41
2025-02-28,2738,34292.94
2025-02-28,2739,528365.37
2025-02-28,2740,303250.56
2025-02-28,2741,260692.08
2025-02-28,2742,64252.4
2025-02-28,2743,149977.09
2025-02-28,2744,68563.5
2025-02-28,2745,118198.41
2025-02-28,2746,110545.97
2025-02-28,2747,76841.84
2025-02-28,2748,191118.28
2025-02-28,2749,552206.12
2025-02-28,2750,196045.94
2025-02-28,2751,280445.23
2025-02-28,2752,113116.6
2025-02-28,2753,320844.89
2025-02-28,2754,150771.7
2025-02-28,2755,155932.13
2025-02-28,2756,306581.13
2025-02-28,2757,161449.28
2025-02-28,2758,131963.69
2025-02-28,2759,66406.14
2025-02-28,2760,38802.0
2025-02-28,2761,307580.87
2025-02-28,2762,196472.12
2025-02-28,2763,78955.54
2025-02-28,2764,241638.19
2025-02-28,2765,96603.54
2025-02-28,2766,134635.35
2025-02-28,2767,111448.55
2025-02-28,2768,143801.06
2025-02-28,2769,157039.51
2025-02-28,2770,639818.79
2025-02-28,2771,59761.59
2025-02-28,2772,126457.51
2025-02-28,2773,327704.92
2025-02-28,2774,52671.09
2025-02-28,2775,194442.18
2025-02-28,2776,131353.77
2025-02-28,2777,15692.02
2025-02-28,2778,68423.08
2025-02-28,2779,226570.09
2025-02-28,2780,85726.37
2025-02-28,2781,218784.73
2025-02-28,2782,74042.42
2025-02-28,2783,266314.82
2025-02-28,2784,120617.71
2025-02-28,2785,61983.58
2025-02-28,2786,93923.82
2025-02-28,2787,231270.2
2025-02-28,2788,123935.68
2025-02-28,2789,99911.79
2025-02-28,2790,140172.21
2025-02-28,2791,227431.43
2025-02-28,2792,89928.42
2025-02-28,2793,267731.19
2025-02-28,2794,309085.63
2025-02-28,2795,111802.66
2025-02-28,2796,98907.63
2025-02-28,2797,256126.68
2025-02-28,2798,116194.25
2025-02-28,2799,511733.9
2025-02-28,2800,281107.92
2025-02-28,2801,225801.8
2025-02-28,2802,89874.74
2025-02-28,2803,111711.34
2025-02-28,2804,30778.96
2025-02-28,2805,70489.34
2025-02-28,2806,84914.85
2025-02-28,2807,114634.45
2025-02-28,2808,251441.7
2025-02-28,2809,975653.62
2025-02-28,2810,149139.63
2025-02-28,2811,74875.49
2025-02-28,2812,156160.26
2025-02-28,2813,126303.57
2025-02-28,2814,71431.44
2025-02-28,2815,140871.61
2025-02-28,2816,132177.88
2025-02-28,2817,297188.07
2025-02-28,2818,107951.11
2025-02-28,2819,97612.12
2025-02-28,2820,60637.54
2025-02-28,2821,101617.84
2025-02-28,2822,171145.08
2025-02-28,2823,53219.41
2025-02-28,2824,82886.53
2025-02-28,2825,154314.08
2025-02-28,2826,176424.14
2025-02-28,2827,42094.94
2025-02-28,2828,190371.13
2025-02-28,2829,93634.68
2025-02-28,2830,132713.88
2025-02-28,2831,339003.8
2025-02-28,2832,379619.29
2025-02-28,2833,135802.05
2025-02-28,2834,692711.54
2025-02-28,2835,276638.08
2025-02-28,2836,349465.66
2025-02-28,2837,45253.11
2025-02-28,2838,91402.37
2025-02-28,2839,134506.35
2025-02-28,2840,119574.48
2025-02-28,2841,166576.27
2025-02-28,2842,53717.94
2025-02-28,2843,158976.35
2025-02-28,2844,361126.94
2025-02-28,2845,299132.15
2025-02-28,2846,263203.92
2025-02-28,2847,151813.11
2025-02-28,2848,183234.1
2025-02-28,2849,37279.11
2025-02-28,2850,161032.68
2025-02-28,2851,473319.18
2025-02-28,2852,59581.74
2025-02-28,2853,91826.15
2025-02-28,2854,418939.84
2025-02-28,2855,266849.1
2025-02-28,2856,209192.92
2025-02-28,2857,182830.27
2025-02-28,2858,312785.56
2025-02-28,2859,84703.15
2025-02-28,2860,90636.69
2025-02-28,2861,59932.91
2025-02-28,2862,187429.74
2025-02-28,2863,55216.87
2025-02-28,2864,66379.35
2025-02-28,2865,87913.41
2025-02-28,2866,83429.98
2025-02-28,2867,68802.48
2025-02-28,2868,170850.85
2025-02-28,2869,151871.53
2025-02-28,2870,210054.54
2025-02-28,2871,157432.67
2025-02-28,2872,158102.15
2025-02-28,2873,350302.86
2025-02-28,2874,127767.01
2025-02-28,2875,105355.31
2025-02-28,2876,76938.59
2025-02-28,2877,75251.33
2025-02-28,2878,144363.0
2025-02-28,2879,106852.71
2025-02-28,2880,107939.12
2025-02-28,2881,89562.72
2025-02-28,2882,79147.99
2025-02-28,2883,50978.88
2025-02-28,2884,100273.5
2025-02-28,2885,103947.35
2025-02-28,2886,444252.48
2025-02-28,2887,44854.25
2025-02-28,2888,143652.62
2025-02-28,2889,151054.93
2025-02-28,2890,85117.15
2025-02-28,2891,47864.86
2025-02-28,2892,121594.05
2025-02-28,2893,99998.15
2025-02-28,2894,144912.58
2025-02-28,2895,83953.49
2025-02-28,2896,89664.38
2025-02-28,2897,41337.12
2025-02-28,2898,96846.41
2025-02-28,2899,75710.7
2025-02-28,2900,168928.82
2025-02-28,2901,301145.82
2025-02-28,2902,49616.01
2025-02-28,2903,190237.49
2025-02-28,2904,104874.97
2025-02-28,2905,113615.86
2025-02-28,2906,59341.96
2025-02-28,2907,164159.02
2025-02-28,2908,82291.09
2025-02-28,2909,66493.43
2025-02-28,2910,174018.83
2025-02-28,2911,209875.24
2025-02-28,2912,167828.13
2025-02-28,2913,105286.12
2025-02-28,2914,35475.15
2025-02-28,2915,43841.57
2025-02-28,2916,119717.26
2025-02-28,2917,66168.96
2025-02-28,2918,265354.56
2025-02-28,2919,121967.84
2025-02-28,2920,100358.76
2025-02-28,2921,289378.91
2025-02-28,2922,68597.52
2025-02-28,2923,87941.76
2025-02-28,2924,77565.3
2025-02-28,2925,343230.98
2025-02-28,2926,213964.38
2025-02-28,2927,83275.59
2025-02-28,2928,88825.67
2025-02-28,2929,138958.12
2025-02-28,2930,105812.32
2025-02-28,2931,38407.23
2025-02-28,2932,92008.61
2025-02-28,2933,102969.69
2025-02-28,2934,90824.86
2025-02-28,2935,52058.52
2025-02-28,2936,71086.7
2025-02-28,2937,34808.0
2025-02-28,2938,167808.43
2025-02-28,2939,167318.57
2025-02-28,2940,281633.42
2025-02-28,2941,444485.44
2025-02-28,2942,113245.4
2025-02-28,2943,120344.71
2025-02-28,2944,162462.38
2025-02-28,2945,265086.61
2025-02-28,2946,312940.89
2025-02-28,2947,115639.93
2025-02-28,2948,111085.9
2025-02-28,2949,72765.86
2025-02-28,2950,174311.75
2025-02-28,2951,646642.17
2025-02-28,2952,95186.72
2025-02-28,2953,80833.26
2025-02-28,2954,186783.8
2025-02-28,2955,150680.43
2025-02-28,2956,252257.51
2025-02-28,2957,80497.9
2025-02-28,2958,165576.76
2025-02-28,2959,88050.41
2025-02-28,2960,109429.98
2025-02-28,2961,39765.95
2025-02-28,2962,297230.93
2025-02-28,2963,223678.42
2025-02-28,2964,92277.62
2025-02-28,2965,232645.33
2025-02-28,2966,87761.63
2025-02-28,2967,93177.14
2025-02-28,2968,205750.02
2025-02-28,2969,121440.06
2025-02-28,2970,99961.81
2025-02-28,2971,174913.33
2025-02-28,2972,1191394.25
2025-02-28,2973,160204.21
2025-02-28,2974,144014.99
2025-02-28,2975,171947.42
2025-02-28,2976,173002.46
2025-02-28,2977,182208.19
2025-02-28,2978,69223.58
2025-02-28,2979,171858.48
2025-02-28,2980,87898.44
2025-02-28,2981,132124.99
2025-02-28,2982,185205.87
2025-02-28,2983,138748.65
2025-02-28,2984,185876.33
2025-02-28,2985,65002.99
2025-02-28,2986,72122.51
2025-02-28,2987,142160.81
2025-02-28,2988,197755.83
2025-02-28,2989,74195.12
2025-02-28,2990,104363.25
2025-02-28,2991,150565.36
2025-02-28,2992,183190.47
2025-02-28,2993,47012.2
2025-02-28,2994,134821.83
2025-02-28,2995,161195.9
2025-02-28,2996,204626.23
2025-02-28,2997,91155.98
2025-02-28,2998,85408.42
2025-02-28,2999,221879.68
2025-02-28,3000,177383.87
2025-02-28,3001,44671.43
2025-02-28,3002,182119.77
2025-02-28,3003,119725.15
2025-02-28,3004,18618.91
2025-02-28,3005,106377.18
2025-02-28,3006,120095.55
2025-02-28,3007,169548.64
2025-02-28,3008,529503.35
2025-02-28,3009,372043.32
2025-02-28,3010,79927.86
2025-02-28,3011,142703.75
2025-02-28,3012,405409.8
2025-02-28,3013,374054.33
2025-02-28,3014,108811.25
2025-02-28,3015,104152.57
2025-02-28,3016,173887.67
2025-02-28,3017,290280.73
2025-02-28,3018,163298.74
2025-02-28,3019,244599.32
2025-02-28,3020,545883.05
2025-02-28,3021,286957.79
2025-02-28,3022,131068.35
2025-02-28,3023,157227.56
2025-02-28,3024,62626.74
2025-02-28,3025,101621.4
2025-02-28,3026,135437.54
2025-02-28,3027,161788.18
2025-02-28,3028,95105.69
2025-02-28,3029,109468.14
2025-02-28,3030,141670.19
2025-02-28,3031,68950.52
2025-02-28,3032,69752.61
2025-02-28,3033,54650.65
2025-02-28,3034,104974.83
2025-02-28,3035,183281.14
2025-02-28,3036,154022.89
2025-02-28,3037,187439.17
2025-02-28,3038,235059.33
2025-02-28,3039,1313613.75
2025-02-28,3040,108640.93
2025-02-28,3041,102634.78
2025-02-28,3042,248453.71
2025-02-28,3043,72700.13
2025-02-28,3044,401162.34
2025-02-28,3045,221354.2
2025-02-28,3046,202625.17
2025-02-28,3047,263317.33
2025-02-28,3048,126234.08
2025-02-28,3049,92420.15
2025-02-28,3050,268281.16
2025-02-28,3051,40569.12
2025-02-28,3052,102830.18
2025-02-28,3053,121513.49
2025-02-28,3054,96393.06
2025-02-28,3055,156442.74
2025-02-28,3056,261382.16
2025-02-28,3057,249536.7
2025-02-28,3058,75173.39
2025-02-28,3059,387811.16
2025-02-28,3060,115403.58
2025-02-28,3061,157208.17
2025-02-28,3062,33784.39
2025-02-28,3063,246844.62
2025-02-28,3064,46177.04
2025-02-28,3065,119457.54
2025-02-28,3066,75338.31
2025-02-28,3067,71652.91
2025-02-28,3068,185952.09
2025-02-28,3069,40271.83
2025-02-28,3070,62492.02
2025-02-28,3071,137144.72
2025-02-28,3072,110543.75
2025-02-28,3073,298996.05
2025-02-28,3074,25346.32
2025-02-28,3075,82442.39
2025-02-28,3076,113467.51
2025-02-28,3077,143737.03
2025-02-28,3078,105795.73
2025-02-28,3079,86686.11
2025-02-28,3080,90971.87
2025-02-28,3081,71769.64
2025-02-28,3082,134003.17
2025-02-28,3083,204239.9
2025-02-28,3084,79218.36
2025-02-28,3085,75223.75
2025-02-28,3086,158722.64
2025-02-28,3087,172553.69
2025-02-28,3088,96331.24
2025-02-28,3089,93029.37
2025-02-28,3090,103571.49
2025-02-28,3091,283153.85
2025-02-28,3092,113060.39
2025-02-28,3093,823725.94
2025-02-28,3094,255583.51
2025-02-28,3095,415061.58
2025-02-28,3096,122347.72
2025-02-28,3097,82664.16
2025-02-28,3098,216355.43
2025-02-28,3099,132505.88
2025-02-28,3100,130748.24
2025-02-28,3101,109017.67
2025-02-28,3102,350940.17
2025-02-28,3103,198357.43
2025-02-28,3104,231268.2
2025-02-28,3105,118121.17
2025-02-28,3106,128198.99
2025-02-28,3107,388367.39
2025-02-28,3108,52574.21
2025-02-28,3109,67643.88
2025-02-28,3110,16846.51
2025-02-28,3111,100925.05
2025-02-28,3112,57156.52
2025-02-28,3113,148434.23
2025-02-28,3114,159622.04
2025-02-28,3115,148701.51
2025-02-28,3116,178143.81
2025-02-28,3117,194190.23
2025-02-28,3118,124662.74
2025-02-28,3119,78331.71
2025-02-28,3120,464269.48
2025-02-28,3121,43149.99
2025-02-28,3122,42836.11
2025-02-28,3123,155165.95
2025-02-28,3124,200662.72
2025-02-28,3125,131328.9
2025-02-28,3126,118321.35
2025-02-28,3127,90057.64
2025-02-28,3128,45741.92
2025-02-28,3129,164996.6
2025-02-28,3130,228344.36
2025-02-28,3131,59573.04
2025-02-28,3132,417646.93
2025-02-28,3133,408949.76
2025-02-28,3134,385437.68
2025-02-28,3135,125838.22
2025-02-28,3136,275861.82
2025-02-28,3137,125673.53
2025-02-28,3138,179861.73
2025-02-28,3139,180919.85
2025-02-28,3140,58294.59
2025-02-28,3141,100502.48
2025-02-28,3142,96668.48
2025-02-28,3143,171569.03
2025-02-28,3144,130420.15
2025-02-28,3145,95975.06
2025-02-28,3146,120023.81
2025-02-28,3147,229442.53
2025-02-28,3148,128398.23
2025-02-28,3149,84722.86
2025-02-28,3150,300181.29
2025-02-28,3151,176030.76
2025-02-28,3152,61751.16
2025-02-28,3153,274460.14
2025-02-28,3154,64517.23
2025-02-28,3155,262718.49
2025-02-28,3156,223406.62
2025-02-28,3157,689659.74
2025-02-28,3158,220208.34
2025-02-28,3159,31474.01
2025-02-28,3160,444589.53
2025-02-28,3161,243757.77
2025-02-28,3162,66947.63
2025-02-28,3163,128046.77
2025-02-28,3164,176891.18
2025-02-28,3165,241880.14
2025-02-28,3166,92878.56
2025-02-28,3167,160220.1
2025-02-28,3168,184288.34
2025-02-28,3169,53733.16
2025-02-28,3170,77808.85
2025-02-28,3171,23146.82
2025-02-28,3172,110349.9
2025-02-28,3173,116598.6
2025-02-28,3174,109512.6
2025-02-28,3175,134616.78
2025-02-28,3176,470283.85
2025-02-28,3177,70529.16
2025-02-28,3178,229522.62
2025-02-28,3179,153785.69
2025-02-28,3180,153889.48
2025-02-28,3181,318271.53
2025-02-28,3182,10018.9
2025-02-28,3183,67749.81
2025-02-28,3184,151899.61
2025-02-28,3185,129952.27
2025-02-28,3186,181350.72
2025-02-28,3187,234891.02
2025-02-28,3188,294781.66
2025-02-28,3189,366194.75
2025-02-28,3190,37253.51
2025-02-28,3191,151191.39
2025-02-28,3192,155958.76
2025-02-28,3193,100280.49
2025-02-28,3194,199196.43
2025-02-28,3195,544706.21
2025-02-28,3196,281061.38
2025-02-28,3197,231718.6
2025-02-28,3198,444672.43
2025-02-28,3199,232221.43
2025-02-28,3200,143398.06
2025-03-31,1,232527.24
2025-03-31,2,87238.02
2025-03-31,3,52975.98
2025-03-31,4,60210.67
2025-03-31,5,175890.91
2025-03-31,6,135844.59
2025-03-31,7,109240.09
2025-03-31,8,125416.83
2025-03-31,9,81963.45
2025-03-31,10,48365.0
2025-03-31,11,56917.08
2025-03-31,12,142698.92
2025-03-31,13,103027.01
2025-03-31,14,112906.22
2025-03-31,15,88580.06
2025-03-31,16,72796.15
2025-03-31,17,135234.82
2025-03-31,18,148139.91
2025-03-31,19,454930.16
2025-03-31,20,60078.67
2025-03-31,21,79763.07
2025-03-31,22,76852.75
2025-03-31,23,99935.81
2025-03-31,24,130583.7
2025-03-31,25,134704.66
2025-03-31,26,113569.38
2025-03-31,27,355646.16
2025-03-31,28,136616.31
2025-03-31,29,105344.05
2025-03-31,30,173054.09
2025-03-31,31,274969.83
2025-03-31,32,23389.79
2025-03-31,33,257480.56
2025-03-31,34,67890.03
2025-03-31,35,87760.81
2025-03-31,36,129728.7
2025-03-31,37,163265.21
2025-03-31,38,145076.02
2025-03-31,39,900271.82
2025-03-31,40,72980.21
2025-03-31,41,362181.82
2025-03-31,42,69155.37
2025-03-31,43,108170.81
2025-03-31,44,209935.48
2025-03-31,45,124076.96
2025-03-31,46,98160.28
2025-03-31,47,284928.61
2025-03-31,48,85327.27
2025-03-31,49,177912.89
2025-03-31,50,118647.24
2025-03-31,51,129150.02
2025-03-31,52,163594.63
2025-03-31,53,465553.66
2025-03-31,54,372322.83
2025-03-31,55,188692.07
2025-03-31,56,140448.29
2025-03-31,57,482871.7
2025-03-31,58,208415.23
2025-03-31,59,260910.51
2025-03-31,60,178707.71
2025-03-31,61,76146.03
2025-03-31,62,207868.16
2025-03-31,63,65554.27
2025-03-31,64,175697.36
2025-03-31,65,380354.03
2025-03-31,66,192426.16
2025-03-31,67,167130.92
2025-03-31,68,100491.46
2025-03-31,69,232917.07
2025-03-31,70,245362.81
2025-03-31,71,122491.09
2025-03-31,72,147217.73
2025-03-31,73,114730.95
2025-03-31,74,77054.44
2025-03-31,75,91521.84
2025-03-31,76,95701.71
2025-03-31,77,203485.22
2025-03-31,78,50419.32
2025-03-31,79,154067.38
2025-03-31,80,285112.67
2025-03-31,81,240176.15
2025-03-31,82,145934.59
2025-03-31,83,190898.42
2025-03-31,84,41358.17
2025-03-31,85,37372.72
2025-03-31,86,119395.48
2025-03-31,87,49004.8
2025-03-31,88,241761.34
2025-03-31,89,66169.11
2025-03-31,90,161582.69
2025-03-31,91,78235.88
2025-03-31,92,142480.6
2025-03-31,93,267796.84
2025-03-31,94,418749.4
2025-03-31,95,178218.03
2025-03-31,96,136077.74
2025-03-31,97,196076.9
2025-03-31,98,58006.29
2025-03-31,99,197968.02
2025-03-31,100,82566.58
2025-03-31,101,554707.81
2025-03-31,102,111219.05
2025-03-31,103,59387.12
2025-03-31,104,102323.61
2025-03-31,105,465731.85
2025-03-31,106,283773.26
2025-03-31,107,66943.89
2025-03-31,108,88860.45
2025-03-31,109,66380.38
2025-03-31,110,27943.2
2025-03-31,111,415750.26
2025-03-31,112,103538.72
2025-03-31,113,61879.17
2025-03-31,114,285794.0
2025-03-31,115,138545.06
2025-03-31,116,35829.2
2025-03-31,117,219965.18
2025-03-31,118,206567.67
2025-03-31,119,216707.47
2025-03-31,120,159987.59
2025-03-31,121,140177.29
2025-03-31,122,70925.29
2025-03-31,123,94826.48
2025-03-31,124,172139.6
2025-03-31,125,104463.51
2025-03-31,126,178021.21
2025-03-31,127,62554.1
2025-03-31,128,222005.76
2025-03-31,129,114763.97
2025-03-31,130,72028.47
2025-03-31,131,82445.85
2025-03-31,132,103200.37
2025-03-31,133,119302.42
2025-03-31,134,139237.7
2025-03-31,135,53450.05
2025-03-31,136,7229.37
2025-03-31,137,174357.84
2025-03-31,138,85407.21
2025-03-31,139,170689.6
2025-03-31,140,121435.21
2025-03-31,141,324891.42
2025-03-31,142,196759.1
2025-03-31,143,83559.09
2025-03-31,144,114912.69
2025-03-31,145,150426.09
2025-03-31,146,260296.46
2025-03-31,147,173558.83
2025-03-31,148,65770.64
2025-03-31,149,339705.77
2025-03-31,150,70707.68
2025-03-31,151,50467.39
2025-03-31,152,610761.93
2025-03-31,153,112457.78
2025-03-31,154,90511.29
2025-03-31,155,69912.98
2025-03-31,156,155069.76
2025-03-31,157,66689.08
2025-03-31,158,131036.69
2025-03-31,159,73168.88
2025-03-31,160,104325.95
2025-03-31,161,184271.83
2025-03-31,162,202429.99
2025-03-31,163,243159.96
2025-03-31,164,214470.68
2025-03-31,165,167642.24
2025-03-31,166,33771.3
2025-03-31,167,403223.72
2025-03-31,168,125591.66
2025-03-31,169,195409.1
2025-03-31,170,387858.67
2025-03-31,171,239637.44
2025-03-31,172,68612.17
2025-03-31,173,63091.47
2025-03-31,174,420767.54
2025-03-31,175,181955.45
2025-03-31,176,92260.75
2025-03-31,177,38426.19
2025-03-31,178,141740.42
2025-03-31,179,300882.0
2025-03-31,180,182715.81
2025-03-31,181,255974.92
2025-03-31,182,71649.35
2025-03-31,183,111552.91
2025-03-31,184,67320.97
2025-03-31,185,118388.31
2025-03-31,186,326111.46
2025-03-31,187,85158.75
2025-03-31,188,158602.52
2025-03-31,189,38080.63
2025-03-31,190,137875.65
2025-03-31,191,25320.99
2025-03-31,192,65734.07
2025-03-31,193,149128.66
2025-03-31,194,200328.41
2025-03-31,195,78070.27
2025-03-31,196,253207.82
2025-03-31,197,275787.78
2025-03-31,198,455996.08
2025-03-31,199,33935.7
2025-03-31,200,93844.24
2025-03-31,201,80868.02
2025-03-31,202,272555.79
2025-03-31,203,98473.86
2025-03-31,204,284049.45
2025-03-31,205,33887.48
2025-03-31,206,132871.85
2025-03-31,207,204963.16
2025-03-31,208,302584.78
2025-03-31,209,275985.49
2025-03-31,210,140330.83
2025-03-31,211,164516.53
2025-03-31,212,484100.55
2025-03-31,213,103153.88
2025-03-31,214,186310.28
2025-03-31,215,153875.88
2025-03-31,216,432721.86
2025-03-31,217,111985.8
2025-03-31,218,141836.9
2025-03-31,219,172270.07
2025-03-31,220,213137.58
2025-03-31,221,67109.53
2025-03-31,222,126558.86
2025-03-31,223,71197.72
2025-03-31,224,177333.2
2025-03-31,225,276494.19
2025-03-31,226,196616.12
2025-03-31,227,53829.74
2025-03-31,228,84547.63
2025-03-31,229,157616.42
2025-03-31,230,355689.04
2025-03-31,231,182076.86
2025-03-31,232,122558.17
2025-03-31,233,111649.25
2025-03-31,234,148608.87
2025-03-31,235,211270.67
2025-03-31,236,64494.9
2025-03-31,237,338275.03
2025-03-31,238,32104.93
2025-03-31,239,38902.63
2025-03-31,240,259761.6
2025-03-31,241,201661.51
2025-03-31,242,443602.24
2025-03-31,243,16053.05
2025-03-31,244,104102.9
2025-03-31,245,207755.78
2025-03-31,246,29113.97
2025-03-31,247,57029.84
2025-03-31,248,54249.93
2025-03-31,249,111847.65
2025-03-31,250,162432.81
2025-03-31,251,45469.59
2025-03-31,252,123724.26
2025-03-31,253,73971.65
2025-03-31,254,212315.41
2025-03-31,255,163870.4
2025-03-31,256,129468.38
2025-03-31,257,78498.6
2025-03-31,258,32997.79
2025-03-31,259,160916.72
2025-03-31,260,119622.13
2025-03-31,261,69131.6
2025-03-31,262,181366.66
2025-03-31,263,122247.61
2025-03-31,264,81462.28
2025-03-31,265,195300.59
2025-03-31,266,101218.65
2025-03-31,267,70015.38
2025-03-31,268,52745.98
2025-03-31,269,83338.28
2025-03-31,270,69998.3
2025-03-31,271,67571.1
2025-03-31,272,221283.08
2025-03-31,273,155916.67
2025-03-31,274,111030.19
2025-03-31,275,507698.54
2025-03-31,276,152490.86
2025-03-31,277,164678.23
2025-03-31,278,322726.71
2025-03-31,279,374405.02
2025-03-31,280,125021.69
2025-03-31,281,78673.7
2025-03-31,282,170348.31
2025-03-31,283,57304.42
2025-03-31,284,19285.79
2025-03-31,285,231910.67
2025-03-31,286,334994.04
2025-03-31,287,597063.75
2025-03-31,288,77752.9
2025-03-31,289,182393.06
2025-03-31,290,115229.91
2025-03-31,291,351436.51
2025-03-31,292,226998.68
2025-03-31,293,172122.02
2025-03-31,294,90099.25
2025-03-31,295,206460.73
2025-03-31,296,121115.03
2025-03-31,297,265615.16
2025-03-31,298,352412.15
2025-03-31,299,158681.54
2025-03-31,300,76976.32
2025-03-31,301,80481.36
2025-03-31,302,205177.65
2025-03-31,303,114847.36
2025-03-31,304,155608.95
2025-03-31,305,214032.15
2025-03-31,306,217410.02
2025-03-31,307,178609.49
2025-03-31,308,15339.25
2025-03-31,309,122673.9
2025-03-31,310,162129.72
2025-03-31,311,41613.42
2025-03-31,312,152265.11
2025-03-31,313,132295.67
2025-03-31,314,117503.54
2025-03-31,315,196155.18
2025-03-31,316,91224.17
2025-03-31,317,81048.07
2025-03-31,318,98281.44
2025-03-31,319,122273.86
2025-03-31,320,54952.13
2025-03-31,321,283876.57
2025-03-31,322,66921.09
2025-03-31,323,275810.21
2025-03-31,324,258361.67
2025-03-31,325,135084.02
2025-03-31,326,249634.19
2025-03-31,327,163950.98
2025-03-31,328,65221.55
2025-03-31,329,269245.78
2025-03-31,330,99285.77
2025-03-31,331,39477.29
2025-03-31,332,113459.94
2025-03-31,333,199491.59
2025-03-31,334,152647.45
2025-03-31,335,56313.36
2025-03-31,336,337516.56
2025-03-31,337,213620.68
2025-03-31,338,64245.82
2025-03-31,339,77652.87
2025-03-31,340,279274.78
2025-03-31,341,65908.35
2025-03-31,342,202009.49
2025-03-31,343,204561.83
2025-03-31,344,61314.39
2025-03-31,345,126604.17
2025-03-31,346,308692.69
2025-03-31,347,167354.3
2025-03-31,348,31134.44
2025-03-31,349,112963.97
2025-03-31,350,129458.92
2025-03-31,351,315951.4
2025-03-31,352,185027.88
2025-03-31,353,95770.44
2025-03-31,354,172644.23
2025-03-31,355,140233.0
2025-03-31,356,161265.01
2025-03-31,357,76701.56
2025-03-31,358,84571.92
2025-03-31,359,78424.72
2025-03-31,360,83847.46
2025-03-31,361,188344.31
2025-03-31,362,77276.54
2025-03-31,363,44452.1
2025-03-31,364,260703.42
2025-03-31,365,399415.06
2025-03-31,366,85471.06
2025-03-31,367,235438.5
2025-03-31,368,149532.63
2025-03-31,369,198924.54
2025-03-31,370,116398.36
2025-03-31,371,187083.3
2025-03-31,372,100571.83
2025-03-31,373,92660.02
2025-03-31,374,260957.91
2025-03-31,375,153290.24
2025-03-31,376,59962.18
2025-03-31,377,487695.79
2025-03-31,378,73700.97
2025-03-31,379,194366.93
2025-03-31,380,72025.74
2025-03-31,381,55804.05
2025-03-31,382,184439.76
2025-03-31,383,88686.56
2025-03-31,384,140193.15
2025-03-31,385,65563.89
2025-03-31,386,59748.5
2025-03-31,387,297193.86
2025-03-31,388,181740.28
2025-03-31,389,322000.78
2025-03-31,390,257770.32
2025-03-31,391,531766.57
2025-03-31,392,156262.12
2025-03-31,393,321764.04
2025-03-31,394,291194.57
2025-03-31,395,182506.58
2025-03-31,396,122186.83
2025-03-31,397,191251.55
2025-03-31,398,536959.87
2025-03-31,399,106212.99
2025-03-31,400,257304.65
2025-03-31,401,183425.13
2025-03-31,402,126421.09
2025-03-31,403,156810.28
2025-03-31,404,180048.92
2025-03-31,405,257503.35
2025-03-31,406,111116.31
2025-03-31,407,53283.11
2025-03-31,408,111543.43
2025-03-31,409,87426.84
2025-03-31,410,210041.26
2025-03-31,411,111497.68
2025-03-31,412,334813.64
2025-03-31,413,102341.7
2025-03-31,414,528070.13
2025-03-31,415,102352.0
2025-03-31,416,173446.09
2025-03-31,417,53410.85
2025-03-31,418,425172.05
2025-03-31,419,165444.82
2025-03-31,420,166618.21
2025-03-31,421,15868.79
2025-03-31,422,55897.09
2025-03-31,423,44594.86
2025-03-31,424,378050.14
2025-03-31,425,258813.13
2025-03-31,426,180599.14
2025-03-31,427,141265.43
2025-03-31,428,70299.12
2025-03-31,429,145480.58
2025-03-31,430,330895.16
2025-03-31,431,204101.46
2025-03-31,432,177239.76
2025-03-31,433,83186.01
2025-03-31,434,138331.42
2025-03-31,435,16990.67
2025-03-31,436,377472.56
2025-03-31,437,185561.96
2025-03-31,438,53714.74
2025-03-31,439,173957.33
2025-03-31,440,197995.0
2025-03-31,441,222278.77
2025-03-31,442,262195.37
2025-03-31,443,371470.45
2025-03-31,444,43415.44
2025-03-31,445,421722.83
2025-03-31,446,373892.34
2025-03-31,447,120561.0
2025-03-31,448,80929.79
2025-03-31,449,386187.13
2025-03-31,450,73503.01
2025-03-31,451,149182.47
2025-03-31,452,228948.83
2025-03-31,453,65078.06
2025-03-31,454,73621.8
2025-03-31,455,73628.92
2025-03-31,456,137943.34
2025-03-31,457,66790.46
2025-03-31,458,351869.63
2025-03-31,459,297572.63
2025-03-31,460,100953.42
2025-03-31,461,93740.17
2025-03-31,462,68118.74
2025-03-31,463,422132.36
2025-03-31,464,30799.03
2025-03-31,465,75010.89
2025-03-31,466,302911.71
2025-03-31,467,151522.59
2025-03-31,468,62716.85
2025-03-31,469,371807.0
2025-03-31,470,52648.69
2025-03-31,471,300529.9
2025-03-31,472,94054.93
2025-03-31,473,107286.96
2025-03-31,474,155769.22
2025-03-31,475,90639.88
2025-03-31,476,95172.46
2025-03-31,477,333503.77
2025-03-31,478,97145.54
2025-03-31,479,125048.05
2025-03-31,480,129513.69
2025-03-31,481,13660.53
2025-03-31,482,262922.22
2025-03-31,483,429815.61
2025-03-31,484,37368.61
2025-03-31,485,171919.77
2025-03-31,486,23491.3
2025-03-31,487,40430.01
2025-03-31,488,54038.78
2025-03-31,489,275926.79
2025-03-31,490,62446.14
2025-03-31,491,175171.47
2025-03-31,492,83133.86
2025-03-31,493,66751.3
2025-03-31,494,168349.43
2025-03-31,495,164778.27
2025-03-31,496,178504.42
2025-03-31,497,538185.23
2025-03-31,498,87936.88
2025-03-31,499,478689.72
2025-03-31,500,131505.86
2025-03-31,501,181062.35
2025-03-31,502,316588.18
2025-03-31,503,79327.97
2025-03-31,504,127180.52
2025-03-31,505,136225.49
2025-03-31,506,208490.12
2025-03-31,507,107462.8
2025-03-31,508,88294.31
2025-03-31,509,144665.72
2025-03-31,510,72984.66
2025-03-31,511,109257.82
2025-03-31,512,106709.5
2025-03-31,513,344805.79
2025-03-31,514,159856.01
2025-03-31,515,123267.0
2025-03-31,516,312176.84
2025-03-31,517,102840.09
2025-03-31,518,544031.85
2025-03-31,519,194344.75
2025-03-31,520,216053.45
2025-03-31,521,69071.35
2025-03-31,522,34179.17
2025-03-31,523,62162.05
2025-03-31,524,109520.43
2025-03-31,525,151952.67
2025-03-31,526,67335.9
2025-03-31,527,69731.07
2025-03-31,528,176966.86
2025-03-31,529,451460.64
2025-03-31,530,70982.56
2025-03-31,531,252097.4
2025-03-31,532,225674.66
2025-03-31,533,89471.14
2025-03-31,534,143377.76
2025-03-31,535,28615.77
2025-03-31,536,137777.07
2025-03-31,537,33859.56
2025-03-31,538,105383.66
2025-03-31,539,145400.99
2025-03-31,540,241911.54
2025-03-31,541,88907.85
2025-03-31,542,206275.2
2025-03-31,543,306163.48
2025-03-31,544,245144.15
2025-03-31,545,284946.77
2025-03-31,546,183622.84
2025-03-31,547,63563.16
2025-03-31,548,61015.84
2025-03-31,549,77149.48
2025-03-31,550,180403.0
2025-03-31,551,101771.78
2025-03-31,552,62582.82
2025-03-31,553,68197.45
2025-03-31,554,89100.46
2025-03-31,555,111541.39
2025-03-31,556,377501.01
2025-03-31,557,5525.95
2025-03-31,558,76718.71
2025-03-31,559,105638.23
2025-03-31,560,50300.43
2025-03-31,561,278911.04
2025-03-31,562,219130.71
2025-03-31,563,127970.92
2025-03-31,564,187278.89
2025-03-31,565,61614.7
2025-03-31,566,124347.45
2025-03-31,567,237186.19
2025-03-31,568,162548.07
2025-03-31,569,191660.6
2025-03-31,570,33780.69
2025-03-31,571,193880.88
2025-03-31,572,141187.31
2025-03-31,573,150270.57
2025-03-31,574,144474.33
2025-03-31,575,76128.09
2025-03-31,576,86996.56
2025-03-31,577,133576.29
2025-03-31,578,258579.58
2025-03-31,579,252105.81
2025-03-31,580,69873.27
2025-03-31,581,325474.82
2025-03-31,582,273610.95
2025-03-31,583,182986.56
2025-03-31,584,83361.09
2025-03-31,585,30241.3
2025-03-31,586,126933.88
2025-03-31,587,336288.3
2025-03-31,588,79170.71
2025-03-31,589,278845.25
2025-03-31,590,48090.54
2025-03-31,591,107452.34
2025-03-31,592,111628.01
2025-03-31,593,156807.39
2025-03-31,594,313170.15
2025-03-31,595,118170.48
2025-03-31,596,76366.91
2025-03-31,597,68505.36
2025-03-31,598,286262.31
2025-03-31,599,68937.26
2025-03-31,600,154596.27
2025-03-31,601,95840.61
2025-03-31,602,736596.62
2025-03-31,603,207691.97
2025-03-31,604,47312.1
2025-03-31,605,160319.44
2025-03-31,606,116662.68
2025-03-31,607,573496.31
2025-03-31,608,66610.96
2025-03-31,609,92091.5
2025-03-31,610,106124.29
2025-03-31,611,73599.64
2025-03-31,612,210606.41
2025-03-31,613,134860.29
2025-03-31,614,213753.72
2025-03-31,615,103945.88
2025-03-31,616,50179.66
2025-03-31,617,193403.4
2025-03-31,618,262637.25
2025-03-31,619,318031.76
2025-03-31,620,81744.21
2025-03-31,621,237965.87
2025-03-31,622,42248.33
2025-03-31,623,163869.45
2025-03-31,624,238161.58
2025-03-31,625,286418.95
2025-03-31,626,115415.47
2025-03-31,627,218626.07
2025-03-31,628,201377.22
2025-03-31,629,118510.11
2025-03-31,630,131507.98
2025-03-31,631,45752.76
2025-03-31,632,117704.61
2025-03-31,633,137706.9
2025-03-31,634,106257.61
2025-03-31,635,97824.59
2025-03-31,636,98789.55
2025-03-31,637,1039103.41
2025-03-31,638,60875.61
2025-03-31,639,79902.65
2025-03-31,640,211009.26
2025-03-31,641,73218.36
2025-03-31,642,166681.46
2025-03-31,643,94921.19
2025-03-31,644,155113.18
2025-03-31,645,498394.98
2025-03-31,646,102581.54
2025-03-31,647,98757.8
2025-03-31,648,167755.06
2025-03-31,649,146398.26
2025-03-31,650,190224.68
2025-03-31,651,102399.89
2025-03-31,652,131041.92
2025-03-31,653,48690.27
2025-03-31,654,632059.65
2025-03-31,655,205842.71
2025-03-31,656,119543.55
2025-03-31,657,91537.67
2025-03-31,658,162680.16
2025-03-31,659,226118.68
2025-03-31,660,143920.32
2025-03-31,661,64566.14
2025-03-31,662,61451.52
2025-03-31,663,120000.01
2025-03-31,664,105509.59
2025-03-31,665,90001.62
2025-03-31,666,185637.36
2025-03-31,667,65716.66
2025-03-31,668,126857.77
2025-03-31,669,13663.53
2025-03-31,670,185544.06
2025-03-31,671,40686.16
2025-03-31,672,137518.16
2025-03-31,673,99770.42
2025-03-31,674,165594.77
2025-03-31,675,128262.5
2025-03-31,676,432517.26
2025-03-31,677,103071.41
2025-03-31,678,113961.52
2025-03-31,679,16303.48
2025-03-31,680,126617.94
2025-03-31,681,29039.81
2025-03-31,682,122435.08
2025-03-31,683,23621.17
2025-03-31,684,81885.71
2025-03-31,685,192783.27
2025-03-31,686,129791.75
2025-03-31,687,126986.28
2025-03-31,688,107046.02
2025-03-31,689,155105.53
2025-03-31,690,161756.25
2025-03-31,691,167315.41
2025-03-31,692,57092.86
2025-03-31,693,61909.78
2025-03-31,694,84068.21
2025-03-31,695,417284.15
2025-03-31,696,37433.59
2025-03-31,697,170110.21
2025-03-31,698,47338.52
2025-03-31,699,186679.53
2025-03-31,700,69145.11
2025-03-31,701,62966.54
2025-03-31,702,54252.85
2025-03-31,703,88769.46
2025-03-31,704,107752.53
2025-03-31,705,71578.09
2025-03-31,706,455555.85
2025-03-31,707,120839.02
2025-03-31,708,274672.3
2025-03-31,709,31768.87
2025-03-31,710,199895.29
2025-03-31,711,122328.5
2025-03-31,712,116967.84
2025-03-31,713,129041.89
2025-03-31,714,812382.49
2025-03-31,715,246036.77
2025-03-31,716,118535.87
2025-03-31,717,162623.25
2025-03-31,718,372796.11
2025-03-31,719,69796.69
2025-03-31,720,90336.7
2025-03-31,721,50118.16
2025-03-31,722,186392.84
2025-03-31,723,301737.25
2025-03-31,724,37545.85
2025-03-31,725,159992.25
2025-03-31,726,168354.91
2025-03-31,727,118545.52
2025-03-31,728,76937.62
2025-03-31,729,205584.98
2025-03-31,730,187416.67
2025-03-31,731,85150.95
2025-03-31,732,119203.35
2025-03-31,733,284072.84
2025-03-31,734,127698.0
2025-03-31,735,120445.87
2025-03-31,736,512314.88
2025-03-31,737,56248.61
2025-03-31,738,179047.72
2025-03-31,739,79852.29
2025-03-31,740,195253.89
2025-03-31,741,344873.67
2025-03-31,742,114629.0
2025-03-31,743,51439.28
2025-03-31,744,74986.14
2025-03-31,745,150820.85
2025-03-31,746,200907.67
2025-03-31,747,163312.0
2025-03-31,748,50998.53
2025-03-31,749,129445.67
2025-03-31,750,101078.22
2025-03-31,751,185580.9
2025-03-31,752,125696.55
2025-03-31,753,36876.42
2025-03-31,754,97196.48
2025-03-31,755,91109.36
2025-03-31,756,128904.72
2025-03-31,757,413432.47
2025-03-31,758,394879.54
2025-03-31,759,85726.76
2025-03-31,760,240913.55
2025-03-31,761,116520.49
2025-03-31,762,93258.6
2025-03-31,763,124778.21
2025-03-31,764,82433.09
2025-03-31,765,78621.7
2025-03-31,766,142941.4
2025-03-31,767,97042.49
2025-03-31,768,45380.84
2025-03-31,769,188640.59
2025-03-31,770,185052.18
2025-03-31,771,277379.06
2025-03-31,772,142221.12
2025-03-31,773,132937.49
2025-03-31,774,48265.75
2025-03-31,775,143555.83
2025-03-31,776,215642.8
2025-03-31,777,543242.12
2025-03-31,778,40402.14
2025-03-31,779,243274.06
2025-03-31,780,348803.57
2025-03-31,781,41751.33
2025-03-31,782,130663.76
2025-03-31,783,90458.96
2025-03-31,784,88309.7
2025-03-31,785,24794.58
2025-03-31,786,218235.05
2025-03-31,787,247841.41
2025-03-31,788,294786.17
2025-03-31,789,55035.9
2025-03-31,790,168001.82
2025-03-31,791,119562.49
2025-03-31,792,66402.37
2025-03-31,793,326233.19
2025-03-31,794,94744.62
2025-03-31,795,133521.14
2025-03-31,796,521063.59
2025-03-31,797,32626.39
2025-03-31,798,213201.69
2025-03-31,799,511285.97
2025-03-31,800,160273.45
2025-03-31,801,294430.98
2025-03-31,802,29218.02
2025-03-31,803,169270.07
2025-03-31,804,118111.92
2025-03-31,805,116229.36
2025-03-31,806,132070.43
2025-03-31,807,34334.56
2025-03-31,808,167040.89
2025-03-31,809,78602.05
2025-03-31,810,135682.98
2025-03-31,811,110142.46
2025-03-31,812,100323.16
2025-03-31,813,38688.98
2025-03-31,814,478064.27
2025-03-31,815,209060.85
2025-03-31,816,400537.8
2025-03-31,817,112688.62
2025-03-31,818,149187.73
2025-03-31,819,111792.85
2025-03-31,820,187225.45
2025-03-31,821,112002.15
2025-03-31,822,238953.68
2025-03-31,823,257066.48
2025-03-31,824,219526.91
2025-03-31,825,223323.99
2025-03-31,826,269705.44
2025-03-31,827,241508.53
2025-03-31,828,91442.79
2025-03-31,829,403122.0
2025-03-31,830,145279.06
2025-03-31,831,211158.29
2025-03-31,832,52550.2
2025-03-31,833,438461.07
2025-03-31,834,199263.24
2025-03-31,835,103731.79
2025-03-31,836,376585.28
2025-03-31,837,145539.4
2025-03-31,838,327534.7
2025-03-31,839,167333.36
2025-03-31,840,48484.99
2025-03-31,841,435311.25
2025-03-31,842,102536.62
2025-03-31,843,78637.55
2025-03-31,844,71575.76
2025-03-31,845,257582.87
2025-03-31,846,197925.58
2025-03-31,847,106488.06
2025-03-31,848,99057.47
2025-03-31,849,80337.02
2025-03-31,850,109826.44
2025-03-31,851,52844.8
2025-03-31,852,625255.62
2025-03-31,853,80242.62
2025-03-31,854,67014.04
2025-03-31,855,146092.45
2025-03-31,856,68879.37
2025-03-31,857,44238.87
2025-03-31,858,123031.67
2025-03-31,859,217364.69
2025-03-31,860,23731.85
2025-03-31,861,180213.91
2025-03-31,862,98625.38
2025-03-31,863,203871.34
2025-03-31,864,995513.45
2025-03-31,865,25427.4
2025-03-31,866,90602.62
2025-03-31,867,108980.81
2025-03-31,868,148725.06
2025-03-31,869,137854.69
2025-03-31,870,53630.69
2025-03-31,871,77320.37
2025-03-31,872,96156.24
2025-03-31,873,80579.55
2025-03-31,874,84516.68
2025-03-31,875,92051.11
2025-03-31,876,392411.18
2025-03-31,877,211135.07
2025-03-31,878,79564.68
2025-03-31,879,118447.95
2025-03-31,880,41741.13
2025-03-31,881,137979.92
2025-03-31,882,251647.78
2025-03-31,883,260136.39
2025-03-31,884,402101.68
2025-03-31,885,172187.38
2025-03-31,886,41419.2
2025-03-31,887,49583.51
2025-03-31,888,96803.89
2025-03-31,889,358000.18
2025-03-31,890,214546.33
2025-03-31,891,150762.08
2025-03-31,892,276457.5
2025-03-31,893,253542.9
2025-03-31,894,196150.98
2025-03-31,895,171625.78
2025-03-31,896,401617.03
2025-03-31,897,247465.46
2025-03-31,898,110999.7
2025-03-31,899,149370.76
2025-03-31,900,155120.23
2025-03-31,901,108159.24
2025-03-31,902,341078.98
2025-03-31,903,364191.1
2025-03-31,904,35459.0
2025-03-31,905,260697.06
2025-03-31,906,134003.09
2025-03-31,907,119343.08
2025-03-31,908,75027.87
2025-03-31,909,63190.84
2025-03-31,910,131545.2
2025-03-31,911,52219.79
2025-03-31,912,255046.13
2025-03-31,913,548859.34
2025-03-31,914,85662.82
2025-03-31,915,119012.23
2025-03-31,916,113709.77
2025-03-31,917,144385.08
2025-03-31,918,129207.18
2025-03-31,919,84174.61
2025-03-31,920,242318.34
2025-03-31,921,103774.94
2025-03-31,922,107701.62
2025-03-31,923,132172.26
2025-03-31,924,47179.62
2025-03-31,925,131485.62
2025-03-31,926,130330.01
2025-03-31,927,124016.35
2025-03-31,928,236685.94
2025-03-31,929,324177.49
2025-03-31,930,296046.56
2025-03-31,931,155479.44
2025-03-31,932,197025.6
2025-03-31,933,64190.35
2025-03-31,934,86428.84
2025-03-31,935,295346.95
2025-03-31,936,242026.0
2025-03-31,937,74473.06
2025-03-31,938,116161.75
2025-03-31,939,39437.45
2025-03-31,940,212127.11
2025-03-31,941,105449.05
2025-03-31,942,117840.97
2025-03-31,943,159555.44
2025-03-31,944,125010.94
2025-03-31,945,120276.75
2025-03-31,946,155829.69
2025-03-31,947,811478.37
2025-03-31,948,170639.78
2025-03-31,949,82275.54
2025-03-31,950,255634.35
2025-03-31,951,347935.5
2025-03-31,952,106543.9
2025-03-31,953,48517.61
2025-03-31,954,255342.19
2025-03-31,955,148571.24
2025-03-31,956,130150.29
2025-03-31,957,232844.46
2025-03-31,958,184565.04
2025-03-31,959,310222.25
2025-03-31,960,259161.1
2025-03-31,961,252053.5
2025-03-31,962,132301.44
2025-03-31,963,73025.75
2025-03-31,964,119212.48
2025-03-31,965,217368.73
2025-03-31,966,274405.15
2025-03-31,967,166427.63
2025-03-31,968,258201.85
2025-03-31,969,298511.36
2025-03-31,970,173736.51
2025-03-31,971,105510.31
2025-03-31,972,148538.41
2025-03-31,973,44834.08
2025-03-31,974,119470.53
2025-03-31,975,32957.07
2025-03-31,976,347670.81
2025-03-31,977,199243.51
2025-03-31,978,164889.5
2025-03-31,979,42782.45
2025-03-31,980,116568.53
2025-03-31,981,91648.43
2025-03-31,982,86514.34
2025-03-31,983,148229.5
2025-03-31,984,110247.49
2025-03-31,985,31794.38
2025-03-31,986,54673.72
2025-03-31,987,101933.37
2025-03-31,988,139389.1
2025-03-31,989,77487.77
2025-03-31,990,223887.15
2025-03-31,991,216302.45
2025-03-31,992,114044.25
2025-03-31,993,130716.66
2025-03-31,994,140253.34
2025-03-31,995,44438.46
2025-03-31,996,767016.51
2025-03-31,997,490056.11
2025-03-31,998,193417.16
2025-03-31,999,123737.51
2025-03-31,1000,83317.13
2025-03-31,1001,103221.38
2025-03-31,1002,275776.91
2025-03-31,1003,137298.43
2025-03-31,1004,108836.59
2025-03-31,1005,143938.74
2025-03-31,1006,25514.27
2025-03-31,1007,47166.93
2025-03-31,1008,219575.18
2025-03-31,1009,195834.01
2025-03-31,1010,135485.57
2025-03-31,1011,111716.66
2025-03-31,1012,2942.92
2025-03-31,1013,90530.22
2025-03-31,1014,73238.74
2025-03-31,1015,130675.57
2025-03-31,1016,375350.91
2025-03-31,1017,171844.36
2025-03-31,1018,102586.88
2025-03-31,1019,120529.76
2025-03-31,1020,124792.48
2025-03-31,1021,151891.58
2025-03-31,1022,393061.87
2025-03-31,1023,120181.34
2025-03-31,1024,41126.4
2025-03-31,1025,113969.37
2025-03-31,1026,98736.12
2025-03-31,1027,76670.39
2025-03-31,1028,227080.8
2025-03-31,1029,212282.65
2025-03-31,1030,90159.4
2025-03-31,1031,253626.98
2025-03-31,1032,326447.06
2025-03-31,1033,107297.23
2025-03-31,1034,321113.11
2025-03-31,1035,87417.22
2025-03-31,1036,236253.6
2025-03-31,1037,133008.34
2025-03-31,1038,401780.67
2025-03-31,1039,150302.53
2025-03-31,1040,107834.65
2025-03-31,1041,124477.37
2025-03-31,1042,103741.49
2025-03-31,1043,141979.72
2025-03-31,1044,201585.13
2025-03-31,1045,110643.37
2025-03-31,1046,429809.67
2025-03-31,1047,111932.67
2025-03-31,1048,224182.48
2025-03-31,1049,516859.62
2025-03-31,1050,82608.01
2025-03-31,1051,73810.48
2025-03-31,1052,652030.14
2025-03-31,1053,99329.73
2025-03-31,1054,370956.37
2025-03-31,1055,89272.65
2025-03-31,1056,159492.33
2025-03-31,1057,189543.57
2025-03-31,1058,193133.04
2025-03-31,1059,110960.86
2025-03-31,1060,155995.37
2025-03-31,1061,276413.0
2025-03-31,1062,362942.1
2025-03-31,1063,85377.97
2025-03-31,1064,156407.14
2025-03-31,1065,114789.66
2025-03-31,1066,277638.62
2025-03-31,1067,353590.6
2025-03-31,1068,146558.96
2025-03-31,1069,288346.36
2025-03-31,1070,161975.35
2025-03-31,1071,172697.38
2025-03-31,1072,74693.41
2025-03-31,1073,260379.69
2025-03-31,1074,451766.59
2025-03-31,1075,167880.93
2025-03-31,1076,28132.49
2025-03-31,1077,72944.19
2025-03-31,1078,212756.74
2025-03-31,1079,124261.73
2025-03-31,1080,207277.07
2025-03-31,1081,345888.79
2025-03-31,1082,184744.14
2025-03-31,1083,29004.34
2025-03-31,1084,68672.55
2025-03-31,1085,101573.34
2025-03-31,1086,164251.14
2025-03-31,1087,325253.72
2025-03-31,1088,167971.37
2025-03-31,1089,145671.44
2025-03-31,1090,140932.22
2025-03-31,1091,94067.78
2025-03-31,1092,51180.34
2025-03-31,1093,105236.95
2025-03-31,1094,425340.28
2025-03-31,1095,89756.15
2025-03-31,1096,41014.64
2025-03-31,1097,100016.63
2025-03-31,1098,163979.32
2025-03-31,1099,76527.4
2025-03-31,1100,142279.98
2025-03-31,1101,60088.48
2025-03-31,1102,242201.14
2025-03-31,1103,67789.0
2025-03-31,1104,72020.59
2025-03-31,1105,247247.76
2025-03-31,1106,136511.35
2025-03-31,1107,76597.32
2025-03-31,1108,393432.27
2025-03-31,1109,145415.12
2025-03-31,1110,106543.13
2025-03-31,1111,129857.35
2025-03-31,1112,69785.74
2025-03-31,1113,93024.39
2025-03-31,1114,461856.17
2025-03-31,1115,178450.41
2025-03-31,1116,123767.11
2025-03-31,1117,121152.89
2025-03-31,1118,285553.32
2025-03-31,1119,297016.71
2025-03-31,1120,100546.93
2025-03-31,1121,191542.27
2025-03-31,1122,70879.62
2025-03-31,1123,175873.41
2025-03-31,1124,210473.69
2025-03-31,1125,150320.76
2025-03-31,1126,41218.68
2025-03-31,1127,138990.21
2025-03-31,1128,268599.57
2025-03-31,1129,131114.51
2025-03-31,1130,141663.29
2025-03-31,1131,177496.51
2025-03-31,1132,101910.8
2025-03-31,1133,51571.59
2025-03-31,1134,146326.7
2025-03-31,1135,125612.96
2025-03-31,1136,244604.31
2025-03-31,1137,81000.97
2025-03-31,1138,76948.16
2025-03-31,1139,254827.37
2025-03-31,1140,24395.22
2025-03-31,1141,134016.85
2025-03-31,1142,411564.11
2025-03-31,1143,337437.73
2025-03-31,1144,149549.44
2025-03-31,1145,68031.33
2025-03-31,1146,88513.17
2025-03-31,1147,91535.43
2025-03-31,1148,101224.97
2025-03-31,1149,199815.66
2025-03-31,1150,102642.79
2025-03-31,1151,719120.92
2025-03-31,1152,134793.84
2025-03-31,1153,73100.76
2025-03-31,1154,117376.82
2025-03-31,1155,79571.93
2025-03-31,1156,56336.23
2025-03-31,1157,339366.73
2025-03-31,1158,113367.35
2025-03-31,1159,118322.13
2025-03-31,1160,87814.93
2025-03-31,1161,29006.81
2025-03-31,1162,246706.17
2025-03-31,1163,127193.54
2025-03-31,1164,205577.66
2025-03-31,1165,325974.89
2025-03-31,1166,78858.39
2025-03-31,1167,139338.24
2025-03-31,1168,205853.27
2025-03-31,1169,27173.97
2025-03-31,1170,102188.52
2025-03-31,1171,105877.29
2025-03-31,1172,78849.44
2025-03-31,1173,355328.19
2025-03-31,1174,171998.22
2025-03-31,1175,110758.63
2025-03-31,1176,97083.3
2025-03-31,1177,78618.4
2025-03-31,1178,684947.63
2025-03-31,1179,110029.39
2025-03-31,1180,293656.78
2025-03-31,1181,266877.36
2025-03-31,1182,369475.84
2025-03-31,1183,208442.26
2025-03-31,1184,66484.45
2025-03-31,1185,32408.34
2025-03-31,1186,112913.46
2025-03-31,1187,90632.23
2025-03-31,1188,122559.62
2025-03-31,1189,84934.99
2025-03-31,1190,128629.57
2025-03-31,1191,232706.31
2025-03-31,1192,149826.13
2025-03-31,1193,96230.82
2025-03-31,1194,188304.31
2025-03-31,1195,262869.58
2025-03-31,1196,80723.83
2025-03-31,1197,204022.49
2025-03-31,1198,70727.81
2025-03-31,1199,163997.1
2025-03-31,1200,85458.0
2025-03-31,1201,219666.09
2025-03-31,1202,329447.47
2025-03-31,1203,119231.44
2025-03-31,1204,149648.31
2025-03-31,1205,103529.7
2025-03-31,1206,77615.56
2025-03-31,1207,84665.29
2025-03-31,1208,143393.96
2025-03-31,1209,153084.73
2025-03-31,1210,113595.99
2025-03-31,1211,59850.94
2025-03-31,1212,429702.06
2025-03-31,1213,59642.86
2025-03-31,1214,163154.12
2025-03-31,1215,274685.85
2025-03-31,1216,119587.46
2025-03-31,1217,13753.31
2025-03-31,1218,42639.9
2025-03-31,1219,187045.06
2025-03-31,1220,431728.05
2025-03-31,1221,216316.35
2025-03-31,1222,96074.19
2025-03-31,1223,126742.24
2025-03-31,1224,221507.03
2025-03-31,1225,108029.53
2025-03-31,1226,51881.3
2025-03-31,1227,69930.75
2025-03-31,1228,127094.86
2025-03-31,1229,111848.34
2025-03-31,1230,211369.48
2025-03-31,1231,633519.3
2025-03-31,1232,118195.41
2025-03-31,1233,223359.16
2025-03-31,1234,132005.96
2025-03-31,1235,429218.58
2025-03-31,1236,177324.06
2025-03-31,1237,280664.12
2025-03-31,1238,89732.7
2025-03-31,1239,222695.79
2025-03-31,1240,119461.43
2025-03-31,1241,71111.23
2025-03-31,1242,145604.68
2025-03-31,1243,200357.02
2025-03-31,1244,219113.9
2025-03-31,1245,59119.27
2025-03-31,1246,169829.41
2025-03-31,1247,127786.75
2025-03-31,1248,204141.82
2025-03-31,1249,280985.15
2025-03-31,1250,322146.81
2025-03-31,1251,122429.41
2025-03-31,1252,216384.92
2025-03-31,1253,153052.84
2025-03-31,1254,76031.15
2025-03-31,1255,40403.56
2025-03-31,1256,156612.31
2025-03-31,1257,43214.52
2025-03-31,1258,7103.37
2025-03-31,1259,259052.9
2025-03-31,1260,151003.62
2025-03-31,1261,244286.87
2025-03-31,1262,143148.0
2025-03-31,1263,316773.59
2025-03-31,1264,68900.59
2025-03-31,1265,350997.7
2025-03-31,1266,271184.16
2025-03-31,1267,109573.37
2025-03-31,1268,131579.43
2025-03-31,1269,25628.16
2025-03-31,1270,50486.56
2025-03-31,1271,129358.6
2025-03-31,1272,165432.08
2025-03-31,1273,168495.19
2025-03-31,1274,254946.29
2025-03-31,1275,183026.54
2025-03-31,1276,79739.96
2025-03-31,1277,76289.34
2025-03-31,1278,705784.52
2025-03-31,1279,317081.81
2025-03-31,1280,307129.57
2025-03-31,1281,251705.15
2025-03-31,1282,142493.43
2025-03-31,1283,113338.65
2025-03-31,1284,117766.62
2025-03-31,1285,147945.93
2025-03-31,1286,184225.62
2025-03-31,1287,346224.25
2025-03-31,1288,78407.38
2025-03-31,1289,89368.97
2025-03-31,1290,155160.03
2025-03-31,1291,289662.76
2025-03-31,1292,294314.49
2025-03-31,1293,23807.75
2025-03-31,1294,132376.9
2025-03-31,1295,271892.34
2025-03-31,1296,62766.17
2025-03-31,1297,73316.95
2025-03-31,1298,106095.08
2025-03-31,1299,306360.54
2025-03-31,1300,80531.63
2025-03-31,1301,145601.36
2025-03-31,1302,102524.64
2025-03-31,1303,428166.15
2025-03-31,1304,88741.93
2025-03-31,1305,230173.17
2025-03-31,1306,82913.63
2025-03-31,1307,183016.69
2025-03-31,1308,102801.11
2025-03-31,1309,83438.41
2025-03-31,1310,101010.85
2025-03-31,1311,201283.55
2025-03-31,1312,114897.16
2025-03-31,1313,143453.3
2025-03-31,1314,52288.51
2025-03-31,1315,114684.81
2025-03-31,1316,129184.61
2025-03-31,1317,154981.99
2025-03-31,1318,53814.35
2025-03-31,1319,71221.91
2025-03-31,1320,124628.35
2025-03-31,1321,68376.58
2025-03-31,1322,74052.59
2025-03-31,1323,372546.51
2025-03-31,1324,259984.84
2025-03-31,1325,138659.81
2025-03-31,1326,96732.41
2025-03-31,1327,242173.76
2025-03-31,1328,301380.02
2025-03-31,1329,89541.66
2025-03-31,1330,205253.12
2025-03-31,1331,103386.29
2025-03-31,1332,103218.31
2025-03-31,1333,106707.64
2025-03-31,1334,49220.62
2025-03-31,1335,120251.27
2025-03-31,1336,101733.57
2025-03-31,1337,59929.31
2025-03-31,1338,176081.75
2025-03-31,1339,150752.38
2025-03-31,1340,58499.39
2025-03-31,1341,127329.18
2025-03-31,1342,151825.84
2025-03-31,1343,229896.6
2025-03-31,1344,184369.96
2025-03-31,1345,124022.65
2025-03-31,1346,92236.88
2025-03-31,1347,180057.1
2025-03-31,1348,67599.7
2025-03-31,1349,81054.05
2025-03-31,1350,85481.19
2025-03-31,1351,153013.37
2025-03-31,1352,299915.88
2025-03-31,1353,162516.14
2025-03-31,1354,68513.61
2025-03-31,1355,178126.71
2025-03-31,1356,187353.4
2025-03-31,1357,118645.51
2025-03-31,1358,203486.24
2025-03-31,1359,165351.73
2025-03-31,1360,187750.73
2025-03-31,1361,115076.34
2025-03-31,1362,201610.14
2025-03-31,1363,91162.11
2025-03-31,1364,202088.99
2025-03-31,1365,339605.79
2025-03-31,1366,110052.12
2025-03-31,1367,65518.07
2025-03-31,1368,268997.61
2025-03-31,1369,250413.02
2025-03-31,1370,89104.1
2025-03-31,1371,140664.63
2025-03-31,1372,313242.05
2025-03-31,1373,235160.79
2025-03-31,1374,171493.84
2025-03-31,1375,40882.19
2025-03-31,1376,187942.66
2025-03-31,1377,69669.82
2025-03-31,1378,151811.29
2025-03-31,1379,143096.92
2025-03-31,1380,115113.91
2025-03-31,1381,210464.5
2025-03-31,1382,116863.18
2025-03-31,1383,32813.11
2025-03-31,1384,73836.34
2025-03-31,1385,48711.17
2025-03-31,1386,64316.2
2025-03-31,1387,620988.89
2025-03-31,1388,312556.89
2025-03-31,1389,489332.89
2025-03-31,1390,28959.88
2025-03-31,1391,90210.65
2025-03-31,1392,389765.68
2025-03-31,1393,248917.09
2025-03-31,1394,66434.62
2025-03-31,1395,36046.2
2025-03-31,1396,137101.74
2025-03-31,1397,162756.14
2025-03-31,1398,99429.56
2025-03-31,1399,183464.42
2025-03-31,1400,34523.3
2025-03-31,1401,285949.15
2025-03-31,1402,131813.17
2025-03-31,1403,143561.38
2025-03-31,1404,59108.82
2025-03-31,1405,57831.09
2025-03-31,1406,50523.5
2025-03-31,1407,277121.32
2025-03-31,1408,235854.72
2025-03-31,1409,82214.65
2025-03-31,1410,113415.37
2025-03-31,1411,70348.49
2025-03-31,1412,170693.94
2025-03-31,1413,113950.81
2025-03-31,1414,53770.11
2025-03-31,1415,80928.84
2025-03-31,1416,154667.97
2025-03-31,1417,107487.75
2025-03-31,1418,520935.34
2025-03-31,1419,40624.76
2025-03-31,1420,197507.1
2025-03-31,1421,191437.49
2025-03-31,1422,36754.71
2025-03-31,1423,226187.75
2025-03-31,1424,241152.47
2025-03-31,1425,107662.72
2025-03-31,1426,66148.17
2025-03-31,1427,80061.58
2025-03-31,1428,43544.74
2025-03-31,1429,85036.98
2025-03-31,1430,73897.13
2025-03-31,1431,178195.23
2025-03-31,1432,178971.15
2025-03-31,1433,49714.45
2025-03-31,1434,69702.19
2025-03-31,1435,466825.29
2025-03-31,1436,432834.32
2025-03-31,1437,105888.79
2025-03-31,1438,170361.88
2025-03-31,1439,174570.82
2025-03-31,1440,140217.9
2025-03-31,1441,100040.45
2025-03-31,1442,114751.77
2025-03-31,1443,107229.76
2025-03-31,1444,256925.72
2025-03-31,1445,92241.52
2025-03-31,1446,119591.13
2025-03-31,1447,56196.12
2025-03-31,1448,135054.13
2025-03-31,1449,25420.44
2025-03-31,1450,130004.02
2025-03-31,1451,26737.43
2025-03-31,1452,196773.95
2025-03-31,1453,109784.72
2025-03-31,1454,68539.43
2025-03-31,1455,170126.52
2025-03-31,1456,67267.25
2025-03-31,1457,283543.75
2025-03-31,1458,190844.58
2025-03-31,1459,215957.71
2025-03-31,1460,160903.19
2025-03-31,1461,139975.47
2025-03-31,1462,237163.29
2025-03-31,1463,352634.12
2025-03-31,1464,668548.87
2025-03-31,1465,153549.61
2025-03-31,1466,192051.44
2025-03-31,1467,94317.87
2025-03-31,1468,99478.91
2025-03-31,1469,42453.15
2025-03-31,1470,280458.62
2025-03-31,1471,138351.87
2025-03-31,1472,81301.25
2025-03-31,1473,169932.37
2025-03-31,1474,174398.72
2025-03-31,1475,90403.71
2025-03-31,1476,59531.64
2025-03-31,1477,389975.25
2025-03-31,1478,151400.32
2025-03-31,1479,131338.03
2025-03-31,1480,289186.62
2025-03-31,1481,230555.35
2025-03-31,1482,118624.45
2025-03-31,1483,300875.09
2025-03-31,1484,386033.13
2025-03-31,1485,40497.75
2025-03-31,1486,115115.71
2025-03-31,1487,267655.46
2025-03-31,1488,129956.67
2025-03-31,1489,213675.25
2025-03-31,1490,293976.14
2025-03-31,1491,224006.22
2025-03-31,1492,124001.28
2025-03-31,1493,426692.59
2025-03-31,1494,6971.77
2025-03-31,1495,133865.43
2025-03-31,1496,57536.43
2025-03-31,1497,80079.21
2025-03-31,1498,207001.39
2025-03-31,1499,200346.46
2025-03-31,1500,250568.81
2025-03-31,1501,84364.01
2025-03-31,1502,42709.39
2025-03-31,1503,78259.7
2025-03-31,1504,136105.48
2025-03-31,1505,266251.47
2025-03-31,1506,71877.8
2025-03-31,1507,93091.02
2025-03-31,1508,18151.28
2025-03-31,1509,222583.15
2025-03-31,1510,91331.48
2025-03-31,1511,64567.88
2025-03-31,1512,135554.45
2025-03-31,1513,158738.31
2025-03-31,1514,99880.8
2025-03-31,1515,40574.88
2025-03-31,1516,279340.58
2025-03-31,1517,168446.7
2025-03-31,1518,269697.88
2025-03-31,1519,103813.64
2025-03-31,1520,95581.32
2025-03-31,1521,143040.03
2025-03-31,1522,63946.81
2025-03-31,1523,50316.66
2025-03-31,1524,104531.91
2025-03-31,1525,79702.43
2025-03-31,1526,135592.99
2025-03-31,1527,88564.71
2025-03-31,1528,331985.17
2025-03-31,1529,83649.42
2025-03-31,1530,268429.53
2025-03-31,1531,181824.96
2025-03-31,1532,165766.14
2025-03-31,1533,94432.27
2025-03-31,1534,105398.84
2025-03-31,1535,90166.99
2025-03-31,1536,236923.82
2025-03-31,1537,157150.38
2025-03-31,1538,230277.3
2025-03-31,1539,191927.51
2025-03-31,1540,269268.73
2025-03-31,1541,96994.98
2025-03-31,1542,159249.32
2025-03-31,1543,89352.57
2025-03-31,1544,223704.44
2025-03-31,1545,126946.71
2025-03-31,1546,105360.76
2025-03-31,1547,897274.73
2025-03-31,1548,147720.68
2025-03-31,1549,506477.82
2025-03-31,1550,418819.21
2025-03-31,1551,99108.16
2025-03-31,1552,466691.52
2025-03-31,1553,99563.94
2025-03-31,1554,54885.08
2025-03-31,1555,220275.21
2025-03-31,1556,230327.37
2025-03-31,1557,175882.09
2025-03-31,1558,142124.35
2025-03-31,1559,95929.91
2025-03-31,1560,30577.57
2025-03-31,1561,243294.46
2025-03-31,1562,109432.11
2025-03-31,1563,90927.55
2025-03-31,1564,119480.96
2025-03-31,1565,69747.48
2025-03-31,1566,244205.08
2025-03-31,1567,205201.08
2025-03-31,1568,105958.76
2025-03-31,1569,212290.59
2025-03-31,1570,202429.09
2025-03-31,1571,111703.41
2025-03-31,1572,165841.05
2025-03-31,1573,68955.0
2025-03-31,1574,67736.85
2025-03-31,1575,78368.55
2025-03-31,1576,100922.84
2025-03-31,1577,63341.8
2025-03-31,1578,230893.18
2025-03-31,1579,138336.21
2025-03-31,1580,140439.93
2025-03-31,1581,453872.91
2025-03-31,1582,65929.6
2025-03-31,1583,32705.8
2025-03-31,1584,38119.73
2025-03-31,1585,70087.83
2025-03-31,1586,122874.77
2025-03-31,1587,222830.74
2025-03-31,1588,64255.4
2025-03-31,1589,169394.8
2025-03-31,1590,92844.78
2025-03-31,1591,307090.01
2025-03-31,1592,139530.28
2025-03-31,1593,192769.03
2025-03-31,1594,106072.12
2025-03-31,1595,150834.26
2025-03-31,1596,105198.67
2025-03-31,1597,83928.5
2025-03-31,1598,137127.8
2025-03-31,1599,184666.1
2025-03-31,1600,412209.65
2025-03-31,1601,73079.58
2025-03-31,1602,283186.08
2025-03-31,1603,142038.93
2025-03-31,1604,378864.49
2025-03-31,1605,84081.0
2025-03-31,1606,182497.03
2025-03-31,1607,300110.54
2025-03-31,1608,321054.33
2025-03-31,1609,173141.34
2025-03-31,1610,62935.16
2025-03-31,1611,89365.67
2025-03-31,1612,122838.17
2025-03-31,1613,202316.79
2025-03-31,1614,177888.92
2025-03-31,1615,227721.58
2025-03-31,1616,104926.31
2025-03-31,1617,97256.6
2025-03-31,1618,44011.88
2025-03-31,1619,68955.65
2025-03-31,1620,52867.29
2025-03-31,1621,55555.4
2025-03-31,1622,93666.1
2025-03-31,1623,260400.11
2025-03-31,1624,134328.78
2025-03-31,1625,103228.09
2025-03-31,1626,160758.67
2025-03-31,1627,188044.17
2025-03-31,1628,75452.1
2025-03-31,1629,41984.53
2025-03-31,1630,132174.02
2025-03-31,1631,119279.61
2025-03-31,1632,82190.83
2025-03-31,1633,132139.96
2025-03-31,1634,60229.84
2025-03-31,1635,239205.05
2025-03-31,1636,74932.57
2025-03-31,1637,111968.05
2025-03-31,1638,162478.87
2025-03-31,1639,55239.09
2025-03-31,1640,193983.41
2025-03-31,1641,179213.26
2025-03-31,1642,218801.46
2025-03-31,1643,80523.06
2025-03-31,1644,226022.22
2025-03-31,1645,74401.74
2025-03-31,1646,229090.96
2025-03-31,1647,243088.53
2025-03-31,1648,30161.24
2025-03-31,1649,66413.51
2025-03-31,1650,36808.68
2025-03-31,1651,274102.66
2025-03-31,1652,209931.36
2025-03-31,1653,55960.6
2025-03-31,1654,95855.79
2025-03-31,1655,32690.89
2025-03-31,1656,160112.85
2025-03-31,1657,300928.09
2025-03-31,1658,95660.52
2025-03-31,1659,182908.46
2025-03-31,1660,64379.19
2025-03-31,1661,102387.93
2025-03-31,1662,83584.85
2025-03-31,1663,49004.62
2025-03-31,1664,286217.7
2025-03-31,1665,295277.21
2025-03-31,1666,213239.68
2025-03-31,1667,64915.28
2025-03-31,1668,139971.16
2025-03-31,1669,118859.15
2025-03-31,1670,79532.5
2025-03-31,1671,32431.76
2025-03-31,1672,356385.7
2025-03-31,1673,56422.93
2025-03-31,1674,933084.6
2025-03-31,1675,552762.38
2025-03-31,1676,22007.75
2025-03-31,1677,134386.94
2025-03-31,1678,161392.66
2025-03-31,1679,38914.96
2025-03-31,1680,179575.78
2025-03-31,1681,176017.98
2025-03-31,1682,256554.73
2025-03-31,1683,139840.94
2025-03-31,1684,114929.79
2025-03-31,1685,112554.43
2025-03-31,1686,147181.04
2025-03-31,1687,43233.15
2025-03-31,1688,101356.88
2025-03-31,1689,72345.91
2025-03-31,1690,218493.56
2025-03-31,1691,106383.89
2025-03-31,1692,103939.59
2025-03-31,1693,541644.16
2025-03-31,1694,30952.76
2025-03-31,1695,100896.42
2025-03-31,1696,38779.41
2025-03-31,1697,274552.86
2025-03-31,1698,267953.94
2025-03-31,1699,91289.04
2025-03-31,1700,56821.96
2025-03-31,1701,84181.38
2025-03-31,1702,92223.52
2025-03-31,1703,136049.09
2025-03-31,1704,144704.24
2025-03-31,1705,99209.1
2025-03-31,1706,160164.51
2025-03-31,1707,171886.44
2025-03-31,1708,56120.85
2025-03-31,1709,146443.57
2025-03-31,1710,69446.05
2025-03-31,1711,146929.84
2025-03-31,1712,90287.25
2025-03-31,1713,111247.9
2025-03-31,1714,282032.72
2025-03-31,1715,144796.74
2025-03-31,1716,222334.01
2025-03-31,1717,212823.63
2025-03-31,1718,176825.12
2025-03-31,1719,99678.99
2025-03-31,1720,337770.16
2025-03-31,1721,214767.38
2025-03-31,1722,126749.45
2025-03-31,1723,132537.24
2025-03-31,1724,289851.8
2025-03-31,1725,122886.32
2025-03-31,1726,9595.54
2025-03-31,1727,68114.36
2025-03-31,1728,42162.7
2025-03-31,1729,175544.89
2025-03-31,1730,213423.4
2025-03-31,1731,302405.0
2025-03-31,1732,214228.38
2025-03-31,1733,30063.28
2025-03-31,1734,101624.76
2025-03-31,1735,31349.1
2025-03-31,1736,117023.04
2025-03-31,1737,335248.83
2025-03-31,1738,57861.85
2025-03-31,1739,159307.61
2025-03-31,1740,313306.35
2025-03-31,1741,269672.99
2025-03-31,1742,195441.42
2025-03-31,1743,41199.73
2025-03-31,1744,220428.29
2025-03-31,1745,52255.65
2025-03-31,1746,168732.64
2025-03-31,1747,29553.0
2025-03-31,1748,135891.68
2025-03-31,1749,56613.62
2025-03-31,1750,66935.74
2025-03-31,1751,77172.99
2025-03-31,1752,33412.88
2025-03-31,1753,43257.93
2025-03-31,1754,232949.0
2025-03-31,1755,135167.69
2025-03-31,1756,56747.75
2025-03-31,1757,32899.79
2025-03-31,1758,179712.34
2025-03-31,1759,127634.9
2025-03-31,1760,114805.62
2025-03-31,1761,238789.75
2025-03-31,1762,102346.57
2025-03-31,1763,33358.67
2025-03-31,1764,73286.82
2025-03-31,1765,47133.76
2025-03-31,1766,148481.41
2025-03-31,1767,184090.16
2025-03-31,1768,155688.62
2025-03-31,1769,70120.39
2025-03-31,1770,97479.89
2025-03-31,1771,76321.72
2025-03-31,1772,793384.53
2025-03-31,1773,198003.83
2025-03-31,1774,184674.15
2025-03-31,1775,35382.34
2025-03-31,1776,298223.04
2025-03-31,1777,139334.5
2025-03-31,1778,77341.5
2025-03-31,1779,50551.59
2025-03-31,1780,141689.56
2025-03-31,1781,200477.05
2025-03-31,1782,75769.32
2025-03-31,1783,71503.52
2025-03-31,1784,239570.69
2025-03-31,1785,338846.9
2025-03-31,1786,104843.84
2025-03-31,1787,39552.36
2025-03-31,1788,88612.15
2025-03-31,1789,282064.45
2025-03-31,1790,70597.78
2025-03-31,1791,256081.89
2025-03-31,1792,232916.17
2025-03-31,1793,182821.57
2025-03-31,1794,496461.63
2025-03-31,1795,100556.1
2025-03-31,1796,289365.05
2025-03-31,1797,383995.53
2025-03-31,1798,184911.75
2025-03-31,1799,166780.85
2025-03-31,1800,341350.62
2025-03-31,1801,98244.4
2025-03-31,1802,157450.48
2025-03-31,1803,73330.27
2025-03-31,1804,263304.97
2025-03-31,1805,94977.14
2025-03-31,1806,56790.27
2025-03-31,1807,304180.06
2025-03-31,1808,127848.12
2025-03-31,1809,76781.25
2025-03-31,1810,423360.45
2025-03-31,1811,26285.46
2025-03-31,1812,233515.58
2025-03-31,1813,110867.06
2025-03-31,1814,62030.12
2025-03-31,1815,94099.03
2025-03-31,1816,94652.44
2025-03-31,1817,108696.32
2025-03-31,1818,41436.3
2025-03-31,1819,125830.78
2025-03-31,1820,85809.32
2025-03-31,1821,175371.43
2025-03-31,1822,97917.39
2025-03-31,1823,56713.77
2025-03-31,1824,193891.72
2025-03-31,1825,287207.26
2025-03-31,1826,121696.16
2025-03-31,1827,58777.7
2025-03-31,1828,121409.52
2025-03-31,1829,159469.54
2025-03-31,1830,86662.45
2025-03-31,1831,192907.65
2025-03-31,1832,102792.12
2025-03-31,1833,160157.53
2025-03-31,1834,186190.15
2025-03-31,1835,138084.34
2025-03-31,1836,145729.88
2025-03-31,1837,305937.36
2025-03-31,1838,80653.64
2025-03-31,1839,134353.42
2025-03-31,1840,205272.67
2025-03-31,1841,71959.58
2025-03-31,1842,340539.78
2025-03-31,1843,140905.74
2025-03-31,1844,32707.04
2025-03-31,1845,299691.96
2025-03-31,1846,108781.6
2025-03-31,1847,85262.16
2025-03-31,1848,82632.25
2025-03-31,1849,21565.4
2025-03-31,1850,162743.98
2025-03-31,1851,150196.75
2025-03-31,1852,130879.98
2025-03-31,1853,157852.23
2025-03-31,1854,32140.74
2025-03-31,1855,80830.25
2025-03-31,1856,145743.74
2025-03-31,1857,121700.12
2025-03-31,1858,84006.95
2025-03-31,1859,169768.7
2025-03-31,1860,145927.85
2025-03-31,1861,442493.43
2025-03-31,1862,116441.01
2025-03-31,1863,70765.2
2025-03-31,1864,46741.02
2025-03-31,1865,69392.74
2025-03-31,1866,65157.45
2025-03-31,1867,153299.88
2025-03-31,1868,152228.35
2025-03-31,1869,61500.64
2025-03-31,1870,630015.98
2025-03-31,1871,146984.11
2025-03-31,1872,228921.53
2025-03-31,1873,86909.08
2025-03-31,1874,66855.07
2025-03-31,1875,45521.36
2025-03-31,1876,55312.06
2025-03-31,1877,222483.26
2025-03-31,1878,73049.69
2025-03-31,1879,76145.41
2025-03-31,1880,505259.15
2025-03-31,1881,55150.24
2025-03-31,1882,115907.49
2025-03-31,1883,165861.89
2025-03-31,1884,58505.61
2025-03-31,1885,143201.18
2025-03-31,1886,180273.8
2025-03-31,1887,124430.69
2025-03-31,1888,107125.05
2025-03-31,1889,58367.91
2025-03-31,1890,137129.13
2025-03-31,1891,56465.62
2025-03-31,1892,101769.51
2025-03-31,1893,157544.06
2025-03-31,1894,96875.4
2025-03-31,1895,50439.76
2025-03-31,1896,169633.07
2025-03-31,1897,65558.01
2025-03-31,1898,84576.28
2025-03-31,1899,90961.03
2025-03-31,1900,196392.11
2025-03-31,1901,149883.82
2025-03-31,1902,280670.68
2025-03-31,1903,82750.14
2025-03-31,1904,72960.36
2025-03-31,1905,55887.23
2025-03-31,1906,196622.35
2025-03-31,1907,460120.14
2025-03-31,1908,105007.7
2025-03-31,1909,188040.96
2025-03-31,1910,94177.95
2025-03-31,1911,90912.46
2025-03-31,1912,101653.2
2025-03-31,1913,179328.31
2025-03-31,1914,60175.6
2025-03-31,1915,108556.45
2025-03-31,1916,108308.26
2025-03-31,1917,420598.35
2025-03-31,1918,188440.24
2025-03-31,1919,105771.93
2025-03-31,1920,85853.55
2025-03-31,1921,249779.07
2025-03-31,1922,137399.12
2025-03-31,1923,155866.11
2025-03-31,1924,123806.47
2025-03-31,1925,244661.23
2025-03-31,1926,60233.58
2025-03-31,1927,305877.47
2025-03-31,1928,92220.13
2025-03-31,1929,115186.37
2025-03-31,1930,112859.88
2025-03-31,1931,260994.18
2025-03-31,1932,113660.7
2025-03-31,1933,130812.8
2025-03-31,1934,413041.0
2025-03-31,1935,123023.32
2025-03-31,1936,158412.15
2025-03-31,1937,301191.74
2025-03-31,1938,210096.17
2025-03-31,1939,169416.93
2025-03-31,1940,96236.82
2025-03-31,1941,148332.42
2025-03-31,1942,87829.88
2025-03-31,1943,359723.78
2025-03-31,1944,139479.63
2025-03-31,1945,229955.9
2025-03-31,1946,204312.18
2025-03-31,1947,229551.53
2025-03-31,1948,111942.38
2025-03-31,1949,160992.03
2025-03-31,1950,1263308.18
2025-03-31,1951,172825.0
2025-03-31,1952,174903.0
2025-03-31,1953,245418.28
2025-03-31,1954,300876.37
2025-03-31,1955,77303.8
2025-03-31,1956,256970.33
2025-03-31,1957,121346.85
2025-03-31,1958,94217.03
2025-03-31,1959,51893.79
2025-03-31,1960,180266.13
2025-03-31,1961,301483.58
2025-03-31,1962,43355.7
2025-03-31,1963,149660.16
2025-03-31,1964,232100.46
2025-03-31,1965,32700.36
2025-03-31,1966,232608.66
2025-03-31,1967,53776.11
2025-03-31,1968,102881.37
2025-03-31,1969,190524.41
2025-03-31,1970,96836.28
2025-03-31,1971,49194.7
2025-03-31,1972,61291.43
2025-03-31,1973,167078.4
2025-03-31,1974,419121.67
2025-03-31,1975,214828.86
2025-03-31,1976,112886.97
2025-03-31,1977,74124.56
2025-03-31,1978,163891.3
2025-03-31,1979,84798.59
2025-03-31,1980,144921.41
2025-03-31,1981,52076.68
2025-03-31,1982,112335.31
2025-03-31,1983,100277.36
2025-03-31,1984,132496.51
2025-03-31,1985,105505.29
2025-03-31,1986,258659.5
2025-03-31,1987,193100.55
2025-03-31,1988,438399.72
2025-03-31,1989,44057.92
2025-03-31,1990,79079.1
2025-03-31,1991,118761.44
2025-03-31,1992,35673.13
2025-03-31,1993,285305.59
2025-03-31,1994,101476.09
2025-03-31,1995,38270.42
2025-03-31,1996,156338.05
2025-03-31,1997,258405.87
2025-03-31,1998,254106.61
2025-03-31,1999,18533.99
2025-03-31,2000,88915.25
2025-03-31,2001,208958.9
2025-03-31,2002,222408.16
2025-03-31,2003,239438.59
2025-03-31,2004,68114.29
2025-03-31,2005,245751.52
2025-03-31,2006,69067.63
2025-03-31,2007,109934.55
2025-03-31,2008,159817.47
2025-03-31,2009,100011.35
2025-03-31,2010,42792.58
2025-03-31,2011,176843.73
2025-03-31,2012,373927.46
2025-03-31,2013,194766.69
2025-03-31,2014,285834.68
2025-03-31,2015,168911.61
2025-03-31,2016,11253.51
2025-03-31,2017,198622.46
2025-03-31,2018,47806.61
2025-03-31,2019,28198.56
2025-03-31,2020,81395.19
2025-03-31,2021,145045.02
2025-03-31,2022,139634.6
2025-03-31,2023,125020.1
2025-03-31,2024,374415.36
2025-03-31,2025,108380.99
2025-03-31,2026,143760.43
2025-03-31,2027,172612.29
2025-03-31,2028,6822.3
2025-03-31,2029,63636.16
2025-03-31,2030,44048.44
2025-03-31,2031,269490.75
2025-03-31,2032,50470.62
2025-03-31,2033,82888.61
2025-03-31,2034,79596.47
2025-03-31,2035,283245.21
2025-03-31,2036,158591.34
2025-03-31,2037,67713.51
2025-03-31,2038,82670.54
2025-03-31,2039,183305.52
2025-03-31,2040,575702.88
2025-03-31,2041,7342.71
2025-03-31,2042,187561.21
2025-03-31,2043,225630.96
2025-03-31,2044,48021.27
2025-03-31,2045,163494.89
2025-03-31,2046,134889.11
2025-03-31,2047,215260.27
2025-03-31,2048,215360.25
2025-03-31,2049,101978.8
2025-03-31,2050,38692.76
2025-03-31,2051,60641.51
2025-03-31,2052,79848.61
2025-03-31,2053,159380.87
2025-03-31,2054,238535.36
2025-03-31,2055,157827.99
2025-03-31,2056,15517.62
2025-03-31,2057,93660.09
2025-03-31,2058,15283.35
2025-03-31,2059,208732.97
2025-03-31,2060,233899.92
2025-03-31,2061,101810.16
2025-03-31,2062,131606.29
2025-03-31,2063,143300.54
2025-03-31,2064,322280.49
2025-03-31,2065,200746.98
2025-03-31,2066,101625.71
2025-03-31,2067,45699.36
2025-03-31,2068,65107.2
2025-03-31,2069,129235.08
2025-03-31,2070,110236.85
2025-03-31,2071,94106.84
2025-03-31,2072,128239.89
2025-03-31,2073,132667.15
2025-03-31,2074,321902.96
2025-03-31,2075,95016.26
2025-03-31,2076,70151.78
2025-03-31,2077,182639.87
2025-03-31,2078,282196.12
2025-03-31,2079,116477.25
2025-03-31,2080,32712.13
2025-03-31,2081,77673.86
2025-03-31,2082,163889.63
2025-03-31,2083,39909.38
2025-03-31,2084,105961.33
2025-03-31,2085,70672.52
2025-03-31,2086,136822.26
2025-03-31,2087,280761.85
2025-03-31,2088,13181.86
2025-03-31,2089,308414.03
2025-03-31,2090,78042.63
2025-03-31,2091,343121.74
2025-03-31,2092,322041.15
2025-03-31,2093,171565.92
2025-03-31,2094,113352.05
2025-03-31,2095,192429.94
2025-03-31,2096,297073.15
2025-03-31,2097,115448.89
2025-03-31,2098,86003.05
2025-03-31,2099,151229.61
2025-03-31,2100,107433.41
2025-03-31,2101,216541.86
2025-03-31,2102,110497.66
2025-03-31,2103,32531.39
2025-03-31,2104,183468.11
2025-03-31,2105,60888.93
2025-03-31,2106,720834.72
2025-03-31,2107,105892.14
2025-03-31,2108,92082.91
2025-03-31,2109,177131.77
2025-03-31,2110,37835.04
2025-03-31,2111,160899.37
2025-03-31,2112,69663.05
2025-03-31,2113,445039.62
2025-03-31,2114,241880.68
2025-03-31,2115,22650.52
2025-03-31,2116,124370.38
2025-03-31,2117,101683.94
2025-03-31,2118,163492.33
2025-03-31,2119,104948.31
2025-03-31,2120,91800.17
2025-03-31,2121,82792.72
2025-03-31,2122,196968.91
2025-03-31,2123,110988.79
2025-03-31,2124,100113.27
2025-03-31,2125,60411.98
2025-03-31,2126,34433.15
2025-03-31,2127,94002.46
2025-03-31,2128,40695.55
2025-03-31,2129,264486.13
2025-03-31,2130,141562.01
2025-03-31,2131,223028.09
2025-03-31,2132,73256.23
2025-03-31,2133,129209.89
2025-03-31,2134,358193.33
2025-03-31,2135,90469.33
2025-03-31,2136,90028.6
2025-03-31,2137,340169.78
2025-03-31,2138,242156.71
2025-03-31,2139,367299.79
2025-03-31,2140,67396.92
2025-03-31,2141,119416.65
2025-03-31,2142,182758.15
2025-03-31,2143,106052.17
2025-03-31,2144,155942.78
2025-03-31,2145,195730.46
2025-03-31,2146,55561.46
2025-03-31,2147,172045.95
2025-03-31,2148,48011.03
2025-03-31,2149,145432.61
2025-03-31,2150,262029.7
2025-03-31,2151,150560.99
2025-03-31,2152,147365.25
2025-03-31,2153,289774.51
2025-03-31,2154,237739.96
2025-03-31,2155,125721.21
2025-03-31,2156,421400.97
2025-03-31,2157,47163.51
2025-03-31,2158,157075.94
2025-03-31,2159,105145.07
2025-03-31,2160,48038.04
2025-03-31,2161,71065.13
2025-03-31,2162,107214.91
2025-03-31,2163,110556.8
2025-03-31,2164,250474.77
2025-03-31,2165,298880.08
2025-03-31,2166,163771.13
2025-03-31,2167,68364.98
2025-03-31,2168,106616.15
2025-03-31,2169,232063.93
2025-03-31,2170,52560.67
2025-03-31,2171,148418.23
2025-03-31,2172,142484.89
2025-03-31,2173,456981.94
2025-03-31,2174,85200.15
2025-03-31,2175,101433.99
2025-03-31,2176,175461.49
2025-03-31,2177,28356.89
2025-03-31,2178,139111.33
2025-03-31,2179,118232.41
2025-03-31,2180,323543.27
2025-03-31,2181,278479.83
2025-03-31,2182,105273.97
2025-03-31,2183,122246.06
2025-03-31,2184,29211.9
2025-03-31,2185,145259.01
2025-03-31,2186,204129.93
2025-03-31,2187,49650.1
2025-03-31,2188,302874.52
2025-03-31,2189,81982.67
2025-03-31,2190,131661.93
2025-03-31,2191,387319.56
2025-03-31,2192,213010.95
2025-03-31,2193,234200.64
2025-03-31,2194,88356.09
2025-03-31,2195,129906.88
2025-03-31,2196,125311.44
2025-03-31,2197,49860.9
2025-03-31,2198,95935.28
2025-03-31,2199,167333.0
2025-03-31,2200,72199.65
2025-03-31,2201,144273.84
2025-03-31,2202,99990.85
2025-03-31,2203,50840.04
2025-03-31,2204,245032.81
2025-03-31,2205,122494.69
2025-03-31,2206,58283.85
2025-03-31,2207,265130.07
2025-03-31,2208,337261.43
2025-03-31,2209,373374.22
2025-03-31,2210,283633.29
2025-03-31,2211,167873.73
2025-03-31,2212,37660.4
2025-03-31,2213,52514.43
2025-03-31,2214,314811.63
2025-03-31,2215,265975.41
2025-03-31,2216,159033.35
2025-03-31,2217,148606.59
2025-03-31,2218,76184.17
2025-03-31,2219,74738.5
2025-03-31,2220,151044.42
2025-03-31,2221,138384.66
2025-03-31,2222,131899.09
2025-03-31,2223,395729.82
2025-03-31,2224,217612.03
2025-03-31,2225,114824.05
2025-03-31,2226,55059.1
2025-03-31,2227,256881.51
2025-03-31,2228,207902.91
2025-03-31,2229,359606.94
2025-03-31,2230,213318.4
2025-03-31,2231,432093.92
2025-03-31,2232,221788.27
2025-03-31,2233,189094.07
2025-03-31,2234,51819.63
2025-03-31,2235,79490.78
2025-03-31,2236,51541.53
2025-03-31,2237,108667.71
2025-03-31,2238,250112.54
2025-03-31,2239,128591.65
2025-03-31,2240,145008.27
2025-03-31,2241,169419.49
2025-03-31,2242,148505.65
2025-03-31,2243,509331.95
2025-03-31,2244,363389.62
2025-03-31,2245,308601.13
2025-03-31,2246,274865.5
2025-03-31,2247,121270.18
2025-03-31,2248,112771.8
2025-03-31,2249,71099.48
2025-03-31,2250,60834.3
2025-03-31,2251,85572.02
2025-03-31,2252,129955.66
2025-03-31,2253,231510.54
2025-03-31,2254,78928.97
2025-03-31,2255,182935.6
2025-03-31,2256,93376.42
2025-03-31,2257,132393.22
2025-03-31,2258,229503.33
2025-03-31,2259,78656.05
2025-03-31,2260,148997.69
2025-03-31,2261,304176.59
2025-03-31,2262,43625.24
2025-03-31,2263,409323.11
2025-03-31,2264,146649.27
2025-03-31,2265,30233.77
2025-03-31,2266,210791.71
2025-03-31,2267,93807.71
2025-03-31,2268,168081.71
2025-03-31,2269,69689.15
2025-03-31,2270,240152.41
2025-03-31,2271,257493.88
2025-03-31,2272,32228.9
2025-03-31,2273,225970.27
2025-03-31,2274,135925.07
2025-03-31,2275,92181.04
2025-03-31,2276,364097.02
2025-03-31,2277,166887.88
2025-03-31,2278,200376.39
2025-03-31,2279,158021.44
2025-03-31,2280,295784.96
2025-03-31,2281,119164.84
2025-03-31,2282,76982.33
2025-03-31,2283,180028.21
2025-03-31,2284,43314.31
2025-03-31,2285,82375.06
2025-03-31,2286,74830.25
2025-03-31,2287,68768.74
2025-03-31,2288,99694.48
2025-03-31,2289,139974.6
2025-03-31,2290,308590.92
2025-03-31,2291,98259.04
2025-03-31,2292,48518.03
2025-03-31,2293,157478.54
2025-03-31,2294,308604.47
2025-03-31,2295,157855.78
2025-03-31,2296,89939.02
2025-03-31,2297,24464.23
2025-03-31,2298,91863.6
2025-03-31,2299,139502.56
2025-03-31,2300,111207.51
2025-03-31,2301,159280.6
2025-03-31,2302,82024.05
2025-03-31,2303,486657.77
2025-03-31,2304,120724.03
2025-03-31,2305,116695.81
2025-03-31,2306,144868.19
2025-03-31,2307,297792.29
2025-03-31,2308,154532.32
2025-03-31,2309,315622.04
2025-03-31,2310,81387.0
2025-03-31,2311,110135.78
2025-03-31,2312,119683.48
2025-03-31,2313,131319.91
2025-03-31,2314,83523.31
2025-03-31,2315,57720.59
2025-03-31,2316,83323.64
2025-03-31,2317,227677.46
2025-03-31,2318,38576.84
2025-03-31,2319,309489.8
2025-03-31,2320,149960.45
2025-03-31,2321,129101.82
2025-03-31,2322,79826.79
2025-03-31,2323,197525.18
2025-03-31,2324,282864.81
2025-03-31,2325,177652.53
2025-03-31,2326,131463.42
2025-03-31,2327,217649.01
2025-03-31,2328,94840.86
2025-03-31,2329,91285.08
2025-03-31,2330,239586.91
2025-03-31,2331,78584.79
2025-03-31,2332,316309.54
2025-03-31,2333,104884.31
2025-03-31,2334,131954.77
2025-03-31,2335,203850.91
2025-03-31,2336,104322.78
2025-03-31,2337,40888.89
2025-03-31,2338,217508.41
2025-03-31,2339,58611.38
2025-03-31,2340,358143.35
2025-03-31,2341,56857.04
2025-03-31,2342,45577.92
2025-03-31,2343,157863.96
2025-03-31,2344,147141.67
2025-03-31,2345,291862.05
2025-03-31,2346,165172.48
2025-03-31,2347,121066.81
2025-03-31,2348,88152.51
2025-03-31,2349,63807.99
2025-03-31,2350,169158.77
2025-03-31,2351,27071.57
2025-03-31,2352,180410.73
2025-03-31,2353,71993.51
2025-03-31,2354,171730.91
2025-03-31,2355,343670.22
2025-03-31,2356,102855.42
2025-03-31,2357,96991.81
2025-03-31,2358,95270.77
2025-03-31,2359,140147.82
2025-03-31,2360,169709.09
2025-03-31,2361,43793.1
2025-03-31,2362,59982.16
2025-03-31,2363,257652.31
2025-03-31,2364,217443.77
2025-03-31,2365,251518.55
2025-03-31,2366,65249.36
2025-03-31,2367,22083.18
2025-03-31,2368,49674.92
2025-03-31,2369,361343.16
2025-03-31,2370,150710.48
2025-03-31,2371,801962.0
2025-03-31,2372,124191.68
2025-03-31,2373,107909.11
2025-03-31,2374,253432.44
2025-03-31,2375,95198.27
2025-03-31,2376,169762.36
2025-03-31,2377,143310.01
2025-03-31,2378,323383.74
2025-03-31,2379,120222.81
2025-03-31,2380,211888.78
2025-03-31,2381,239232.58
2025-03-31,2382,414009.01
2025-03-31,2383,52499.57
2025-03-31,2384,37049.26
2025-03-31,2385,47486.51
2025-03-31,2386,169585.07
2025-03-31,2387,61749.23
2025-03-31,2388,93504.44
2025-03-31,2389,122926.75
2025-03-31,2390,47266.51
2025-03-31,2391,354438.07
2025-03-31,2392,243645.71
2025-03-31,2393,198426.38
2025-03-31,2394,195279.47
2025-03-31,2395,89252.7
2025-03-31,2396,631686.19
2025-03-31,2397,39915.97
2025-03-31,2398,33516.26
2025-03-31,2399,293037.26
2025-03-31,2400,228952.85
2025-03-31,2401,100668.07
2025-03-31,2402,97758.31
2025-03-31,2403,72677.3
2025-03-31,2404,85538.16
2025-03-31,2405,131096.83
2025-03-31,2406,163890.77
2025-03-31,2407,184906.66
2025-03-31,2408,174166.43
2025-03-31,2409,83305.74
2025-03-31,2410,362269.35
2025-03-31,2411,374860.26
2025-03-31,2412,78682.04
2025-03-31,2413,67784.44
2025-03-31,2414,154954.53
2025-03-31,2415,295571.53
2025-03-31,2416,260014.19
2025-03-31,2417,138326.55
2025-03-31,2418,84162.9
2025-03-31,2419,98513.31
2025-03-31,2420,77183.55
2025-03-31,2421,112036.42
2025-03-31,2422,25318.81
2025-03-31,2423,152382.34
2025-03-31,2424,189341.01
2025-03-31,2425,195764.02
2025-03-31,2426,60263.37
2025-03-31,2427,166145.98
2025-03-31,2428,79417.43
2025-03-31,2429,234762.15
2025-03-31,2430,70465.47
2025-03-31,2431,269455.36
2025-03-31,2432,357096.37
2025-03-31,2433,503152.23
2025-03-31,2434,114637.64
2025-03-31,2435,159069.41
2025-03-31,2436,148404.1
2025-03-31,2437,114102.28
2025-03-31,2438,134232.69
2025-03-31,2439,158502.73
2025-03-31,2440,41077.6
2025-03-31,2441,155740.69
2025-03-31,2442,150745.0
2025-03-31,2443,63388.11
2025-03-31,2444,88674.67
2025-03-31,2445,131985.11
2025-03-31,2446,144501.43
2025-03-31,2447,63926.86
2025-03-31,2448,195022.3
2025-03-31,2449,31729.25
2025-03-31,2450,241918.74
2025-03-31,2451,103001.79
2025-03-31,2452,243310.38
2025-03-31,2453,497406.36
2025-03-31,2454,118296.12
2025-03-31,2455,110751.46
2025-03-31,2456,57287.19
2025-03-31,2457,70854.1
2025-03-31,2458,323397.8
2025-03-31,2459,213827.67
2025-03-31,2460,84075.46
2025-03-31,2461,162679.98
2025-03-31,2462,64910.99
2025-03-31,2463,110795.16
2025-03-31,2464,118971.63
2025-03-31,2465,88686.55
2025-03-31,2466,807091.28
2025-03-31,2467,60866.39
2025-03-31,2468,492495.16
2025-03-31,2469,197624.14
2025-03-31,2470,293235.2
2025-03-31,2471,244706.59
2025-03-31,2472,162581.21
2025-03-31,2473,108725.41
2025-03-31,2474,82556.61
2025-03-31,2475,157194.16
2025-03-31,2476,133517.99
2025-03-31,2477,131080.97
2025-03-31,2478,124976.33
2025-03-31,2479,169168.51
2025-03-31,2480,258832.62
2025-03-31,2481,32065.44
2025-03-31,2482,116119.81
2025-03-31,2483,50261.27
2025-03-31,2484,91041.88
2025-03-31,2485,69105.13
2025-03-31,2486,172756.28
2025-03-31,2487,72756.67
2025-03-31,2488,135574.34
2025-03-31,2489,209415.38
2025-03-31,2490,264145.11
2025-03-31,2491,135136.99
2025-03-31,2492,154685.33
2025-03-31,2493,124382.84
2025-03-31,2494,64250.36
2025-03-31,2495,206058.36
2025-03-31,2496,158483.09
2025-03-31,2497,153029.07
2025-03-31,2498,181753.31
2025-03-31,2499,363587.34
2025-03-31,2500,129715.21
2025-03-31,2501,105087.25
2025-03-31,2502,181828.31
2025-03-31,2503,51617.93
2025-03-31,2504,134007.88
2025-03-31,2505,107840.68
2025-03-31,2506,101574.34
2025-03-31,2507,16664.79
2025-03-31,2508,169203.54
2025-03-31,2509,240301.23
2025-03-31,2510,26622.75
2025-03-31,2511,83627.17
2025-03-31,2512,110354.5
2025-03-31,2513,105319.63
2025-03-31,2514,65596.32
2025-03-31,2515,52484.34
2025-03-31,2516,189237.36
2025-03-31,2517,40840.51
2025-03-31,2518,80845.59
2025-03-31,2519,185402.04
2025-03-31,2520,75788.22
2025-03-31,2521,319873.23
2025-03-31,2522,55368.41
2025-03-31,2523,45586.09
2025-03-31,2524,126719.86
2025-03-31,2525,204372.29
2025-03-31,2526,53579.69
2025-03-31,2527,16630.78
2025-03-31,2528,26349.32
2025-03-31,2529,50306.46
2025-03-31,2530,77244.07
2025-03-31,2531,86691.07
2025-03-31,2532,94626.33
2025-03-31,2533,460694.3
2025-03-31,2534,100507.06
2025-03-31,2535,91700.66
2025-03-31,2536,221129.31
2025-03-31,2537,13851.04
2025-03-31,2538,86414.98
2025-03-31,2539,180898.86
2025-03-31,2540,433802.03
2025-03-31,2541,102772.6
2025-03-31,2542,216649.39
2025-03-31,2543,85429.77
2025-03-31,2544,151929.97
2025-03-31,2545,178239.18
2025-03-31,2546,120368.98
2025-03-31,2547,140948.44
2025-03-31,2548,76435.92
2025-03-31,2549,208656.76
2025-03-31,2550,507020.27
2025-03-31,2551,171735.55
2025-03-31,2552,68789.11
2025-03-31,2553,73455.14
2025-03-31,2554,67436.17
2025-03-31,2555,292082.1
2025-03-31,2556,215293.29
2025-03-31,2557,249390.46
2025-03-31,2558,96524.94
2025-03-31,2559,111490.4
2025-03-31,2560,158206.23
2025-03-31,2561,59824.11
2025-03-31,2562,42756.73
2025-03-31,2563,269326.21
2025-03-31,2564,416698.35
2025-03-31,2565,55961.41
2025-03-31,2566,198532.77
2025-03-31,2567,72767.87
2025-03-31,2568,162578.6
2025-03-31,2569,51831.02
2025-03-31,2570,122937.5
2025-03-31,2571,169750.93
2025-03-31,2572,132063.88
2025-03-31,2573,90259.51
2025-03-31,2574,182916.25
2025-03-31,2575,55132.69
2025-03-31,2576,172714.32
2025-03-31,2577,65276.42
2025-03-31,2578,35289.38
2025-03-31,2579,48888.87
2025-03-31,2580,92331.07
2025-03-31,2581,101586.27
2025-03-31,2582,89298.96
2025-03-31,2583,93872.87
2025-03-31,2584,139240.04
2025-03-31,2585,264851.66
2025-03-31,2586,36836.06
2025-03-31,2587,55966.01
2025-03-31,2588,178107.8
2025-03-31,2589,437416.89
2025-03-31,2590,123688.08
2025-03-31,2591,47800.19
2025-03-31,2592,182205.75
2025-03-31,2593,93397.84
2025-03-31,2594,137751.93
2025-03-31,2595,104691.67
2025-03-31,2596,167777.2
2025-03-31,2597,173874.44
2025-03-31,2598,1115970.4
2025-03-31,2599,50271.28
2025-03-31,2600,152865.51
2025-03-31,2601,179171.0
2025-03-31,2602,145755.21
2025-03-31,2603,122221.17
2025-03-31,2604,110164.56
2025-03-31,2605,163750.15
2025-03-31,2606,78778.34
2025-03-31,2607,57550.34
2025-03-31,2608,100872.39
2025-03-31,2609,120246.04
2025-03-31,2610,102749.02
2025-03-31,2611,204735.16
2025-03-31,2612,73325.85
2025-03-31,2613,76292.72
2025-03-31,2614,234485.73
2025-03-31,2615,408673.59
2025-03-31,2616,86983.38
2025-03-31,2617,172719.24
2025-03-31,2618,174641.33
2025-03-31,2619,69301.61
2025-03-31,2620,64985.36
2025-03-31,2621,167433.77
2025-03-31,2622,77053.42
2025-03-31,2623,209881.25
2025-03-31,2624,386449.79
2025-03-31,2625,88545.06
2025-03-31,2626,70607.51
2025-03-31,2627,264708.52
2025-03-31,2628,259405.25
2025-03-31,2629,114420.66
2025-03-31,2630,226806.39
2025-03-31,2631,72613.22
2025-03-31,2632,62718.39
2025-03-31,2633,467096.18
2025-03-31,2634,128908.36
2025-03-31,2635,132796.37
2025-03-31,2636,402505.38
2025-03-31,2637,102927.04
2025-03-31,2638,102794.9
2025-03-31,2639,209456.2
2025-03-31,2640,96114.14
2025-03-31,2641,90860.92
2025-03-31,2642,170627.24
2025-03-31,2643,68812.93
2025-03-31,2644,73942.79
2025-03-31,2645,69627.48
2025-03-31,2646,168244.3
2025-03-31,2647,269765.8
2025-03-31,2648,141857.67
2025-03-31,2649,171551.59
2025-03-31,2650,147539.62
2025-03-31,2651,128279.81
2025-03-31,2652,311426.2
2025-03-31,2653,78537.72
2025-03-31,2654,162341.45
2025-03-31,2655,60223.67
2025-03-31,2656,96602.99
2025-03-31,2657,23713.34
2025-03-31,2658,111141.24
2025-03-31,2659,120756.32
2025-03-31,2660,172864.49
2025-03-31,2661,194456.21
2025-03-31,2662,79071.98
2025-03-31,2663,77376.13
2025-03-31,2664,82640.18
2025-03-31,2665,111157.06
2025-03-31,2666,104721.7
2025-03-31,2667,172443.95
2025-03-31,2668,41980.88
2025-03-31,2669,121931.68
2025-03-31,2670,317745.42
2025-03-31,2671,43207.3
2025-03-31,2672,77289.16
2025-03-31,2673,193959.37
2025-03-31,2674,264764.39
2025-03-31,2675,105129.94
2025-03-31,2676,108590.25
2025-03-31,2677,281985.7
2025-03-31,2678,171752.9
2025-03-31,2679,290118.41
2025-03-31,2680,72049.84
2025-03-31,2681,77053.58
2025-03-31,2682,129472.84
2025-03-31,2683,186722.44
2025-03-31,2684,327182.86
2025-03-31,2685,133832.03
2025-03-31,2686,198969.22
2025-03-31,2687,292484.63
2025-03-31,2688,148957.62
2025-03-31,2689,117266.61
2025-03-31,2690,98007.89
2025-03-31,2691,67868.96
2025-03-31,2692,300692.91
2025-03-31,2693,258033.25
2025-03-31,2694,56122.67
2025-03-31,2695,165784.33
2025-03-31,2696,151046.14
2025-03-31,2697,141989.66
2025-03-31,2698,232621.51
2025-03-31,2699,172699.07
2025-03-31,2700,123875.13
2025-03-31,2701,71888.9
2025-03-31,2702,122892.87
2025-03-31,2703,469655.49
2025-03-31,2704,155372.18
2025-03-31,2705,106157.15
2025-03-31,2706,62219.96
2025-03-31,2707,224246.4
2025-03-31,2708,487722.93
2025-03-31,2709,41559.29
2025-03-31,2710,105747.8
2025-03-31,2711,491523.52
2025-03-31,2712,193027.22
2025-03-31,2713,87989.4
2025-03-31,2714,93996.14
2025-03-31,2715,635389.07
2025-03-31,2716,153589.14
2025-03-31,2717,122647.35
2025-03-31,2718,61564.57
2025-03-31,2719,130978.18
2025-03-31,2720,89212.98
2025-03-31,2721,426953.44
2025-03-31,2722,486464.31
2025-03-31,2723,256716.85
2025-03-31,2724,195413.66
2025-03-31,2725,22796.19
2025-03-31,2726,56460.22
2025-03-31,2727,59603.24
2025-03-31,2728,210895.87
2025-03-31,2729,353979.31
2025-03-31,2730,293214.05
2025-03-31,2731,163091.1
2025-03-31,2732,147841.75
2025-03-31,2733,325578.39
2025-03-31,2734,155581.98
2025-03-31,2735,178237.66
2025-03-31,2736,246227.64
2025-03-31,2737,337952.01
2025-03-31,2738,19644.73
2025-03-31,2739,528365.37
2025-03-31,2740,303203.47
2025-03-31,2741,261746.3
2025-03-31,2742,64252.4
2025-03-31,2743,147150.0
2025-03-31,2744,86687.59
2025-03-31,2745,122828.53
2025-03-31,2746,110545.97
2025-03-31,2747,82098.64
2025-03-31,2748,185985.34
2025-03-31,2749,556659.65
2025-03-31,2750,194709.7
2025-03-31,2751,280445.23
2025-03-31,2752,110893.04
2025-03-31,2753,320844.89
2025-03-31,2754,150771.7
2025-03-31,2755,158600.11
2025-03-31,2756,306581.13
2025-03-31,2757,161449.28
2025-03-31,2758,118276.58
2025-03-31,2759,45736.02
2025-03-31,2760,38802.0
2025-03-31,2761,305894.92
2025-03-31,2762,194883.7
2025-03-31,2763,100558.6
2025-03-31,2764,245321.76
2025-03-31,2765,103322.91
2025-03-31,2766,134635.35
2025-03-31,2767,103887.42
2025-03-31,2768,136817.47
2025-03-31,2769,150316.52
2025-03-31,2770,639818.79
2025-03-31,2771,54578.58
2025-03-31,2772,126457.51
2025-03-31,2773,327704.92
2025-03-31,2774,52671.09
2025-03-31,2775,166305.28
2025-03-31,2776,131353.77
2025-03-31,2777,40910.45
2025-03-31,2778,85223.06
2025-03-31,2779,227988.57
2025-03-31,2780,85726.37
2025-03-31,2781,216321.9
2025-03-31,2782,83068.21
2025-03-31,2783,266314.82
2025-03-31,2784,101621.87
2025-03-31,2785,60230.21
2025-03-31,2786,122921.78
2025-03-31,2787,193733.05
2025-03-31,2788,123935.68
2025-03-31,2789,97774.03
2025-03-31,2790,140172.21
2025-03-31,2791,220541.76
2025-03-31,2792,89928.42
2025-03-31,2793,267731.19
2025-03-31,2794,301137.79
2025-03-31,2795,114784.63
2025-03-31,2796,98907.63
2025-03-31,2797,163314.42
2025-03-31,2798,118157.75
2025-03-31,2799,511733.9
2025-03-31,2800,288785.85
2025-03-31,2801,225801.8
2025-03-31,2802,89874.74
2025-03-31,2803,111711.34
2025-03-31,2804,30778.96
2025-03-31,2805,69119.92
2025-03-31,2806,83039.77
2025-03-31,2807,113223.13
2025-03-31,2808,243088.14
2025-03-31,2809,978822.57
2025-03-31,2810,149139.63
2025-03-31,2811,74875.49
2025-03-31,2812,156160.26
2025-03-31,2813,121590.46
2025-03-31,2814,39457.92
2025-03-31,2815,133122.64
2025-03-31,2816,126850.5
2025-03-31,2817,306405.08
2025-03-31,2818,107951.11
2025-03-31,2819,97612.12
2025-03-31,2820,60637.54
2025-03-31,2821,76380.6
2025-03-31,2822,171145.08
2025-03-31,2823,37944.71
2025-03-31,2824,82886.53
2025-03-31,2825,154314.08
2025-03-31,2826,181308.79
2025-03-31,2827,42094.94
2025-03-31,2828,182370.58
2025-03-31,2829,87645.67
2025-03-31,2830,131432.86
2025-03-31,2831,339003.8
2025-03-31,2832,363576.59
2025-03-31,2833,135802.05
2025-03-31,2834,690462.6
2025-03-31,2835,276638.08
2025-03-31,2836,349465.66
2025-03-31,2837,49484.36
2025-03-31,2838,91402.37
2025-03-31,2839,134506.35
2025-03-31,2840,112817.0
2025-03-31,2841,163258.3
2025-03-31,2842,51280.43
2025-03-31,2843,158976.35
2025-03-31,2844,362976.27
2025-03-31,2845,299132.15
2025-03-31,2846,263203.92
2025-03-31,2847,152753.4
2025-03-31,2848,183234.1
2025-03-31,2849,37279.11
2025-03-31,2850,161032.68
2025-03-31,2851,473319.18
2025-03-31,2852,59581.74
2025-03-31,2853,91826.15
2025-03-31,2854,431102.76
2025-03-31,2855,269546.85
2025-03-31,2856,208441.55
2025-03-31,2857,179426.04
2025-03-31,2858,312785.56
2025-03-31,2859,100468.95
2025-03-31,2860,92566.99
2025-03-31,2861,59932.91
2025-03-31,2862,187429.74
2025-03-31,2863,100265.05
2025-03-31,2864,74240.43
2025-03-31,2865,78155.23
2025-03-31,2866,72548.63
2025-03-31,2867,68802.48
2025-03-31,2868,171870.34
2025-03-31,2869,142955.07
2025-03-31,2870,210054.54
2025-03-31,2871,163350.25
2025-03-31,2872,159408.66
2025-03-31,2873,344455.52
2025-03-31,2874,127767.01
2025-03-31,2875,105355.31
2025-03-31,2876,60498.23
2025-03-31,2877,77827.02
2025-03-31,2878,147763.4
2025-03-31,2879,107369.78
2025-03-31,2880,107939.12
2025-03-31,2881,89562.72
2025-03-31,2882,76986.39
2025-03-31,2883,63563.05
2025-03-31,2884,100724.04
2025-03-31,2885,98439.77
2025-03-31,2886,443545.99
2025-03-31,2887,44854.25
2025-03-31,2888,138534.71
2025-03-31,2889,159747.31
2025-03-31,2890,74551.55
2025-03-31,2891,47864.86
2025-03-31,2892,116029.72
2025-03-31,2893,106554.34
2025-03-31,2894,144912.58
2025-03-31,2895,83953.49
2025-03-31,2896,87586.72
2025-03-31,2897,41337.12
2025-03-31,2898,100406.09
2025-03-31,2899,89657.37
2025-03-31,2900,154712.52
2025-03-31,2901,301145.82
2025-03-31,2902,50225.01
2025-03-31,2903,190237.49
2025-03-31,2904,105976.99
2025-03-31,2905,111363.72
2025-03-31,2906,59341.96
2025-03-31,2907,188628.66
2025-03-31,2908,82291.09
2025-03-31,2909,78258.33
2025-03-31,2910,175899.12
2025-03-31,2911,209875.24
2025-03-31,2912,162794.74
2025-03-31,2913,107621.81
2025-03-31,2914,39803.09
2025-03-31,2915,43841.57
2025-03-31,2916,119717.26
2025-03-31,2917,60462.99
2025-03-31,2918,265354.56
2025-03-31,2919,121967.84
2025-03-31,2920,104197.42
2025-03-31,2921,249120.03
2025-03-31,2922,96519.18
2025-03-31,2923,86220.2
2025-03-31,2924,77565.3
2025-03-31,2925,325004.11
2025-03-31,2926,213964.38
2025-03-31,2927,92895.76
2025-03-31,2928,88825.67
2025-03-31,2929,133344.23
2025-03-31,2930,94751.07
2025-03-31,2931,28561.99
2025-03-31,2932,92008.61
2025-03-31,2933,104228.06
2025-03-31,2934,79596.31
2025-03-31,2935,35257.04
2025-03-31,2936,71086.7
2025-03-31,2937,39005.11
2025-03-31,2938,167808.43
2025-03-31,2939,167318.57
2025-03-31,2940,289211.7
2025-03-31,2941,491776.64
2025-03-31,2942,119806.17
2025-03-31,2943,155066.67
2025-03-31,2944,213848.02
2025-03-31,2945,265086.61
2025-03-31,2946,322018.61
2025-03-31,2947,115639.93
2025-03-31,2948,111085.9
2025-03-31,2949,80513.31
2025-03-31,2950,178658.17
2025-03-31,2951,640896.14
2025-03-31,2952,95186.72
2025-03-31,2953,87771.47
2025-03-31,2954,186783.8
2025-03-31,2955,150680.43
2025-03-31,2956,252257.51
2025-03-31,2957,85593.61
2025-03-31,2958,165576.76
2025-03-31,2959,88050.41
2025-03-31,2960,109041.47
2025-03-31,2961,39765.95
2025-03-31,2962,286387.02
2025-03-31,2963,218965.56
2025-03-31,2964,71560.43
2025-03-31,2965,231764.49
2025-03-31,2966,87761.63
2025-03-31,2967,93177.14
2025-03-31,2968,185879.16
2025-03-31,2969,123526.74
2025-03-31,2970,81558.4
2025-03-31,2971,168412.74
2025-03-31,2972,1210289.55
2025-03-31,2973,157558.39
2025-03-31,2974,155846.46
2025-03-31,2975,142324.41
2025-03-31,2976,166680.24
2025-03-31,2977,188369.49
2025-03-31,2978,69223.58
2025-03-31,2979,155699.55
2025-03-31,2980,87898.44
2025-03-31,2981,119329.69
2025-03-31,2982,219789.96
2025-03-31,2983,121228.73
2025-03-31,2984,181029.1
2025-03-31,2985,65002.99
2025-03-31,2986,95655.56
2025-03-31,2987,142160.81
2025-03-31,2988,197755.83
2025-03-31,2989,44338.65
2025-03-31,2990,107394.17
2025-03-31,2991,155493.23
2025-03-31,2992,196496.39
2025-03-31,2993,65624.21
2025-03-31,2994,143371.59
2025-03-31,2995,161195.9
2025-03-31,2996,204626.23
2025-03-31,2997,85182.75
2025-03-31,2998,93908.64
2025-03-31,2999,221879.68
2025-03-31,3000,177383.87
2025-03-31,3001,43383.8
2025-03-31,3002,154529.55
2025-03-31,3003,119725.15
2025-03-31,3004,43731.89
2025-03-31,3005,107723.39
2025-03-31,3006,130003.49
2025-03-31,3007,187434.79
2025-03-31,3008,511598.2
2025-03-31,3009,370165.75
2025-03-31,3010,79927.86
2025-03-31,3011,134574.88
2025-03-31,3012,408082.53
2025-03-31,3013,377894.1
2025-03-31,3014,98086.69
2025-03-31,3015,90662.58
2025-03-31,3016,173887.67
2025-03-31,3017,290280.73
2025-03-31,3018,168154.32
2025-03-31,3019,239472.67
2025-03-31,3020,541585.5
2025-03-31,3021,257263.16
2025-03-31,3022,135556.06
2025-03-31,3023,157227.56
2025-03-31,3024,62626.74
2025-03-31,3025,87728.82
2025-03-31,3026,173888.79
2025-03-31,3027,157500.46
2025-03-31,3028,83221.13
2025-03-31,3029,109468.14
2025-03-31,3030,144007.27
2025-03-31,3031,84944.19
2025-03-31,3032,69752.61
2025-03-31,3033,58314.7
2025-03-31,3034,104974.83
2025-03-31,3035,188889.07
2025-03-31,3036,173847.59
2025-03-31,3037,192276.47
2025-03-31,3038,235059.33
2025-03-31,3039,1329750.5
2025-03-31,3040,118181.29
2025-03-31,3041,102634.78
2025-03-31,3042,237855.4
2025-03-31,3043,85676.27
2025-03-31,3044,404466.75
2025-03-31,3045,221354.2
2025-03-31,3046,205744.06
2025-03-31,3047,232676.94
2025-03-31,3048,121498.4
2025-03-31,3049,96390.83
2025-03-31,3050,266823.66
2025-03-31,3051,40569.12
2025-03-31,3052,98734.76
2025-03-31,3053,108017.96
2025-03-31,3054,96393.06
2025-03-31,3055,169696.85
2025-03-31,3056,259871.77
2025-03-31,3057,256469.01
2025-03-31,3058,75173.39
2025-03-31,3059,383894.82
2025-03-31,3060,113044.76
2025-03-31,3061,157208.17
2025-03-31,3062,26916.16
2025-03-31,3063,253860.04
2025-03-31,3064,46177.04
2025-03-31,3065,119676.98
2025-03-31,3066,75338.31
2025-03-31,3067,74461.2
2025-03-31,3068,194174.91
2025-03-31,3069,40271.83
2025-03-31,3070,68148.32
2025-03-31,3071,137144.72
2025-03-31,3072,115256.64
2025-03-31,3073,294600.0
2025-03-31,3074,25346.32
2025-03-31,3075,73787.58
2025-03-31,3076,113467.51
2025-03-31,3077,143737.03
2025-03-31,3078,102381.09
2025-03-31,3079,85543.39
2025-03-31,3080,64721.79
2025-03-31,3081,62733.12
2025-03-31,3082,134003.17
2025-03-31,3083,198628.56
2025-03-31,3084,79218.36
2025-03-31,3085,88484.99
2025-03-31,3086,161469.02
2025-03-31,3087,172553.69
2025-03-31,3088,96331.24
2025-03-31,3089,97292.85
2025-03-31,3090,106238.67
2025-03-31,3091,283153.85
2025-03-31,3092,113912.84
2025-03-31,3093,828960.6
2025-03-31,3094,232419.61
2025-03-31,3095,406511.36
2025-03-31,3096,113689.16
2025-03-31,3097,77643.07
2025-03-31,3098,222998.18
2025-03-31,3099,119673.36
2025-03-31,3100,130748.24
2025-03-31,3101,109017.67
2025-03-31,3102,350940.17
2025-03-31,3103,188118.93
2025-03-31,3104,230085.17
2025-03-31,3105,118121.17
2025-03-31,3106,128198.99
2025-03-31,3107,398968.39
2025-03-31,3108,52574.21
2025-03-31,3109,67643.88
2025-03-31,3110,9937.01
2025-03-31,3111,98626.74
2025-03-31,3112,57156.52
2025-03-31,3113,152602.68
2025-03-31,3114,160522.12
2025-03-31,3115,154568.14
2025-03-31,3116,182050.99
2025-03-31,3117,194190.23
2025-03-31,3118,122669.67
2025-03-31,3119,78331.71
2025-03-31,3120,461243.06
2025-03-31,3121,42357.93
2025-03-31,3122,33473.51
2025-03-31,3123,164261.02
2025-03-31,3124,202655.87
2025-03-31,3125,150858.82
2025-03-31,3126,118321.35
2025-03-31,3127,87669.16
2025-03-31,3128,46990.69
2025-03-31,3129,162788.37
2025-03-31,3130,225935.06
2025-03-31,3131,60244.84
2025-03-31,3132,416237.39
2025-03-31,3133,386468.27
2025-03-31,3134,380620.53
2025-03-31,3135,147528.45
2025-03-31,3136,279516.8
2025-03-31,3137,124780.97
2025-03-31,3138,169856.1
2025-03-31,3139,177766.61
2025-03-31,3140,58294.59
2025-03-31,3141,104089.26
2025-03-31,3142,90390.33
2025-03-31,3143,174028.33
2025-03-31,3144,126029.32
2025-03-31,3145,109099.79
2025-03-31,3146,120023.81
2025-03-31,3147,223673.14
2025-03-31,3148,132499.23
2025-03-31,3149,84722.86
2025-03-31,3150,306927.84
2025-03-31,3151,160655.7
2025-03-31,3152,61751.16
2025-03-31,3153,274460.14
2025-03-31,3154,51681.56
2025-03-31,3155,262718.49
2025-03-31,3156,224601.91
2025-03-31,3157,686933.02
2025-03-31,3158,220208.34
2025-03-31,3159,31474.01
2025-03-31,3160,433502.09
2025-03-31,3161,255929.57
2025-03-31,3162,71783.36
2025-03-31,3163,154801.36
2025-03-31,3164,178232.48
2025-03-31,3165,222463.46
2025-03-31,3166,92878.56
2025-03-31,3167,157943.12
2025-03-31,3168,184288.34
2025-03-31,3169,53733.16
2025-03-31,3170,87172.21
2025-03-31,3171,23146.82
2025-03-31,3172,110349.9
2025-03-31,3173,150147.95
2025-03-31,3174,118401.64
2025-03-31,3175,132242.78
2025-03-31,3176,473866.11
2025-03-31,3177,68819.62
2025-03-31,3178,232796.89
2025-03-31,3179,153785.69
2025-03-31,3180,184728.53
2025-03-31,3181,318271.53
2025-03-31,3182,10018.9
2025-03-31,3183,67749.81
2025-03-31,3184,142081.9
2025-03-31,3185,138694.57
2025-03-31,3186,181449.79
2025-03-31,3187,232145.08
2025-03-31,3188,294781.66
2025-03-31,3189,354578.16
2025-03-31,3190,39927.16
2025-03-31,3191,180878.35
2025-03-31,3192,158467.23
2025-03-31,3193,93239.17
2025-03-31,3194,205944.42
2025-03-31,3195,546554.68
2025-03-31,3196,281061.38
2025-03-31,3197,231718.6
2025-03-31,3198,444672.43
2025-03-31,3199,227112.16
2025-03-31,3200,143398.06
2025-04-30,1,228494.01
2025-04-30,2,87238.02
2025-04-30,3,67614.26
2025-04-30,4,57909.8
2025-04-30,5,177834.32
2025-04-30,6,135106.91
2025-04-30,7,109240.09
2025-04-30,8,125416.83
2025-04-30,9,84514.87
2025-04-30,10,30556.78
2025-04-30,11,58654.68
2025-04-30,12,143781.33
2025-04-30,13,104868.44
2025-04-30,14,112906.22
2025-04-30,15,72536.91
2025-04-30,16,68328.3
2025-04-30,17,137079.72
2025-04-30,18,148139.91
2025-04-30,19,454930.16
2025-04-30,20,60078.67
2025-04-30,21,73339.54
2025-04-30,22,62878.68
2025-04-30,23,101542.13
2025-04-30,24,130583.7
2025-04-30,25,134704.66
2025-04-30,26,113569.38
2025-04-30,27,348097.4
2025-04-30,28,132828.68
2025-04-30,29,84296.14
2025-04-30,30,187015.54
2025-04-30,31,274969.83
2025-04-30,32,39472.83
2025-04-30,33,257480.56
2025-04-30,34,57829.05
2025-04-30,35,77663.56
2025-04-30,36,151448.92
2025-04-30,37,163265.21
2025-04-30,38,165884.66
2025-04-30,39,900271.82
2025-04-30,40,63982.48
2025-04-30,41,359607.2
2025-04-30,42,59190.86
2025-04-30,43,108170.81
2025-04-30,44,212419.44
2025-04-30,45,119867.59
2025-04-30,46,94352.61
2025-04-30,47,299828.54
2025-04-30,48,80744.63
2025-04-30,49,181001.75
2025-04-30,50,118647.24
2025-04-30,51,136379.1
2025-04-30,52,186777.16
2025-04-30,53,472872.05
2025-04-30,54,373173.81
2025-04-30,55,147728.03
2025-04-30,56,147604.95
2025-04-30,57,479309.46
2025-04-30,58,233624.39
2025-04-30,59,265188.48
2025-04-30,60,161117.49
2025-04-30,61,77202.61
2025-04-30,62,207154.85
2025-04-30,63,64562.15
2025-04-30,64,186284.6
2025-04-30,65,433536.63
2025-04-30,66,192426.16
2025-04-30,67,164211.26
2025-04-30,68,90829.73
2025-04-30,69,241182.73
2025-04-30,70,247942.6
2025-04-30,71,120065.08
2025-04-30,72,147217.73
2025-04-30,73,114730.95
2025-04-30,74,74144.97
2025-04-30,75,95210.54
2025-04-30,76,93904.88
2025-04-30,77,199331.27
2025-04-30,78,50419.32
2025-04-30,79,154067.38
2025-04-30,80,285112.67
2025-04-30,81,240176.15
2025-04-30,82,145934.59
2025-04-30,83,190898.42
2025-04-30,84,34547.77
2025-04-30,85,35791.9
2025-04-30,86,174573.1
2025-04-30,87,44127.06
2025-04-30,88,253056.03
2025-04-30,89,48951.24
2025-04-30,90,145912.61
2025-04-30,91,78235.88
2025-04-30,92,143263.57
2025-04-30,93,249772.69
2025-04-30,94,413668.74
2025-04-30,95,180333.94
2025-04-30,96,136280.49
2025-04-30,97,196076.9
2025-04-30,98,59896.65
2025-04-30,99,197968.02
2025-04-30,100,82566.58
2025-04-30,101,554707.81
2025-04-30,102,111219.05
2025-04-30,103,63942.37
2025-04-30,104,102323.61
2025-04-30,105,462281.0
2025-04-30,106,283773.26
2025-04-30,107,65433.31
2025-04-30,108,69634.76
2025-04-30,109,66380.38
2025-04-30,110,24919.0
2025-04-30,111,412375.94
2025-04-30,112,103538.72
2025-04-30,113,68999.81
2025-04-30,114,285794.0
2025-04-30,115,125131.94
2025-04-30,116,33342.04
2025-04-30,117,225526.91
2025-04-30,118,218216.47
2025-04-30,119,225717.47
2025-04-30,120,162606.58
2025-04-30,121,136166.01
2025-04-30,122,70925.29
2025-04-30,123,106074.03
2025-04-30,124,155825.21
2025-04-30,125,104463.51
2025-04-30,126,178021.21
2025-04-30,127,56586.86
2025-04-30,128,210969.42
2025-04-30,129,114763.97
2025-04-30,130,72028.47
2025-04-30,131,82445.85
2025-04-30,132,86891.15
2025-04-30,133,126461.15
2025-04-30,134,142389.9
2025-04-30,135,58611.42
2025-04-30,136,11627.53
2025-04-30,137,156856.56
2025-04-30,138,86265.44
2025-04-30,139,175436.0
2025-04-30,140,111840.92
2025-04-30,141,324891.42
2025-04-30,142,203756.6
2025-04-30,143,80881.48
2025-04-30,144,111418.79
2025-04-30,145,145264.47
2025-04-30,146,285962.72
2025-04-30,147,169888.55
2025-04-30,148,65770.64
2025-04-30,149,339705.77
2025-04-30,150,70707.68
2025-04-30,151,51628.08
2025-04-30,152,611344.77
2025-04-30,153,112457.78
2025-04-30,154,90511.29
2025-04-30,155,61179.95
2025-04-30,156,154202.2
2025-04-30,157,73682.12
2025-04-30,158,125912.57
2025-04-30,159,81653.52
2025-04-30,160,64115.65
2025-04-30,161,184198.46
2025-04-30,162,200779.88
2025-04-30,163,242354.02
2025-04-30,164,222462.28
2025-04-30,165,167839.52
2025-04-30,166,40552.75
2025-04-30,167,410131.76
2025-04-30,168,128987.89
2025-04-30,169,195409.1
2025-04-30,170,389764.99
2025-04-30,171,235339.32
2025-04-30,172,72427.11
2025-04-30,173,87602.55
2025-04-30,174,420767.54
2025-04-30,175,181955.45
2025-04-30,176,92260.75
2025-04-30,177,38426.19
2025-04-30,178,141740.42
2025-04-30,179,300882.0
2025-04-30,180,184180.33
2025-04-30,181,250932.94
2025-04-30,182,54441.02
2025-04-30,183,111552.91
2025-04-30,184,67320.97
2025-04-30,185,134848.73
2025-04-30,186,326111.46
2025-04-30,187,80012.0
2025-04-30,188,158602.52
2025-04-30,189,38080.63
2025-04-30,190,174051.74
2025-04-30,191,25320.99
2025-04-30,192,65734.07
2025-04-30,193,149128.66
2025-04-30,194,193757.13
2025-04-30,195,78070.27
2025-04-30,196,253207.82
2025-04-30,197,319607.06
2025-04-30,198,453060.32
2025-04-30,199,33935.7
2025-04-30,200,93844.24
2025-04-30,201,80868.02
2025-04-30,202,260507.95
2025-04-30,203,98473.86
2025-04-30,204,285923.12
2025-04-30,205,32636.99
2025-04-30,206,155469.03
2025-04-30,207,198036.31
2025-04-30,208,307387.07
2025-04-30,209,275985.49
2025-04-30,210,138388.62
2025-04-30,211,170495.77
2025-04-30,212,484100.55
2025-04-30,213,103153.88
2025-04-30,214,174412.85
2025-04-30,215,159759.69
2025-04-30,216,432721.86
2025-04-30,217,148892.28
2025-04-30,218,148687.7
2025-04-30,219,178127.58
2025-04-30,220,213623.85
2025-04-30,221,76728.2
2025-04-30,222,107406.45
2025-04-30,223,84317.1
2025-04-30,224,186569.92
2025-04-30,225,268365.49
2025-04-30,226,196616.12
2025-04-30,227,53829.74
2025-04-30,228,84547.63
2025-04-30,229,164202.29
2025-04-30,230,357175.1
2025-04-30,231,198907.58
2025-04-30,232,119765.69
2025-04-30,233,111649.25
2025-04-30,234,148608.87
2025-04-30,235,211270.67
2025-04-30,236,64494.9
2025-04-30,237,331688.83
2025-04-30,238,32104.93
2025-04-30,239,34559.99
2025-04-30,240,258148.82
2025-04-30,241,201661.51
2025-04-30,242,425519.11
2025-04-30,243,13442.13
2025-04-30,244,108460.1
2025-04-30,245,216371.25
2025-04-30,246,25101.62
2025-04-30,247,19338.69
2025-04-30,248,57609.85
2025-04-30,249,102402.21
2025-04-30,250,162432.81
2025-04-30,251,45469.59
2025-04-30,252,127355.21
2025-04-30,253,73971.65
2025-04-30,254,212315.41
2025-04-30,255,160233.26
2025-04-30,256,117916.53
2025-04-30,257,79139.16
2025-04-30,258,17279.34
2025-04-30,259,160916.72
2025-04-30,260,133220.4
2025-04-30,261,70772.7
2025-04-30,262,199286.79
2025-04-30,263,136980.04
2025-04-30,264,81462.28
2025-04-30,265,191830.64
2025-04-30,266,101218.65
2025-04-30,267,70015.38
2025-04-30,268,24440.96
2025-04-30,269,83338.28
2025-04-30,270,68049.65
2025-04-30,271,74753.65
2025-04-30,272,217705.25
2025-04-30,273,158185.64
2025-04-30,274,118854.6
2025-04-30,275,507698.54
2025-04-30,276,149180.68
2025-04-30,277,153263.73
2025-04-30,278,324654.6
2025-04-30,279,322572.58
2025-04-30,280,124521.44
2025-04-30,281,78673.7
2025-04-30,282,170348.31
2025-04-30,283,56038.01
2025-04-30,284,22128.96
2025-04-30,285,228380.94
2025-04-30,286,334994.04
2025-04-30,287,598884.9
2025-04-30,288,77752.9
2025-04-30,289,173386.4
2025-04-30,290,110652.04
2025-04-30,291,351436.51
2025-04-30,292,226717.28
2025-04-30,293,172122.02
2025-04-30,294,59097.81
2025-04-30,295,199323.0
2025-04-30,296,131697.38
2025-04-30,297,265615.16
2025-04-30,298,408571.43
2025-04-30,299,145266.06
2025-04-30,300,72166.94
2025-04-30,301,88990.11
2025-04-30,302,208169.78
2025-04-30,303,114847.36
2025-04-30,304,155608.95
2025-04-30,305,205921.41
2025-04-30,306,217410.02
2025-04-30,307,228770.41
2025-04-30,308,17653.94
2025-04-30,309,119336.66
2025-04-30,310,162129.72
2025-04-30,311,52012.64
2025-04-30,312,152265.11
2025-04-30,313,128740.18
2025-04-30,314,109827.08
2025-04-30,315,196155.18
2025-04-30,316,88489.14
2025-04-30,317,79713.35
2025-04-30,318,111526.57
2025-04-30,319,111276.41
2025-04-30,320,54952.13
2025-04-30,321,283876.57
2025-04-30,322,64407.19
2025-04-30,323,275810.21
2025-04-30,324,251469.79
2025-04-30,325,135084.02
2025-04-30,326,250967.65
2025-04-30,327,191625.49
2025-04-30,328,64226.87
2025-04-30,329,269245.78
2025-04-30,330,99285.77
2025-04-30,331,31660.72
2025-04-30,332,113459.94
2025-04-30,333,199491.59
2025-04-30,334,152647.45
2025-04-30,335,56313.36
2025-04-30,336,337516.56
2025-04-30,337,213620.68
2025-04-30,338,58422.9
2025-04-30,339,77652.87
2025-04-30,340,277941.87
2025-04-30,341,72733.24
2025-04-30,342,199010.36
2025-04-30,343,204561.83
2025-04-30,344,64072.48
2025-04-30,345,120940.51
2025-04-30,346,300135.38
2025-04-30,347,154530.43
2025-04-30,348,31134.44
2025-04-30,349,116029.57
2025-04-30,350,132187.78
2025-04-30,351,305130.43
2025-04-30,352,185027.88
2025-04-30,353,74296.6
2025-04-30,354,172644.23
2025-04-30,355,140233.0
2025-04-30,356,161265.01
2025-04-30,357,76701.56
2025-04-30,358,89180.04
2025-04-30,359,84251.43
2025-04-30,360,139425.77
2025-04-30,361,188344.31
2025-04-30,362,77276.54
2025-04-30,363,44953.35
2025-04-30,364,252020.57
2025-04-30,365,399415.06
2025-04-30,366,78624.93
2025-04-30,367,235438.5
2025-04-30,368,153604.99
2025-04-30,369,198924.54
2025-04-30,370,115654.37
2025-04-30,371,199997.9
2025-04-30,372,100571.83
2025-04-30,373,96030.15
2025-04-30,374,240381.7
2025-04-30,375,119200.75
2025-04-30,376,42078.22
2025-04-30,377,476786.63
2025-04-30,378,82467.01
2025-04-30,379,194366.93
2025-04-30,380,70399.8
2025-04-30,381,41625.73
2025-04-30,382,184439.76
2025-04-30,383,88686.56
2025-04-30,384,147073.03
2025-04-30,385,64401.19
2025-04-30,386,58486.39
2025-04-30,387,297193.86
2025-04-30,388,181740.28
2025-04-30,389,325623.14
2025-04-30,390,257770.32
2025-04-30,391,536690.58
2025-04-30,392,150873.83
2025-04-30,393,330600.96
2025-04-30,394,295732.88
2025-04-30,395,182506.58
2025-04-30,396,132706.21
2025-04-30,397,187218.31
2025-04-30,398,539712.45
2025-04-30,399,106212.99
2025-04-30,400,257304.65
2025-04-30,401,183425.13
2025-04-30,402,123289.11
2025-04-30,403,153305.83
2025-04-30,404,180048.92
2025-04-30,405,257503.35
2025-04-30,406,111116.31
2025-04-30,407,53283.11
2025-04-30,408,115943.08
2025-04-30,409,84498.81
2025-04-30,410,217776.97
2025-04-30,411,107663.68
2025-04-30,412,322467.34
2025-04-30,413,106678.15
2025-04-30,414,528070.13
2025-04-30,415,102352.0
2025-04-30,416,194931.87
2025-04-30,417,36163.75
2025-04-30,418,425172.05
2025-04-30,419,79341.51
2025-04-30,420,164251.11
2025-04-30,421,12010.42
2025-04-30,422,55897.09
2025-04-30,423,56040.18
2025-04-30,424,385749.43
2025-04-30,425,254790.8
2025-04-30,426,178537.79
2025-04-30,427,104606.29
2025-04-30,428,72706.29
2025-04-30,429,145480.58
2025-04-30,430,330895.16
2025-04-30,431,210487.92
2025-04-30,432,175000.59
2025-04-30,433,84800.0
2025-04-30,434,140753.16
2025-04-30,435,22935.45
2025-04-30,436,377472.56
2025-04-30,437,114439.21
2025-04-30,438,53714.74
2025-04-30,439,173957.33
2025-04-30,440,200514.4
2025-04-30,441,222278.77
2025-04-30,442,258583.61
2025-04-30,443,371470.45
2025-04-30,444,49313.08
2025-04-30,445,421722.83
2025-04-30,446,373892.34
2025-04-30,447,111859.23
2025-04-30,448,80929.79
2025-04-30,449,386187.13
2025-04-30,450,80541.85
2025-04-30,451,136900.28
2025-04-30,452,231911.05
2025-04-30,453,64113.53
2025-04-30,454,62422.75
2025-04-30,455,60409.19
2025-04-30,456,137943.34
2025-04-30,457,66790.46
2025-04-30,458,338552.01
2025-04-30,459,297572.63
2025-04-30,460,91984.24
2025-04-30,461,123765.07
2025-04-30,462,68118.74
2025-04-30,463,423547.87
2025-04-30,464,32092.88
2025-04-30,465,75010.89
2025-04-30,466,307052.88
2025-04-30,467,187369.33
2025-04-30,468,52822.7
2025-04-30,469,371807.0
2025-04-30,470,45778.99
2025-04-30,471,300529.9
2025-04-30,472,94054.93
2025-04-30,473,104439.38
2025-04-30,474,155769.22
2025-04-30,475,115542.09
2025-04-30,476,95172.46
2025-04-30,477,343273.05
2025-04-30,478,103386.98
2025-04-30,479,119514.56
2025-04-30,480,129513.69
2025-04-30,481,19759.66
2025-04-30,482,276092.04
2025-04-30,483,430917.95
2025-04-30,484,41693.62
2025-04-30,485,171919.77
2025-04-30,486,46567.87
2025-04-30,487,40430.01
2025-04-30,488,58783.13
2025-04-30,489,267134.93
2025-04-30,490,62446.14
2025-04-30,491,175171.47
2025-04-30,492,84247.51
2025-04-30,493,67385.41
2025-04-30,494,144005.81
2025-04-30,495,169159.18
2025-04-30,496,178504.42
2025-04-30,497,538185.23
2025-04-30,498,46348.17
2025-04-30,499,542050.05
2025-04-30,500,137066.93
2025-04-30,501,193893.92
2025-04-30,502,316588.18
2025-04-30,503,79327.97
2025-04-30,504,119843.89
2025-04-30,505,141179.95
2025-04-30,506,208490.12
2025-04-30,507,145176.21
2025-04-30,508,89733.98
2025-04-30,509,141455.83
2025-04-30,510,80678.64
2025-04-30,511,104268.2
2025-04-30,512,93571.21
2025-04-30,513,334883.97
2025-04-30,514,150928.21
2025-04-30,515,133311.64
2025-04-30,516,317911.09
2025-04-30,517,98128.77
2025-04-30,518,544031.85
2025-04-30,519,199944.8
2025-04-30,520,227950.96
2025-04-30,521,71219.7
2025-04-30,522,37406.87
2025-04-30,523,59439.63
2025-04-30,524,109520.43
2025-04-30,525,152881.48
2025-04-30,526,60451.2
2025-04-30,527,69731.07
2025-04-30,528,176966.86
2025-04-30,529,449581.4
2025-04-30,530,70982.56
2025-04-30,531,250061.2
2025-04-30,532,225674.66
2025-04-30,533,87352.08
2025-04-30,534,143377.76
2025-04-30,535,28615.77
2025-04-30,536,139052.43
2025-04-30,537,37321.71
2025-04-30,538,105383.66
2025-04-30,539,145400.99
2025-04-30,540,241911.54
2025-04-30,541,86093.15
2025-04-30,542,201491.96
2025-04-30,543,304550.71
2025-04-30,544,263933.19
2025-04-30,545,283099.01
2025-04-30,546,202220.52
2025-04-30,547,69213.99
2025-04-30,548,66515.49
2025-04-30,549,77149.48
2025-04-30,550,168564.71
2025-04-30,551,103103.29
2025-04-30,552,62582.82
2025-04-30,553,71432.65
2025-04-30,554,88143.51
2025-04-30,555,111541.39
2025-04-30,556,377501.01
2025-04-30,557,12020.76
2025-04-30,558,114487.29
2025-04-30,559,105638.23
2025-04-30,560,63023.65
2025-04-30,561,302985.04
2025-04-30,562,218251.29
2025-04-30,563,130668.88
2025-04-30,564,195450.77
2025-04-30,565,70318.55
2025-04-30,566,127296.59
2025-04-30,567,237186.19
2025-04-30,568,163681.43
2025-04-30,569,191660.6
2025-04-30,570,33780.69
2025-04-30,571,194965.58
2025-04-30,572,141187.31
2025-04-30,573,159607.47
2025-04-30,574,148700.35
2025-04-30,575,76128.09
2025-04-30,576,86996.56
2025-04-30,577,146274.91
2025-04-30,578,253464.51
2025-04-30,579,252105.81
2025-04-30,580,70156.34
2025-04-30,581,330970.08
2025-04-30,582,290439.92
2025-04-30,583,187029.73
2025-04-30,584,87589.34
2025-04-30,585,5721.5
2025-04-30,586,126933.88
2025-04-30,587,338660.57
2025-04-30,588,79170.71
2025-04-30,589,279415.04
2025-04-30,590,48090.54
2025-04-30,591,107452.34
2025-04-30,592,111628.01
2025-04-30,593,159364.49
2025-04-30,594,313983.75
2025-04-30,595,120096.5
2025-04-30,596,76366.91
2025-04-30,597,58566.89
2025-04-30,598,292538.76
2025-04-30,599,56585.82
2025-04-30,600,154596.27
2025-04-30,601,95840.61
2025-04-30,602,736596.62
2025-04-30,603,230075.69
2025-04-30,604,47312.1
2025-04-30,605,160319.44
2025-04-30,606,122564.6
2025-04-30,607,568118.82
2025-04-30,608,60216.04
2025-04-30,609,94069.84
2025-04-30,610,106124.29
2025-04-30,611,77161.34
2025-04-30,612,198727.06
2025-04-30,613,136871.37
2025-04-30,614,219893.58
2025-04-30,615,96505.93
2025-04-30,616,56679.02
2025-04-30,617,187727.34
2025-04-30,618,266532.91
2025-04-30,619,318031.76
2025-04-30,620,81744.21
2025-04-30,621,236066.86
2025-04-30,622,44867.14
2025-04-30,623,163869.45
2025-04-30,624,201225.32
2025-04-30,625,219667.88
2025-04-30,626,120630.08
2025-04-30,627,209388.11
2025-04-30,628,201377.22
2025-04-30,629,129224.73
2025-04-30,630,131507.98
2025-04-30,631,37811.11
2025-04-30,632,116833.46
2025-04-30,633,137706.9
2025-04-30,634,106257.61
2025-04-30,635,97824.59
2025-04-30,636,72075.78
2025-04-30,637,1038691.77
2025-04-30,638,62775.55
2025-04-30,639,91114.37
2025-04-30,640,211009.26
2025-04-30,641,70753.86
2025-04-30,642,169405.24
2025-04-30,643,90126.27
2025-04-30,644,155113.18
2025-04-30,645,498394.98
2025-04-30,646,101069.85
2025-04-30,647,87921.13
2025-04-30,648,167755.06
2025-04-30,649,151315.7
2025-04-30,650,187182.19
2025-04-30,651,102399.89
2025-04-30,652,118372.94
2025-04-30,653,48690.27
2025-04-30,654,616133.26
2025-04-30,655,205842.71
2025-04-30,656,125127.71
2025-04-30,657,83954.19
2025-04-30,658,158077.95
2025-04-30,659,219034.18
2025-04-30,660,134485.64
2025-04-30,661,86599.34
2025-04-30,662,63894.5
2025-04-30,663,120000.01
2025-04-30,664,105509.59
2025-04-30,665,102183.85
2025-04-30,666,241597.29
2025-04-30,667,53017.9
2025-04-30,668,130278.26
2025-04-30,669,15380.6
2025-04-30,670,177911.17
2025-04-30,671,35725.26
2025-04-30,672,138831.38
2025-04-30,673,99770.42
2025-04-30,674,160013.93
2025-04-30,675,132971.81
2025-04-30,676,430436.45
2025-04-30,677,103071.41
2025-04-30,678,113961.52
2025-04-30,679,744.64
2025-04-30,680,120259.47
2025-04-30,681,55820.5
2025-04-30,682,120813.49
2025-04-30,683,34542.81
2025-04-30,684,88086.82
2025-04-30,685,199427.97
2025-04-30,686,134398.32
2025-04-30,687,126986.28
2025-04-30,688,113578.35
2025-04-30,689,155105.53
2025-04-30,690,160051.68
2025-04-30,691,167315.41
2025-04-30,692,48046.0
2025-04-30,693,61909.78
2025-04-30,694,84068.21
2025-04-30,695,435018.45
2025-04-30,696,43019.19
2025-04-30,697,170110.21
2025-04-30,698,47338.52
2025-04-30,699,189070.7
2025-04-30,700,90482.68
2025-04-30,701,68198.53
2025-04-30,702,53275.85
2025-04-30,703,88769.46
2025-04-30,704,107752.53
2025-04-30,705,71578.09
2025-04-30,706,458975.44
2025-04-30,707,120839.02
2025-04-30,708,286827.45
2025-04-30,709,19068.99
2025-04-30,710,192062.69
2025-04-30,711,131513.87
2025-04-30,712,110337.31
2025-04-30,713,138178.26
2025-04-30,714,812382.49
2025-04-30,715,248217.52
2025-04-30,716,122603.92
2025-04-30,717,160086.52
2025-04-30,718,372491.99
2025-04-30,719,69796.69
2025-04-30,720,86353.37
2025-04-30,721,50118.16
2025-04-30,722,186392.84
2025-04-30,723,309799.85
2025-04-30,724,48559.73
2025-04-30,725,160132.92
2025-04-30,726,165877.28
2025-04-30,727,118545.52
2025-04-30,728,79072.79
2025-04-30,729,205584.98
2025-04-30,730,180548.54
2025-04-30,731,91517.65
2025-04-30,732,118291.31
2025-04-30,733,284072.84
2025-04-30,734,108619.46
2025-04-30,735,120445.87
2025-04-30,736,511389.34
2025-04-30,737,52342.51
2025-04-30,738,179047.72
2025-04-30,739,79852.29
2025-04-30,740,195253.89
2025-04-30,741,344873.67
2025-04-30,742,114629.0
2025-04-30,743,51439.28
2025-04-30,744,74268.41
2025-04-30,745,150820.85
2025-04-30,746,200907.67
2025-04-30,747,160025.03
2025-04-30,748,49074.32
2025-04-30,749,106044.65
2025-04-30,750,98162.7
2025-04-30,751,186864.11
2025-04-30,752,139452.53
2025-04-30,753,42580.01
2025-04-30,754,105418.61
2025-04-30,755,91109.36
2025-04-30,756,127174.45
2025-04-30,757,405644.65
2025-04-30,758,392730.6
2025-04-30,759,85726.76
2025-04-30,760,233055.85
2025-04-30,761,116520.49
2025-04-30,762,75133.47
2025-04-30,763,128711.18
2025-04-30,764,82433.09
2025-04-30,765,80644.36
2025-04-30,766,145341.94
2025-04-30,767,108622.08
2025-04-30,768,48857.35
2025-04-30,769,208353.71
2025-04-30,770,179403.03
2025-04-30,771,295780.0
2025-04-30,772,118341.18
2025-04-30,773,129184.71
2025-04-30,774,48265.75
2025-04-30,775,143555.83
2025-04-30,776,200636.19
2025-04-30,777,536841.2
2025-04-30,778,41584.52
2025-04-30,779,272669.69
2025-04-30,780,348803.57
2025-04-30,781,29178.93
2025-04-30,782,130663.76
2025-04-30,783,86977.76
2025-04-30,784,83707.4
2025-04-30,785,19098.69
2025-04-30,786,218235.05
2025-04-30,787,255010.35
2025-04-30,788,298747.68
2025-04-30,789,55035.9
2025-04-30,790,163591.88
2025-04-30,791,123312.87
2025-04-30,792,71408.48
2025-04-30,793,323115.24
2025-04-30,794,94744.62
2025-04-30,795,135723.26
2025-04-30,796,521063.59
2025-04-30,797,32626.39
2025-04-30,798,201993.65
2025-04-30,799,489672.93
2025-04-30,800,150323.96
2025-04-30,801,298704.55
2025-04-30,802,29218.02
2025-04-30,803,169270.07
2025-04-30,804,118111.92
2025-04-30,805,121215.44
2025-04-30,806,132070.43
2025-04-30,807,31976.83
2025-04-30,808,164379.35
2025-04-30,809,78602.05
2025-04-30,810,145170.89
2025-04-30,811,111549.89
2025-04-30,812,106294.98
2025-04-30,813,38688.98
2025-04-30,814,493344.81
2025-04-30,815,209060.85
2025-04-30,816,400537.8
2025-04-30,817,118120.0
2025-04-30,818,139930.97
2025-04-30,819,110158.64
2025-04-30,820,187225.45
2025-04-30,821,112002.15
2025-04-30,822,232655.72
2025-04-30,823,257066.48
2025-04-30,824,219526.91
2025-04-30,825,238361.15
2025-04-30,826,269705.44
2025-04-30,827,241508.53
2025-04-30,828,88942.73
2025-04-30,829,403122.0
2025-04-30,830,145279.06
2025-04-30,831,229236.69
2025-04-30,832,54521.67
2025-04-30,833,443061.49
2025-04-30,834,199263.24
2025-04-30,835,109845.79
2025-04-30,836,376585.28
2025-04-30,837,151386.87
2025-04-30,838,339803.94
2025-04-30,839,155879.3
2025-04-30,840,54187.69
2025-04-30,841,435311.25
2025-04-30,842,102536.62
2025-04-30,843,83575.49
2025-04-30,844,74905.76
2025-04-30,845,240732.79
2025-04-30,846,197925.58
2025-04-30,847,123126.19
2025-04-30,848,101819.84
2025-04-30,849,88071.43
2025-04-30,850,112684.22
2025-04-30,851,48333.73
2025-04-30,852,637054.6
2025-04-30,853,77476.68
2025-04-30,854,67014.04
2025-04-30,855,138446.15
2025-04-30,856,80427.73
2025-04-30,857,48876.08
2025-04-30,858,123031.67
2025-04-30,859,217364.69
2025-04-30,860,18927.23
2025-04-30,861,180213.91
2025-04-30,862,103497.8
2025-04-30,863,206255.65
2025-04-30,864,995513.45
2025-04-30,865,15441.41
2025-04-30,866,78909.05
2025-04-30,867,108980.81
2025-04-30,868,157243.53
2025-04-30,869,126262.4
2025-04-30,870,67623.64
2025-04-30,871,77320.37
2025-04-30,872,88947.63
2025-04-30,873,80579.55
2025-04-30,874,87219.27
2025-04-30,875,92051.11
2025-04-30,876,386180.13
2025-04-30,877,211135.07
2025-04-30,878,79564.68
2025-04-30,879,119761.84
2025-04-30,880,46775.34
2025-04-30,881,142793.52
2025-04-30,882,227759.47
2025-04-30,883,262070.8
2025-04-30,884,395272.14
2025-04-30,885,149264.16
2025-04-30,886,41419.2
2025-04-30,887,45072.98
2025-04-30,888,96803.89
2025-04-30,889,354596.37
2025-04-30,890,214546.33
2025-04-30,891,154581.39
2025-04-30,892,276457.5
2025-04-30,893,254889.77
2025-04-30,894,182519.51
2025-04-30,895,171625.78
2025-04-30,896,401617.03
2025-04-30,897,246546.88
2025-04-30,898,125045.62
2025-04-30,899,94000.57
2025-04-30,900,155120.23
2025-04-30,901,101684.18
2025-04-30,902,335052.46
2025-04-30,903,364191.1
2025-04-30,904,35459.0
2025-04-30,905,270440.3
2025-04-30,906,43741.22
2025-04-30,907,123233.34
2025-04-30,908,76989.72
2025-04-30,909,63190.84
2025-04-30,910,137145.57
2025-04-30,911,65469.83
2025-04-30,912,250912.84
2025-04-30,913,548859.34
2025-04-30,914,85662.82
2025-04-30,915,113560.1
2025-04-30,916,107308.85
2025-04-30,917,144385.08
2025-04-30,918,129207.18
2025-04-30,919,84174.61
2025-04-30,920,242318.34
2025-04-30,921,103774.94
2025-04-30,922,107701.62
2025-04-30,923,127685.88
2025-04-30,924,52603.44
2025-04-30,925,113742.88
2025-04-30,926,130330.01
2025-04-30,927,126786.71
2025-04-30,928,228489.17
2025-04-30,929,324177.49
2025-04-30,930,314147.22
2025-04-30,931,155479.44
2025-04-30,932,197025.6
2025-04-30,933,64190.35
2025-04-30,934,74238.83
2025-04-30,935,286790.87
2025-04-30,936,248080.12
2025-04-30,937,67114.66
2025-04-30,938,119071.99
2025-04-30,939,39437.45
2025-04-30,940,198309.7
2025-04-30,941,105449.05
2025-04-30,942,177971.61
2025-04-30,943,139589.44
2025-04-30,944,125010.94
2025-04-30,945,120276.75
2025-04-30,946,155829.69
2025-04-30,947,811478.37
2025-04-30,948,170639.78
2025-04-30,949,82275.54
2025-04-30,950,266255.22
2025-04-30,951,324086.05
2025-04-30,952,101047.43
2025-04-30,953,48796.7
2025-04-30,954,261038.56
2025-04-30,955,155127.2
2025-04-30,956,133195.84
2025-04-30,957,232844.46
2025-04-30,958,184565.04
2025-04-30,959,307812.73
2025-04-30,960,259161.1
2025-04-30,961,252053.5
2025-04-30,962,132301.44
2025-04-30,963,69890.26
2025-04-30,964,113012.14
2025-04-30,965,178239.22
2025-04-30,966,279794.79
2025-04-30,967,166427.63
2025-04-30,968,258201.85
2025-04-30,969,285771.9
2025-04-30,970,169862.16
2025-04-30,971,100557.57
2025-04-30,972,149167.6
2025-04-30,973,49784.42
2025-04-30,974,116193.84
2025-04-30,975,32957.07
2025-04-30,976,340759.07
2025-04-30,977,188685.69
2025-04-30,978,164889.5
2025-04-30,979,61949.81
2025-04-30,980,116568.53
2025-04-30,981,83282.06
2025-04-30,982,88327.99
2025-04-30,983,153079.23
2025-04-30,984,77470.13
2025-04-30,985,40129.11
2025-04-30,986,55528.44
2025-04-30,987,97694.8
2025-04-30,988,139389.1
2025-04-30,989,80806.55
2025-04-30,990,223841.02
2025-04-30,991,216302.45
2025-04-30,992,110027.69
2025-04-30,993,130716.66
2025-04-30,994,151441.86
2025-04-30,995,45433.57
2025-04-30,996,767016.51
2025-04-30,997,488784.41
2025-04-30,998,193417.16
2025-04-30,999,132868.21
2025-04-30,1000,83317.13
2025-04-30,1001,97489.46
2025-04-30,1002,275776.91
2025-04-30,1003,133823.37
2025-04-30,1004,108836.59
2025-04-30,1005,155637.38
2025-04-30,1006,25514.27
2025-04-30,1007,67137.59
2025-04-30,1008,208305.84
2025-04-30,1009,195834.01
2025-04-30,1010,124901.43
2025-04-30,1011,174635.2
2025-04-30,1012,2942.92
2025-04-30,1013,79399.9
2025-04-30,1014,49744.14
2025-04-30,1015,130675.57
2025-04-30,1016,371748.64
2025-04-30,1017,171140.67
2025-04-30,1018,98152.99
2025-04-30,1019,120529.76
2025-04-30,1020,118785.98
2025-04-30,1021,163310.41
2025-04-30,1022,395819.96
2025-04-30,1023,111961.12
2025-04-30,1024,1790.12
2025-04-30,1025,122928.33
2025-04-30,1026,83719.25
2025-04-30,1027,76670.39
2025-04-30,1028,231958.2
2025-04-30,1029,220519.65
2025-04-30,1030,102718.67
2025-04-30,1031,262103.87
2025-04-30,1032,303775.24
2025-04-30,1033,97060.71
2025-04-30,1034,321113.11
2025-04-30,1035,112660.25
2025-04-30,1036,236253.6
2025-04-30,1037,131599.27
2025-04-30,1038,377239.94
2025-04-30,1039,86033.08
2025-04-30,1040,107834.65
2025-04-30,1041,124477.37
2025-04-30,1042,124933.11
2025-04-30,1043,141187.28
2025-04-30,1044,199290.67
2025-04-30,1045,110643.37
2025-04-30,1046,427057.44
2025-04-30,1047,107708.83
2025-04-30,1048,224182.48
2025-04-30,1049,522786.69
2025-04-30,1050,82608.01
2025-04-30,1051,65395.29
2025-04-30,1052,646838.27
2025-04-30,1053,100854.92
2025-04-30,1054,380074.51
2025-04-30,1055,87392.07
2025-04-30,1056,150566.87
2025-04-30,1057,185461.12
2025-04-30,1058,216571.18
2025-04-30,1059,110960.86
2025-04-30,1060,125414.53
2025-04-30,1061,287223.12
2025-04-30,1062,368433.95
2025-04-30,1063,85377.97
2025-04-30,1064,129872.57
2025-04-30,1065,128589.91
2025-04-30,1066,277638.62
2025-04-30,1067,354494.15
2025-04-30,1068,87508.73
2025-04-30,1069,276944.11
2025-04-30,1070,157679.45
2025-04-30,1071,197793.38
2025-04-30,1072,78155.65
2025-04-30,1073,260379.69
2025-04-30,1074,454991.05
2025-04-30,1075,167880.93
2025-04-30,1076,33978.6
2025-04-30,1077,96942.44
2025-04-30,1078,215519.23
2025-04-30,1079,143991.43
2025-04-30,1080,207277.07
2025-04-30,1081,339257.34
2025-04-30,1082,173725.87
2025-04-30,1083,21096.56
2025-04-30,1084,47574.9
2025-04-30,1085,111048.52
2025-04-30,1086,164251.14
2025-04-30,1087,299703.94
2025-04-30,1088,164001.78
2025-04-30,1089,141456.33
2025-04-30,1090,137813.72
2025-04-30,1091,91079.12
2025-04-30,1092,58859.17
2025-04-30,1093,53777.04
2025-04-30,1094,420317.98
2025-04-30,1095,79874.17
2025-04-30,1096,33679.73
2025-04-30,1097,81148.23
2025-04-30,1098,157305.53
2025-04-30,1099,76527.4
2025-04-30,1100,138929.68
2025-04-30,1101,52361.09
2025-04-30,1102,217329.79
2025-04-30,1103,68205.66
2025-04-30,1104,72020.59
2025-04-30,1105,247247.76
2025-04-30,1106,108859.36
2025-04-30,1107,76597.32
2025-04-30,1108,393432.27
2025-04-30,1109,157073.76
2025-04-30,1110,104551.91
2025-04-30,1111,112836.09
2025-04-30,1112,64781.76
2025-04-30,1113,117874.52
2025-04-30,1114,459847.84
2025-04-30,1115,178450.41
2025-04-30,1116,123767.11
2025-04-30,1117,131499.97
2025-04-30,1118,285553.32
2025-04-30,1119,297016.71
2025-04-30,1120,103477.71
2025-04-30,1121,198980.05
2025-04-30,1122,71708.35
2025-04-30,1123,164180.28
2025-04-30,1124,210473.69
2025-04-30,1125,149225.49
2025-04-30,1126,21519.0
2025-04-30,1127,138990.21
2025-04-30,1128,268599.57
2025-04-30,1129,131114.51
2025-04-30,1130,150607.33
2025-04-30,1131,179144.67
2025-04-30,1132,94469.35
2025-04-30,1133,56955.0
2025-04-30,1134,146326.7
2025-04-30,1135,106616.74
2025-04-30,1136,244604.31
2025-04-30,1137,82223.15
2025-04-30,1138,75991.43
2025-04-30,1139,254827.37
2025-04-30,1140,23628.05
2025-04-30,1141,148113.84
2025-04-30,1142,435064.2
2025-04-30,1143,347456.09
2025-04-30,1144,155583.31
2025-04-30,1145,92920.69
2025-04-30,1146,88513.17
2025-04-30,1147,107955.94
2025-04-30,1148,95666.22
2025-04-30,1149,199815.66
2025-04-30,1150,110922.95
2025-04-30,1151,719120.92
2025-04-30,1152,143088.04
2025-04-30,1153,73100.76
2025-04-30,1154,134115.03
2025-04-30,1155,91494.65
2025-04-30,1156,56336.23
2025-04-30,1157,339366.73
2025-04-30,1158,113367.35
2025-04-30,1159,104740.28
2025-04-30,1160,75448.93
2025-04-30,1161,32224.99
2025-04-30,1162,251022.63
2025-04-30,1163,127193.54
2025-04-30,1164,201692.23
2025-04-30,1165,331150.38
2025-04-30,1166,75892.76
2025-04-30,1167,139338.24
2025-04-30,1168,207102.29
2025-04-30,1169,21341.29
2025-04-30,1170,102188.52
2025-04-30,1171,113006.73
2025-04-30,1172,69010.46
2025-04-30,1173,367311.22
2025-04-30,1174,171998.22
2025-04-30,1175,96751.09
2025-04-30,1176,97083.3
2025-04-30,1177,81479.44
2025-04-30,1178,685446.12
2025-04-30,1179,106509.89
2025-04-30,1180,293656.78
2025-04-30,1181,274455.63
2025-04-30,1182,369475.84
2025-04-30,1183,210796.33
2025-04-30,1184,69305.59
2025-04-30,1185,53257.6
2025-04-30,1186,112913.46
2025-04-30,1187,90632.23
2025-04-30,1188,98803.56
2025-04-30,1189,85863.56
2025-04-30,1190,126357.93
2025-04-30,1191,240289.32
2025-04-30,1192,149826.13
2025-04-30,1193,91246.39
2025-04-30,1194,196144.85
2025-04-30,1195,266824.12
2025-04-30,1196,108159.97
2025-04-30,1197,199046.18
2025-04-30,1198,68123.39
2025-04-30,1199,164447.27
2025-04-30,1200,85458.0
2025-04-30,1201,231208.93
2025-04-30,1202,329447.47
2025-04-30,1203,119231.44
2025-04-30,1204,138023.58
2025-04-30,1205,92538.88
2025-04-30,1206,76688.95
2025-04-30,1207,84665.29
2025-04-30,1208,143393.96
2025-04-30,1209,153084.73
2025-04-30,1210,118658.68
2025-04-30,1211,54244.55
2025-04-30,1212,435616.24
2025-04-30,1213,58217.29
2025-04-30,1214,160314.78
2025-04-30,1215,274685.85
2025-04-30,1216,119587.46
2025-04-30,1217,13753.31
2025-04-30,1218,42639.9
2025-04-30,1219,187045.06
2025-04-30,1220,434537.73
2025-04-30,1221,221911.62
2025-04-30,1222,108375.55
2025-04-30,1223,126742.24
2025-04-30,1224,221507.03
2025-04-30,1225,108029.53
2025-04-30,1226,51881.3
2025-04-30,1227,57960.68
2025-04-30,1228,132014.73
2025-04-30,1229,124223.79
2025-04-30,1230,216468.04
2025-04-30,1231,633519.3
2025-04-30,1232,106707.99
2025-04-30,1233,225757.05
2025-04-30,1234,131691.32
2025-04-30,1235,429218.58
2025-04-30,1236,177324.06
2025-04-30,1237,280664.12
2025-04-30,1238,90763.15
2025-04-30,1239,222695.79
2025-04-30,1240,121532.89
2025-04-30,1241,55653.77
2025-04-30,1242,145604.68
2025-04-30,1243,194960.35
2025-04-30,1244,219113.9
2025-04-30,1245,59119.27
2025-04-30,1246,169829.41
2025-04-30,1247,127786.75
2025-04-30,1248,204141.82
2025-04-30,1249,280985.15
2025-04-30,1250,325125.25
2025-04-30,1251,122429.41
2025-04-30,1252,192726.13
2025-04-30,1253,235799.68
2025-04-30,1254,76031.15
2025-04-30,1255,40403.56
2025-04-30,1256,150109.68
2025-04-30,1257,39271.58
2025-04-30,1258,1207.78
2025-04-30,1259,245802.94
2025-04-30,1260,160636.95
2025-04-30,1261,243281.08
2025-04-30,1262,143148.0
2025-04-30,1263,316773.59
2025-04-30,1264,57171.98
2025-04-30,1265,350997.7
2025-04-30,1266,278780.2
2025-04-30,1267,109573.37
2025-04-30,1268,131579.43
2025-04-30,1269,24291.86
2025-04-30,1270,50486.56
2025-04-30,1271,117174.59
2025-04-30,1272,156860.25
2025-04-30,1273,154777.83
2025-04-30,1274,254946.29
2025-04-30,1275,180567.63
2025-04-30,1276,81480.69
2025-04-30,1277,74992.64
2025-04-30,1278,720741.68
2025-04-30,1279,349154.1
2025-04-30,1280,307129.57
2025-04-30,1281,256876.23
2025-04-30,1282,142493.43
2025-04-30,1283,114654.08
2025-04-30,1284,117766.62
2025-04-30,1285,156609.1
2025-04-30,1286,184225.62
2025-04-30,1287,338341.25
2025-04-30,1288,75669.25
2025-04-30,1289,89368.97
2025-04-30,1290,159026.37
2025-04-30,1291,289662.76
2025-04-30,1292,298048.1
2025-04-30,1293,45135.25
2025-04-30,1294,128089.42
2025-04-30,1295,252602.93
2025-04-30,1296,62766.17
2025-04-30,1297,70837.33
2025-04-30,1298,106095.08
2025-04-30,1299,306360.54
2025-04-30,1300,94274.2
2025-04-30,1301,133183.71
2025-04-30,1302,105845.94
2025-04-30,1303,428166.15
2025-04-30,1304,88741.93
2025-04-30,1305,235928.82
2025-04-30,1306,76423.35
2025-04-30,1307,181724.51
2025-04-30,1308,102801.11
2025-04-30,1309,73539.78
2025-04-30,1310,101010.85
2025-04-30,1311,201283.55
2025-04-30,1312,114897.16
2025-04-30,1313,141593.66
2025-04-30,1314,57582.25
2025-04-30,1315,114684.81
2025-04-30,1316,140015.11
2025-04-30,1317,145526.36
2025-04-30,1318,53814.35
2025-04-30,1319,63599.71
2025-04-30,1320,124628.35
2025-04-30,1321,68376.58
2025-04-30,1322,72597.58
2025-04-30,1323,372546.51
2025-04-30,1324,265950.0
2025-04-30,1325,141231.81
2025-04-30,1326,108655.29
2025-04-30,1327,242173.76
2025-04-30,1328,295530.09
2025-04-30,1329,99697.31
2025-04-30,1330,200967.55
2025-04-30,1331,100762.61
2025-04-30,1332,100401.78
2025-04-30,1333,116008.29
2025-04-30,1334,49220.62
2025-04-30,1335,120251.27
2025-04-30,1336,103200.3
2025-04-30,1337,82481.3
2025-04-30,1338,175485.91
2025-04-30,1339,150752.38
2025-04-30,1340,58499.39
2025-04-30,1341,122529.35
2025-04-30,1342,151825.84
2025-04-30,1343,229896.6
2025-04-30,1344,185675.27
2025-04-30,1345,119156.29
2025-04-30,1346,92236.88
2025-04-30,1347,182504.47
2025-04-30,1348,69260.18
2025-04-30,1349,81054.05
2025-04-30,1350,92972.55
2025-04-30,1351,153013.37
2025-04-30,1352,299915.88
2025-04-30,1353,162516.14
2025-04-30,1354,49458.86
2025-04-30,1355,174146.21
2025-04-30,1356,202038.43
2025-04-30,1357,119334.25
2025-04-30,1358,203486.24
2025-04-30,1359,171095.76
2025-04-30,1360,187750.73
2025-04-30,1361,103954.69
2025-04-30,1362,201075.82
2025-04-30,1363,91162.11
2025-04-30,1364,215288.24
2025-04-30,1365,339605.79
2025-04-30,1366,117067.14
2025-04-30,1367,66825.36
2025-04-30,1368,268997.61
2025-04-30,1369,250413.02
2025-04-30,1370,91278.23
2025-04-30,1371,140664.63
2025-04-30,1372,313242.05
2025-04-30,1373,233528.48
2025-04-30,1374,168604.76
2025-04-30,1375,47720.05
2025-04-30,1376,170282.46
2025-04-30,1377,69669.82
2025-04-30,1378,151811.29
2025-04-30,1379,143096.92
2025-04-30,1380,203304.85
2025-04-30,1381,205912.0
2025-04-30,1382,127706.97
2025-04-30,1383,29415.55
2025-04-30,1384,72700.2
2025-04-30,1385,41889.8
2025-04-30,1386,65852.33
2025-04-30,1387,617842.51
2025-04-30,1388,307076.76
2025-04-30,1389,492910.26
2025-04-30,1390,56449.59
2025-04-30,1391,93540.4
2025-04-30,1392,389765.68
2025-04-30,1393,248917.09
2025-04-30,1394,66434.62
2025-04-30,1395,36046.2
2025-04-30,1396,133140.81
2025-04-30,1397,166594.33
2025-04-30,1398,87645.8
2025-04-30,1399,183464.42
2025-04-30,1400,18924.98
2025-04-30,1401,285949.15
2025-04-30,1402,131813.17
2025-04-30,1403,144794.46
2025-04-30,1404,59108.82
2025-04-30,1405,59137.53
2025-04-30,1406,53213.41
2025-04-30,1407,277121.32
2025-04-30,1408,235854.72
2025-04-30,1409,86041.61
2025-04-30,1410,98929.94
2025-04-30,1411,79895.05
2025-04-30,1412,164847.47
2025-04-30,1413,113950.81
2025-04-30,1414,77252.23
2025-04-30,1415,92048.61
2025-04-30,1416,162411.82
2025-04-30,1417,143331.18
2025-04-30,1418,528030.24
2025-04-30,1419,39405.68
2025-04-30,1420,163372.79
2025-04-30,1421,191437.49
2025-04-30,1422,56491.39
2025-04-30,1423,226187.75
2025-04-30,1424,248884.48
2025-04-30,1425,78229.06
2025-04-30,1426,73751.28
2025-04-30,1427,46262.86
2025-04-30,1428,57151.66
2025-04-30,1429,85036.98
2025-04-30,1430,81900.97
2025-04-30,1431,178195.23
2025-04-30,1432,178971.15
2025-04-30,1433,32344.52
2025-04-30,1434,34782.53
2025-04-30,1435,466825.29
2025-04-30,1436,430450.86
2025-04-30,1437,93209.31
2025-04-30,1438,170361.88
2025-04-30,1439,170342.71
2025-04-30,1440,121420.74
2025-04-30,1441,100040.45
2025-04-30,1442,123169.35
2025-04-30,1443,107620.09
2025-04-30,1444,263165.51
2025-04-30,1445,92241.52
2025-04-30,1446,118186.97
2025-04-30,1447,77144.51
2025-04-30,1448,135054.13
2025-04-30,1449,17963.35
2025-04-30,1450,137827.19
2025-04-30,1451,26737.43
2025-04-30,1452,194095.23
2025-04-30,1453,109784.72
2025-04-30,1454,60583.64
2025-04-30,1455,170126.52
2025-04-30,1456,70720.32
2025-04-30,1457,283543.75
2025-04-30,1458,190844.58
2025-04-30,1459,215957.71
2025-04-30,1460,154429.67
2025-04-30,1461,145772.0
2025-04-30,1462,237163.29
2025-04-30,1463,350409.82
2025-04-30,1464,668548.87
2025-04-30,1465,148061.1
2025-04-30,1466,192051.44
2025-04-30,1467,100387.81
2025-04-30,1468,100067.73
2025-04-30,1469,42453.15
2025-04-30,1470,283443.51
2025-04-30,1471,138351.87
2025-04-30,1472,81301.25
2025-04-30,1473,169932.37
2025-04-30,1474,177210.6
2025-04-30,1475,96952.81
2025-04-30,1476,58479.03
2025-04-30,1477,387195.5
2025-04-30,1478,169753.74
2025-04-30,1479,131338.03
2025-04-30,1480,278276.1
2025-04-30,1481,236796.35
2025-04-30,1482,118624.45
2025-04-30,1483,283854.8
2025-04-30,1484,381796.29
2025-04-30,1485,41485.8
2025-04-30,1486,120094.33
2025-04-30,1487,269928.36
2025-04-30,1488,121971.65
2025-04-30,1489,213675.25
2025-04-30,1490,293976.14
2025-04-30,1491,228886.32
2025-04-30,1492,137417.76
2025-04-30,1493,426692.59
2025-04-30,1494,11930.23
2025-04-30,1495,101711.59
2025-04-30,1496,52576.52
2025-04-30,1497,91255.37
2025-04-30,1498,207001.39
2025-04-30,1499,200346.46
2025-04-30,1500,250568.81
2025-04-30,1501,86014.59
2025-04-30,1502,37192.03
2025-04-30,1503,78259.7
2025-04-30,1504,131921.53
2025-04-30,1505,269429.34
2025-04-30,1506,63962.05
2025-04-30,1507,86387.99
2025-04-30,1508,15289.73
2025-04-30,1509,215567.97
2025-04-30,1510,88817.56
2025-04-30,1511,64567.88
2025-04-30,1512,131500.2
2025-04-30,1513,156943.0
2025-04-30,1514,107942.07
2025-04-30,1515,22242.25
2025-04-30,1516,279340.58
2025-04-30,1517,175712.94
2025-04-30,1518,274024.63
2025-04-30,1519,98958.72
2025-04-30,1520,95581.32
2025-04-30,1521,140051.36
2025-04-30,1522,63946.81
2025-04-30,1523,50316.66
2025-04-30,1524,106152.42
2025-04-30,1525,84106.89
2025-04-30,1526,134095.49
2025-04-30,1527,91097.84
2025-04-30,1528,331985.17
2025-04-30,1529,83649.42
2025-04-30,1530,268429.53
2025-04-30,1531,184509.27
2025-04-30,1532,163551.65
2025-04-30,1533,94432.27
2025-04-30,1534,109543.6
2025-04-30,1535,86495.91
2025-04-30,1536,236923.82
2025-04-30,1537,154555.93
2025-04-30,1538,225876.68
2025-04-30,1539,192595.53
2025-04-30,1540,269268.73
2025-04-30,1541,96994.98
2025-04-30,1542,159249.32
2025-04-30,1543,89352.57
2025-04-30,1544,223704.44
2025-04-30,1545,129993.23
2025-04-30,1546,105360.76
2025-04-30,1547,915086.78
2025-04-30,1548,147720.68
2025-04-30,1549,506477.82
2025-04-30,1550,411644.77
2025-04-30,1551,94847.19
2025-04-30,1552,466691.52
2025-04-30,1553,97384.54
2025-04-30,1554,74731.94
2025-04-30,1555,220275.21
2025-04-30,1556,230327.37
2025-04-30,1557,175882.09
2025-04-30,1558,142124.35
2025-04-30,1559,90226.6
2025-04-30,1560,30577.57
2025-04-30,1561,222721.41
2025-04-30,1562,111647.22
2025-04-30,1563,89769.82
2025-04-30,1564,121128.86
2025-04-30,1565,66460.99
2025-04-30,1566,256635.94
2025-04-30,1567,202012.07
2025-04-30,1568,105958.76
2025-04-30,1569,234675.51
2025-04-30,1570,218481.68
2025-04-30,1571,96500.29
2025-04-30,1572,167373.75
2025-04-30,1573,77820.0
2025-04-30,1574,68087.93
2025-04-30,1575,78368.55
2025-04-30,1576,100922.84
2025-04-30,1577,66691.91
2025-04-30,1578,213463.35
2025-04-30,1579,138336.21
2025-04-30,1580,140439.93
2025-04-30,1581,458811.19
2025-04-30,1582,65929.6
2025-04-30,1583,32705.8
2025-04-30,1584,62958.59
2025-04-30,1585,72005.12
2025-04-30,1586,122874.77
2025-04-30,1587,220732.69
2025-04-30,1588,60709.42
2025-04-30,1589,167823.14
2025-04-30,1590,132281.3
2025-04-30,1591,307090.01
2025-04-30,1592,139530.28
2025-04-30,1593,192769.03
2025-04-30,1594,106072.12
2025-04-30,1595,149312.56
2025-04-30,1596,105198.67
2025-04-30,1597,85591.77
2025-04-30,1598,137127.8
2025-04-30,1599,201024.54
2025-04-30,1600,410993.5
2025-04-30,1601,82330.06
2025-04-30,1602,272724.21
2025-04-30,1603,142038.93
2025-04-30,1604,366479.4
2025-04-30,1605,80924.25
2025-04-30,1606,185111.29
2025-04-30,1607,322902.95
2025-04-30,1608,321054.33
2025-04-30,1609,176276.02
2025-04-30,1610,47906.08
2025-04-30,1611,90699.74
2025-04-30,1612,119153.47
2025-04-30,1613,192491.17
2025-04-30,1614,177888.92
2025-04-30,1615,224152.32
2025-04-30,1616,104926.31
2025-04-30,1617,97256.6
2025-04-30,1618,44011.88
2025-04-30,1619,71609.91
2025-04-30,1620,59606.2
2025-04-30,1621,55555.4
2025-04-30,1622,98938.89
2025-04-30,1623,263808.99
2025-04-30,1624,132247.79
2025-04-30,1625,70491.8
2025-04-30,1626,158754.97
2025-04-30,1627,159483.46
2025-04-30,1628,75452.1
2025-04-30,1629,36637.16
2025-04-30,1630,135594.46
2025-04-30,1631,109113.04
2025-04-30,1632,82190.83
2025-04-30,1633,132139.96
2025-04-30,1634,50760.03
2025-04-30,1635,239889.73
2025-04-30,1636,74932.57
2025-04-30,1637,111968.05
2025-04-30,1638,175903.1
2025-04-30,1639,55239.09
2025-04-30,1640,193983.41
2025-04-30,1641,151300.38
2025-04-30,1642,218801.46
2025-04-30,1643,71341.19
2025-04-30,1644,221661.65
2025-04-30,1645,76067.67
2025-04-30,1646,229090.96
2025-04-30,1647,249569.02
2025-04-30,1648,30161.24
2025-04-30,1649,66413.51
2025-04-30,1650,33564.19
2025-04-30,1651,272091.17
2025-04-30,1652,209931.36
2025-04-30,1653,55960.6
2025-04-30,1654,94270.41
2025-04-30,1655,36704.11
2025-04-30,1656,175538.13
2025-04-30,1657,294560.68
2025-04-30,1658,95660.52
2025-04-30,1659,160563.98
2025-04-30,1660,79715.56
2025-04-30,1661,121442.89
2025-04-30,1662,78440.92
2025-04-30,1663,32429.1
2025-04-30,1664,281207.91
2025-04-30,1665,299024.78
2025-04-30,1666,210992.08
2025-04-30,1667,64915.28
2025-04-30,1668,149813.09
2025-04-30,1669,118859.15
2025-04-30,1670,92801.58
2025-04-30,1671,32431.76
2025-04-30,1672,380824.99
2025-04-30,1673,58684.63
2025-04-30,1674,933084.6
2025-04-30,1675,555309.07
2025-04-30,1676,25315.87
2025-04-30,1677,142743.36
2025-04-30,1678,163831.95
2025-04-30,1679,34082.51
2025-04-30,1680,178212.86
2025-04-30,1681,165868.04
2025-04-30,1682,263831.87
2025-04-30,1683,120112.65
2025-04-30,1684,92385.98
2025-04-30,1685,112554.43
2025-04-30,1686,147181.04
2025-04-30,1687,46904.4
2025-04-30,1688,92916.03
2025-04-30,1689,70641.66
2025-04-30,1690,220560.41
2025-04-30,1691,106383.89
2025-04-30,1692,105251.31
2025-04-30,1693,541644.16
2025-04-30,1694,39426.0
2025-04-30,1695,94465.66
2025-04-30,1696,39691.45
2025-04-30,1697,272681.4
2025-04-30,1698,276430.73
2025-04-30,1699,91289.04
2025-04-30,1700,56821.96
2025-04-30,1701,86914.45
2025-04-30,1702,92223.52
2025-04-30,1703,133982.34
2025-04-30,1704,144704.24
2025-04-30,1705,99209.1
2025-04-30,1706,157603.44
2025-04-30,1707,171886.44
2025-04-30,1708,56120.85
2025-04-30,1709,152310.95
2025-04-30,1710,67236.24
2025-04-30,1711,146929.84
2025-04-30,1712,90287.25
2025-04-30,1713,111247.9
2025-04-30,1714,282032.72
2025-04-30,1715,144796.74
2025-04-30,1716,222334.01
2025-04-30,1717,212823.63
2025-04-30,1718,178964.78
2025-04-30,1719,85694.57
2025-04-30,1720,337770.16
2025-04-30,1721,214767.38
2025-04-30,1722,125773.79
2025-04-30,1723,137514.43
2025-04-30,1724,240256.97
2025-04-30,1725,125329.32
2025-04-30,1726,2846.34
2025-04-30,1727,70479.61
2025-04-30,1728,42162.7
2025-04-30,1729,175544.89
2025-04-30,1730,215976.04
2025-04-30,1731,302405.0
2025-04-30,1732,208353.85
2025-04-30,1733,43007.39
2025-04-30,1734,101624.76
2025-04-30,1735,33384.25
2025-04-30,1736,121519.44
2025-04-30,1737,335248.83
2025-04-30,1738,50323.56
2025-04-30,1739,166044.49
2025-04-30,1740,313306.35
2025-04-30,1741,294681.95
2025-04-30,1742,195441.42
2025-04-30,1743,41199.73
2025-04-30,1744,220428.29
2025-04-30,1745,39892.47
2025-04-30,1746,168732.64
2025-04-30,1747,34891.32
2025-04-30,1748,142357.69
2025-04-30,1749,48856.56
2025-04-30,1750,66935.74
2025-04-30,1751,82765.44
2025-04-30,1752,16872.76
2025-04-30,1753,39509.98
2025-04-30,1754,226658.87
2025-04-30,1755,155796.61
2025-04-30,1756,60954.86
2025-04-30,1757,31735.25
2025-04-30,1758,179712.34
2025-04-30,1759,126626.0
2025-04-30,1760,114805.62
2025-04-30,1761,238789.75
2025-04-30,1762,99847.79
2025-04-30,1763,33358.67
2025-04-30,1764,82214.0
2025-04-30,1765,51563.68
2025-04-30,1766,148481.41
2025-04-30,1767,178542.98
2025-04-30,1768,158156.05
2025-04-30,1769,68798.96
2025-04-30,1770,102538.66
2025-04-30,1771,57227.68
2025-04-30,1772,799769.13
2025-04-30,1773,198003.83
2025-04-30,1774,192367.49
2025-04-30,1775,35382.34
2025-04-30,1776,316876.34
2025-04-30,1777,92393.35
2025-04-30,1778,79675.02
2025-04-30,1779,44328.38
2025-04-30,1780,134336.88
2025-04-30,1781,200477.05
2025-04-30,1782,75769.32
2025-04-30,1783,72124.62
2025-04-30,1784,231618.04
2025-04-30,1785,361673.55
2025-04-30,1786,113819.71
2025-04-30,1787,39552.36
2025-04-30,1788,86934.53
2025-04-30,1789,266279.71
2025-04-30,1790,73434.14
2025-04-30,1791,258197.63
2025-04-30,1792,232916.17
2025-04-30,1793,182821.57
2025-04-30,1794,500134.48
2025-04-30,1795,97567.64
2025-04-30,1796,291980.13
2025-04-30,1797,388002.4
2025-04-30,1798,128029.31
2025-04-30,1799,170268.92
2025-04-30,1800,339413.84
2025-04-30,1801,100665.8
2025-04-30,1802,157450.48
2025-04-30,1803,73330.27
2025-04-30,1804,259550.71
2025-04-30,1805,95006.49
2025-04-30,1806,52047.62
2025-04-30,1807,304180.06
2025-04-30,1808,130374.31
2025-04-30,1809,76781.25
2025-04-30,1810,421195.96
2025-04-30,1811,31955.07
2025-04-30,1812,254803.79
2025-04-30,1813,110867.06
2025-04-30,1814,62030.12
2025-04-30,1815,81722.63
2025-04-30,1816,107465.01
2025-04-30,1817,97313.04
2025-04-30,1818,39801.19
2025-04-30,1819,123776.56
2025-04-30,1820,89029.18
2025-04-30,1821,184813.77
2025-04-30,1822,97917.39
2025-04-30,1823,60463.77
2025-04-30,1824,156175.28
2025-04-30,1825,278157.37
2025-04-30,1826,128750.42
2025-04-30,1827,73372.86
2025-04-30,1828,133593.77
2025-04-30,1829,159469.54
2025-04-30,1830,86662.45
2025-04-30,1831,201185.74
2025-04-30,1832,102792.12
2025-04-30,1833,160157.53
2025-04-30,1834,186190.15
2025-04-30,1835,139869.09
2025-04-30,1836,136771.39
2025-04-30,1837,305937.36
2025-04-30,1838,85112.36
2025-04-30,1839,134353.42
2025-04-30,1840,204172.99
2025-04-30,1841,77528.92
2025-04-30,1842,342236.78
2025-04-30,1843,140905.74
2025-04-30,1844,30480.97
2025-04-30,1845,299691.96
2025-04-30,1846,108781.6
2025-04-30,1847,85262.16
2025-04-30,1848,82632.25
2025-04-30,1849,10319.94
2025-04-30,1850,162743.98
2025-04-30,1851,190489.79
2025-04-30,1852,136556.51
2025-04-30,1853,156168.22
2025-04-30,1854,32140.74
2025-04-30,1855,87643.52
2025-04-30,1856,145743.74
2025-04-30,1857,128042.43
2025-04-30,1858,84006.95
2025-04-30,1859,162918.08
2025-04-30,1860,153106.36
2025-04-30,1861,442493.43
2025-04-30,1862,117350.64
2025-04-30,1863,70765.2
2025-04-30,1864,37625.0
2025-04-30,1865,55379.36
2025-04-30,1866,63438.59
2025-04-30,1867,153299.88
2025-04-30,1868,152228.35
2025-04-30,1869,57991.93
2025-04-30,1870,630015.98
2025-04-30,1871,150251.81
2025-04-30,1872,230241.96
2025-04-30,1873,86909.08
2025-04-30,1874,64943.95
2025-04-30,1875,50319.74
2025-04-30,1876,55312.06
2025-04-30,1877,229556.86
2025-04-30,1878,78672.38
2025-04-30,1879,83381.18
2025-04-30,1880,507297.28
2025-04-30,1881,55150.24
2025-04-30,1882,91898.75
2025-04-30,1883,165861.89
2025-04-30,1884,64997.43
2025-04-30,1885,156668.49
2025-04-30,1886,179550.19
2025-04-30,1887,127798.76
2025-04-30,1888,111662.86
2025-04-30,1889,62025.4
2025-04-30,1890,140230.8
2025-04-30,1891,61369.16
2025-04-30,1892,104102.62
2025-04-30,1893,157544.06
2025-04-30,1894,96875.4
2025-04-30,1895,47119.24
2025-04-30,1896,169633.07
2025-04-30,1897,65558.01
2025-04-30,1898,84576.28
2025-04-30,1899,90961.03
2025-04-30,1900,207341.56
2025-04-30,1901,150571.24
2025-04-30,1902,280670.68
2025-04-30,1903,79608.92
2025-04-30,1904,74830.07
2025-04-30,1905,81872.6
2025-04-30,1906,203362.09
2025-04-30,1907,408929.75
2025-04-30,1908,106639.94
2025-04-30,1909,182789.48
2025-04-30,1910,115642.01
2025-04-30,1911,90912.46
2025-04-30,1912,101653.2
2025-04-30,1913,179328.31
2025-04-30,1914,60175.6
2025-04-30,1915,100860.82
2025-04-30,1916,108308.26
2025-04-30,1917,420598.35
2025-04-30,1918,170929.39
2025-04-30,1919,136813.15
2025-04-30,1920,84965.03
2025-04-30,1921,249779.07
2025-04-30,1922,137399.12
2025-04-30,1923,155866.11
2025-04-30,1924,109140.8
2025-04-30,1925,241731.4
2025-04-30,1926,63024.1
2025-04-30,1927,305877.47
2025-04-30,1928,78653.57
2025-04-30,1929,115186.37
2025-04-30,1930,111943.42
2025-04-30,1931,267818.28
2025-04-30,1932,125834.86
2025-04-30,1933,128828.12
2025-04-30,1934,410842.56
2025-04-30,1935,125410.91
2025-04-30,1936,159194.43
2025-04-30,1937,297751.75
2025-04-30,1938,200143.96
2025-04-30,1939,149617.49
2025-04-30,1940,96236.82
2025-04-30,1941,148332.42
2025-04-30,1942,87829.88
2025-04-30,1943,337071.81
2025-04-30,1944,139479.63
2025-04-30,1945,218334.32
2025-04-30,1946,204312.18
2025-04-30,1947,212793.33
2025-04-30,1948,119633.73
2025-04-30,1949,160992.03
2025-04-30,1950,1263308.18
2025-04-30,1951,167076.15
2025-04-30,1952,174903.0
2025-04-30,1953,248823.41
2025-04-30,1954,290406.3
2025-04-30,1955,83495.11
2025-04-30,1956,252764.15
2025-04-30,1957,121346.85
2025-04-30,1958,94217.03
2025-04-30,1959,25051.62
2025-04-30,1960,176320.39
2025-04-30,1961,303188.16
2025-04-30,1962,44881.67
2025-04-30,1963,160949.26
2025-04-30,1964,258092.95
2025-04-30,1965,32700.36
2025-04-30,1966,236580.41
2025-04-30,1967,55401.12
2025-04-30,1968,97887.62
2025-04-30,1969,190524.41
2025-04-30,1970,95613.17
2025-04-30,1971,49194.7
2025-04-30,1972,61291.43
2025-04-30,1973,167078.4
2025-04-30,1974,419121.67
2025-04-30,1975,214828.86
2025-04-30,1976,123423.11
2025-04-30,1977,71417.6
2025-04-30,1978,156107.79
2025-04-30,1979,72576.48
2025-04-30,1980,144921.41
2025-04-30,1981,53693.86
2025-04-30,1982,111211.28
2025-04-30,1983,100277.36
2025-04-30,1984,132496.51
2025-04-30,1985,128942.29
2025-04-30,1986,235276.47
2025-04-30,1987,193100.55
2025-04-30,1988,438399.72
2025-04-30,1989,44057.92
2025-04-30,1990,73935.68
2025-04-30,1991,118761.44
2025-04-30,1992,41348.16
2025-04-30,1993,285305.59
2025-04-30,1994,95240.92
2025-04-30,1995,33632.15
2025-04-30,1996,156338.05
2025-04-30,1997,258405.87
2025-04-30,1998,260687.06
2025-04-30,1999,15466.79
2025-04-30,2000,81467.8
2025-04-30,2001,191144.8
2025-04-30,2002,230435.88
2025-04-30,2003,239438.59
2025-04-30,2004,72449.22
2025-04-30,2005,250756.38
2025-04-30,2006,71861.69
2025-04-30,2007,109934.55
2025-04-30,2008,174370.51
2025-04-30,2009,104581.78
2025-04-30,2010,42792.58
2025-04-30,2011,177344.25
2025-04-30,2012,373927.46
2025-04-30,2013,194766.69
2025-04-30,2014,298592.44
2025-04-30,2015,174057.31
2025-04-30,2016,22909.63
2025-04-30,2017,195288.03
2025-04-30,2018,47806.61
2025-04-30,2019,29777.49
2025-04-30,2020,80373.95
2025-04-30,2021,157718.0
2025-04-30,2022,131975.42
2025-04-30,2023,125020.1
2025-04-30,2024,368433.32
2025-04-30,2025,106331.79
2025-04-30,2026,142347.22
2025-04-30,2027,195072.44
2025-04-30,2028,15319.74
2025-04-30,2029,63636.16
2025-04-30,2030,41153.81
2025-04-30,2031,271253.28
2025-04-30,2032,50470.62
2025-04-30,2033,82888.61
2025-04-30,2034,79596.47
2025-04-30,2035,283245.21
2025-04-30,2036,158591.34
2025-04-30,2037,67713.51
2025-04-30,2038,82670.54
2025-04-30,2039,175286.72
2025-04-30,2040,563487.7
2025-04-30,2041,7342.71
2025-04-30,2042,186069.33
2025-04-30,2043,225630.96
2025-04-30,2044,25283.85
2025-04-30,2045,163494.89
2025-04-30,2046,115793.3
2025-04-30,2047,215260.27
2025-04-30,2048,202782.29
2025-04-30,2049,118264.16
2025-04-30,2050,46197.16
2025-04-30,2051,60641.51
2025-04-30,2052,79848.61
2025-04-30,2053,149753.11
2025-04-30,2054,236543.65
2025-04-30,2055,157827.99
2025-04-30,2056,15517.62
2025-04-30,2057,88593.23
2025-04-30,2058,22115.71
2025-04-30,2059,208732.97
2025-04-30,2060,233899.92
2025-04-30,2061,101810.16
2025-04-30,2062,150357.91
2025-04-30,2063,144550.82
2025-04-30,2064,322280.49
2025-04-30,2065,209221.7
2025-04-30,2066,101625.71
2025-04-30,2067,21904.39
2025-04-30,2068,72440.43
2025-04-30,2069,130959.34
2025-04-30,2070,118179.32
2025-04-30,2071,103602.4
2025-04-30,2072,161024.66
2025-04-30,2073,132667.15
2025-04-30,2074,312705.4
2025-04-30,2075,93074.71
2025-04-30,2076,78856.89
2025-04-30,2077,192902.35
2025-04-30,2078,282196.12
2025-04-30,2079,109214.36
2025-04-30,2080,29414.48
2025-04-30,2081,73511.73
2025-04-30,2082,170826.13
2025-04-30,2083,39909.38
2025-04-30,2084,118785.86
2025-04-30,2085,62761.94
2025-04-30,2086,141027.43
2025-04-30,2087,280761.85
2025-04-30,2088,24232.59
2025-04-30,2089,303870.55
2025-04-30,2090,88379.18
2025-04-30,2091,342401.84
2025-04-30,2092,322041.15
2025-04-30,2093,165661.69
2025-04-30,2094,99751.31
2025-04-30,2095,196185.4
2025-04-30,2096,297616.62
2025-04-30,2097,113433.07
2025-04-30,2098,86003.05
2025-04-30,2099,151659.1
2025-04-30,2100,108564.32
2025-04-30,2101,214858.41
2025-04-30,2102,110497.66
2025-04-30,2103,30577.74
2025-04-30,2104,189081.5
2025-04-30,2105,51209.4
2025-04-30,2106,758656.44
2025-04-30,2107,100938.45
2025-04-30,2108,117083.93
2025-04-30,2109,177131.77
2025-04-30,2110,37835.04
2025-04-30,2111,155806.29
2025-04-30,2112,68795.58
2025-04-30,2113,442269.99
2025-04-30,2114,257869.01
2025-04-30,2115,22650.52
2025-04-30,2116,126095.04
2025-04-30,2117,98087.98
2025-04-30,2118,163492.33
2025-04-30,2119,104948.31
2025-04-30,2120,87553.87
2025-04-30,2121,89920.5
2025-04-30,2122,173051.51
2025-04-30,2123,100079.42
2025-04-30,2124,100113.27
2025-04-30,2125,58898.43
2025-04-30,2126,34433.15
2025-04-30,2127,102735.76
2025-04-30,2128,43762.59
2025-04-30,2129,266637.92
2025-04-30,2130,131973.21
2025-04-30,2131,220091.65
2025-04-30,2132,73256.23
2025-04-30,2133,129209.89
2025-04-30,2134,358193.33
2025-04-30,2135,63643.09
2025-04-30,2136,78453.65
2025-04-30,2137,340169.78
2025-04-30,2138,242156.71
2025-04-30,2139,381127.35
2025-04-30,2140,67510.97
2025-04-30,2141,119416.65
2025-04-30,2142,196551.5
2025-04-30,2143,103193.4
2025-04-30,2144,154681.97
2025-04-30,2145,197937.7
2025-04-30,2146,64134.36
2025-04-30,2147,172045.95
2025-04-30,2148,48011.03
2025-04-30,2149,145432.61
2025-04-30,2150,270198.51
2025-04-30,2151,141515.33
2025-04-30,2152,141557.36
2025-04-30,2153,289774.51
2025-04-30,2154,237739.96
2025-04-30,2155,146721.81
2025-04-30,2156,428813.2
2025-04-30,2157,47163.51
2025-04-30,2158,165744.96
2025-04-30,2159,86771.27
2025-04-30,2160,59032.64
2025-04-30,2161,81576.85
2025-04-30,2162,104702.33
2025-04-30,2163,108129.18
2025-04-30,2164,231843.2
2025-04-30,2165,322537.34
2025-04-30,2166,163771.13
2025-04-30,2167,68364.98
2025-04-30,2168,66205.8
2025-04-30,2169,239246.05
2025-04-30,2170,45667.41
2025-04-30,2171,119646.68
2025-04-30,2172,142484.89
2025-04-30,2173,456981.94
2025-04-30,2174,85200.15
2025-04-30,2175,103925.99
2025-04-30,2176,168543.83
2025-04-30,2177,74942.95
2025-04-30,2178,130599.44
2025-04-30,2179,118232.41
2025-04-30,2180,331205.96
2025-04-30,2181,277878.17
2025-04-30,2182,109089.07
2025-04-30,2183,128004.46
2025-04-30,2184,29211.9
2025-04-30,2185,145259.01
2025-04-30,2186,204129.93
2025-04-30,2187,56482.33
2025-04-30,2188,309161.76
2025-04-30,2189,73773.81
2025-04-30,2190,131661.93
2025-04-30,2191,387319.56
2025-04-30,2192,213010.95
2025-04-30,2193,234200.64
2025-04-30,2194,95419.19
2025-04-30,2195,127959.95
2025-04-30,2196,115575.41
2025-04-30,2197,46415.44
2025-04-30,2198,95935.28
2025-04-30,2199,171788.67
2025-04-30,2200,72199.65
2025-04-30,2201,144273.84
2025-04-30,2202,95739.21
2025-04-30,2203,50840.04
2025-04-30,2204,248054.84
2025-04-30,2205,128396.12
2025-04-30,2206,67256.72
2025-04-30,2207,260144.83
2025-04-30,2208,334256.49
2025-04-30,2209,382622.59
2025-04-30,2210,287807.07
2025-04-30,2211,174334.75
2025-04-30,2212,29175.35
2025-04-30,2213,52514.43
2025-04-30,2214,314811.63
2025-04-30,2215,268493.63
2025-04-30,2216,187822.83
2025-04-30,2217,138542.21
2025-04-30,2218,73394.11
2025-04-30,2219,75802.33
2025-04-30,2220,151044.42
2025-04-30,2221,127170.9
2025-04-30,2222,123701.59
2025-04-30,2223,394536.99
2025-04-30,2224,217612.03
2025-04-30,2225,114824.05
2025-04-30,2226,52564.43
2025-04-30,2227,252120.85
2025-04-30,2228,207902.91
2025-04-30,2229,359606.94
2025-04-30,2230,213318.4
2025-04-30,2231,431059.89
2025-04-30,2232,197267.84
2025-04-30,2233,195660.0
2025-04-30,2234,51819.63
2025-04-30,2235,81045.56
2025-04-30,2236,52699.6
2025-04-30,2237,108667.71
2025-04-30,2238,250112.54
2025-04-30,2239,128591.65
2025-04-30,2240,145008.27
2025-04-30,2241,154557.81
2025-04-30,2242,139088.67
2025-04-30,2243,509331.95
2025-04-30,2244,365774.18
2025-04-30,2245,304202.04
2025-04-30,2246,270328.91
2025-04-30,2247,121270.18
2025-04-30,2248,105005.47
2025-04-30,2249,47708.3
2025-04-30,2250,60062.1
2025-04-30,2251,85572.02
2025-04-30,2252,129955.66
2025-04-30,2253,230661.95
2025-04-30,2254,89841.04
2025-04-30,2255,190783.54
2025-04-30,2256,86822.96
2025-04-30,2257,122256.15
2025-04-30,2258,226967.12
2025-04-30,2259,98901.82
2025-04-30,2260,148394.46
2025-04-30,2261,304176.59
2025-04-30,2262,36928.01
2025-04-30,2263,409323.11
2025-04-30,2264,146649.27
2025-04-30,2265,37183.48
2025-04-30,2266,208977.01
2025-04-30,2267,92232.56
2025-04-30,2268,175704.63
2025-04-30,2269,69689.15
2025-04-30,2270,244578.93
2025-04-30,2271,239244.28
2025-04-30,2272,36618.56
2025-04-30,2273,219333.2
2025-04-30,2274,138931.08
2025-04-30,2275,90937.1
2025-04-30,2276,358361.34
2025-04-30,2277,176919.92
2025-04-30,2278,200376.39
2025-04-30,2279,162921.8
2025-04-30,2280,295784.96
2025-04-30,2281,116808.11
2025-04-30,2282,75873.47
2025-04-30,2283,179422.37
2025-04-30,2284,38244.84
2025-04-30,2285,85477.75
2025-04-30,2286,74830.25
2025-04-30,2287,76194.78
2025-04-30,2288,99694.48
2025-04-30,2289,112687.38
2025-04-30,2290,304845.6
2025-04-30,2291,115224.35
2025-04-30,2292,54608.77
2025-04-30,2293,170547.09
2025-04-30,2294,310603.43
2025-04-30,2295,157855.78
2025-04-30,2296,93668.66
2025-04-30,2297,24464.23
2025-04-30,2298,99293.87
2025-04-30,2299,143419.38
2025-04-30,2300,111207.51
2025-04-30,2301,169600.72
2025-04-30,2302,82024.05
2025-04-30,2303,468029.05
2025-04-30,2304,120724.03
2025-04-30,2305,116695.81
2025-04-30,2306,153660.08
2025-04-30,2307,291195.88
2025-04-30,2308,135320.52
2025-04-30,2309,301613.81
2025-04-30,2310,76562.33
2025-04-30,2311,110135.78
2025-04-30,2312,119683.48
2025-04-30,2313,131319.91
2025-04-30,2314,83523.31
2025-04-30,2315,57720.59
2025-04-30,2316,91495.26
2025-04-30,2317,223518.03
2025-04-30,2318,32465.8
2025-04-30,2319,311100.84
2025-04-30,2320,149960.45
2025-04-30,2321,129101.82
2025-04-30,2322,83082.89
2025-04-30,2323,196328.87
2025-04-30,2324,273543.53
2025-04-30,2325,185397.37
2025-04-30,2326,144127.38
2025-04-30,2327,214249.86
2025-04-30,2328,94840.86
2025-04-30,2329,91285.08
2025-04-30,2330,206604.6
2025-04-30,2331,78584.79
2025-04-30,2332,313317.67
2025-04-30,2333,117174.37
2025-04-30,2334,131954.77
2025-04-30,2335,203991.88
2025-04-30,2336,108390.63
2025-04-30,2337,59632.96
2025-04-30,2338,217508.41
2025-04-30,2339,62959.93
2025-04-30,2340,343802.34
2025-04-30,2341,56857.04
2025-04-30,2342,52441.22
2025-04-30,2343,157863.96
2025-04-30,2344,150851.38
2025-04-30,2345,291862.05
2025-04-30,2346,165172.48
2025-04-30,2347,122876.07
2025-04-30,2348,88152.51
2025-04-30,2349,70512.79
2025-04-30,2350,169158.77
2025-04-30,2351,27071.57
2025-04-30,2352,180410.73
2025-04-30,2353,80309.83
2025-04-30,2354,175995.38
2025-04-30,2355,358168.74
2025-04-30,2356,126074.58
2025-04-30,2357,96991.81
2025-04-30,2358,97914.1
2025-04-30,2359,140147.82
2025-04-30,2360,169709.09
2025-04-30,2361,34354.49
2025-04-30,2362,57335.06
2025-04-30,2363,257652.31
2025-04-30,2364,217443.77
2025-04-30,2365,266051.83
2025-04-30,2366,64037.37
2025-04-30,2367,12536.63
2025-04-30,2368,49674.92
2025-04-30,2369,371772.73
2025-04-30,2370,146540.21
2025-04-30,2371,797446.73
2025-04-30,2372,133096.12
2025-04-30,2373,105301.12
2025-04-30,2374,253432.44
2025-04-30,2375,88271.59
2025-04-30,2376,166716.66
2025-04-30,2377,143310.01
2025-04-30,2378,323383.74
2025-04-30,2379,120222.81
2025-04-30,2380,193152.15
2025-04-30,2381,241038.17
2025-04-30,2382,429629.36
2025-04-30,2383,52499.57
2025-04-30,2384,31634.0
2025-04-30,2385,44476.96
2025-04-30,2386,169585.07
2025-04-30,2387,61749.23
2025-04-30,2388,93504.44
2025-04-30,2389,126981.99
2025-04-30,2390,61063.7
2025-04-30,2391,354438.07
2025-04-30,2392,233759.04
2025-04-30,2393,194950.58
2025-04-30,2394,195279.47
2025-04-30,2395,87902.24
2025-04-30,2396,610409.46
2025-04-30,2397,37418.85
2025-04-30,2398,28749.7
2025-04-30,2399,303943.34
2025-04-30,2400,238008.49
2025-04-30,2401,100668.07
2025-04-30,2402,90133.24
2025-04-30,2403,38050.23
2025-04-30,2404,86611.75
2025-04-30,2405,130417.49
2025-04-30,2406,163890.77
2025-04-30,2407,191490.68
2025-04-30,2408,174166.43
2025-04-30,2409,83305.74
2025-04-30,2410,362269.35
2025-04-30,2411,395613.31
2025-04-30,2412,87225.35
2025-04-30,2413,62546.14
2025-04-30,2414,154954.53
2025-04-30,2415,295571.53
2025-04-30,2416,211627.79
2025-04-30,2417,147203.54
2025-04-30,2418,84162.9
2025-04-30,2419,98513.31
2025-04-30,2420,78712.82
2025-04-30,2421,112036.42
2025-04-30,2422,50621.91
2025-04-30,2423,162507.74
2025-04-30,2424,194925.53
2025-04-30,2425,198827.7
2025-04-30,2426,60263.37
2025-04-30,2427,171134.64
2025-04-30,2428,83292.58
2025-04-30,2429,234762.15
2025-04-30,2430,70465.47
2025-04-30,2431,269455.36
2025-04-30,2432,358741.3
2025-04-30,2433,544255.81
2025-04-30,2434,65792.24
2025-04-30,2435,159069.41
2025-04-30,2436,144070.72
2025-04-30,2437,102626.3
2025-04-30,2438,134232.69
2025-04-30,2439,158502.73
2025-04-30,2440,48366.63
2025-04-30,2441,153448.54
2025-04-30,2442,143975.38
2025-04-30,2443,70616.04
2025-04-30,2444,82709.73
2025-04-30,2445,133149.54
2025-04-30,2446,165056.42
2025-04-30,2447,63926.86
2025-04-30,2448,192617.94
2025-04-30,2449,36763.21
2025-04-30,2450,251989.19
2025-04-30,2451,104535.55
2025-04-30,2452,243310.38
2025-04-30,2453,497406.36
2025-04-30,2454,119628.45
2025-04-30,2455,125160.22
2025-04-30,2456,57287.19
2025-04-30,2457,70854.1
2025-04-30,2458,323397.8
2025-04-30,2459,213827.67
2025-04-30,2460,84075.46
2025-04-30,2461,133170.65
2025-04-30,2462,64910.99
2025-04-30,2463,110795.16
2025-04-30,2464,121005.7
2025-04-30,2465,106199.19
2025-04-30,2466,809217.69
2025-04-30,2467,60478.57
2025-04-30,2468,492495.16
2025-04-30,2469,208976.05
2025-04-30,2470,281289.04
2025-04-30,2471,243728.26
2025-04-30,2472,160885.82
2025-04-30,2473,93227.35
2025-04-30,2474,90594.36
2025-04-30,2475,157194.16
2025-04-30,2476,137105.0
2025-04-30,2477,131080.97
2025-04-30,2478,124976.33
2025-04-30,2479,169168.51
2025-04-30,2480,263709.56
2025-04-30,2481,32065.44
2025-04-30,2482,104742.78
2025-04-30,2483,49202.44
2025-04-30,2484,118998.26
2025-04-30,2485,68609.07
2025-04-30,2486,178935.47
2025-04-30,2487,72756.67
2025-04-30,2488,132318.65
2025-04-30,2489,209415.38
2025-04-30,2490,269901.22
2025-04-30,2491,128987.75
2025-04-30,2492,152840.19
2025-04-30,2493,124240.08
2025-04-30,2494,64250.36
2025-04-30,2495,206058.36
2025-04-30,2496,159607.0
2025-04-30,2497,153029.07
2025-04-30,2498,150961.54
2025-04-30,2499,383409.35
2025-04-30,2500,129715.21
2025-04-30,2501,105087.25
2025-04-30,2502,181828.31
2025-04-30,2503,51617.93
2025-04-30,2504,134007.88
2025-04-30,2505,105961.97
2025-04-30,2506,102121.66
2025-04-30,2507,21571.11
2025-04-30,2508,167362.63
2025-04-30,2509,237097.83
2025-04-30,2510,15982.41
2025-04-30,2511,80810.99
2025-04-30,2512,110354.5
2025-04-30,2513,110327.84
2025-04-30,2514,65596.32
2025-04-30,2515,28405.93
2025-04-30,2516,189237.36
2025-04-30,2517,42946.08
2025-04-30,2518,80845.59
2025-04-30,2519,185402.04
2025-04-30,2520,75788.22
2025-04-30,2521,319873.23
2025-04-30,2522,55368.41
2025-04-30,2523,54279.33
2025-04-30,2524,126719.86
2025-04-30,2525,203334.01
2025-04-30,2526,39094.56
2025-04-30,2527,14809.05
2025-04-30,2528,5727.77
2025-04-30,2529,50923.57
2025-04-30,2530,77244.07
2025-04-30,2531,98055.7
2025-04-30,2532,97411.45
2025-04-30,2533,465365.35
2025-04-30,2534,90336.93
2025-04-30,2535,69007.55
2025-04-30,2536,223290.06
2025-04-30,2537,18881.04
2025-04-30,2538,86414.98
2025-04-30,2539,202554.65
2025-04-30,2540,452450.61
2025-04-30,2541,102772.6
2025-04-30,2542,216649.39
2025-04-30,2543,85429.77
2025-04-30,2544,154262.45
2025-04-30,2545,154099.99
2025-04-30,2546,120368.98
2025-04-30,2547,137552.73
2025-04-30,2548,45565.85
2025-04-30,2549,201505.66
2025-04-30,2550,507600.7
2025-04-30,2551,176457.08
2025-04-30,2552,70435.13
2025-04-30,2553,73455.14
2025-04-30,2554,67436.17
2025-04-30,2555,292082.1
2025-04-30,2556,215293.29
2025-04-30,2557,249390.46
2025-04-30,2558,96524.94
2025-04-30,2559,126929.08
2025-04-30,2560,171312.21
2025-04-30,2561,59824.11
2025-04-30,2562,34145.88
2025-04-30,2563,290610.4
2025-04-30,2564,424724.87
2025-04-30,2565,55382.63
2025-04-30,2566,203564.79
2025-04-30,2567,71454.18
2025-04-30,2568,138081.59
2025-04-30,2569,51831.02
2025-04-30,2570,122937.5
2025-04-30,2571,169122.5
2025-04-30,2572,135095.98
2025-04-30,2573,90259.51
2025-04-30,2574,182916.25
2025-04-30,2575,57688.46
2025-04-30,2576,172714.32
2025-04-30,2577,51921.19
2025-04-30,2578,35289.38
2025-04-30,2579,21412.06
2025-04-30,2580,92331.07
2025-04-30,2581,129788.72
2025-04-30,2582,83079.83
2025-04-30,2583,92544.95
2025-04-30,2584,138315.36
2025-04-30,2585,267021.54
2025-04-30,2586,36836.06
2025-04-30,2587,58493.17
2025-04-30,2588,178107.8
2025-04-30,2589,437416.89
2025-04-30,2590,113958.62
2025-04-30,2591,47800.19
2025-04-30,2592,183478.97
2025-04-30,2593,115542.17
2025-04-30,2594,135736.92
2025-04-30,2595,104691.67
2025-04-30,2596,166051.67
2025-04-30,2597,185279.52
2025-04-30,2598,1109555.67
2025-04-30,2599,50271.28
2025-04-30,2600,164493.0
2025-04-30,2601,189723.83
2025-04-30,2602,145755.21
2025-04-30,2603,124300.78
2025-04-30,2604,90785.29
2025-04-30,2605,163750.15
2025-04-30,2606,72089.16
2025-04-30,2607,40654.86
2025-04-30,2608,100872.39
2025-04-30,2609,120246.04
2025-04-30,2610,100075.0
2025-04-30,2611,202890.41
2025-04-30,2612,73325.85
2025-04-30,2613,76292.72
2025-04-30,2614,234485.73
2025-04-30,2615,408673.59
2025-04-30,2616,75896.23
2025-04-30,2617,172719.24
2025-04-30,2618,174641.33
2025-04-30,2619,69301.61
2025-04-30,2620,70536.05
2025-04-30,2621,167433.77
2025-04-30,2622,80191.98
2025-04-30,2623,211670.26
2025-04-30,2624,386449.79
2025-04-30,2625,80188.34
2025-04-30,2626,66024.66
2025-04-30,2627,282800.17
2025-04-30,2628,247650.84
2025-04-30,2629,92517.82
2025-04-30,2630,222550.99
2025-04-30,2631,72613.22
2025-04-30,2632,58585.27
2025-04-30,2633,464516.73
2025-04-30,2634,144318.52
2025-04-30,2635,140508.78
2025-04-30,2636,402505.38
2025-04-30,2637,102927.04
2025-04-30,2638,172174.15
2025-04-30,2639,217254.25
2025-04-30,2640,96114.14
2025-04-30,2641,103077.67
2025-04-30,2642,170627.24
2025-04-30,2643,68812.93
2025-04-30,2644,73382.75
2025-04-30,2645,64427.23
2025-04-30,2646,168244.3
2025-04-30,2647,269765.8
2025-04-30,2648,147156.45
2025-04-30,2649,165732.69
2025-04-30,2650,147539.62
2025-04-30,2651,128279.81
2025-04-30,2652,311426.2
2025-04-30,2653,71007.28
2025-04-30,2654,162341.45
2025-04-30,2655,68988.18
2025-04-30,2656,97809.37
2025-04-30,2657,23713.34
2025-04-30,2658,113695.06
2025-04-30,2659,122547.37
2025-04-30,2660,179544.16
2025-04-30,2661,202496.86
2025-04-30,2662,67709.8
2025-04-30,2663,77376.13
2025-04-30,2664,87869.21
2025-04-30,2665,127305.01
2025-04-30,2666,104721.7
2025-04-30,2667,188235.71
2025-04-30,2668,47407.52
2025-04-30,2669,121931.68
2025-04-30,2670,297232.99
2025-04-30,2671,43207.3
2025-04-30,2672,79415.51
2025-04-30,2673,194428.25
2025-04-30,2674,263993.26
2025-04-30,2675,102692.36
2025-04-30,2676,108590.25
2025-04-30,2677,281985.7
2025-04-30,2678,171752.9
2025-04-30,2679,290118.41
2025-04-30,2680,72049.84
2025-04-30,2681,77053.58
2025-04-30,2682,119798.96
2025-04-30,2683,186311.09
2025-04-30,2684,330793.88
2025-04-30,2685,133832.03
2025-04-30,2686,198969.22
2025-04-30,2687,310630.57
2025-04-30,2688,148957.62
2025-04-30,2689,114911.62
2025-04-30,2690,98007.89
2025-04-30,2691,80670.64
2025-04-30,2692,293626.68
2025-04-30,2693,258033.25
2025-04-30,2694,60645.56
2025-04-30,2695,165784.33
2025-04-30,2696,153052.84
2025-04-30,2697,140056.86
2025-04-30,2698,232972.54
2025-04-30,2699,189007.04
2025-04-30,2700,99320.26
2025-04-30,2701,61975.27
2025-04-30,2702,123613.07
2025-04-30,2703,469655.49
2025-04-30,2704,145728.22
2025-04-30,2705,102339.79
2025-04-30,2706,70614.32
2025-04-30,2707,224246.4
2025-04-30,2708,487722.93
2025-04-30,2709,41559.29
2025-04-30,2710,91781.28
2025-04-30,2711,496752.61
2025-04-30,2712,193027.22
2025-04-30,2713,81508.05
2025-04-30,2714,107771.2
2025-04-30,2715,637409.82
2025-04-30,2716,161036.44
2025-04-30,2717,102846.61
2025-04-30,2718,61564.57
2025-04-30,2719,130978.18
2025-04-30,2720,89212.98
2025-04-30,2721,429658.5
2025-04-30,2722,489804.58
2025-04-30,2723,260214.39
2025-04-30,2724,195413.66
2025-04-30,2725,22796.19
2025-04-30,2726,57899.82
2025-04-30,2727,59603.24
2025-04-30,2728,210895.87
2025-04-30,2729,353979.31
2025-04-30,2730,284448.93
2025-04-30,2731,163091.1
2025-04-30,2732,153300.04
2025-04-30,2733,320294.84
2025-04-30,2734,155581.98
2025-04-30,2735,176566.66
2025-04-30,2736,246227.64
2025-04-30,2737,337952.01
2025-04-30,2738,17074.66
2025-04-30,2739,528365.37
2025-04-30,2740,306636.85
2025-04-30,2741,264821.86
2025-04-30,2742,66818.84
2025-04-30,2743,155632.23
2025-04-30,2744,86687.59
2025-04-30,2745,122828.53
2025-04-30,2746,110545.97
2025-04-30,2747,82098.64
2025-04-30,2748,191254.79
2025-04-30,2749,556659.65
2025-04-30,2750,198994.23
2025-04-30,2751,255860.52
2025-04-30,2752,106579.22
2025-04-30,2753,320844.89
2025-04-30,2754,150771.7
2025-04-30,2755,148340.53
2025-04-30,2756,316318.11
2025-04-30,2757,161449.28
2025-04-30,2758,88444.8
2025-04-30,2759,42430.89
2025-04-30,2760,8714.4
2025-04-30,2761,301203.17
2025-04-30,2762,194883.7
2025-04-30,2763,98293.16
2025-04-30,2764,238025.07
2025-04-30,2765,105496.62
2025-04-30,2766,153867.79
2025-04-30,2767,118791.6
2025-04-30,2768,121129.42
2025-04-30,2769,142547.4
2025-04-30,2770,639818.79
2025-04-30,2771,52929.12
2025-04-30,2772,125554.84
2025-04-30,2773,323319.55
2025-04-30,2774,46681.4
2025-04-30,2775,164186.44
2025-04-30,2776,131353.77
2025-04-30,2777,38036.55
2025-04-30,2778,98228.43
2025-04-30,2779,259626.82
2025-04-30,2780,85726.37
2025-04-30,2781,216321.9
2025-04-30,2782,83068.21
2025-04-30,2783,260832.77
2025-04-30,2784,104683.94
2025-04-30,2785,60230.21
2025-04-30,2786,122921.78
2025-04-30,2787,165487.35
2025-04-30,2788,127038.07
2025-04-30,2789,83932.26
2025-04-30,2790,135741.11
2025-04-30,2791,220541.76
2025-04-30,2792,114750.78
2025-04-30,2793,258421.32
2025-04-30,2794,310233.14
2025-04-30,2795,114784.63
2025-04-30,2796,98907.63
2025-04-30,2797,146270.07
2025-04-30,2798,122678.4
2025-04-30,2799,511733.9
2025-04-30,2800,288785.85
2025-04-30,2801,226100.29
2025-04-30,2802,104135.39
2025-04-30,2803,111711.34
2025-04-30,2804,37139.67
2025-04-30,2805,69119.92
2025-04-30,2806,83490.97
2025-04-30,2807,83404.19
2025-04-30,2808,240341.4
2025-04-30,2809,978822.57
2025-04-30,2810,143856.36
2025-04-30,2811,70616.81
2025-04-30,2812,156160.26
2025-04-30,2813,121590.46
2025-04-30,2814,39457.92
2025-04-30,2815,129440.01
2025-04-30,2816,126850.5
2025-04-30,2817,303422.77
2025-04-30,2818,96543.28
2025-04-30,2819,110343.7
2025-04-30,2820,60637.54
2025-04-30,2821,67441.48
2025-04-30,2822,177207.69
2025-04-30,2823,37944.71
2025-04-30,2824,76725.29
2025-04-30,2825,169292.83
2025-04-30,2826,181308.79
2025-04-30,2827,42937.69
2025-04-30,2828,182370.58
2025-04-30,2829,87645.67
2025-04-30,2830,134046.17
2025-04-30,2831,344590.82
2025-04-30,2832,370848.86
2025-04-30,2833,166102.53
2025-04-30,2834,706324.53
2025-04-30,2835,276638.08
2025-04-30,2836,350574.69
2025-04-30,2837,37950.25
2025-04-30,2838,97964.45
2025-04-30,2839,138653.16
2025-04-30,2840,112817.0
2025-04-30,2841,131040.24
2025-04-30,2842,21458.93
2025-04-30,2843,158976.35
2025-04-30,2844,352443.55
2025-04-30,2845,299132.15
2025-04-30,2846,281808.02
2025-04-30,2847,152753.4
2025-04-30,2848,185704.31
2025-04-30,2849,26852.05
2025-04-30,2850,161095.53
2025-04-30,2851,479629.27
2025-04-30,2852,59581.74
2025-04-30,2853,91826.15
2025-04-30,2854,433651.35
2025-04-30,2855,269546.85
2025-04-30,2856,208441.55
2025-04-30,2857,179426.04
2025-04-30,2858,307905.07
2025-04-30,2859,105174.83
2025-04-30,2860,91846.19
2025-04-30,2861,66276.17
2025-04-30,2862,182813.32
2025-04-30,2863,98560.63
2025-04-30,2864,74240.43
2025-04-30,2865,78155.23
2025-04-30,2866,65649.77
2025-04-30,2867,68802.48
2025-04-30,2868,159115.59
2025-04-30,2869,123132.18
2025-04-30,2870,231667.9
2025-04-30,2871,177266.72
2025-04-30,2872,171448.2
2025-04-30,2873,344455.52
2025-04-30,2874,163497.6
2025-04-30,2875,105355.31
2025-04-30,2876,55884.81
2025-04-30,2877,77827.02
2025-04-30,2878,147763.4
2025-04-30,2879,113318.9
2025-04-30,2880,110538.74
2025-04-30,2881,89562.72
2025-04-30,2882,75502.18
2025-04-30,2883,81020.33
2025-04-30,2884,105673.19
2025-04-30,2885,108763.34
2025-04-30,2886,448201.77
2025-04-30,2887,33022.92
2025-04-30,2888,147776.19
2025-04-30,2889,154540.66
2025-04-30,2890,55138.82
2025-04-30,2891,44442.32
2025-04-30,2892,120694.6
2025-04-30,2893,129581.83
2025-04-30,2894,156900.89
2025-04-30,2895,85294.1
2025-04-30,2896,87586.72
2025-04-30,2897,29269.75
2025-04-30,2898,102412.52
2025-04-30,2899,89657.37
2025-04-30,2900,154176.23
2025-04-30,2901,299769.06
2025-04-30,2902,60528.98
2025-04-30,2903,164856.13
2025-04-30,2904,105976.99
2025-04-30,2905,106227.45
2025-04-30,2906,65828.95
2025-04-30,2907,188455.19
2025-04-30,2908,81635.13
2025-04-30,2909,70940.83
2025-04-30,2910,175899.12
2025-04-30,2911,209875.24
2025-04-30,2912,150731.15
2025-04-30,2913,112641.95
2025-04-30,2914,37060.2
2025-04-30,2915,37009.77
2025-04-30,2916,119717.26
2025-04-30,2917,59918.28
2025-04-30,2918,265354.56
2025-04-30,2919,121967.84
2025-04-30,2920,101632.85
2025-04-30,2921,262677.07
2025-04-30,2922,96519.18
2025-04-30,2923,86072.35
2025-04-30,2924,75027.1
2025-04-30,2925,323029.4
2025-04-30,2926,213964.38
2025-04-30,2927,93485.5
2025-04-30,2928,88719.44
2025-04-30,2929,130656.75
2025-04-30,2930,94751.07
2025-04-30,2931,28561.99
2025-04-30,2932,121943.24
2025-04-30,2933,67339.32
2025-04-30,2934,81118.77
2025-04-30,2935,35257.04
2025-04-30,2936,71086.7
2025-04-30,2937,34065.61
2025-04-30,2938,172522.79
2025-04-30,2939,167318.57
2025-04-30,2940,284533.94
2025-04-30,2941,492821.71
2025-04-30,2942,119806.17
2025-04-30,2943,158178.25
2025-04-30,2944,240386.49
2025-04-30,2945,259236.41
2025-04-30,2946,322018.61
2025-04-30,2947,106324.29
2025-04-30,2948,113280.99
2025-04-30,2949,80513.31
2025-04-30,2950,168330.83
2025-04-30,2951,640896.14
2025-04-30,2952,95186.72
2025-04-30,2953,87771.47
2025-04-30,2954,199502.88
2025-04-30,2955,143965.25
2025-04-30,2956,242876.51
2025-04-30,2957,82219.24
2025-04-30,2958,176155.23
2025-04-30,2959,88050.41
2025-04-30,2960,109041.47
2025-04-30,2961,31763.51
2025-04-30,2962,286387.02
2025-04-30,2963,218965.56
2025-04-30,2964,71560.43
2025-04-30,2965,232659.65
2025-04-30,2966,94252.06
2025-04-30,2967,106205.76
2025-04-30,2968,196011.55
2025-04-30,2969,123526.74
2025-04-30,2970,85431.04
2025-04-30,2971,168412.74
2025-04-30,2972,1207701.84
2025-04-30,2973,171365.63
2025-04-30,2974,158398.02
2025-04-30,2975,142324.41
2025-04-30,2976,166680.24
2025-04-30,2977,152018.9
2025-04-30,2978,69223.58
2025-04-30,2979,155699.55
2025-04-30,2980,87898.44
2025-04-30,2981,124178.64
2025-04-30,2982,219789.96
2025-04-30,2983,109140.37
2025-04-30,2984,179003.64
2025-04-30,2985,65002.99
2025-04-30,2986,100968.57
2025-04-30,2987,139231.14
2025-04-30,2988,178701.24
2025-04-30,2989,48911.17
2025-04-30,2990,93157.61
2025-04-30,2991,158186.08
2025-04-30,2992,200609.6
2025-04-30,2993,59696.48
2025-04-30,2994,135370.41
2025-04-30,2995,161195.9
2025-04-30,2996,210307.62
2025-04-30,2997,85182.75
2025-04-30,2998,85443.31
2025-04-30,2999,221879.68
2025-04-30,3000,184403.51
2025-04-30,3001,36708.39
2025-04-30,3002,154529.55
2025-04-30,3003,116132.68
2025-04-30,3004,41064.93
2025-04-30,3005,107723.39
2025-04-30,3006,149153.13
2025-04-30,3007,187434.79
2025-04-30,3008,511598.2
2025-04-30,3009,378596.72
2025-04-30,3010,59731.05
2025-04-30,3011,146462.88
2025-04-30,3012,408082.53
2025-04-30,3013,375384.65
2025-04-30,3014,94816.01
2025-04-30,3015,79455.61
2025-04-30,3016,171594.76
2025-04-30,3017,291840.04
2025-04-30,3018,168154.32
2025-04-30,3019,239472.67
2025-04-30,3020,535969.71
2025-04-30,3021,282434.9
2025-04-30,3022,133355.9
2025-04-30,3023,166715.01
2025-04-30,3024,62626.74
2025-04-30,3025,92260.75
2025-04-30,3026,176409.94
2025-04-30,3027,154853.38
2025-04-30,3028,83221.13
2025-04-30,3029,111142.21
2025-04-30,3030,151637.48
2025-04-30,3031,81143.57
2025-04-30,3032,67947.96
2025-04-30,3033,58314.7
2025-04-30,3034,88519.71
2025-04-30,3035,186765.47
2025-04-30,3036,173847.59
2025-04-30,3037,201803.19
2025-04-30,3038,235059.33
2025-04-30,3039,1334079.38
2025-04-30,3040,118181.29
2025-04-30,3041,98406.76
2025-04-30,3042,238127.61
2025-04-30,3043,80824.88
2025-04-30,3044,404466.75
2025-04-30,3045,216786.19
2025-04-30,3046,191310.85
2025-04-30,3047,229606.49
2025-04-30,3048,121498.4
2025-04-30,3049,96390.83
2025-04-30,3050,267994.58
2025-04-30,3051,40569.12
2025-04-30,3052,87648.74
2025-04-30,3053,117859.53
2025-04-30,3054,90710.71
2025-04-30,3055,175283.8
2025-04-30,3056,264898.02
2025-04-30,3057,256876.0
2025-04-30,3058,77568.2
2025-04-30,3059,383894.82
2025-04-30,3060,113044.76
2025-04-30,3061,146971.23
2025-04-30,3062,25649.1
2025-04-30,3063,247032.55
2025-04-30,3064,46177.04
2025-04-30,3065,127201.1
2025-04-30,3066,83965.27
2025-04-30,3067,74461.2
2025-04-30,3068,207901.21
2025-04-30,3069,40271.83
2025-04-30,3070,63844.24
2025-04-30,3071,133503.97
2025-04-30,3072,115256.64
2025-04-30,3073,294600.0
2025-04-30,3074,18749.54
2025-04-30,3075,85114.71
2025-04-30,3076,121368.13
2025-04-30,3077,143737.03
2025-04-30,3078,107602.68
2025-04-30,3079,91726.26
2025-04-30,3080,64721.79
2025-04-30,3081,62733.12
2025-04-30,3082,134003.17
2025-04-30,3083,200460.01
2025-04-30,3084,79218.36
2025-04-30,3085,86933.83
2025-04-30,3086,161469.02
2025-04-30,3087,146323.02
2025-04-30,3088,57938.73
2025-04-30,3089,69297.12
2025-04-30,3090,103036.03
2025-04-30,3091,270328.94
2025-04-30,3092,129607.35
2025-04-30,3093,827088.21
2025-04-30,3094,227183.15
2025-04-30,3095,406934.94
2025-04-30,3096,108503.76
2025-04-30,3097,91794.59
2025-04-30,3098,225508.41
2025-04-30,3099,132741.96
2025-04-30,3100,131798.53
2025-04-30,3101,109017.67
2025-04-30,3102,350940.17
2025-04-30,3103,188118.93
2025-04-30,3104,241299.8
2025-04-30,3105,118121.17
2025-04-30,3106,124730.1
2025-04-30,3107,370421.86
2025-04-30,3108,52786.93
2025-04-30,3109,71476.78
2025-04-30,3110,29440.59
2025-04-30,3111,102720.13
2025-04-30,3112,56855.5
2025-04-30,3113,158957.85
2025-04-30,3114,161421.26
2025-04-30,3115,154568.14
2025-04-30,3116,179151.51
2025-04-30,3117,199374.21
2025-04-30,3118,125161.06
2025-04-30,3119,78331.71
2025-04-30,3120,461243.06
2025-04-30,3121,34048.81
2025-04-30,3122,5301.43
2025-04-30,3123,164261.02
2025-04-30,3124,210698.34
2025-04-30,3125,150858.82
2025-04-30,3126,118321.35
2025-04-30,3127,52237.45
2025-04-30,3128,46990.69
2025-04-30,3129,164461.85
2025-04-30,3130,225935.06
2025-04-30,3131,53632.46
2025-04-30,3132,416237.39
2025-04-30,3133,386468.27
2025-04-30,3134,381836.75
2025-04-30,3135,150690.25
2025-04-30,3136,275416.54
2025-04-30,3137,124780.97
2025-04-30,3138,166637.96
2025-04-30,3139,177766.61
2025-04-30,3140,56377.74
2025-04-30,3141,113067.01
2025-04-30,3142,94998.54
2025-04-30,3143,173761.73
2025-04-30,3144,128119.01
2025-04-30,3145,109099.79
2025-04-30,3146,120023.81
2025-04-30,3147,221984.11
2025-04-30,3148,130182.05
2025-04-30,3149,61982.46
2025-04-30,3150,284283.44
2025-04-30,3151,160655.7
2025-04-30,3152,70601.91
2025-04-30,3153,274460.14
2025-04-30,3154,53127.78
2025-04-30,3155,276982.92
2025-04-30,3156,224601.91
2025-04-30,3157,670461.54
2025-04-30,3158,234864.49
2025-04-30,3159,31474.01
2025-04-30,3160,442335.75
2025-04-30,3161,264354.36
2025-04-30,3162,71783.36
2025-04-30,3163,159503.51
2025-04-30,3164,172501.67
2025-04-30,3165,222463.46
2025-04-30,3166,83632.25
2025-04-30,3167,157088.49
2025-04-30,3168,184288.34
2025-04-30,3169,51265.28
2025-04-30,3170,71062.95
2025-04-30,3171,26542.23
2025-04-30,3172,105559.98
2025-04-30,3173,154184.7
2025-04-30,3174,118401.64
2025-04-30,3175,132242.78
2025-04-30,3176,473866.11
2025-04-30,3177,60783.62
2025-04-30,3178,232796.89
2025-04-30,3179,153785.69
2025-04-30,3180,180089.69
2025-04-30,3181,318271.53
2025-04-30,3182,10018.9
2025-04-30,3183,79864.58
2025-04-30,3184,134199.23
2025-04-30,3185,138694.57
2025-04-30,3186,181449.79
2025-04-30,3187,232145.08
2025-04-30,3188,296433.03
2025-04-30,3189,359735.85
2025-04-30,3190,39927.16
2025-04-30,3191,180878.35
2025-04-30,3192,158467.23
2025-04-30,3193,118687.94
2025-04-30,3194,198591.83
2025-04-30,3195,549761.07
2025-04-30,3196,287297.13
2025-04-30,3197,231718.6
2025-04-30,3198,449711.51
2025-04-30,3199,213273.56
2025-04-30,3200,143398.06
2025-05-31,1,228494.01
2025-05-31,2,93834.5
2025-05-31,3,54756.64
2025-05-31,4,76690.85
2025-05-31,5,201148.64
2025-05-31,6,112202.91
2025-05-31,7,109240.09
2025-05-31,8,105741.54
2025-05-31,9,89565.43
2025-05-31,10,20719.59
2025-05-31,11,53030.86
2025-05-31,12,149347.8
2025-05-31,13,104868.44
2025-05-31,14,131790.5
2025-05-31,15,72536.91
2025-05-31,16,99450.75
2025-05-31,17,137079.72
2025-05-31,18,160738.5
2025-05-31,19,442496.46
2025-05-31,20,56513.03
2025-05-31,21,68687.61
2025-05-31,22,52804.89
2025-05-31,23,101542.13
2025-05-31,24,125907.56
2025-05-31,25,130896.93
2025-05-31,26,117835.71
2025-05-31,27,347950.59
2025-05-31,28,132828.68
2025-05-31,29,73189.25
2025-05-31,30,191733.74
2025-05-31,31,266300.1
2025-05-31,32,35217.91
2025-05-31,33,257213.97
2025-05-31,34,60798.29
2025-05-31,35,76446.83
2025-05-31,36,143279.43
2025-05-31,37,165432.75
2025-05-31,38,178173.97
2025-05-31,39,900271.82
2025-05-31,40,65282.42
2025-05-31,41,359607.2
2025-05-31,42,65900.31
2025-05-31,43,109613.99
2025-05-31,44,212419.44
2025-05-31,45,131812.54
2025-05-31,46,105390.96
2025-05-31,47,296337.14
2025-05-31,48,68643.41
2025-05-31,49,172538.89
2025-05-31,50,118647.24
2025-05-31,51,140034.55
2025-05-31,52,186777.16
2025-05-31,53,476908.53
2025-05-31,54,373173.81
2025-05-31,55,139887.34
2025-05-31,56,170406.73
2025-05-31,57,491123.48
2025-05-31,58,236260.31
2025-05-31,59,263798.22
2025-05-31,60,167733.22
2025-05-31,61,77202.61
2025-05-31,62,207154.85
2025-05-31,63,64562.15
2025-05-31,64,173414.76
2025-05-31,65,404368.46
2025-05-31,66,206772.79
2025-05-31,67,164211.26
2025-05-31,68,96866.82
2025-05-31,69,245883.58
2025-05-31,70,247942.6
2025-05-31,71,98744.97
2025-05-31,72,147217.73
2025-05-31,73,114730.95
2025-05-31,74,26680.24
2025-05-31,75,93972.47
2025-05-31,76,101834.83
2025-05-31,77,180364.82
2025-05-31,78,47874.52
2025-05-31,79,158966.57
2025-05-31,80,285112.67
2025-05-31,81,235494.05
2025-05-31,82,151455.18
2025-05-31,83,190898.42
2025-05-31,84,30335.96
2025-05-31,85,18821.52
2025-05-31,86,174573.1
2025-05-31,87,63368.48
2025-05-31,88,253056.03
2025-05-31,89,59313.24
2025-05-31,90,145912.61
2025-05-31,91,96524.39
2025-05-31,92,151963.69
2025-05-31,93,249772.69
2025-05-31,94,408682.18
2025-05-31,95,187248.97
2025-05-31,96,134990.18
2025-05-31,97,196076.9
2025-05-31,98,60911.79
2025-05-31,99,206781.23
2025-05-31,100,82566.58
2025-05-31,101,547175.76
2025-05-31,102,111219.05
2025-05-31,103,63942.37
2025-05-31,104,101229.79
2025-05-31,105,462281.0
2025-05-31,106,283773.26
2025-05-31,107,68719.85
2025-05-31,108,69634.76
2025-05-31,109,42314.85
2025-05-31,110,57417.48
2025-05-31,111,412375.94
2025-05-31,112,99991.45
2025-05-31,113,68999.81
2025-05-31,114,290168.7
2025-05-31,115,125131.94
2025-05-31,116,33342.04
2025-05-31,117,225526.91
2025-05-31,118,218216.47
2025-05-31,119,224358.22
2025-05-31,120,190656.54
2025-05-31,121,128664.61
2025-05-31,122,72667.8
2025-05-31,123,99895.75
2025-05-31,124,154232.93
2025-05-31,125,72443.29
2025-05-31,126,178021.21
2025-05-31,127,55108.36
2025-05-31,128,192838.52
2025-05-31,129,106340.73
2025-05-31,130,66518.11
2025-05-31,131,82445.85
2025-05-31,132,103475.64
2025-05-31,133,126461.15
2025-05-31,134,144958.68
2025-05-31,135,58611.42
2025-05-31,136,8226.21
2025-05-31,137,161112.2
2025-05-31,138,86265.44
2025-05-31,139,195538.56
2025-05-31,140,144571.79
2025-05-31,141,324891.42
2025-05-31,142,205933.42
2025-05-31,143,78309.86
2025-05-31,144,111418.79
2025-05-31,145,143595.88
2025-05-31,146,284044.56
2025-05-31,147,172255.2
2025-05-31,148,76510.2
2025-05-31,149,343659.95
2025-05-31,150,87607.06
2025-05-31,151,47502.39
2025-05-31,152,622069.52
2025-05-31,153,112457.78
2025-05-31,154,90511.29
2025-05-31,155,61179.95
2025-05-31,156,155952.81
2025-05-31,157,68178.51
2025-05-31,158,125790.17
2025-05-31,159,75498.23
2025-05-31,160,61977.31
2025-05-31,161,186792.31
2025-05-31,162,189705.8
2025-05-31,163,236512.62
2025-05-31,164,210480.16
2025-05-31,165,167839.52
2025-05-31,166,40552.75
2025-05-31,167,420130.32
2025-05-31,168,128987.89
2025-05-31,169,190622.56
2025-05-31,170,393930.06
2025-05-31,171,235339.32
2025-05-31,172,69950.57
2025-05-31,173,85527.47
2025-05-31,174,420767.54
2025-05-31,175,173743.52
2025-05-31,176,92040.03
2025-05-31,177,38426.19
2025-05-31,178,176825.6
2025-05-31,179,299709.5
2025-05-31,180,184180.33
2025-05-31,181,252300.9
2025-05-31,182,54441.02
2025-05-31,183,112869.46
2025-05-31,184,63281.12
2025-05-31,185,125362.37
2025-05-31,186,323423.8
2025-05-31,187,80012.0
2025-05-31,188,154504.96
2025-05-31,189,39164.72
2025-05-31,190,174051.74
2025-05-31,191,25320.99
2025-05-31,192,79733.55
2025-05-31,193,128888.74
2025-05-31,194,193757.13
2025-05-31,195,83225.08
2025-05-31,196,242133.96
2025-05-31,197,319607.06
2025-05-31,198,450246.47
2025-05-31,199,28638.58
2025-05-31,200,98811.43
2025-05-31,201,80868.02
2025-05-31,202,246433.79
2025-05-31,203,103220.56
2025-05-31,204,283405.99
2025-05-31,205,32636.99
2025-05-31,206,146966.54
2025-05-31,207,208047.84
2025-05-31,208,307387.07
2025-05-31,209,276497.22
2025-05-31,210,149007.85
2025-05-31,211,173473.78
2025-05-31,212,484100.55
2025-05-31,213,103153.88
2025-05-31,214,174412.85
2025-05-31,215,159759.69
2025-05-31,216,447431.27
2025-05-31,217,148892.28
2025-05-31,218,150574.52
2025-05-31,219,185511.98
2025-05-31,220,213623.85
2025-05-31,221,76728.2
2025-05-31,222,116625.86
2025-05-31,223,85414.7
2025-05-31,224,186569.92
2025-05-31,225,277897.89
2025-05-31,226,184995.71
2025-05-31,227,5007.88
2025-05-31,228,75307.34
2025-05-31,229,162751.88
2025-05-31,230,336122.09
2025-05-31,231,203012.58
2025-05-31,232,126544.92
2025-05-31,233,137994.63
2025-05-31,234,157727.07
2025-05-31,235,216105.83
2025-05-31,236,64494.9
2025-05-31,237,330302.54
2025-05-31,238,23420.36
2025-05-31,239,7739.13
2025-05-31,240,258148.82
2025-05-31,241,183282.29
2025-05-31,242,425519.11
2025-05-31,243,20349.02
2025-05-31,244,108460.1
2025-05-31,245,211759.54
2025-05-31,246,23383.55
2025-05-31,247,19338.69
2025-05-31,248,57609.85
2025-05-31,249,88040.03
2025-05-31,250,164303.81
2025-05-31,251,37737.4
2025-05-31,252,127355.21
2025-05-31,253,76006.57
2025-05-31,254,212315.41
2025-05-31,255,160233.26
2025-05-31,256,123682.67
2025-05-31,257,67188.2
2025-05-31,258,15237.01
2025-05-31,259,160916.72
2025-05-31,260,133220.4
2025-05-31,261,89149.38
2025-05-31,262,197421.34
2025-05-31,263,136980.04
2025-05-31,264,83175.93
2025-05-31,265,190061.13
2025-05-31,266,101218.65
2025-05-31,267,67694.63
2025-05-31,268,27106.55
2025-05-31,269,88454.08
2025-05-31,270,69600.45
2025-05-31,271,65560.0
2025-05-31,272,223592.09
2025-05-31,273,154719.94
2025-05-31,274,136727.68
2025-05-31,275,507698.54
2025-05-31,276,157650.13
2025-05-31,277,153263.73
2025-05-31,278,325942.48
2025-05-31,279,321074.51
2025-05-31,280,109848.16
2025-05-31,281,78673.7
2025-05-31,282,172977.77
2025-05-31,283,56038.01
2025-05-31,284,22128.96
2025-05-31,285,218425.02
2025-05-31,286,344637.94
2025-05-31,287,602661.79
2025-05-31,288,77752.9
2025-05-31,289,221971.78
2025-05-31,290,110652.04
2025-05-31,291,342827.61
2025-05-31,292,213729.01
2025-05-31,293,186478.39
2025-05-31,294,52602.81
2025-05-31,295,199323.0
2025-05-31,296,132449.82
2025-05-31,297,257271.98
2025-05-31,298,408571.43
2025-05-31,299,143479.7
2025-05-31,300,72166.94
2025-05-31,301,82131.21
2025-05-31,302,202008.48
2025-05-31,303,119292.41
2025-05-31,304,178732.98
2025-05-31,305,205921.41
2025-05-31,306,217410.02
2025-05-31,307,231057.23
2025-05-31,308,19377.81
2025-05-31,309,116637.68
2025-05-31,310,165013.52
2025-05-31,311,56551.97
2025-05-31,312,161095.18
2025-05-31,313,133277.73
2025-05-31,314,109827.08
2025-05-31,315,197687.43
2025-05-31,316,93147.4
2025-05-31,317,84829.03
2025-05-31,318,111526.57
2025-05-31,319,119128.85
2025-05-31,320,75746.42
2025-05-31,321,276756.18
2025-05-31,322,64036.79
2025-05-31,323,280780.37
2025-05-31,324,251469.79
2025-05-31,325,135084.02
2025-05-31,326,250967.65
2025-05-31,327,191625.49
2025-05-31,328,64226.87
2025-05-31,329,265451.08
2025-05-31,330,76259.44
2025-05-31,331,31660.72
2025-05-31,332,137095.21
2025-05-31,333,199491.59
2025-05-31,334,165153.35
2025-05-31,335,56313.36
2025-05-31,336,337516.56
2025-05-31,337,213620.68
2025-05-31,338,58422.9
2025-05-31,339,70909.82
2025-05-31,340,280016.36
2025-05-31,341,77920.07
2025-05-31,342,199010.36
2025-05-31,343,198324.73
2025-05-31,344,95823.59
2025-05-31,345,117475.25
2025-05-31,346,281307.08
2025-05-31,347,150602.35
2025-05-31,348,52702.77
2025-05-31,349,116029.57
2025-05-31,350,130503.34
2025-05-31,351,314473.29
2025-05-31,352,192453.03
2025-05-31,353,90568.18
2025-05-31,354,175032.56
2025-05-31,355,140233.0
2025-05-31,356,182010.68
2025-05-31,357,79350.96
2025-05-31,358,89180.04
2025-05-31,359,101304.5
2025-05-31,360,159485.16
2025-05-31,361,188344.31
2025-05-31,362,76396.5
2025-05-31,363,41158.29
2025-05-31,364,245253.2
2025-05-31,365,393435.77
2025-05-31,366,78624.93
2025-05-31,367,235438.5
2025-05-31,368,163110.23
2025-05-31,369,208314.71
2025-05-31,370,110845.11
2025-05-31,371,192151.52
2025-05-31,372,117590.85
2025-05-31,373,96030.15
2025-05-31,374,239813.44
2025-05-31,375,119200.75
2025-05-31,376,33642.79
2025-05-31,377,478213.98
2025-05-31,378,88836.15
2025-05-31,379,181267.43
2025-05-31,380,72436.65
2025-05-31,381,40035.49
2025-05-31,382,184439.76
2025-05-31,383,68080.68
2025-05-31,384,147073.03
2025-05-31,385,64401.19
2025-05-31,386,58486.39
2025-05-31,387,310673.63
2025-05-31,388,200397.96
2025-05-31,389,325623.14
2025-05-31,390,257770.32
2025-05-31,391,533083.32
2025-05-31,392,150873.83
2025-05-31,393,330600.96
2025-05-31,394,295732.88
2025-05-31,395,181715.51
2025-05-31,396,124987.28
2025-05-31,397,166943.53
2025-05-31,398,543560.13
2025-05-31,399,106212.99
2025-05-31,400,257304.65
2025-05-31,401,185858.08
2025-05-31,402,126416.51
2025-05-31,403,153305.83
2025-05-31,404,212140.78
2025-05-31,405,257503.35
2025-05-31,406,111116.31
2025-05-31,407,46156.89
2025-05-31,408,112172.0
2025-05-31,409,82867.83
2025-05-31,410,218669.44
2025-05-31,411,106172.48
2025-05-31,412,335815.39
2025-05-31,413,105215.71
2025-05-31,414,540287.01
2025-05-31,415,102352.0
2025-05-31,416,194931.87
2025-05-31,417,34761.99
2025-05-31,418,427969.5
2025-05-31,419,89526.4
2025-05-31,420,171951.8
2025-05-31,421,19281.21
2025-05-31,422,3164.72
2025-05-31,423,73546.37
2025-05-31,424,385749.43
2025-05-31,425,308985.0
2025-05-31,426,166438.23
2025-05-31,427,109108.03
2025-05-31,428,71168.71
2025-05-31,429,82795.74
2025-05-31,430,285537.31
2025-05-31,431,198535.82
2025-05-31,432,172651.06
2025-05-31,433,84800.0
2025-05-31,434,144047.78
2025-05-31,435,17326.33
2025-05-31,436,375977.25
2025-05-31,437,122390.32
2025-05-31,438,53714.74
2025-05-31,439,167249.01
2025-05-31,440,206218.96
2025-05-31,441,222278.77
2025-05-31,442,258583.61
2025-05-31,443,364291.31
2025-05-31,444,57641.24
2025-05-31,445,414056.28
2025-05-31,446,367768.21
2025-05-31,447,93409.43
2025-05-31,448,80929.79
2025-05-31,449,386187.13
2025-05-31,450,86164.51
2025-05-31,451,136900.28
2025-05-31,452,231911.05
2025-05-31,453,60559.02
2025-05-31,454,65568.81
2025-05-31,455,73249.07
2025-05-31,456,119616.23
2025-05-31,457,27652.18
2025-05-31,458,337690.53
2025-05-31,459,299615.92
2025-05-31,460,94668.13
2025-05-31,461,123765.07
2025-05-31,462,77771.45
2025-05-31,463,428658.24
2025-05-31,464,32092.88
2025-05-31,465,80849.31
2025-05-31,466,302753.59
2025-05-31,467,174301.5
2025-05-31,468,52822.7
2025-05-31,469,376461.33
2025-05-31,470,45778.99
2025-05-31,471,301075.38
2025-05-31,472,94306.48
2025-05-31,473,109700.77
2025-05-31,474,155769.22
2025-05-31,475,107359.66
2025-05-31,476,95172.46
2025-05-31,477,352214.04
2025-05-31,478,103386.98
2025-05-31,479,112005.73
2025-05-31,480,127492.9
2025-05-31,481,20513.77
2025-05-31,482,276092.04
2025-05-31,483,430917.95
2025-05-31,484,41069.85
2025-05-31,485,171919.77
2025-05-31,486,49207.13
2025-05-31,487,42162.86
2025-05-31,488,58783.13
2025-05-31,489,274874.42
2025-05-31,490,65747.08
2025-05-31,491,175171.47
2025-05-31,492,84247.51
2025-05-31,493,64733.57
2025-05-31,494,147276.27
2025-05-31,495,169159.18
2025-05-31,496,178504.42
2025-05-31,497,537846.65
2025-05-31,498,46348.17
2025-05-31,499,542050.05
2025-05-31,500,137066.93
2025-05-31,501,193893.92
2025-05-31,502,311204.8
2025-05-31,503,79327.97
2025-05-31,504,121701.03
2025-05-31,505,139584.72
2025-05-31,506,213080.89
2025-05-31,507,141555.86
2025-05-31,508,89733.98
2025-05-31,509,167441.11
2025-05-31,510,89639.63
2025-05-31,511,105161.82
2025-05-31,512,93571.21
2025-05-31,513,337125.78
2025-05-31,514,150928.21
2025-05-31,515,131696.26
2025-05-31,516,324441.77
2025-05-31,517,108112.93
2025-05-31,518,540795.06
2025-05-31,519,186327.07
2025-05-31,520,214252.57
2025-05-31,521,67927.89
2025-05-31,522,37406.87
2025-05-31,523,50560.47
2025-05-31,524,96567.15
2025-05-31,525,148536.56
2025-05-31,526,126443.61
2025-05-31,527,85268.15
2025-05-31,528,163881.16
2025-05-31,529,449581.4
2025-05-31,530,70982.56
2025-05-31,531,250061.2
2025-05-31,532,225674.66
2025-05-31,533,85669.65
2025-05-31,534,143377.76
2025-05-31,535,24884.65
2025-05-31,536,142754.87
2025-05-31,537,49923.68
2025-05-31,538,123927.53
2025-05-31,539,137426.7
2025-05-31,540,271736.03
2025-05-31,541,86093.15
2025-05-31,542,201078.11
2025-05-31,543,302364.77
2025-05-31,544,259191.93
2025-05-31,545,270302.5
2025-05-31,546,202899.27
2025-05-31,547,71253.42
2025-05-31,548,71253.59
2025-05-31,549,71073.57
2025-05-31,550,161916.49
2025-05-31,551,104757.32
2025-05-31,552,54860.34
2025-05-31,553,65025.55
2025-05-31,554,98512.71
2025-05-31,555,111541.39
2025-05-31,556,367938.05
2025-05-31,557,25757.81
2025-05-31,558,114487.29
2025-05-31,559,126835.49
2025-05-31,560,59428.65
2025-05-31,561,287771.23
2025-05-31,562,218251.29
2025-05-31,563,120369.36
2025-05-31,564,192939.4
2025-05-31,565,57075.33
2025-05-31,566,126041.54
2025-05-31,567,266001.74
2025-05-31,568,162496.92
2025-05-31,569,191660.6
2025-05-31,570,33780.69
2025-05-31,571,194965.58
2025-05-31,572,130555.74
2025-05-31,573,184083.99
2025-05-31,574,148700.35
2025-05-31,575,76128.09
2025-05-31,576,80411.91
2025-05-31,577,134881.4
2025-05-31,578,248428.8
2025-05-31,579,254839.08
2025-05-31,580,74573.71
2025-05-31,581,330970.08
2025-05-31,582,290439.92
2025-05-31,583,187029.73
2025-05-31,584,87589.34
2025-05-31,585,13233.96
2025-05-31,586,126933.88
2025-05-31,587,336220.16
2025-05-31,588,79170.71
2025-05-31,589,267079.55
2025-05-31,590,48876.33
2025-05-31,591,151671.86
2025-05-31,592,126769.76
2025-05-31,593,159364.49
2025-05-31,594,319026.65
2025-05-31,595,112822.93
2025-05-31,596,94072.96
2025-05-31,597,40244.67
2025-05-31,598,292538.76
2025-05-31,599,58143.27
2025-05-31,600,158328.19
2025-05-31,601,95840.61
2025-05-31,602,747017.3
2025-05-31,603,254669.1
2025-05-31,604,47312.1
2025-05-31,605,124056.87
2025-05-31,606,117847.32
2025-05-31,607,531819.52
2025-05-31,608,62390.6
2025-05-31,609,102085.61
2025-05-31,610,106124.29
2025-05-31,611,77161.34
2025-05-31,612,194211.61
2025-05-31,613,133157.83
2025-05-31,614,219893.58
2025-05-31,615,96505.93
2025-05-31,616,57303.77
2025-05-31,617,187727.34
2025-05-31,618,266532.91
2025-05-31,619,309197.84
2025-05-31,620,81744.21
2025-05-31,621,236066.86
2025-05-31,622,44867.14
2025-05-31,623,163869.45
2025-05-31,624,201225.32
2025-05-31,625,232927.15
2025-05-31,626,134562.17
2025-05-31,627,193709.65
2025-05-31,628,222031.64
2025-05-31,629,134217.35
2025-05-31,630,140929.27
2025-05-31,631,43353.26
2025-05-31,632,124199.11
2025-05-31,633,137706.9
2025-05-31,634,106824.41
2025-05-31,635,90995.54
2025-05-31,636,65602.07
2025-05-31,637,1038691.77
2025-05-31,638,67096.19
2025-05-31,639,91114.37
2025-05-31,640,211009.26
2025-05-31,641,71779.16
2025-05-31,642,167796.14
2025-05-31,643,83212.07
2025-05-31,644,155113.18
2025-05-31,645,502957.76
2025-05-31,646,101069.85
2025-05-31,647,87921.13
2025-05-31,648,167755.06
2025-05-31,649,174935.22
2025-05-31,650,187182.19
2025-05-31,651,126154.21
2025-05-31,652,142562.69
2025-05-31,653,48690.27
2025-05-31,654,621013.11
2025-05-31,655,215007.69
2025-05-31,656,120046.56
2025-05-31,657,83954.19
2025-05-31,658,158077.95
2025-05-31,659,219034.18
2025-05-31,660,128013.21
2025-05-31,661,66499.14
2025-05-31,662,46673.18
2025-05-31,663,123094.79
2025-05-31,664,111005.51
2025-05-31,665,120313.84
2025-05-31,666,241597.29
2025-05-31,667,53017.9
2025-05-31,668,128308.41
2025-05-31,669,20279.78
2025-05-31,670,166814.28
2025-05-31,671,30584.65
2025-05-31,672,138831.38
2025-05-31,673,85163.21
2025-05-31,674,160013.93
2025-05-31,675,131995.65
2025-05-31,676,430436.45
2025-05-31,677,103071.41
2025-05-31,678,113961.52
2025-05-31,679,17749.46
2025-05-31,680,118225.77
2025-05-31,681,53299.97
2025-05-31,682,120813.49
2025-05-31,683,34542.81
2025-05-31,684,92117.07
2025-05-31,685,199427.97
2025-05-31,686,134398.32
2025-05-31,687,127779.65
2025-05-31,688,113578.35
2025-05-31,689,155105.53
2025-05-31,690,150663.51
2025-05-31,691,159549.33
2025-05-31,692,50884.18
2025-05-31,693,59438.13
2025-05-31,694,86133.39
2025-05-31,695,435458.53
2025-05-31,696,43019.19
2025-05-31,697,169970.31
2025-05-31,698,46600.74
2025-05-31,699,186898.05
2025-05-31,700,114324.56
2025-05-31,701,88046.86
2025-05-31,702,51906.17
2025-05-31,703,100600.44
2025-05-31,704,118939.76
2025-05-31,705,90201.61
2025-05-31,706,474944.66
2025-05-31,707,127519.38
2025-05-31,708,286827.45
2025-05-31,709,19068.99
2025-05-31,710,189116.71
2025-05-31,711,130793.18
2025-05-31,712,110661.19
2025-05-31,713,136172.16
2025-05-31,714,812382.49
2025-05-31,715,252401.7
2025-05-31,716,119605.69
2025-05-31,717,161457.0
2025-05-31,718,376619.74
2025-05-31,719,25488.97
2025-05-31,720,86353.37
2025-05-31,721,50691.79
2025-05-31,722,184809.67
2025-05-31,723,313543.27
2025-05-31,724,33807.68
2025-05-31,725,160815.29
2025-05-31,726,165877.28
2025-05-31,727,127037.49
2025-05-31,728,81696.78
2025-05-31,729,205584.98
2025-05-31,730,180548.54
2025-05-31,731,91517.65
2025-05-31,732,116797.24
2025-05-31,733,284072.84
2025-05-31,734,107068.89
2025-05-31,735,120445.87
2025-05-31,736,523157.25
2025-05-31,737,55901.11
2025-05-31,738,167401.42
2025-05-31,739,74329.99
2025-05-31,740,173690.68
2025-05-31,741,344873.67
2025-05-31,742,90889.02
2025-05-31,743,57822.25
2025-05-31,744,74268.41
2025-05-31,745,150820.85
2025-05-31,746,198565.26
2025-05-31,747,163373.43
2025-05-31,748,74585.34
2025-05-31,749,103122.07
2025-05-31,750,87636.41
2025-05-31,751,186864.11
2025-05-31,752,144254.57
2025-05-31,753,42580.01
2025-05-31,754,107672.43
2025-05-31,755,87119.37
2025-05-31,756,133933.62
2025-05-31,757,382593.8
2025-05-31,758,392730.6
2025-05-31,759,82949.13
2025-05-31,760,236977.59
2025-05-31,761,111098.02
2025-05-31,762,75456.8
2025-05-31,763,128711.18
2025-05-31,764,85589.82
2025-05-31,765,86924.04
2025-05-31,766,145341.94
2025-05-31,767,113420.61
2025-05-31,768,74462.23
2025-05-31,769,230007.32
2025-05-31,770,179403.03
2025-05-31,771,295780.0
2025-05-31,772,110309.05
2025-05-31,773,114404.53
2025-05-31,774,52403.32
2025-05-31,775,142254.49
2025-05-31,776,188340.69
2025-05-31,777,534265.65
2025-05-31,778,41584.52
2025-05-31,779,280558.1
2025-05-31,780,363701.01
2025-05-31,781,36383.07
2025-05-31,782,145049.93
2025-05-31,783,86977.76
2025-05-31,784,78668.26
2025-05-31,785,15663.55
2025-05-31,786,218235.05
2025-05-31,787,255010.35
2025-05-31,788,298747.68
2025-05-31,789,50038.63
2025-05-31,790,163591.88
2025-05-31,791,126914.1
2025-05-31,792,56377.77
2025-05-31,793,323115.24
2025-05-31,794,94744.62
2025-05-31,795,135723.26
2025-05-31,796,518590.37
2025-05-31,797,56086.2
2025-05-31,798,201993.65
2025-05-31,799,505098.65
2025-05-31,800,152440.07
2025-05-31,801,283335.27
2025-05-31,802,29218.02
2025-05-31,803,169270.07
2025-05-31,804,118111.92
2025-05-31,805,118027.93
2025-05-31,806,132070.43
2025-05-31,807,38288.09
2025-05-31,808,176652.33
2025-05-31,809,78602.05
2025-05-31,810,145170.89
2025-05-31,811,111549.89
2025-05-31,812,106294.98
2025-05-31,813,35135.17
2025-05-31,814,495669.66
2025-05-31,815,209305.98
2025-05-31,816,443899.17
2025-05-31,817,124808.8
2025-05-31,818,150583.12
2025-05-31,819,110158.64
2025-05-31,820,187225.45
2025-05-31,821,108980.17
2025-05-31,822,228181.18
2025-05-31,823,259237.74
2025-05-31,824,221109.65
2025-05-31,825,234478.38
2025-05-31,826,269705.44
2025-05-31,827,241508.53
2025-05-31,828,88942.73
2025-05-31,829,405906.11
2025-05-31,830,149051.9
2025-05-31,831,236274.38
2025-05-31,832,54521.67
2025-05-31,833,443061.49
2025-05-31,834,187004.9
2025-05-31,835,100252.94
2025-05-31,836,367333.93
2025-05-31,837,151386.87
2025-05-31,838,339803.94
2025-05-31,839,155879.3
2025-05-31,840,57041.83
2025-05-31,841,435311.25
2025-05-31,842,84677.74
2025-05-31,843,81668.29
2025-05-31,844,74905.76
2025-05-31,845,243115.01
2025-05-31,846,197925.58
2025-05-31,847,123126.19
2025-05-31,848,68328.59
2025-05-31,849,85613.73
2025-05-31,850,81575.17
2025-05-31,851,43576.45
2025-05-31,852,637054.6
2025-05-31,853,82437.05
2025-05-31,854,50819.76
2025-05-31,855,141796.97
2025-05-31,856,80427.73
2025-05-31,857,111824.97
2025-05-31,858,126597.43
2025-05-31,859,219668.37
2025-05-31,860,16919.78
2025-05-31,861,177707.11
2025-05-31,862,97152.35
2025-05-31,863,202393.09
2025-05-31,864,995513.45
2025-05-31,865,25092.37
2025-05-31,866,78909.05
2025-05-31,867,100420.9
2025-05-31,868,157243.53
2025-05-31,869,126262.4
2025-05-31,870,56892.46
2025-05-31,871,96763.01
2025-05-31,872,93831.73
2025-05-31,873,78801.89
2025-05-31,874,83124.31
2025-05-31,875,110630.32
2025-05-31,876,386180.13
2025-05-31,877,211135.07
2025-05-31,878,79564.68
2025-05-31,879,131767.44
2025-05-31,880,46775.34
2025-05-31,881,155273.8
2025-05-31,882,224023.24
2025-05-31,883,257309.09
2025-05-31,884,399900.47
2025-05-31,885,149187.83
2025-05-31,886,36733.85
2025-05-31,887,56329.87
2025-05-31,888,82975.21
2025-05-31,889,354596.37
2025-05-31,890,214546.33
2025-05-31,891,154581.39
2025-05-31,892,274725.77
2025-05-31,893,254889.77
2025-05-31,894,188691.04
2025-05-31,895,177691.21
2025-05-31,896,401617.03
2025-05-31,897,246546.88
2025-05-31,898,105747.1
2025-05-31,899,102706.9
2025-05-31,900,166846.65
2025-05-31,901,107565.23
2025-05-31,902,356838.13
2025-05-31,903,371739.27
2025-05-31,904,33778.13
2025-05-31,905,267424.88
2025-05-31,906,59596.39
2025-05-31,907,110521.33
2025-05-31,908,82679.02
2025-05-31,909,59766.95
2025-05-31,910,134816.78
2025-05-31,911,63570.99
2025-05-31,912,250912.84
2025-05-31,913,548859.34
2025-05-31,914,86026.43
2025-05-31,915,113560.1
2025-05-31,916,109045.81
2025-05-31,917,147903.93
2025-05-31,918,116366.85
2025-05-31,919,76854.41
2025-05-31,920,252843.22
2025-05-31,921,98873.87
2025-05-31,922,107701.62
2025-05-31,923,131564.63
2025-05-31,924,52603.44
2025-05-31,925,113742.88
2025-05-31,926,130330.01
2025-05-31,927,129141.58
2025-05-31,928,229539.47
2025-05-31,929,318894.4
2025-05-31,930,314147.22
2025-05-31,931,155479.44
2025-05-31,932,183980.25
2025-05-31,933,64190.35
2025-05-31,934,74238.83
2025-05-31,935,286790.87
2025-05-31,936,248080.12
2025-05-31,937,57705.79
2025-05-31,938,119071.99
2025-05-31,939,38471.84
2025-05-31,940,210095.53
2025-05-31,941,106636.96
2025-05-31,942,170598.24
2025-05-31,943,145007.94
2025-05-31,944,125010.94
2025-05-31,945,108191.61
2025-05-31,946,155829.69
2025-05-31,947,807653.94
2025-05-31,948,172835.96
2025-05-31,949,88705.75
2025-05-31,950,273053.09
2025-05-31,951,322452.92
2025-05-31,952,94143.45
2025-05-31,953,71097.41
2025-05-31,954,253807.88
2025-05-31,955,151892.09
2025-05-31,956,117574.74
2025-05-31,957,245522.61
2025-05-31,958,184565.04
2025-05-31,959,307812.73
2025-05-31,960,252323.0
2025-05-31,961,252053.5
2025-05-31,962,132301.44
2025-05-31,963,72686.6
2025-05-31,964,113012.14
2025-05-31,965,173612.48
2025-05-31,966,279794.79
2025-05-31,967,168417.89
2025-05-31,968,257309.16
2025-05-31,969,290598.05
2025-05-31,970,172195.26
2025-05-31,971,100557.57
2025-05-31,972,145738.76
2025-05-31,973,63204.95
2025-05-31,974,123331.27
2025-05-31,975,32957.07
2025-05-31,976,334268.49
2025-05-31,977,188685.69
2025-05-31,978,151988.88
2025-05-31,979,78610.65
2025-05-31,980,106926.26
2025-05-31,981,83282.06
2025-05-31,982,89089.84
2025-05-31,983,144231.41
2025-05-31,984,83664.08
2025-05-31,985,40129.11
2025-05-31,986,78046.09
2025-05-31,987,95011.96
2025-05-31,988,158338.36
2025-05-31,989,80806.55
2025-05-31,990,226807.45
2025-05-31,991,216302.45
2025-05-31,992,105583.97
2025-05-31,993,130716.66
2025-05-31,994,149522.06
2025-05-31,995,38607.19
2025-05-31,996,765573.26
2025-05-31,997,488784.41
2025-05-31,998,193417.16
2025-05-31,999,132868.21
2025-05-31,1000,86373.98
2025-05-31,1001,111073.59
2025-05-31,1002,275776.91
2025-05-31,1003,141415.1
2025-05-31,1004,108836.59
2025-05-31,1005,155637.38
2025-05-31,1006,25514.27
2025-05-31,1007,67137.59
2025-05-31,1008,211117.17
2025-05-31,1009,195834.01
2025-05-31,1010,124901.43
2025-05-31,1011,174635.2
2025-05-31,1012,2942.92
2025-05-31,1013,79399.9
2025-05-31,1014,49744.14
2025-05-31,1015,132784.85
2025-05-31,1016,350908.39
2025-05-31,1017,167564.95
2025-05-31,1018,100609.36
2025-05-31,1019,120529.76
2025-05-31,1020,118785.98
2025-05-31,1021,53401.91
2025-05-31,1022,396539.5
2025-05-31,1023,108482.75
2025-05-31,1024,23505.51
2025-05-31,1025,124749.32
2025-05-31,1026,52313.39
2025-05-31,1027,76670.39
2025-05-31,1028,240781.79
2025-05-31,1029,220519.65
2025-05-31,1030,104065.89
2025-05-31,1031,247767.52
2025-05-31,1032,303775.24
2025-05-31,1033,100123.83
2025-05-31,1034,318105.02
2025-05-31,1035,112660.25
2025-05-31,1036,224151.29
2025-05-31,1037,152314.93
2025-05-31,1038,374205.74
2025-05-31,1039,79206.57
2025-05-31,1040,106041.99
2025-05-31,1041,117190.53
2025-05-31,1042,152327.88
2025-05-31,1043,84381.85
2025-05-31,1044,191750.05
2025-05-31,1045,104151.94
2025-05-31,1046,435507.1
2025-05-31,1047,116882.38
2025-05-31,1048,230973.91
2025-05-31,1049,521488.65
2025-05-31,1050,82608.01
2025-05-31,1051,65395.29
2025-05-31,1052,646838.27
2025-05-31,1053,99879.61
2025-05-31,1054,380422.09
2025-05-31,1055,95462.99
2025-05-31,1056,152034.1
2025-05-31,1057,182872.27
2025-05-31,1058,211805.8
2025-05-31,1059,110960.86
2025-05-31,1060,127559.07
2025-05-31,1061,287223.12
2025-05-31,1062,365326.6
2025-05-31,1063,85377.97
2025-05-31,1064,129872.57
2025-05-31,1065,137271.61
2025-05-31,1066,268925.95
2025-05-31,1067,354494.15
2025-05-31,1068,96284.18
2025-05-31,1069,276944.11
2025-05-31,1070,155455.67
2025-05-31,1071,202862.34
2025-05-31,1072,78155.65
2025-05-31,1073,259470.38
2025-05-31,1074,453087.39
2025-05-31,1075,183838.95
2025-05-31,1076,40510.98
2025-05-31,1077,96942.44
2025-05-31,1078,210069.63
2025-05-31,1079,142490.6
2025-05-31,1080,207277.07
2025-05-31,1081,360505.73
2025-05-31,1082,167966.32
2025-05-31,1083,21096.56
2025-05-31,1084,48857.5
2025-05-31,1085,111048.52
2025-05-31,1086,164251.14
2025-05-31,1087,299703.94
2025-05-31,1088,128826.42
2025-05-31,1089,141456.33
2025-05-31,1090,144974.91
2025-05-31,1091,91079.12
2025-05-31,1092,47211.83
2025-05-31,1093,53777.04
2025-05-31,1094,420317.98
2025-05-31,1095,81957.76
2025-05-31,1096,36729.25
2025-05-31,1097,120735.12
2025-05-31,1098,160544.23
2025-05-31,1099,84112.48
2025-05-31,1100,155536.18
2025-05-31,1101,57739.96
2025-05-31,1102,214875.49
2025-05-31,1103,68205.66
2025-05-31,1104,72020.59
2025-05-31,1105,241101.27
2025-05-31,1106,96794.95
2025-05-31,1107,76597.32
2025-05-31,1108,397847.54
2025-05-31,1109,154032.43
2025-05-31,1110,105927.33
2025-05-31,1111,117535.09
2025-05-31,1112,65615.32
2025-05-31,1113,117874.52
2025-05-31,1114,459847.84
2025-05-31,1115,192356.35
2025-05-31,1116,133659.81
2025-05-31,1117,139849.42
2025-05-31,1118,285553.32
2025-05-31,1119,297016.71
2025-05-31,1120,103477.71
2025-05-31,1121,186444.8
2025-05-31,1122,83649.9
2025-05-31,1123,152201.69
2025-05-31,1124,210473.69
2025-05-31,1125,158125.92
2025-05-31,1126,25460.27
2025-05-31,1127,151103.53
2025-05-31,1128,268599.57
2025-05-31,1129,131243.26
2025-05-31,1130,155934.53
2025-05-31,1131,176936.14
2025-05-31,1132,94469.35
2025-05-31,1133,64677.45
2025-05-31,1134,135718.55
2025-05-31,1135,106616.74
2025-05-31,1136,237968.41
2025-05-31,1137,96987.4
2025-05-31,1138,72759.31
2025-05-31,1139,254827.37
2025-05-31,1140,23628.05
2025-05-31,1141,149973.96
2025-05-31,1142,425861.64
2025-05-31,1143,349888.98
2025-05-31,1144,162530.42
2025-05-31,1145,68360.1
2025-05-31,1146,88513.17
2025-05-31,1147,84469.02
2025-05-31,1148,99051.8
2025-05-31,1149,210775.92
2025-05-31,1150,110922.95
2025-05-31,1151,730760.49
2025-05-31,1152,146414.61
2025-05-31,1153,76720.03
2025-05-31,1154,130180.63
2025-05-31,1155,70583.89
2025-05-31,1156,65133.88
2025-05-31,1157,327582.75
2025-05-31,1158,117840.13
2025-05-31,1159,116872.57
2025-05-31,1160,58344.75
2025-05-31,1161,32224.99
2025-05-31,1162,272224.69
2025-05-31,1163,122305.44
2025-05-31,1164,199271.68
2025-05-31,1165,331150.38
2025-05-31,1166,86060.26
2025-05-31,1167,139338.24
2025-05-31,1168,212698.19
2025-05-31,1169,21341.29
2025-05-31,1170,100224.47
2025-05-31,1171,122548.03
2025-05-31,1172,69010.46
2025-05-31,1173,367311.22
2025-05-31,1174,165935.57
2025-05-31,1175,94413.9
2025-05-31,1176,99707.73
2025-05-31,1177,87023.04
2025-05-31,1178,685446.12
2025-05-31,1179,109781.53
2025-05-31,1180,290889.84
2025-05-31,1181,284638.26
2025-05-31,1182,375140.09
2025-05-31,1183,204024.11
2025-05-31,1184,90374.52
2025-05-31,1185,55015.45
2025-05-31,1186,107802.7
2025-05-31,1187,88981.92
2025-05-31,1188,101140.48
2025-05-31,1189,83440.24
2025-05-31,1190,126357.93
2025-05-31,1191,252184.3
2025-05-31,1192,145188.83
2025-05-31,1193,91246.39
2025-05-31,1194,193428.81
2025-05-31,1195,276758.32
2025-05-31,1196,128095.89
2025-05-31,1197,199046.18
2025-05-31,1198,64930.98
2025-05-31,1199,145489.88
2025-05-31,1200,77087.49
2025-05-31,1201,231208.93
2025-05-31,1202,329447.47
2025-05-31,1203,121903.49
2025-05-31,1204,138023.58
2025-05-31,1205,92538.88
2025-05-31,1206,89240.58
2025-05-31,1207,83808.42
2025-05-31,1208,143393.96
2025-05-31,1209,153084.73
2025-05-31,1210,118658.68
2025-05-31,1211,62598.69
2025-05-31,1212,429785.49
2025-05-31,1213,68138.15
2025-05-31,1214,157763.74
2025-05-31,1215,274685.85
2025-05-31,1216,128765.69
2025-05-31,1217,13753.31
2025-05-31,1218,37101.45
2025-05-31,1219,190893.94
2025-05-31,1220,438770.74
2025-05-31,1221,220964.21
2025-05-31,1222,108640.37
2025-05-31,1223,138387.78
2025-05-31,1224,217893.98
2025-05-31,1225,108029.53
2025-05-31,1226,49053.57
2025-05-31,1227,53591.52
2025-05-31,1228,125068.47
2025-05-31,1229,142714.48
2025-05-31,1230,216468.04
2025-05-31,1231,633519.3
2025-05-31,1232,104643.78
2025-05-31,1233,225757.05
2025-05-31,1234,139020.85
2025-05-31,1235,429218.58
2025-05-31,1236,177324.06
2025-05-31,1237,284350.47
2025-05-31,1238,84578.99
2025-05-31,1239,226301.71
2025-05-31,1240,128114.8
2025-05-31,1241,68335.57
2025-05-31,1242,149596.65
2025-05-31,1243,198259.41
2025-05-31,1244,209841.62
2025-05-31,1245,46085.81
2025-05-31,1246,193486.2
2025-05-31,1247,113066.92
2025-05-31,1248,204141.82
2025-05-31,1249,273013.66
2025-05-31,1250,325080.2
2025-05-31,1251,124349.63
2025-05-31,1252,192726.13
2025-05-31,1253,235799.68
2025-05-31,1254,76031.15
2025-05-31,1255,40403.56
2025-05-31,1256,127593.64
2025-05-31,1257,25277.58
2025-05-31,1258,7183.22
2025-05-31,1259,245802.94
2025-05-31,1260,159846.2
2025-05-31,1261,228084.52
2025-05-31,1262,140615.32
2025-05-31,1263,318225.79
2025-05-31,1264,59710.29
2025-05-31,1265,349346.17
2025-05-31,1266,289008.06
2025-05-31,1267,109573.37
2025-05-31,1268,135866.5
2025-05-31,1269,24291.86
2025-05-31,1270,48139.89
2025-05-31,1271,115345.4
2025-05-31,1272,175803.24
2025-05-31,1273,147689.64
2025-05-31,1274,254946.29
2025-05-31,1275,161470.09
2025-05-31,1276,71311.72
2025-05-31,1277,56356.52
2025-05-31,1278,720741.68
2025-05-31,1279,345813.63
2025-05-31,1280,304825.32
2025-05-31,1281,256876.23
2025-05-31,1282,141223.91
2025-05-31,1283,106232.58
2025-05-31,1284,118067.87
2025-05-31,1285,160009.44
2025-05-31,1286,181656.32
2025-05-31,1287,343872.27
2025-05-31,1288,75669.25
2025-05-31,1289,101031.81
2025-05-31,1290,164322.22
2025-05-31,1291,295337.18
2025-05-31,1292,298048.1
2025-05-31,1293,48090.89
2025-05-31,1294,128089.42
2025-05-31,1295,252602.93
2025-05-31,1296,62766.17
2025-05-31,1297,68475.11
2025-05-31,1298,106095.08
2025-05-31,1299,306360.54
2025-05-31,1300,98632.62
2025-05-31,1301,136453.84
2025-05-31,1302,120881.43
2025-05-31,1303,439536.9
2025-05-31,1304,119823.44
2025-05-31,1305,235928.82
2025-05-31,1306,67656.79
2025-05-31,1307,187890.88
2025-05-31,1308,126653.73
2025-05-31,1309,77100.77
2025-05-31,1310,91144.11
2025-05-31,1311,199020.96
2025-05-31,1312,114897.16
2025-05-31,1313,144180.83
2025-05-31,1314,63058.49
2025-05-31,1315,119426.84
2025-05-31,1316,144663.19
2025-05-31,1317,145526.36
2025-05-31,1318,58613.73
2025-05-31,1319,59419.82
2025-05-31,1320,136940.58
2025-05-31,1321,93466.39
2025-05-31,1322,70950.16
2025-05-31,1323,372655.92
2025-05-31,1324,265950.0
2025-05-31,1325,113358.59
2025-05-31,1326,104309.58
2025-05-31,1327,242173.76
2025-05-31,1328,309576.1
2025-05-31,1329,99697.31
2025-05-31,1330,190033.75
2025-05-31,1331,100762.61
2025-05-31,1332,100401.78
2025-05-31,1333,116008.29
2025-05-31,1334,49220.62
2025-05-31,1335,124275.02
2025-05-31,1336,83675.11
2025-05-31,1337,57798.81
2025-05-31,1338,175485.91
2025-05-31,1339,170485.22
2025-05-31,1340,53608.42
2025-05-31,1341,123504.11
2025-05-31,1342,153643.33
2025-05-31,1343,229896.6
2025-05-31,1344,202857.08
2025-05-31,1345,119156.29
2025-05-31,1346,92236.88
2025-05-31,1347,182504.47
2025-05-31,1348,78415.69
2025-05-31,1349,93909.3
2025-05-31,1350,84421.66
2025-05-31,1351,144210.32
2025-05-31,1352,317340.16
2025-05-31,1353,189034.53
2025-05-31,1354,73369.55
2025-05-31,1355,171596.93
2025-05-31,1356,202038.43
2025-05-31,1357,115955.89
2025-05-31,1358,203486.24
2025-05-31,1359,171095.76
2025-05-31,1360,185715.83
2025-05-31,1361,91887.88
2025-05-31,1362,185615.53
2025-05-31,1363,91162.11
2025-05-31,1364,210381.22
2025-05-31,1365,339605.79
2025-05-31,1366,117067.14
2025-05-31,1367,66825.36
2025-05-31,1368,273831.96
2025-05-31,1369,250413.02
2025-05-31,1370,93185.26
2025-05-31,1371,150416.89
2025-05-31,1372,315715.04
2025-05-31,1373,233528.48
2025-05-31,1374,229244.07
2025-05-31,1375,47720.05
2025-05-31,1376,167869.87
2025-05-31,1377,73628.64
2025-05-31,1378,152769.23
2025-05-31,1379,143096.92
2025-05-31,1380,203304.85
2025-05-31,1381,217300.28
2025-05-31,1382,124011.23
2025-05-31,1383,26874.32
2025-05-31,1384,48941.2
2025-05-31,1385,58888.54
2025-05-31,1386,65852.33
2025-05-31,1387,616230.98
2025-05-31,1388,297489.09
2025-05-31,1389,482440.22
2025-05-31,1390,58005.48
2025-05-31,1391,93540.4
2025-05-31,1392,391467.57
2025-05-31,1393,253421.02
2025-05-31,1394,67815.24
2025-05-31,1395,36046.2
2025-05-31,1396,112552.57
2025-05-31,1397,168239.09
2025-05-31,1398,86006.02
2025-05-31,1399,183464.42
2025-05-31,1400,18924.98
2025-05-31,1401,294736.82
2025-05-31,1402,167265.29
2025-05-31,1403,144794.46
2025-05-31,1404,57545.21
2025-05-31,1405,56165.69
2025-05-31,1406,53213.41
2025-05-31,1407,265230.61
2025-05-31,1408,161838.35
2025-05-31,1409,58304.59
2025-05-31,1410,98929.94
2025-05-31,1411,57540.51
2025-05-31,1412,157357.16
2025-05-31,1413,137682.81
2025-05-31,1414,73744.01
2025-05-31,1415,88131.33
2025-05-31,1416,162411.82
2025-05-31,1417,152244.79
2025-05-31,1418,530403.33
2025-05-31,1419,39405.68
2025-05-31,1420,170178.95
2025-05-31,1421,190599.34
2025-05-31,1422,55296.28
2025-05-31,1423,200043.81
2025-05-31,1424,248884.48
2025-05-31,1425,76304.53
2025-05-31,1426,72933.3
2025-05-31,1427,49394.37
2025-05-31,1428,60141.42
2025-05-31,1429,85036.98
2025-05-31,1430,81900.97
2025-05-31,1431,178195.23
2025-05-31,1432,170062.87
2025-05-31,1433,32344.52
2025-05-31,1434,35246.79
2025-05-31,1435,458214.13
2025-05-31,1436,419096.49
2025-05-31,1437,93209.31
2025-05-31,1438,170361.88
2025-05-31,1439,159319.32
2025-05-31,1440,121420.74
2025-05-31,1441,100040.45
2025-05-31,1442,121788.62
2025-05-31,1443,107620.09
2025-05-31,1444,272435.63
2025-05-31,1445,94757.31
2025-05-31,1446,118186.97
2025-05-31,1447,78323.23
2025-05-31,1448,130054.52
2025-05-31,1449,21780.44
2025-05-31,1450,131063.31
2025-05-31,1451,31784.26
2025-05-31,1452,202075.82
2025-05-31,1453,109784.72
2025-05-31,1454,65463.93
2025-05-31,1455,170126.52
2025-05-31,1456,70720.32
2025-05-31,1457,284343.43
2025-05-31,1458,190844.58
2025-05-31,1459,235308.25
2025-05-31,1460,147483.4
2025-05-31,1461,116291.24
2025-05-31,1462,240602.05
2025-05-31,1463,350409.82
2025-05-31,1464,668548.87
2025-05-31,1465,135126.53
2025-05-31,1466,192051.44
2025-05-31,1467,97517.44
2025-05-31,1468,100067.73
2025-05-31,1469,45975.49
2025-05-31,1470,283443.51
2025-05-31,1471,120168.89
2025-05-31,1472,73593.43
2025-05-31,1473,174498.23
2025-05-31,1474,190676.64
2025-05-31,1475,66806.94
2025-05-31,1476,33555.94
2025-05-31,1477,389737.6
2025-05-31,1478,169753.74
2025-05-31,1479,127767.89
2025-05-31,1480,276849.05
2025-05-31,1481,235755.83
2025-05-31,1482,128697.91
2025-05-31,1483,277251.03
2025-05-31,1484,371871.06
2025-05-31,1485,33656.02
2025-05-31,1486,120094.33
2025-05-31,1487,269928.36
2025-05-31,1488,120716.17
2025-05-31,1489,215657.18
2025-05-31,1490,288936.29
2025-05-31,1491,228479.08
2025-05-31,1492,146531.19
2025-05-31,1493,445134.55
2025-05-31,1494,11930.23
2025-05-31,1495,112416.24
2025-05-31,1496,46436.99
2025-05-31,1497,102830.94
2025-05-31,1498,204538.59
2025-05-31,1499,195471.58
2025-05-31,1500,250568.81
2025-05-31,1501,77998.31
2025-05-31,1502,37192.03
2025-05-31,1503,65000.55
2025-05-31,1504,159909.45
2025-05-31,1505,266261.41
2025-05-31,1506,100451.8
2025-05-31,1507,153142.33
2025-05-31,1508,14914.37
2025-05-31,1509,217061.08
2025-05-31,1510,85062.41
2025-05-31,1511,79487.32
2025-05-31,1512,131500.2
2025-05-31,1513,159081.25
2025-05-31,1514,107942.07
2025-05-31,1515,15755.08
2025-05-31,1516,273036.93
2025-05-31,1517,175712.94
2025-05-31,1518,291315.58
2025-05-31,1519,120252.9
2025-05-31,1520,95581.32
2025-05-31,1521,143783.66
2025-05-31,1522,94830.19
2025-05-31,1523,50316.66
2025-05-31,1524,106152.42
2025-05-31,1525,84106.89
2025-05-31,1526,130254.96
2025-05-31,1527,91097.84
2025-05-31,1528,331985.17
2025-05-31,1529,77033.74
2025-05-31,1530,259051.58
2025-05-31,1531,184509.27
2025-05-31,1532,174049.42
2025-05-31,1533,94432.27
2025-05-31,1534,111652.07
2025-05-31,1535,86495.91
2025-05-31,1536,242496.52
2025-05-31,1537,162309.43
2025-05-31,1538,207428.38
2025-05-31,1539,192595.53
2025-05-31,1540,263031.89
2025-05-31,1541,96994.98
2025-05-31,1542,159249.32
2025-05-31,1543,98650.01
2025-05-31,1544,235419.95
2025-05-31,1545,144823.84
2025-05-31,1546,107114.11
2025-05-31,1547,915086.78
2025-05-31,1548,146170.03
2025-05-31,1549,495554.56
2025-05-31,1550,411644.77
2025-05-31,1551,81035.46
2025-05-31,1552,471493.0
2025-05-31,1553,93458.26
2025-05-31,1554,90849.41
2025-05-31,1555,219025.85
2025-05-31,1556,227042.9
2025-05-31,1557,175882.09
2025-05-31,1558,132777.58
2025-05-31,1559,79532.06
2025-05-31,1560,30577.57
2025-05-31,1561,226084.59
2025-05-31,1562,111647.22
2025-05-31,1563,87312.76
2025-05-31,1564,122559.55
2025-05-31,1565,66460.99
2025-05-31,1566,252392.95
2025-05-31,1567,209488.66
2025-05-31,1568,109697.88
2025-05-31,1569,234675.51
2025-05-31,1570,216170.25
2025-05-31,1571,104036.28
2025-05-31,1572,161149.88
2025-05-31,1573,77820.0
2025-05-31,1574,68087.93
2025-05-31,1575,78368.55
2025-05-31,1576,100922.84
2025-05-31,1577,61076.12
2025-05-31,1578,213463.35
2025-05-31,1579,139410.09
2025-05-31,1580,163412.99
2025-05-31,1581,429689.53
2025-05-31,1582,65929.6
2025-05-31,1583,28011.64
2025-05-31,1584,52393.87
2025-05-31,1585,77911.63
2025-05-31,1586,124039.55
2025-05-31,1587,220732.69
2025-05-31,1588,60709.42
2025-05-31,1589,183742.13
2025-05-31,1590,123308.38
2025-05-31,1591,295714.17
2025-05-31,1592,145404.89
2025-05-31,1593,189447.8
2025-05-31,1594,110831.13
2025-05-31,1595,165423.74
2025-05-31,1596,107597.56
2025-05-31,1597,85591.77
2025-05-31,1598,175483.81
2025-05-31,1599,197559.41
2025-05-31,1600,425977.69
2025-05-31,1601,82330.06
2025-05-31,1602,286619.88
2025-05-31,1603,142038.93
2025-05-31,1604,366479.4
2025-05-31,1605,80924.25
2025-05-31,1606,184574.14
2025-05-31,1607,322902.95
2025-05-31,1608,325958.65
2025-05-31,1609,169630.33
2025-05-31,1610,45725.98
2025-05-31,1611,90699.74
2025-05-31,1612,119153.47
2025-05-31,1613,234718.67
2025-05-31,1614,177888.92
2025-05-31,1615,218547.88
2025-05-31,1616,106997.24
2025-05-31,1617,97256.6
2025-05-31,1618,57175.41
2025-05-31,1619,71609.91
2025-05-31,1620,45224.62
2025-05-31,1621,62903.64
2025-05-31,1622,98938.89
2025-05-31,1623,259829.44
2025-05-31,1624,132247.79
2025-05-31,1625,103600.28
2025-05-31,1626,147797.92
2025-05-31,1627,159483.46
2025-05-31,1628,81914.31
2025-05-31,1629,39204.15
2025-05-31,1630,129121.91
2025-05-31,1631,109113.04
2025-05-31,1632,82190.83
2025-05-31,1633,124571.22
2025-05-31,1634,59635.23
2025-05-31,1635,245588.53
2025-05-31,1636,80606.52
2025-05-31,1637,114744.09
2025-05-31,1638,180943.81
2025-05-31,1639,58580.1
2025-05-31,1640,193983.41
2025-05-31,1641,151300.38
2025-05-31,1642,212557.69
2025-05-31,1643,71341.19
2025-05-31,1644,221661.65
2025-05-31,1645,76067.67
2025-05-31,1646,220227.31
2025-05-31,1647,249569.02
2025-05-31,1648,28308.74
2025-05-31,1649,80265.67
2025-05-31,1650,59971.86
2025-05-31,1651,274094.34
2025-05-31,1652,202753.21
2025-05-31,1653,55381.82
2025-05-31,1654,94270.41
2025-05-31,1655,24785.74
2025-05-31,1656,174036.03
2025-05-31,1657,306962.92
2025-05-31,1658,73784.82
2025-05-31,1659,160563.98
2025-05-31,1660,59599.54
2025-05-31,1661,142788.25
2025-05-31,1662,78440.92
2025-05-31,1663,19816.14
2025-05-31,1664,277272.63
2025-05-31,1665,287506.18
2025-05-31,1666,208535.33
2025-05-31,1667,64915.28
2025-05-31,1668,128324.08
2025-05-31,1669,131902.2
2025-05-31,1670,101570.62
2025-05-31,1671,32431.76
2025-05-31,1672,397291.27
2025-05-31,1673,58684.63
2025-05-31,1674,938884.32
2025-05-31,1675,555309.07
2025-05-31,1676,42730.92
2025-05-31,1677,142743.36
2025-05-31,1678,158787.96
2025-05-31,1679,35723.77
2025-05-31,1680,179771.28
2025-05-31,1681,165868.04
2025-05-31,1682,262380.09
2025-05-31,1683,120112.65
2025-05-31,1684,102869.63
2025-05-31,1685,138951.98
2025-05-31,1686,134557.59
2025-05-31,1687,75501.44
2025-05-31,1688,92916.03
2025-05-31,1689,70641.66
2025-05-31,1690,218360.86
2025-05-31,1691,100974.85
2025-05-31,1692,99431.92
2025-05-31,1693,553887.26
2025-05-31,1694,39426.0
2025-05-31,1695,77779.38
2025-05-31,1696,39691.45
2025-05-31,1697,238906.16
2025-05-31,1698,276430.73
2025-05-31,1699,79219.84
2025-05-31,1700,56821.96
2025-05-31,1701,86914.45
2025-05-31,1702,90074.37
2025-05-31,1703,137458.8
2025-05-31,1704,144704.24
2025-05-31,1705,92978.5
2025-05-31,1706,157603.44
2025-05-31,1707,171886.44
2025-05-31,1708,93085.07
2025-05-31,1709,151473.55
2025-05-31,1710,61634.58
2025-05-31,1711,120214.67
2025-05-31,1712,101815.27
2025-05-31,1713,111247.9
2025-05-31,1714,291953.82
2025-05-31,1715,144796.74
2025-05-31,1716,231671.81
2025-05-31,1717,212823.63
2025-05-31,1718,171944.22
2025-05-31,1719,89234.65
2025-05-31,1720,340394.8
2025-05-31,1721,214767.38
2025-05-31,1722,130282.78
2025-05-31,1723,139188.95
2025-05-31,1724,240256.97
2025-05-31,1725,125329.32
2025-05-31,1726,10284.56
2025-05-31,1727,62954.15
2025-05-31,1728,42162.7
2025-05-31,1729,175544.89
2025-05-31,1730,215976.04
2025-05-31,1731,302405.0
2025-05-31,1732,218691.88
2025-05-31,1733,43007.39
2025-05-31,1734,104073.28
2025-05-31,1735,29659.56
2025-05-31,1736,129494.61
2025-05-31,1737,332184.55
2025-05-31,1738,49124.75
2025-05-31,1739,166044.49
2025-05-31,1740,277587.71
2025-05-31,1741,290140.19
2025-05-31,1742,189482.69
2025-05-31,1743,39879.66
2025-05-31,1744,229010.55
2025-05-31,1745,34635.26
2025-05-31,1746,168732.64
2025-05-31,1747,42518.6
2025-05-31,1748,138685.92
2025-05-31,1749,48856.56
2025-05-31,1750,66935.74
2025-05-31,1751,64550.22
2025-05-31,1752,14446.88
2025-05-31,1753,46252.77
2025-05-31,1754,225467.47
2025-05-31,1755,158954.34
2025-05-31,1756,71779.26
2025-05-31,1757,30016.26
2025-05-31,1758,175919.41
2025-05-31,1759,122807.43
2025-05-31,1760,118883.04
2025-05-31,1761,238789.75
2025-05-31,1762,119694.49
2025-05-31,1763,28862.71
2025-05-31,1764,85682.56
2025-05-31,1765,57502.95
2025-05-31,1766,142867.32
2025-05-31,1767,173279.47
2025-05-31,1768,149547.43
2025-05-31,1769,68798.96
2025-05-31,1770,102538.66
2025-05-31,1771,79634.52
2025-05-31,1772,799769.13
2025-05-31,1773,198003.83
2025-05-31,1774,192367.49
2025-05-31,1775,37505.83
2025-05-31,1776,313756.55
2025-05-31,1777,109899.17
2025-05-31,1778,74504.58
2025-05-31,1779,44328.38
2025-05-31,1780,120637.23
2025-05-31,1781,200477.05
2025-05-31,1782,84027.76
2025-05-31,1783,72124.62
2025-05-31,1784,240858.8
2025-05-31,1785,361673.55
2025-05-31,1786,117288.48
2025-05-31,1787,39552.36
2025-05-31,1788,84151.09
2025-05-31,1789,262727.39
2025-05-31,1790,73434.14
2025-05-31,1791,258197.63
2025-05-31,1792,232916.17
2025-05-31,1793,182821.57
2025-05-31,1794,574269.12
2025-05-31,1795,107609.2
2025-05-31,1796,291980.13
2025-05-31,1797,388002.4
2025-05-31,1798,128029.31
2025-05-31,1799,194910.92
2025-05-31,1800,336340.12
2025-05-31,1801,103793.12
2025-05-31,1802,157450.48
2025-05-31,1803,78354.53
2025-05-31,1804,278994.11
2025-05-31,1805,95006.49
2025-05-31,1806,43832.15
2025-05-31,1807,304180.06
2025-05-31,1808,138970.72
2025-05-31,1809,75007.13
2025-05-31,1810,408729.95
2025-05-31,1811,38152.17
2025-05-31,1812,292129.56
2025-05-31,1813,110867.06
2025-05-31,1814,66679.08
2025-05-31,1815,87916.96
2025-05-31,1816,107465.01
2025-05-31,1817,97313.04
2025-05-31,1818,50898.44
2025-05-31,1819,123776.56
2025-05-31,1820,78390.56
2025-05-31,1821,186072.03
2025-05-31,1822,110330.88
2025-05-31,1823,60463.77
2025-05-31,1824,156175.28
2025-05-31,1825,269539.02
2025-05-31,1826,128750.42
2025-05-31,1827,73372.86
2025-05-31,1828,138132.92
2025-05-31,1829,158123.1
2025-05-31,1830,89717.18
2025-05-31,1831,201185.74
2025-05-31,1832,99832.78
2025-05-31,1833,161524.78
2025-05-31,1834,176102.83
2025-05-31,1835,139869.09
2025-05-31,1836,139386.14
2025-05-31,1837,312002.21
2025-05-31,1838,76337.92
2025-05-31,1839,132372.71
2025-05-31,1840,211971.62
2025-05-31,1841,63090.79
2025-05-31,1842,342236.78
2025-05-31,1843,139032.77
2025-05-31,1844,27020.27
2025-05-31,1845,299691.96
2025-05-31,1846,108781.6
2025-05-31,1847,85262.16
2025-05-31,1848,79350.38
2025-05-31,1849,10319.94
2025-05-31,1850,162743.98
2025-05-31,1851,190489.79
2025-05-31,1852,136556.51
2025-05-31,1853,134610.92
2025-05-31,1854,32922.35
2025-05-31,1855,83083.69
2025-05-31,1856,143449.8
2025-05-31,1857,128042.43
2025-05-31,1858,78876.51
2025-05-31,1859,164969.47
2025-05-31,1860,136287.59
2025-05-31,1861,442493.43
2025-05-31,1862,113638.85
2025-05-31,1863,70765.2
2025-05-31,1864,37625.0
2025-05-31,1865,54104.46
2025-05-31,1866,61572.18
2025-05-31,1867,162708.46
2025-05-31,1868,152228.35
2025-05-31,1869,57991.93
2025-05-31,1870,631527.79
2025-05-31,1871,150251.81
2025-05-31,1872,228422.69
2025-05-31,1873,86909.08
2025-05-31,1874,69169.31
2025-05-31,1875,58190.84
2025-05-31,1876,55312.06
2025-05-31,1877,229556.86
2025-05-31,1878,78672.38
2025-05-31,1879,83381.18
2025-05-31,1880,516647.12
2025-05-31,1881,61779.12
2025-05-31,1882,91898.75
2025-05-31,1883,167237.08
2025-05-31,1884,61652.63
2025-05-31,1885,156668.49
2025-05-31,1886,190490.5
2025-05-31,1887,125316.75
2025-05-31,1888,97216.28
2025-05-31,1889,69123.31
2025-05-31,1890,140230.8
2025-05-31,1891,81086.52
2025-05-31,1892,115493.59
2025-05-31,1893,163197.85
2025-05-31,1894,88428.7
2025-05-31,1895,39517.1
2025-05-31,1896,169633.07
2025-05-31,1897,67501.48
2025-05-31,1898,84576.28
2025-05-31,1899,90961.03
2025-05-31,1900,203299.04
2025-05-31,1901,149002.66
2025-05-31,1902,291447.61
2025-05-31,1903,79608.92
2025-05-31,1904,66246.52
2025-05-31,1905,96646.63
2025-05-31,1906,196977.9
2025-05-31,1907,407820.14
2025-05-31,1908,110094.61
2025-05-31,1909,180849.45
2025-05-31,1910,116671.78
2025-05-31,1911,90912.46
2025-05-31,1912,101653.2
2025-05-31,1913,185212.72
2025-05-31,1914,60027.33
2025-05-31,1915,102187.6
2025-05-31,1916,103321.89
2025-05-31,1917,413043.33
2025-05-31,1918,189733.63
2025-05-31,1919,136813.15
2025-05-31,1920,84965.03
2025-05-31,1921,254911.63
2025-05-31,1922,134314.87
2025-05-31,1923,158098.33
2025-05-31,1924,121350.22
2025-05-31,1925,241731.4
2025-05-31,1926,64970.74
2025-05-31,1927,309898.56
2025-05-31,1928,68653.39
2025-05-31,1929,120890.3
2025-05-31,1930,111943.42
2025-05-31,1931,272749.15
2025-05-31,1932,145174.51
2025-05-31,1933,137712.89
2025-05-31,1934,412023.36
2025-05-31,1935,125410.91
2025-05-31,1936,158328.62
2025-05-31,1937,297751.75
2025-05-31,1938,194897.94
2025-05-31,1939,151494.74
2025-05-31,1940,94851.74
2025-05-31,1941,148332.42
2025-05-31,1942,87829.88
2025-05-31,1943,337071.81
2025-05-31,1944,163956.78
2025-05-31,1945,231272.2
2025-05-31,1946,208462.38
2025-05-31,1947,212793.33
2025-05-31,1948,84602.79
2025-05-31,1949,160361.66
2025-05-31,1950,1262951.66
2025-05-31,1951,175692.04
2025-05-31,1952,157538.81
2025-05-31,1953,248823.41
2025-05-31,1954,289860.4
2025-05-31,1955,83495.11
2025-05-31,1956,251570.73
2025-05-31,1957,111611.18
2025-05-31,1958,97061.52
2025-05-31,1959,20974.27
2025-05-31,1960,176320.39
2025-05-31,1961,301905.27
2025-05-31,1962,44881.67
2025-05-31,1963,167966.22
2025-05-31,1964,232769.61
2025-05-31,1965,39437.74
2025-05-31,1966,278870.3
2025-05-31,1967,55401.12
2025-05-31,1968,92115.88
2025-05-31,1969,190524.41
2025-05-31,1970,92369.52
2025-05-31,1971,45329.03
2025-05-31,1972,53440.67
2025-05-31,1973,164594.66
2025-05-31,1974,441784.89
2025-05-31,1975,213136.86
2025-05-31,1976,117752.06
2025-05-31,1977,84480.73
2025-05-31,1978,150059.72
2025-05-31,1979,67227.48
2025-05-31,1980,149345.98
2025-05-31,1981,53693.86
2025-05-31,1982,111211.28
2025-05-31,1983,101929.08
2025-05-31,1984,130998.43
2025-05-31,1985,146058.27
2025-05-31,1986,236459.99
2025-05-31,1987,189170.88
2025-05-31,1988,417628.2
2025-05-31,1989,41510.37
2025-05-31,1990,73935.68
2025-05-31,1991,110703.81
2025-05-31,1992,42619.41
2025-05-31,1993,327132.71
2025-05-31,1994,91597.83
2025-05-31,1995,11320.2
2025-05-31,1996,156338.05
2025-05-31,1997,272757.48
2025-05-31,1998,263026.7
2025-05-31,1999,13115.99
2025-05-31,2000,91940.58
2025-05-31,2001,280213.6
2025-05-31,2002,230435.88
2025-05-31,2003,239438.59
2025-05-31,2004,70612.33
2025-05-31,2005,250756.38
2025-05-31,2006,71861.69
2025-05-31,2007,106765.33
2025-05-31,2008,178713.75
2025-05-31,2009,104581.78
2025-05-31,2010,23235.49
2025-05-31,2011,177344.25
2025-05-31,2012,361426.04
2025-05-31,2013,194766.69
2025-05-31,2014,295626.76
2025-05-31,2015,168437.45
2025-05-31,2016,24797.35
2025-05-31,2017,208814.0
2025-05-31,2018,47806.61
2025-05-31,2019,25207.6
2025-05-31,2020,77651.16
2025-05-31,2021,155177.11
2025-05-31,2022,147617.43
2025-05-31,2023,118746.49
2025-05-31,2024,371619.4
2025-05-31,2025,101107.61
2025-05-31,2026,122583.27
2025-05-31,2027,205935.9
2025-05-31,2028,15319.74
2025-05-31,2029,63636.16
2025-05-31,2030,13395.89
2025-05-31,2031,270976.85
2025-05-31,2032,50470.62
2025-05-31,2033,83486.77
2025-05-31,2034,78115.78
2025-05-31,2035,283245.21
2025-05-31,2036,157996.12
2025-05-31,2037,69922.12
2025-05-31,2038,71626.18
2025-05-31,2039,181233.29
2025-05-31,2040,563487.7
2025-05-31,2041,7342.71
2025-05-31,2042,232844.67
2025-05-31,2043,225630.96
2025-05-31,2044,25283.85
2025-05-31,2045,162075.9
2025-05-31,2046,116279.11
2025-05-31,2047,220547.43
2025-05-31,2048,204737.94
2025-05-31,2049,120731.2
2025-05-31,2050,46197.16
2025-05-31,2051,70976.01
2025-05-31,2052,69497.93
2025-05-31,2053,149753.11
2025-05-31,2054,239193.29
2025-05-31,2055,170405.01
2025-05-31,2056,15517.62
2025-05-31,2057,85436.17
2025-05-31,2058,37549.94
2025-05-31,2059,208732.97
2025-05-31,2060,237547.86
2025-05-31,2061,101810.16
2025-05-31,2062,150357.91
2025-05-31,2063,144550.82
2025-05-31,2064,316394.41
2025-05-31,2065,209221.7
2025-05-31,2066,103131.97
2025-05-31,2067,35048.94
2025-05-31,2068,72440.43
2025-05-31,2069,122228.83
2025-05-31,2070,114586.87
2025-05-31,2071,105307.37
2025-05-31,2072,161024.66
2025-05-31,2073,116602.31
2025-05-31,2074,317007.32
2025-05-31,2075,93074.71
2025-05-31,2076,95952.69
2025-05-31,2077,188243.93
2025-05-31,2078,273086.89
2025-05-31,2079,141118.54
2025-05-31,2080,29414.48
2025-05-31,2081,73511.73
2025-05-31,2082,170826.13
2025-05-31,2083,45193.4
2025-05-31,2084,118785.86
2025-05-31,2085,62761.94
2025-05-31,2086,172630.6
2025-05-31,2087,262357.76
2025-05-31,2088,25938.42
2025-05-31,2089,303870.55
2025-05-31,2090,88379.18
2025-05-31,2091,339487.13
2025-05-31,2092,313154.33
2025-05-31,2093,168252.18
2025-05-31,2094,92417.95
2025-05-31,2095,203924.66
2025-05-31,2096,305334.55
2025-05-31,2097,113433.07
2025-05-31,2098,86003.05
2025-05-31,2099,151659.1
2025-05-31,2100,134307.69
2025-05-31,2101,200130.51
2025-05-31,2102,119731.64
2025-05-31,2103,30577.74
2025-05-31,2104,171964.26
2025-05-31,2105,51209.4
2025-05-31,2106,755890.1
2025-05-31,2107,69370.1
2025-05-31,2108,117083.93
2025-05-31,2109,175889.57
2025-05-31,2110,28706.3
2025-05-31,2111,153430.99
2025-05-31,2112,68795.58
2025-05-31,2113,442269.99
2025-05-31,2114,257869.01
2025-05-31,2115,15068.11
2025-05-31,2116,132166.46
2025-05-31,2117,98087.98
2025-05-31,2118,163492.33
2025-05-31,2119,88845.56
2025-05-31,2120,67740.76
2025-05-31,2121,89920.5
2025-05-31,2122,173051.51
2025-05-31,2123,90896.92
2025-05-31,2124,100113.27
2025-05-31,2125,58898.43
2025-05-31,2126,33347.94
2025-05-31,2127,102735.76
2025-05-31,2128,40061.74
2025-05-31,2129,275952.71
2025-05-31,2130,137578.7
2025-05-31,2131,226861.69
2025-05-31,2132,81030.77
2025-05-31,2133,163388.0
2025-05-31,2134,379459.19
2025-05-31,2135,80664.15
2025-05-31,2136,78453.65
2025-05-31,2137,340169.78
2025-05-31,2138,242156.71
2025-05-31,2139,385407.29
2025-05-31,2140,57919.29
2025-05-31,2141,119416.65
2025-05-31,2142,196984.02
2025-05-31,2143,115171.06
2025-05-31,2144,151647.4
2025-05-31,2145,197937.7
2025-05-31,2146,47293.07
2025-05-31,2147,172045.95
2025-05-31,2148,48011.03
2025-05-31,2149,156973.32
2025-05-31,2150,270198.51
2025-05-31,2151,134331.16
2025-05-31,2152,145657.9
2025-05-31,2153,275611.44
2025-05-31,2154,237536.22
2025-05-31,2155,145171.69
2025-05-31,2156,425117.93
2025-05-31,2157,47163.51
2025-05-31,2158,163614.15
2025-05-31,2159,86771.27
2025-05-31,2160,63251.26
2025-05-31,2161,81576.85
2025-05-31,2162,104702.33
2025-05-31,2163,82636.04
2025-05-31,2164,231843.2
2025-05-31,2165,322537.34
2025-05-31,2166,163771.13
2025-05-31,2167,69388.09
2025-05-31,2168,71591.07
2025-05-31,2169,246988.7
2025-05-31,2170,44758.32
2025-05-31,2171,160506.02
2025-05-31,2172,141746.28
2025-05-31,2173,456981.94
2025-05-31,2174,85200.15
2025-05-31,2175,128769.01
2025-05-31,2176,173170.98
2025-05-31,2177,83817.05
2025-05-31,2178,132870.97
2025-05-31,2179,122134.58
2025-05-31,2180,326900.78
2025-05-31,2181,277878.17
2025-05-31,2182,115386.74
2025-05-31,2183,123781.93
2025-05-31,2184,27123.57
2025-05-31,2185,145259.01
2025-05-31,2186,204129.93
2025-05-31,2187,56482.33
2025-05-31,2188,309161.76
2025-05-31,2189,75557.61
2025-05-31,2190,131661.93
2025-05-31,2191,387319.56
2025-05-31,2192,204923.97
2025-05-31,2193,234200.64
2025-05-31,2194,95419.19
2025-05-31,2195,128837.02
2025-05-31,2196,115575.41
2025-05-31,2197,46415.44
2025-05-31,2198,95935.28
2025-05-31,2199,157953.22
2025-05-31,2200,61162.78
2025-05-31,2201,143498.25
2025-05-31,2202,91629.72
2025-05-31,2203,56050.01
2025-05-31,2204,255268.14
2025-05-31,2205,122318.66
2025-05-31,2206,62187.17
2025-05-31,2207,260144.83
2025-05-31,2208,341521.94
2025-05-31,2209,387103.13
2025-05-31,2210,287807.07
2025-05-31,2211,174334.75
2025-05-31,2212,29175.35
2025-05-31,2213,40994.06
2025-05-31,2214,314811.63
2025-05-31,2215,257801.25
2025-05-31,2216,187822.83
2025-05-31,2217,144454.37
2025-05-31,2218,73394.11
2025-05-31,2219,108487.66
2025-05-31,2220,140155.36
2025-05-31,2221,142109.31
2025-05-31,2222,123701.59
2025-05-31,2223,389602.05
2025-05-31,2224,221182.93
2025-05-31,2225,69236.1
2025-05-31,2226,19752.56
2025-05-31,2227,245916.24
2025-05-31,2228,209082.91
2025-05-31,2229,373463.73
2025-05-31,2230,217548.44
2025-05-31,2231,431059.89
2025-05-31,2232,200989.22
2025-05-31,2233,190292.35
2025-05-31,2234,51819.63
2025-05-31,2235,74704.87
2025-05-31,2236,52699.6
2025-05-31,2237,69771.54
2025-05-31,2238,250112.54
2025-05-31,2239,126114.92
2025-05-31,2240,162704.36
2025-05-31,2241,148328.55
2025-05-31,2242,154355.81
2025-05-31,2243,509331.95
2025-05-31,2244,365774.18
2025-05-31,2245,304202.04
2025-05-31,2246,270328.91
2025-05-31,2247,132849.79
2025-05-31,2248,105005.47
2025-05-31,2249,47708.3
2025-05-31,2250,77745.82
2025-05-31,2251,85572.02
2025-05-31,2252,127810.69
2025-05-31,2253,230661.95
2025-05-31,2254,94051.31
2025-05-31,2255,190783.54
2025-05-31,2256,92764.99
2025-05-31,2257,119874.49
2025-05-31,2258,226967.12
2025-05-31,2259,98901.82
2025-05-31,2260,142017.2
2025-05-31,2261,266128.49
2025-05-31,2262,56598.69
2025-05-31,2263,409323.11
2025-05-31,2264,150078.06
2025-05-31,2265,37183.48
2025-05-31,2266,214602.06
2025-05-31,2267,93319.93
2025-05-31,2268,175704.63
2025-05-31,2269,56538.08
2025-05-31,2270,241799.38
2025-05-31,2271,231053.92
2025-05-31,2272,36618.56
2025-05-31,2273,220109.89
2025-05-31,2274,134746.89
2025-05-31,2275,89246.72
2025-05-31,2276,353609.43
2025-05-31,2277,183799.75
2025-05-31,2278,204445.77
2025-05-31,2279,165238.29
2025-05-31,2280,267768.5
2025-05-31,2281,116985.85
2025-05-31,2282,70643.84
2025-05-31,2283,171420.63
2025-05-31,2284,41270.16
2025-05-31,2285,85477.75
2025-05-31,2286,111755.17
2025-05-31,2287,69608.92
2025-05-31,2288,95552.38
2025-05-31,2289,113240.83
2025-05-31,2290,307747.85
2025-05-31,2291,112350.21
2025-05-31,2292,78586.79
2025-05-31,2293,164633.46
2025-05-31,2294,314182.7
2025-05-31,2295,162777.13
2025-05-31,2296,142386.27
2025-05-31,2297,32363.51
2025-05-31,2298,99293.87
2025-05-31,2299,143419.38
2025-05-31,2300,142155.14
2025-05-31,2301,169600.72
2025-05-31,2302,99381.61
2025-05-31,2303,468029.05
2025-05-31,2304,120724.03
2025-05-31,2305,116695.81
2025-05-31,2306,153660.08
2025-05-31,2307,291195.88
2025-05-31,2308,127745.77
2025-05-31,2309,303572.86
2025-05-31,2310,83098.51
2025-05-31,2311,110135.78
2025-05-31,2312,116745.51
2025-05-31,2313,134273.21
2025-05-31,2314,77263.44
2025-05-31,2315,57720.59
2025-05-31,2316,87324.45
2025-05-31,2317,213527.41
2025-05-31,2318,32465.8
2025-05-31,2319,329250.91
2025-05-31,2320,142885.92
2025-05-31,2321,125877.82
2025-05-31,2322,83082.89
2025-05-31,2323,197579.21
2025-05-31,2324,272323.88
2025-05-31,2325,185397.37
2025-05-31,2326,144127.38
2025-05-31,2327,214249.86
2025-05-31,2328,73639.92
2025-05-31,2329,91285.08
2025-05-31,2330,206604.6
2025-05-31,2331,78584.79
2025-05-31,2332,313317.67
2025-05-31,2333,147562.55
2025-05-31,2334,131954.77
2025-05-31,2335,197505.42
2025-05-31,2336,104216.8
2025-05-31,2337,64104.25
2025-05-31,2338,216467.89
2025-05-31,2339,68537.26
2025-05-31,2340,343802.34
2025-05-31,2341,56857.04
2025-05-31,2342,38911.08
2025-05-31,2343,142604.95
2025-05-31,2344,154118.63
2025-05-31,2345,291862.05
2025-05-31,2346,165172.48
2025-05-31,2347,122876.07
2025-05-31,2348,88152.51
2025-05-31,2349,72473.8
2025-05-31,2350,171454.6
2025-05-31,2351,19258.09
2025-05-31,2352,160613.5
2025-05-31,2353,85471.84
2025-05-31,2354,160937.76
2025-05-31,2355,364282.78
2025-05-31,2356,126074.58
2025-05-31,2357,96991.81
2025-05-31,2358,74974.76
2025-05-31,2359,133235.35
2025-05-31,2360,171906.57
2025-05-31,2361,40841.53
2025-05-31,2362,54897.38
2025-05-31,2363,268864.87
2025-05-31,2364,217443.77
2025-05-31,2365,266051.83
2025-05-31,2366,64037.37
2025-05-31,2367,13727.04
2025-05-31,2368,45831.13
2025-05-31,2369,375818.47
2025-05-31,2370,144285.6
2025-05-31,2371,797446.73
2025-05-31,2372,83732.95
2025-05-31,2373,105301.12
2025-05-31,2374,238579.49
2025-05-31,2375,88271.59
2025-05-31,2376,168566.45
2025-05-31,2377,143310.01
2025-05-31,2378,321856.52
2025-05-31,2379,118571.05
2025-05-31,2380,195334.97
2025-05-31,2381,246886.97
2025-05-31,2382,440517.82
2025-05-31,2383,56731.67
2025-05-31,2384,38886.15
2025-05-31,2385,66747.44
2025-05-31,2386,167117.69
2025-05-31,2387,61749.23
2025-05-31,2388,93504.44
2025-05-31,2389,126981.99
2025-05-31,2390,61063.7
2025-05-31,2391,347103.44
2025-05-31,2392,236470.87
2025-05-31,2393,182667.65
2025-05-31,2394,192166.52
2025-05-31,2395,87902.24
2025-05-31,2396,617618.23
2025-05-31,2397,37418.85
2025-05-31,2398,26294.64
2025-05-31,2399,303943.34
2025-05-31,2400,235344.39
2025-05-31,2401,98890.25
2025-05-31,2402,87954.29
2025-05-31,2403,35949.89
2025-05-31,2404,91554.95
2025-05-31,2405,130417.49
2025-05-31,2406,163890.77
2025-05-31,2407,191490.68
2025-05-31,2408,174166.43
2025-05-31,2409,83305.74
2025-05-31,2410,386446.32
2025-05-31,2411,395613.31
2025-05-31,2412,107078.31
2025-05-31,2413,78497.75
2025-05-31,2414,149492.35
2025-05-31,2415,302515.39
2025-05-31,2416,211627.79
2025-05-31,2417,147203.54
2025-05-31,2418,84162.9
2025-05-31,2419,100609.97
2025-05-31,2420,80778.26
2025-05-31,2421,114933.86
2025-05-31,2422,51023.61
2025-05-31,2423,162507.74
2025-05-31,2424,194925.53
2025-05-31,2425,198827.7
2025-05-31,2426,74832.23
2025-05-31,2427,169844.83
2025-05-31,2428,79619.52
2025-05-31,2429,228189.76
2025-05-31,2430,80115.25
2025-05-31,2431,292845.45
2025-05-31,2432,349649.56
2025-05-31,2433,556969.6
2025-05-31,2434,65792.24
2025-05-31,2435,164739.81
2025-05-31,2436,146104.65
2025-05-31,2437,102626.3
2025-05-31,2438,134232.69
2025-05-31,2439,157080.53
2025-05-31,2440,46399.48
2025-05-31,2441,153448.54
2025-05-31,2442,143975.38
2025-05-31,2443,72303.78
2025-05-31,2444,68782.63
2025-05-31,2445,133149.54
2025-05-31,2446,157013.79
2025-05-31,2447,54293.54
2025-05-31,2448,192392.98
2025-05-31,2449,43810.09
2025-05-31,2450,251989.19
2025-05-31,2451,104535.55
2025-05-31,2452,239125.59
2025-05-31,2453,496607.73
2025-05-31,2454,119628.45
2025-05-31,2455,121762.07
2025-05-31,2456,57287.19
2025-05-31,2457,70854.1
2025-05-31,2458,319550.86
2025-05-31,2459,213827.67
2025-05-31,2460,68687.29
2025-05-31,2461,123424.79
2025-05-31,2462,64910.99
2025-05-31,2463,110795.16
2025-05-31,2464,116659.91
2025-05-31,2465,86127.42
2025-05-31,2466,813070.32
2025-05-31,2467,69362.36
2025-05-31,2468,492495.16
2025-05-31,2469,208295.42
2025-05-31,2470,279080.83
2025-05-31,2471,250843.47
2025-05-31,2472,182468.98
2025-05-31,2473,95831.29
2025-05-31,2474,90594.36
2025-05-31,2475,157194.16
2025-05-31,2476,143235.36
2025-05-31,2477,135726.94
2025-05-31,2478,134553.54
2025-05-31,2479,178482.78
2025-05-31,2480,257794.93
2025-05-31,2481,26976.05
2025-05-31,2482,104742.78
2025-05-31,2483,49202.44
2025-05-31,2484,122193.37
2025-05-31,2485,76218.13
2025-05-31,2486,178935.47
2025-05-31,2487,67596.25
2025-05-31,2488,138565.17
2025-05-31,2489,209415.38
2025-05-31,2490,276363.01
2025-05-31,2491,156993.46
2025-05-31,2492,152840.19
2025-05-31,2493,161575.43
2025-05-31,2494,46503.41
2025-05-31,2495,204727.42
2025-05-31,2496,146658.92
2025-05-31,2497,135456.72
2025-05-31,2498,157909.92
2025-05-31,2499,383409.35
2025-05-31,2500,124608.53
2025-05-31,2501,90123.73
2025-05-31,2502,200672.04
2025-05-31,2503,57517.28
2025-05-31,2504,132146.02
2025-05-31,2505,79937.2
2025-05-31,2506,105462.47
2025-05-31,2507,26555.07
2025-05-31,2508,150553.5
2025-05-31,2509,229193.8
2025-05-31,2510,24164.68
2025-05-31,2511,80810.99
2025-05-31,2512,150188.4
2025-05-31,2513,133166.9
2025-05-31,2514,65596.32
2025-05-31,2515,32425.56
2025-05-31,2516,180680.64
2025-05-31,2517,40248.68
2025-05-31,2518,79362.5
2025-05-31,2519,198035.09
2025-05-31,2520,75788.22
2025-05-31,2521,316790.2
2025-05-31,2522,57974.57
2025-05-31,2523,55345.97
2025-05-31,2524,123978.52
2025-05-31,2525,194202.32
2025-05-31,2526,36534.63
2025-05-31,2527,14809.05
2025-05-31,2528,13659.67
2025-05-31,2529,50923.57
2025-05-31,2530,80612.73
2025-05-31,2531,93302.8
2025-05-31,2532,97411.45
2025-05-31,2533,487140.83
2025-05-31,2534,66409.49
2025-05-31,2535,69007.55
2025-05-31,2536,221179.06
2025-05-31,2537,22208.55
2025-05-31,2538,84498.43
2025-05-31,2539,213448.69
2025-05-31,2540,407157.04
2025-05-31,2541,112954.77
2025-05-31,2542,217930.39
2025-05-31,2543,75501.08
2025-05-31,2544,156789.81
2025-05-31,2545,154099.99
2025-05-31,2546,127156.83
2025-05-31,2547,133694.57
2025-05-31,2548,44596.07
2025-05-31,2549,202991.14
2025-05-31,2550,511271.82
2025-05-31,2551,183381.94
2025-05-31,2552,70435.13
2025-05-31,2553,76329.9
2025-05-31,2554,61356.5
2025-05-31,2555,295656.05
2025-05-31,2556,222748.76
2025-05-31,2557,233518.71
2025-05-31,2558,75517.82
2025-05-31,2559,123982.12
2025-05-31,2560,182906.45
2025-05-31,2561,70063.68
2025-05-31,2562,34145.88
2025-05-31,2563,290610.4
2025-05-31,2564,423744.34
2025-05-31,2565,59697.96
2025-05-31,2566,205042.26
2025-05-31,2567,69933.27
2025-05-31,2568,139173.83
2025-05-31,2569,57792.12
2025-05-31,2570,89959.16
2025-05-31,2571,169122.5
2025-05-31,2572,137845.85
2025-05-31,2573,97489.45
2025-05-31,2574,182916.25
2025-05-31,2575,55706.57
2025-05-31,2576,192732.38
2025-05-31,2577,55855.06
2025-05-31,2578,35289.38
2025-05-31,2579,21412.06
2025-05-31,2580,85235.86
2025-05-31,2581,129788.72
2025-05-31,2582,123461.1
2025-05-31,2583,81112.31
2025-05-31,2584,127661.71
2025-05-31,2585,267021.54
2025-05-31,2586,36836.06
2025-05-31,2587,61055.79
2025-05-31,2588,176241.9
2025-05-31,2589,426500.97
2025-05-31,2590,111937.71
2025-05-31,2591,45478.24
2025-05-31,2592,177243.44
2025-05-31,2593,100420.15
2025-05-31,2594,104130.19
2025-05-31,2595,104691.67
2025-05-31,2596,173389.36
2025-05-31,2597,186665.34
2025-05-31,2598,1109555.67
2025-05-31,2599,44834.79
2025-05-31,2600,164493.0
2025-05-31,2601,184634.59
2025-05-31,2602,159180.68
2025-05-31,2603,124300.78
2025-05-31,2604,81179.36
2025-05-31,2605,165515.76
2025-05-31,2606,68147.7
2025-05-31,2607,43768.44
2025-05-31,2608,93195.06
2025-05-31,2609,120246.04
2025-05-31,2610,95272.9
2025-05-31,2611,202890.41
2025-05-31,2612,73325.85
2025-05-31,2613,77072.09
2025-05-31,2614,234485.73
2025-05-31,2615,404049.86
2025-05-31,2616,82760.11
2025-05-31,2617,157390.51
2025-05-31,2618,171035.02
2025-05-31,2619,71719.57
2025-05-31,2620,84215.51
2025-05-31,2621,167433.77
2025-05-31,2622,80191.98
2025-05-31,2623,211670.26
2025-05-31,2624,386003.28
2025-05-31,2625,67639.92
2025-05-31,2626,71668.0
2025-05-31,2627,282800.17
2025-05-31,2628,338395.36
2025-05-31,2629,92517.82
2025-05-31,2630,221192.08
2025-05-31,2631,72613.22
2025-05-31,2632,68544.88
2025-05-31,2633,464177.56
2025-05-31,2634,146682.79
2025-05-31,2635,140508.78
2025-05-31,2636,399430.31
2025-05-31,2637,128339.11
2025-05-31,2638,172174.15
2025-05-31,2639,217254.25
2025-05-31,2640,70424.18
2025-05-31,2641,105077.56
2025-05-31,2642,170627.24
2025-05-31,2643,74157.03
2025-05-31,2644,83670.79
2025-05-31,2645,69441.08
2025-05-31,2646,168244.3
2025-05-31,2647,271299.45
2025-05-31,2648,147156.45
2025-05-31,2649,170418.56
2025-05-31,2650,156621.94
2025-05-31,2651,128127.43
2025-05-31,2652,320776.01
2025-05-31,2653,62336.12
2025-05-31,2654,162341.45
2025-05-31,2655,68988.18
2025-05-31,2656,97809.37
2025-05-31,2657,14438.38
2025-05-31,2658,132010.21
2025-05-31,2659,122547.37
2025-05-31,2660,170064.33
2025-05-31,2661,200083.07
2025-05-31,2662,45130.33
2025-05-31,2663,83339.77
2025-05-31,2664,114412.34
2025-05-31,2665,139099.85
2025-05-31,2666,104721.7
2025-05-31,2667,179233.33
2025-05-31,2668,49269.04
2025-05-31,2669,121931.68
2025-05-31,2670,310492.95
2025-05-31,2671,43207.3
2025-05-31,2672,64279.87
2025-05-31,2673,195006.22
2025-05-31,2674,263402.1
2025-05-31,2675,103471.54
2025-05-31,2676,114054.25
2025-05-31,2677,281985.7
2025-05-31,2678,170321.08
2025-05-31,2679,286400.27
2025-05-31,2680,73300.82
2025-05-31,2681,77053.58
2025-05-31,2682,109182.87
2025-05-31,2683,190791.85
2025-05-31,2684,332491.34
2025-05-31,2685,133357.71
2025-05-31,2686,203130.07
2025-05-31,2687,303361.62
2025-05-31,2688,148957.62
2025-05-31,2689,120143.01
2025-05-31,2690,98007.89
2025-05-31,2691,96574.69
2025-05-31,2692,292703.67
2025-05-31,2693,250539.15
2025-05-31,2694,60645.56
2025-05-31,2695,167835.4
2025-05-31,2696,153052.84
2025-05-31,2697,137626.56
2025-05-31,2698,232972.54
2025-05-31,2699,202277.94
2025-05-31,2700,104798.27
2025-05-31,2701,52560.83
2025-05-31,2702,131233.38
2025-05-31,2703,469655.49
2025-05-31,2704,151048.98
2025-05-31,2705,95875.08
2025-05-31,2706,75345.07
2025-05-31,2707,225665.55
2025-05-31,2708,476595.61
2025-05-31,2709,41559.29
2025-05-31,2710,95710.43
2025-05-31,2711,499130.58
2025-05-31,2712,193027.22
2025-05-31,2713,76399.85
2025-05-31,2714,102144.5
2025-05-31,2715,637409.82
2025-05-31,2716,137534.77
2025-05-31,2717,111255.5
2025-05-31,2718,66863.27
2025-05-31,2719,156881.02
2025-05-31,2720,66806.07
2025-05-31,2721,429658.5
2025-05-31,2722,467928.7
2025-05-31,2723,260214.39
2025-05-31,2724,194108.96
2025-05-31,2725,22796.19
2025-05-31,2726,60420.13
2025-05-31,2727,61927.95
2025-05-31,2728,210895.87
2025-05-31,2729,321596.99
2025-05-31,2730,284448.93
2025-05-31,2731,163091.1
2025-05-31,2732,149380.89
2025-05-31,2733,325014.96
2025-05-31,2734,155581.98
2025-05-31,2735,185913.59
2025-05-31,2736,236993.96
2025-05-31,2737,337952.01
2025-05-31,2738,17074.66
2025-05-31,2739,528365.37
2025-05-31,2740,306636.85
2025-05-31,2741,235787.12
2025-05-31,2742,66818.84
2025-05-31,2743,161086.8
2025-05-31,2744,63146.57
2025-05-31,2745,140683.37
2025-05-31,2746,123396.08
2025-05-31,2747,69300.31
2025-05-31,2748,187762.38
2025-05-31,2749,556659.65
2025-05-31,2750,183677.54
2025-05-31,2751,259428.29
2025-05-31,2752,119734.73
2025-05-31,2753,323887.84
2025-05-31,2754,151627.81
2025-05-31,2755,148340.53
2025-05-31,2756,314703.63
2025-05-31,2757,155829.09
2025-05-31,2758,88444.8
2025-05-31,2759,40014.3
2025-05-31,2760,25521.15
2025-05-31,2761,296830.71
2025-05-31,2762,194883.7
2025-05-31,2763,99752.66
2025-05-31,2764,262620.08
2025-05-31,2765,108294.82
2025-05-31,2766,146195.18
2025-05-31,2767,121479.44
2025-05-31,2768,87719.41
2025-05-31,2769,129787.27
2025-05-31,2770,689560.1
2025-05-31,2771,52929.12
2025-05-31,2772,125554.84
2025-05-31,2773,325395.89
2025-05-31,2774,29988.52
2025-05-31,2775,161905.02
2025-05-31,2776,131353.77
2025-05-31,2777,38036.55
2025-05-31,2778,98228.43
2025-05-31,2779,267353.67
2025-05-31,2780,87824.18
2025-05-31,2781,212954.47
2025-05-31,2782,83068.21
2025-05-31,2783,260832.77
2025-05-31,2784,102813.58
2025-05-31,2785,63839.64
2025-05-31,2786,122921.78
2025-05-31,2787,176666.33
2025-05-31,2788,128557.72
2025-05-31,2789,73020.67
2025-05-31,2790,131676.56
2025-05-31,2791,220541.76
2025-05-31,2792,120123.04
2025-05-31,2793,258421.32
2025-05-31,2794,309198.1
2025-05-31,2795,114784.63
2025-05-31,2796,111671.03
2025-05-31,2797,146270.07
2025-05-31,2798,118329.25
2025-05-31,2799,511733.9
2025-05-31,2800,294640.16
2025-05-31,2801,226100.29
2025-05-31,2802,127780.99
2025-05-31,2803,115032.53
2025-05-31,2804,36251.18
2025-05-31,2805,69119.92
2025-05-31,2806,80710.8
2025-05-31,2807,66893.58
2025-05-31,2808,224962.84
2025-05-31,2809,973082.54
2025-05-31,2810,133410.8
2025-05-31,2811,84432.97
2025-05-31,2812,156160.26
2025-05-31,2813,122820.28
2025-05-31,2814,39457.92
2025-05-31,2815,110647.29
2025-05-31,2816,128468.25
2025-05-31,2817,303422.77
2025-05-31,2818,62001.48
2025-05-31,2819,110343.7
2025-05-31,2820,60637.54
2025-05-31,2821,72891.41
2025-05-31,2822,173846.04
2025-05-31,2823,37944.71
2025-05-31,2824,89991.65
2025-05-31,2825,165270.29
2025-05-31,2826,187515.95
2025-05-31,2827,41675.39
2025-05-31,2828,182370.58
2025-05-31,2829,87645.67
2025-05-31,2830,134046.17
2025-05-31,2831,344590.82
2025-05-31,2832,372582.02
2025-05-31,2833,111634.51
2025-05-31,2834,709875.42
2025-05-31,2835,271676.94
2025-05-31,2836,351264.02
2025-05-31,2837,37950.25
2025-05-31,2838,94701.02
2025-05-31,2839,134911.09
2025-05-31,2840,112817.0
2025-05-31,2841,131040.24
2025-05-31,2842,16473.47
2025-05-31,2843,188087.84
2025-05-31,2844,362252.41
2025-05-31,2845,299132.15
2025-05-31,2846,279897.95
2025-05-31,2847,152753.4
2025-05-31,2848,185704.31
2025-05-31,2849,30213.74
2025-05-31,2850,176889.74
2025-05-31,2851,479629.27
2025-05-31,2852,59581.74
2025-05-31,2853,91826.15
2025-05-31,2854,439572.58
2025-05-31,2855,263950.24
2025-05-31,2856,200499.72
2025-05-31,2857,176989.33
2025-05-31,2858,310071.3
2025-05-31,2859,103935.15
2025-05-31,2860,83903.86
2025-05-31,2861,66276.17
2025-05-31,2862,182813.32
2025-05-31,2863,98560.63
2025-05-31,2864,85291.56
2025-05-31,2865,78155.23
2025-05-31,2866,65649.77
2025-05-31,2867,82393.87
2025-05-31,2868,159115.59
2025-05-31,2869,125597.83
2025-05-31,2870,231667.9
2025-05-31,2871,175415.37
2025-05-31,2872,177798.09
2025-05-31,2873,344455.52
2025-05-31,2874,159957.54
2025-05-31,2875,102611.74
2025-05-31,2876,52805.72
2025-05-31,2877,88829.28
2025-05-31,2878,150069.7
2025-05-31,2879,107632.49
2025-05-31,2880,110538.74
2025-05-31,2881,89562.72
2025-05-31,2882,78737.79
2025-05-31,2883,93502.81
2025-05-31,2884,117781.87
2025-05-31,2885,110667.51
2025-05-31,2886,447953.31
2025-05-31,2887,66705.39
2025-05-31,2888,152082.16
2025-05-31,2889,187168.97
2025-05-31,2890,47581.99
2025-05-31,2891,69103.88
2025-05-31,2892,118950.72
2025-05-31,2893,115518.05
2025-05-31,2894,169059.08
2025-05-31,2895,83006.95
2025-05-31,2896,84116.45
2025-05-31,2897,32316.04
2025-05-31,2898,107739.49
2025-05-31,2899,84967.34
2025-05-31,2900,146910.08
2025-05-31,2901,299769.06
2025-05-31,2902,60528.98
2025-05-31,2903,168836.93
2025-05-31,2904,105976.99
2025-05-31,2905,113055.1
2025-05-31,2906,65828.95
2025-05-31,2907,188455.19
2025-05-31,2908,88850.46
2025-05-31,2909,102416.2
2025-05-31,2910,221399.03
2025-05-31,2911,207409.86
2025-05-31,2912,150731.15
2025-05-31,2913,118297.36
2025-05-31,2914,40206.42
2025-05-31,2915,31948.37
2025-05-31,2916,102664.06
2025-05-31,2917,59918.28
2025-05-31,2918,265354.56
2025-05-31,2919,133188.92
2025-05-31,2920,96396.33
2025-05-31,2921,262265.9
2025-05-31,2922,84954.37
2025-05-31,2923,86072.35
2025-05-31,2924,77582.78
2025-05-31,2925,323029.4
2025-05-31,2926,207991.84
2025-05-31,2927,93485.5
2025-05-31,2928,88719.44
2025-05-31,2929,130656.75
2025-05-31,2930,99945.0
2025-05-31,2931,34173.18
2025-05-31,2932,121943.24
2025-05-31,2933,54268.5
2025-05-31,2934,81118.77
2025-05-31,2935,42587.6
2025-05-31,2936,68947.4
2025-05-31,2937,34065.61
2025-05-31,2938,172522.79
2025-05-31,2939,172148.31
2025-05-31,2940,278253.05
2025-05-31,2941,493080.05
2025-05-31,2942,119806.17
2025-05-31,2943,166910.23
2025-05-31,2944,240386.49
2025-05-31,2945,280535.92
2025-05-31,2946,322018.61
2025-05-31,2947,106324.29
2025-05-31,2948,119179.57
2025-05-31,2949,73112.42
2025-05-31,2950,168797.17
2025-05-31,2951,640896.14
2025-05-31,2952,92026.74
2025-05-31,2953,87771.47
2025-05-31,2954,201879.14
2025-05-31,2955,143965.25
2025-05-31,2956,234354.94
2025-05-31,2957,82219.24
2025-05-31,2958,176155.23
2025-05-31,2959,88050.41
2025-05-31,2960,96701.85
2025-05-31,2961,38107.3
2025-05-31,2962,282470.09
2025-05-31,2963,193319.52
2025-05-31,2964,71560.43
2025-05-31,2965,232659.65
2025-05-31,2966,23072.5
2025-05-31,2967,108985.94
2025-05-31,2968,171430.83
2025-05-31,2969,130928.35
2025-05-31,2970,88902.78
2025-05-31,2971,171165.79
2025-05-31,2972,1212434.08
2025-05-31,2973,175089.05
2025-05-31,2974,158398.02
2025-05-31,2975,142324.41
2025-05-31,2976,166680.24
2025-05-31,2977,156624.23
2025-05-31,2978,64329.05
2025-05-31,2979,165415.94
2025-05-31,2980,98337.64
2025-05-31,2981,124178.64
2025-05-31,2982,219789.96
2025-05-31,2983,101589.41
2025-05-31,2984,180539.65
2025-05-31,2985,77084.86
2025-05-31,2986,99393.24
2025-05-31,2987,154088.38
2025-05-31,2988,178701.24
2025-05-31,2989,34965.55
2025-05-31,2990,93157.61
2025-05-31,2991,161421.53
2025-05-31,2992,204348.61
2025-05-31,2993,59696.48
2025-05-31,2994,121712.36
2025-05-31,2995,164092.73
2025-05-31,2996,213089.24
2025-05-31,2997,101301.0
2025-05-31,2998,85443.31
2025-05-31,2999,234893.11
2025-05-31,3000,184403.51
2025-05-31,3001,39892.21
2025-05-31,3002,143711.81
2025-05-31,3003,113259.3
2025-05-31,3004,39799.11
2025-05-31,3005,102084.54
2025-05-31,3006,142231.07
2025-05-31,3007,187434.79
2025-05-31,3008,504471.2
2025-05-31,3009,389599.97
2025-05-31,3010,63606.43
2025-05-31,3011,141981.44
2025-05-31,3012,408082.53
2025-05-31,3013,375384.65
2025-05-31,3014,92323.7
2025-05-31,3015,73513.8
2025-05-31,3016,171594.76
2025-05-31,3017,291840.04
2025-05-31,3018,176290.66
2025-05-31,3019,236158.51
2025-05-31,3020,538728.28
2025-05-31,3021,279718.7
2025-05-31,3022,133355.9
2025-05-31,3023,170119.62
2025-05-31,3024,58651.85
2025-05-31,3025,92260.75
2025-05-31,3026,174022.14
2025-05-31,3027,160061.49
2025-05-31,3028,75444.9
2025-05-31,3029,105691.16
2025-05-31,3030,151637.48
2025-05-31,3031,78318.02
2025-05-31,3032,74623.88
2025-05-31,3033,58314.7
2025-05-31,3034,88519.71
2025-05-31,3035,192070.81
2025-05-31,3036,183529.16
2025-05-31,3037,212374.56
2025-05-31,3038,235059.33
2025-05-31,3039,1330182.12
2025-05-31,3040,114624.26
2025-05-31,3041,91132.71
2025-05-31,3042,250488.42
2025-05-31,3043,73770.6
2025-05-31,3044,437786.35
2025-05-31,3045,212499.87
2025-05-31,3046,191310.85
2025-05-31,3047,233866.48
2025-05-31,3048,119848.12
2025-05-31,3049,82068.09
2025-05-31,3050,267994.58
2025-05-31,3051,40569.12
2025-05-31,3052,92269.92
2025-05-31,3053,110152.25
2025-05-31,3054,74481.14
2025-05-31,3055,166083.86
2025-05-31,3056,281120.77
2025-05-31,3057,253712.42
2025-05-31,3058,77568.2
2025-05-31,3059,383894.82
2025-05-31,3060,110473.01
2025-05-31,3061,153924.26
2025-05-31,3062,44039.63
2025-05-31,3063,247032.55
2025-05-31,3064,34392.63
2025-05-31,3065,127201.1
2025-05-31,3066,85691.96
2025-05-31,3067,74461.2
2025-05-31,3068,204923.77
2025-05-31,3069,40271.83
2025-05-31,3070,48731.91
2025-05-31,3071,141338.94
2025-05-31,3072,115879.93
2025-05-31,3073,309768.41
2025-05-31,3074,6198.34
2025-05-31,3075,90814.91
2025-05-31,3076,152306.35
2025-05-31,3077,140411.4
2025-05-31,3078,131188.03
2025-05-31,3079,80286.92
2025-05-31,3080,55524.06
2025-05-31,3081,59663.31
2025-05-31,3082,132931.38
2025-05-31,3083,200460.01
2025-05-31,3084,78530.69
2025-05-31,3085,82034.49
2025-05-31,3086,142365.04
2025-05-31,3087,130757.14
2025-05-31,3088,52550.55
2025-05-31,3089,69297.12
2025-05-31,3090,90405.81
2025-05-31,3091,263890.42
2025-05-31,3092,129607.35
2025-05-31,3093,820021.26
2025-05-31,3094,218251.6
2025-05-31,3095,403048.05
2025-05-31,3096,108503.76
2025-05-31,3097,102460.74
2025-05-31,3098,194605.97
2025-05-31,3099,130324.7
2025-05-31,3100,131798.53
2025-05-31,3101,111214.63
2025-05-31,3102,361692.04
2025-05-31,3103,181307.38
2025-05-31,3104,234035.19
2025-05-31,3105,118606.75
2025-05-31,3106,127084.99
2025-05-31,3107,368673.01
2025-05-31,3108,35796.84
2025-05-31,3109,69008.2
2025-05-31,3110,29785.56
2025-05-31,3111,102720.13
2025-05-31,3112,55985.71
2025-05-31,3113,158957.85
2025-05-31,3114,163674.88
2025-05-31,3115,137288.83
2025-05-31,3116,185110.54
2025-05-31,3117,208639.96
2025-05-31,3118,125737.09
2025-05-31,3119,78331.71
2025-05-31,3120,458178.36
2025-05-31,3121,34048.81
2025-05-31,3122,651.47
2025-05-31,3123,150507.93
2025-05-31,3124,213837.67
2025-05-31,3125,155019.86
2025-05-31,3126,118321.35
2025-05-31,3127,51206.48
2025-05-31,3128,50150.97
2025-05-31,3129,171100.49
2025-05-31,3130,222496.26
2025-05-31,3131,53632.46
2025-05-31,3132,416237.39
2025-05-31,3133,386468.27
2025-05-31,3134,381836.75
2025-05-31,3135,150690.25
2025-05-31,3136,266220.22
2025-05-31,3137,121418.6
2025-05-31,3138,179749.2
2025-05-31,3139,176071.17
2025-05-31,3140,59173.18
2025-05-31,3141,115406.86
2025-05-31,3142,101254.07
2025-05-31,3143,165393.8
2025-05-31,3144,128119.01
2025-05-31,3145,129989.15
2025-05-31,3146,127448.92
2025-05-31,3147,221431.38
2025-05-31,3148,144379.29
2025-05-31,3149,61006.38
2025-05-31,3150,298684.88
2025-05-31,3151,160148.04
2025-05-31,3152,57949.29
2025-05-31,3153,280891.79
2025-05-31,3154,53127.78
2025-05-31,3155,274038.95
2025-05-31,3156,222169.59
2025-05-31,3157,676181.73
2025-05-31,3158,218478.68
2025-05-31,3159,31474.01
2025-05-31,3160,438507.77
2025-05-31,3161,264354.36
2025-05-31,3162,93855.69
2025-05-31,3163,166724.51
2025-05-31,3164,172501.67
2025-05-31,3165,222463.46
2025-05-31,3166,83632.25
2025-05-31,3167,157088.49
2025-05-31,3168,187793.94
2025-05-31,3169,51265.28
2025-05-31,3170,63807.19
2025-05-31,3171,34450.55
2025-05-31,3172,113919.6
2025-05-31,3173,153878.4
2025-05-31,3174,88033.45
2025-05-31,3175,132242.78
2025-05-31,3176,473866.11
2025-05-31,3177,60783.62
2025-05-31,3178,231481.24
2025-05-31,3179,148388.0
2025-05-31,3180,153890.82
2025-05-31,3181,312396.21
2025-05-31,3182,10018.9
2025-05-31,3183,84453.12
2025-05-31,3184,134199.23
2025-05-31,3185,138694.57
2025-05-31,3186,181449.79
2025-05-31,3187,218372.36
2025-05-31,3188,296433.03
2025-05-31,3189,397527.08
2025-05-31,3190,39927.16
2025-05-31,3191,180878.35
2025-05-31,3192,142311.32
2025-05-31,3193,116111.16
2025-05-31,3194,203413.09
2025-05-31,3195,549761.07
2025-05-31,3196,287297.13
2025-05-31,3197,194512.76
2025-05-31,3198,449711.51
2025-05-31,3199,210938.0
2025-05-31,3200,145775.17
2025-06-30,1,228494.01
2025-06-30,2,91481.08
2025-06-30,3,79054.95
2025-06-30,4,74384.29
2025-06-30,5,199815.42
2025-06-30,6,109753.47
2025-06-30,7,116008.5
2025-06-30,8,93216.01
2025-06-30,9,89565.43
2025-06-30,10,23665.28
2025-06-30,11,53030.86
2025-06-30,12,156422.9
2025-06-30,13,107966.84
2025-06-30,14,137281.11
2025-06-30,15,58539.49
2025-06-30,16,76847.62
2025-06-30,17,128177.91
2025-06-30,18,169615.5
2025-06-30,19,442496.46
2025-06-30,20,55315.11
2025-06-30,21,68687.61
2025-06-30,22,87069.7
2025-06-30,23,101542.13
2025-06-30,24,125907.56
2025-06-30,25,130896.93
2025-06-30,26,117835.71
2025-06-30,27,349010.75
2025-06-30,28,120275.69
2025-06-30,29,81157.8
2025-06-30,30,181911.24
2025-06-30,31,273019.14
2025-06-30,32,38275.94
2025-06-30,33,257213.97
2025-06-30,34,56976.39
2025-06-30,35,78029.72
2025-06-30,36,121581.63
2025-06-30,37,160069.73
2025-06-30,38,178173.97
2025-06-30,39,900271.82
2025-06-30,40,45894.28
2025-06-30,41,377019.84
2025-06-30,42,63439.81
2025-06-30,43,109613.99
2025-06-30,44,209081.66
2025-06-30,45,125019.23
2025-06-30,46,127879.82
2025-06-30,47,300143.19
2025-06-30,48,89611.32
2025-06-30,49,186839.59
2025-06-30,50,114447.55
2025-06-30,51,148587.84
2025-06-30,52,186777.16
2025-06-30,53,476908.53
2025-06-30,54,373173.81
2025-06-30,55,136329.91
2025-06-30,56,81213.83
2025-06-30,57,491123.48
2025-06-30,58,236260.31
2025-06-30,59,256702.89
2025-06-30,60,169910.81
2025-06-30,61,77413.39
2025-06-30,62,212044.75
2025-06-30,63,75557.05
2025-06-30,64,175764.12
2025-06-30,65,404368.46
2025-06-30,66,206772.79
2025-06-30,67,167158.87
2025-06-30,68,117099.67
2025-06-30,69,245883.58
2025-06-30,70,252393.34
2025-06-30,71,94839.37
2025-06-30,72,147217.73
2025-06-30,73,118238.92
2025-06-30,74,27941.76
2025-06-30,75,93972.47
2025-06-30,76,101834.83
2025-06-30,77,175846.89
2025-06-30,78,47874.52
2025-06-30,79,165103.08
2025-06-30,80,281758.18
2025-06-30,81,235494.05
2025-06-30,82,149742.93
2025-06-30,83,190898.42
2025-06-30,84,30335.96
2025-06-30,85,18821.52
2025-06-30,86,178581.38
2025-06-30,87,66139.05
2025-06-30,88,259878.71
2025-06-30,89,59313.24
2025-06-30,90,141950.86
2025-06-30,91,96524.39
2025-06-30,92,141835.15
2025-06-30,93,265838.45
2025-06-30,94,393395.91
2025-06-30,95,179919.27
2025-06-30,96,128333.2
2025-06-30,97,187924.52
2025-06-30,98,60911.79
2025-06-30,99,193438.04
2025-06-30,100,82566.58
2025-06-30,101,564043.49
2025-06-30,102,108375.39
2025-06-30,103,62464.63
2025-06-30,104,93672.21
2025-06-30,105,462281.0
2025-06-30,106,283773.26
2025-06-30,107,68719.85
2025-06-30,108,69634.76
2025-06-30,109,54460.73
2025-06-30,110,19969.18
2025-06-30,111,412375.94
2025-06-30,112,105276.99
2025-06-30,113,68999.81
2025-06-30,114,287161.55
2025-06-30,115,125131.94
2025-06-30,116,38097.65
2025-06-30,117,225526.91
2025-06-30,118,228743.42
2025-06-30,119,224358.22
2025-06-30,120,149400.41
2025-06-30,121,128664.61
2025-06-30,122,72667.8
2025-06-30,123,88743.23
2025-06-30,124,154232.93
2025-06-30,125,66614.56
2025-06-30,126,176713.59
2025-06-30,127,55108.36
2025-06-30,128,192838.52
2025-06-30,129,105649.4
2025-06-30,130,69762.38
2025-06-30,131,40976.49
2025-06-30,132,106976.48
2025-06-30,133,94177.05
2025-06-30,134,152130.94
2025-06-30,135,55608.74
2025-06-30,136,8226.21
2025-06-30,137,152615.59
2025-06-30,138,74548.17
2025-06-30,139,204082.38
2025-06-30,140,148976.52
2025-06-30,141,326695.15
2025-06-30,142,192133.43
2025-06-30,143,69305.97
2025-06-30,144,113164.16
2025-06-30,145,152298.96
2025-06-30,146,296156.34
2025-06-30,147,119049.98
2025-06-30,148,82086.33
2025-06-30,149,343659.95
2025-06-30,150,106920.95
2025-06-30,151,47502.39
2025-06-30,152,612629.18
2025-06-30,153,112457.78
2025-06-30,154,95074.44
2025-06-30,155,61179.95
2025-06-30,156,142890.32
2025-06-30,157,98936.24
2025-06-30,158,125790.17
2025-06-30,159,77794.68
2025-06-30,160,61977.31
2025-06-30,161,186792.31
2025-06-30,162,187698.82
2025-06-30,163,233705.75
2025-06-30,164,210480.16
2025-06-30,165,167839.52
2025-06-30,166,18227.06
2025-06-30,167,418358.73
2025-06-30,168,128987.89
2025-06-30,169,190622.56
2025-06-30,170,383247.33
2025-06-30,171,235339.32
2025-06-30,172,69950.57
2025-06-30,173,88362.98
2025-06-30,174,414423.08
2025-06-30,175,182062.11
2025-06-30,176,92040.03
2025-06-30,177,60793.34
2025-06-30,178,176825.6
2025-06-30,179,299709.5
2025-06-30,180,184180.33
2025-06-30,181,252300.9
2025-06-30,182,46756.86
2025-06-30,183,105365.02
2025-06-30,184,53865.42
2025-06-30,185,128239.02
2025-06-30,186,320725.16
2025-06-30,187,83184.54
2025-06-30,188,155971.51
2025-06-30,189,39164.72
2025-06-30,190,186706.48
2025-06-30,191,24650.24
2025-06-30,192,79733.55
2025-06-30,193,128888.74
2025-06-30,194,180998.62
2025-06-30,195,85252.47
2025-06-30,196,247021.87
2025-06-30,197,319607.06
2025-06-30,198,450246.47
2025-06-30,199,30837.78
2025-06-30,200,68811.12
2025-06-30,201,54808.27
2025-06-30,202,255743.06
2025-06-30,203,105033.9
2025-06-30,204,283405.99
2025-06-30,205,40382.75
2025-06-30,206,146966.54
2025-06-30,207,208711.76
2025-06-30,208,307387.07
2025-06-30,209,275872.46
2025-06-30,210,140974.18
2025-06-30,211,169143.35
2025-06-30,212,484100.55
2025-06-30,213,103153.88
2025-06-30,214,182343.32
2025-06-30,215,157890.13
2025-06-30,216,439748.0
2025-06-30,217,148892.28
2025-06-30,218,157027.7
2025-06-30,219,184651.74
2025-06-30,220,213623.85
2025-06-30,221,88991.92
2025-06-30,222,94913.28
2025-06-30,223,85414.7
2025-06-30,224,163384.13
2025-06-30,225,288808.58
2025-06-30,226,191853.11
2025-06-30,227,7499.23
2025-06-30,228,74023.12
2025-06-30,229,168806.11
2025-06-30,230,337295.44
2025-06-30,231,208801.36
2025-06-30,232,120089.18
2025-06-30,233,139080.42
2025-06-30,234,157727.07
2025-06-30,235,216105.83
2025-06-30,236,64494.9
2025-06-30,237,331883.66
2025-06-30,238,17784.66
2025-06-30,239,3570.61
2025-06-30,240,253402.53
2025-06-30,241,183282.29
2025-06-30,242,416274.02
2025-06-30,243,57915.84
2025-06-30,244,108460.1
2025-06-30,245,199723.3
2025-06-30,246,16743.78
2025-06-30,247,16144.83
2025-06-30,248,40135.98
2025-06-30,249,92901.33
2025-06-30,250,147277.81
2025-06-30,251,45085.54
2025-06-30,252,127355.21
2025-06-30,253,76920.79
2025-06-30,254,212315.41
2025-06-30,255,149143.85
2025-06-30,256,123682.67
2025-06-30,257,61500.58
2025-06-30,258,15237.01
2025-06-30,259,160916.72
2025-06-30,260,144467.97
2025-06-30,261,87004.72
2025-06-30,262,254097.91
2025-06-30,263,136980.04
2025-06-30,264,67972.52
2025-06-30,265,204982.84
2025-06-30,266,90953.3
2025-06-30,267,85797.1
2025-06-30,268,27106.55
2025-06-30,269,109703.14
2025-06-30,270,75118.94
2025-06-30,271,105604.32
2025-06-30,272,224683.11
2025-06-30,273,158221.82
2025-06-30,274,165150.5
2025-06-30,275,507698.54
2025-06-30,276,180345.55
2025-06-30,277,153263.73
2025-06-30,278,320250.69
2025-06-30,279,315575.18
2025-06-30,280,109848.16
2025-06-30,281,85839.68
2025-06-30,282,172977.77
2025-06-30,283,52300.39
2025-06-30,284,17003.95
2025-06-30,285,213549.2
2025-06-30,286,347207.25
2025-06-30,287,602661.79
2025-06-30,288,77752.9
2025-06-30,289,203714.09
2025-06-30,290,88689.84
2025-06-30,291,342827.61
2025-06-30,292,217371.04
2025-06-30,293,186478.39
2025-06-30,294,52602.81
2025-06-30,295,253166.43
2025-06-30,296,132449.82
2025-06-30,297,257271.98
2025-06-30,298,413177.48
2025-06-30,299,143479.7
2025-06-30,300,65817.24
2025-06-30,301,82131.21
2025-06-30,302,200025.74
2025-06-30,303,121682.56
2025-06-30,304,198895.72
2025-06-30,305,215443.66
2025-06-30,306,217410.02
2025-06-30,307,231057.23
2025-06-30,308,19851.89
2025-06-30,309,113295.55
2025-06-30,310,163445.05
2025-06-30,311,56551.97
2025-06-30,312,118113.69
2025-06-30,313,133277.73
2025-06-30,314,117359.73
2025-06-30,315,205872.53
2025-06-30,316,86488.41
2025-06-30,317,84829.03
2025-06-30,318,111526.57
2025-06-30,319,119128.85
2025-06-30,320,83951.45
2025-06-30,321,275409.67
2025-06-30,322,65523.36
2025-06-30,323,309985.03
2025-06-30,324,251469.79
2025-06-30,325,140814.56
2025-06-30,326,250967.65
2025-06-30,327,191625.49
2025-06-30,328,64226.87
2025-06-30,329,271605.26
2025-06-30,330,79847.11
2025-06-30,331,31660.72
2025-06-30,332,131795.31
2025-06-30,333,185154.4
2025-06-30,334,166521.93
2025-06-30,335,56313.36
2025-06-30,336,337516.56
2025-06-30,337,213620.68
2025-06-30,338,58422.9
2025-06-30,339,73794.14
2025-06-30,340,302941.18
2025-06-30,341,77920.07
2025-06-30,342,199010.36
2025-06-30,343,198324.73
2025-06-30,344,95823.59
2025-06-30,345,126730.8
2025-06-30,346,281307.08
2025-06-30,347,173178.03
2025-06-30,348,52702.77
2025-06-30,349,116029.57
2025-06-30,350,130503.34
2025-06-30,351,329813.8
2025-06-30,352,198825.48
2025-06-30,353,90996.85
2025-06-30,354,175032.56
2025-06-30,355,140233.0
2025-06-30,356,102103.54
2025-06-30,357,35424.32
2025-06-30,358,92740.21
2025-06-30,359,101304.5
2025-06-30,360,159485.16
2025-06-30,361,188344.31
2025-06-30,362,76396.5
2025-06-30,363,49796.3
2025-06-30,364,243223.19
2025-06-30,365,399306.67
2025-06-30,366,78624.93
2025-06-30,367,233069.5
2025-06-30,368,176249.21
2025-06-30,369,200799.66
2025-06-30,370,108657.73
2025-06-30,371,192151.52
2025-06-30,372,117590.85
2025-06-30,373,96030.15
2025-06-30,374,239813.44
2025-06-30,375,126073.66
2025-06-30,376,33642.79
2025-06-30,377,479757.31
2025-06-30,378,105346.73
2025-06-30,379,181267.43
2025-06-30,380,49003.58
2025-06-30,381,33335.19
2025-06-30,382,184439.76
2025-06-30,383,88415.84
2025-06-30,384,143219.17
2025-06-30,385,64401.19
2025-06-30,386,62691.25
2025-06-30,387,335384.02
2025-06-30,388,200397.96
2025-06-30,389,326512.23
2025-06-30,390,257770.32
2025-06-30,391,544831.68
2025-06-30,392,177054.62
2025-06-30,393,330600.96
2025-06-30,394,295732.88
2025-06-30,395,179119.79
2025-06-30,396,123732.0
2025-06-30,397,164214.93
2025-06-30,398,556418.24
2025-06-30,399,106212.99
2025-06-30,400,239503.43
2025-06-30,401,197403.58
2025-06-30,402,125145.12
2025-06-30,403,146961.86
2025-06-30,404,216240.36
2025-06-30,405,257503.35
2025-06-30,406,113398.11
2025-06-30,407,46156.89
2025-06-30,408,109301.42
2025-06-30,409,77691.55
2025-06-30,410,217795.46
2025-06-30,411,106172.48
2025-06-30,412,335815.39
2025-06-30,413,105215.71
2025-06-30,414,540287.01
2025-06-30,415,102352.0
2025-06-30,416,188233.38
2025-06-30,417,34761.99
2025-06-30,418,418759.59
2025-06-30,419,88545.45
2025-06-30,420,174618.42
2025-06-30,421,4431.43
2025-06-30,422,3164.72
2025-06-30,423,60117.19
2025-06-30,424,385749.43
2025-06-30,425,308985.0
2025-06-30,426,166438.23
2025-06-30,427,109108.03
2025-06-30,428,71168.71
2025-06-30,429,69483.04
2025-06-30,430,290277.73
2025-06-30,431,192465.92
2025-06-30,432,176498.2
2025-06-30,433,59952.28
2025-06-30,434,141024.85
2025-06-30,435,17326.33
2025-06-30,436,375977.25
2025-06-30,437,110965.44
2025-06-30,438,56074.92
2025-06-30,439,158404.04
2025-06-30,440,203746.37
2025-06-30,441,223771.04
2025-06-30,442,260412.3
2025-06-30,443,359386.29
2025-06-30,444,57641.24
2025-06-30,445,425641.36
2025-06-30,446,371173.94
2025-06-30,447,93409.43
2025-06-30,448,84802.9
2025-06-30,449,386187.13
2025-06-30,450,88761.08
2025-06-30,451,124311.72
2025-06-30,452,229870.45
2025-06-30,453,73466.9
2025-06-30,454,67930.25
2025-06-30,455,74695.04
2025-06-30,456,119616.23
2025-06-30,457,43727.39
2025-06-30,458,337690.53
2025-06-30,459,300840.21
2025-06-30,460,94668.13
2025-06-30,461,123765.07
2025-06-30,462,70975.79
2025-06-30,463,428658.24
2025-06-30,464,32699.9
2025-06-30,465,68061.46
2025-06-30,466,286637.99
2025-06-30,467,176842.54
2025-06-30,468,53887.13
2025-06-30,469,376461.33
2025-06-30,470,45778.99
2025-06-30,471,307554.25
2025-06-30,472,81312.79
2025-06-30,473,109700.77
2025-06-30,474,155769.22
2025-06-30,475,110230.36
2025-06-30,476,107252.64
2025-06-30,477,352214.04
2025-06-30,478,103386.98
2025-06-30,479,108238.5
2025-06-30,480,127492.9
2025-06-30,481,18900.09
2025-06-30,482,276092.04
2025-06-30,483,439276.86
2025-06-30,484,38149.02
2025-06-30,485,171919.77
2025-06-30,486,53100.36
2025-06-30,487,37287.31
2025-06-30,488,52627.07
2025-06-30,489,274874.42
2025-06-30,490,70723.54
2025-06-30,491,172617.09
2025-06-30,492,78284.84
2025-06-30,493,65594.62
2025-06-30,494,147276.27
2025-06-30,495,169159.18
2025-06-30,496,189161.35
2025-06-30,497,545944.66
2025-06-30,498,32165.22
2025-06-30,499,521157.34
2025-06-30,500,115571.15
2025-06-30,501,190173.93
2025-06-30,502,314545.99
2025-06-30,503,53027.02
2025-06-30,504,121701.03
2025-06-30,505,135315.88
2025-06-30,506,213080.89
2025-06-30,507,129579.22
2025-06-30,508,94674.58
2025-06-30,509,165377.53
2025-06-30,510,89639.63
2025-06-30,511,108955.52
2025-06-30,512,88560.19
2025-06-30,513,337125.78
2025-06-30,514,150928.21
2025-06-30,515,131696.26
2025-06-30,516,266587.38
2025-06-30,517,108112.93
2025-06-30,518,540795.06
2025-06-30,519,180961.27
2025-06-30,520,214252.57
2025-06-30,521,66231.7
2025-06-30,522,24180.06
2025-06-30,523,62967.46
2025-06-30,524,106808.47
2025-06-30,525,148536.56
2025-06-30,526,126443.61
2025-06-30,527,80968.87
2025-06-30,528,163881.16
2025-06-30,529,449581.4
2025-06-30,530,72790.05
2025-06-30,531,250061.2
2025-06-30,532,207130.64
2025-06-30,533,85669.65
2025-06-30,534,138176.23
2025-06-30,535,20783.02
2025-06-30,536,142754.87
2025-06-30,537,71754.69
2025-06-30,538,125240.07
2025-06-30,539,137426.7
2025-06-30,540,267796.66
2025-06-30,541,89332.89
2025-06-30,542,201078.11
2025-06-30,543,302364.77
2025-06-30,544,259191.93
2025-06-30,545,271578.26
2025-06-30,546,202899.27
2025-06-30,547,71253.42
2025-06-30,548,75633.8
2025-06-30,549,58893.2
2025-06-30,550,161916.49
2025-06-30,551,106981.89
2025-06-30,552,54860.34
2025-06-30,553,65025.55
2025-06-30,554,98512.71
2025-06-30,555,106586.28
2025-06-30,556,365294.56
2025-06-30,557,55946.06
2025-06-30,558,110968.75
2025-06-30,559,143673.0
2025-06-30,560,66308.44
2025-06-30,561,287771.23
2025-06-30,562,214616.65
2025-06-30,563,117320.26
2025-06-30,564,192939.4
2025-06-30,565,57075.33
2025-06-30,566,126041.54
2025-06-30,567,266001.74
2025-06-30,568,144892.4
2025-06-30,569,192945.23
2025-06-30,570,32381.0
2025-06-30,571,199869.04
2025-06-30,572,131240.6
2025-06-30,573,177340.04
2025-06-30,574,148700.35
2025-06-30,575,60749.65
2025-06-30,576,80411.91
2025-06-30,577,134881.4
2025-06-30,578,238771.36
2025-06-30,579,254839.08
2025-06-30,580,73842.26
2025-06-30,581,339479.11
2025-06-30,582,290439.92
2025-06-30,583,187029.73
2025-06-30,584,81991.61
2025-06-30,585,11402.24
2025-06-30,586,106415.33
2025-06-30,587,336220.16
2025-06-30,588,92590.77
2025-06-30,589,280688.69
2025-06-30,590,51278.18
2025-06-30,591,160534.41
2025-06-30,592,130900.12
2025-06-30,593,165363.42
2025-06-30,594,319026.65
2025-06-30,595,108790.29
2025-06-30,596,94072.96
2025-06-30,597,43987.33
2025-06-30,598,292538.76
2025-06-30,599,58143.27
2025-06-30,600,152086.07
2025-06-30,601,95840.61
2025-06-30,602,757626.86
2025-06-30,603,252861.23
2025-06-30,604,47312.1
2025-06-30,605,124056.87
2025-06-30,606,116133.61
2025-06-30,607,524208.82
2025-06-30,608,62390.6
2025-06-30,609,102085.61
2025-06-30,610,95471.56
2025-06-30,611,75812.16
2025-06-30,612,250954.66
2025-06-30,613,115841.81
2025-06-30,614,219893.58
2025-06-30,615,93741.55
2025-06-30,616,61747.64
2025-06-30,617,189658.86
2025-06-30,618,273496.63
2025-06-30,619,304351.68
2025-06-30,620,81744.21
2025-06-30,621,236066.86
2025-06-30,622,47262.1
2025-06-30,623,163869.45
2025-06-30,624,201225.32
2025-06-30,625,239933.48
2025-06-30,626,134562.17
2025-06-30,627,187420.18
2025-06-30,628,222031.64
2025-06-30,629,144380.93
2025-06-30,630,132390.89
2025-06-30,631,40381.25
2025-06-30,632,91099.17
2025-06-30,633,131009.25
2025-06-30,634,110839.47
2025-06-30,635,90995.54
2025-06-30,636,65602.07
2025-06-30,637,1038691.77
2025-06-30,638,57987.7
2025-06-30,639,114906.32
2025-06-30,640,214005.49
2025-06-30,641,68835.36
2025-06-30,642,167796.14
2025-06-30,643,83212.07
2025-06-30,644,155113.18
2025-06-30,645,503371.72
2025-06-30,646,101069.85
2025-06-30,647,87921.13
2025-06-30,648,171072.29
2025-06-30,649,174935.22
2025-06-30,650,175503.22
2025-06-30,651,133270.43
2025-06-30,652,142562.69
2025-06-30,653,48690.27
2025-06-30,654,618147.93
2025-06-30,655,218230.44
2025-06-30,656,113652.5
2025-06-30,657,65116.47
2025-06-30,658,159285.96
2025-06-30,659,219034.18
2025-06-30,660,128013.21
2025-06-30,661,66499.14
2025-06-30,662,46673.18
2025-06-30,663,123094.79
2025-06-30,664,112787.75
2025-06-30,665,120313.84
2025-06-30,666,245002.36
2025-06-30,667,53017.9
2025-06-30,668,120434.34
2025-06-30,669,16783.65
2025-06-30,670,166814.28
2025-06-30,671,38729.7
2025-06-30,672,142808.51
2025-06-30,673,88601.27
2025-06-30,674,161837.72
2025-06-30,675,125361.14
2025-06-30,676,428568.81
2025-06-30,677,98137.16
2025-06-30,678,113961.52
2025-06-30,679,17749.46
2025-06-30,680,118225.77
2025-06-30,681,45198.94
2025-06-30,682,110753.58
2025-06-30,683,31995.99
2025-06-30,684,89675.67
2025-06-30,685,203229.56
2025-06-30,686,134398.32
2025-06-30,687,139601.42
2025-06-30,688,114373.22
2025-06-30,689,168134.11
2025-06-30,690,150663.51
2025-06-30,691,156585.45
2025-06-30,692,50884.18
2025-06-30,693,65304.58
2025-06-30,694,80755.67
2025-06-30,695,435458.53
2025-06-30,696,41940.58
2025-06-30,697,176594.57
2025-06-30,698,46600.74
2025-06-30,699,181508.52
2025-06-30,700,114324.56
2025-06-30,701,94724.78
2025-06-30,702,64796.35
2025-06-30,703,96370.79
2025-06-30,704,118939.76
2025-06-30,705,90201.61
2025-06-30,706,470781.58
2025-06-30,707,126576.63
2025-06-30,708,286827.45
2025-06-30,709,2262.25
2025-06-30,710,189116.71
2025-06-30,711,130793.18
2025-06-30,712,110661.19
2025-06-30,713,127498.5
2025-06-30,714,802963.07
2025-06-30,715,257852.53
2025-06-30,716,123334.91
2025-06-30,717,157522.61
2025-06-30,718,365434.65
2025-06-30,719,25488.97
2025-06-30,720,82090.17
2025-06-30,721,20329.73
2025-06-30,722,180193.53
2025-06-30,723,313543.27
2025-06-30,724,29616.41
2025-06-30,725,161672.85
2025-06-30,726,170986.55
2025-06-30,727,127037.49
2025-06-30,728,81696.78
2025-06-30,729,245472.51
2025-06-30,730,180548.54
2025-06-30,731,99462.56
2025-06-30,732,116797.24
2025-06-30,733,271304.15
2025-06-30,734,107068.89
2025-06-30,735,120445.87
2025-06-30,736,525865.63
2025-06-30,737,55901.11
2025-06-30,738,155141.44
2025-06-30,739,74329.99
2025-06-30,740,173690.68
2025-06-30,741,345292.26
2025-06-30,742,90318.03
2025-06-30,743,57822.25
2025-06-30,744,74268.41
2025-06-30,745,143425.09
2025-06-30,746,197366.26
2025-06-30,747,164614.4
2025-06-30,748,76601.69
2025-06-30,749,96950.28
2025-06-30,750,83100.13
2025-06-30,751,186864.11
2025-06-30,752,139899.13
2025-06-30,753,47774.81
2025-06-30,754,107672.43
2025-06-30,755,87119.37
2025-06-30,756,121213.82
2025-06-30,757,363368.38
2025-06-30,758,392730.6
2025-06-30,759,82949.13
2025-06-30,760,236977.59
2025-06-30,761,109981.1
2025-06-30,762,75456.8
2025-06-30,763,128711.18
2025-06-30,764,85589.82
2025-06-30,765,79148.49
2025-06-30,766,143749.24
2025-06-30,767,113420.61
2025-06-30,768,77878.9
2025-06-30,769,234844.65
2025-06-30,770,179403.03
2025-06-30,771,295780.0
2025-06-30,772,110309.05
2025-06-30,773,114404.53
2025-06-30,774,52403.32
2025-06-30,775,142254.49
2025-06-30,776,188340.69
2025-06-30,777,534265.65
2025-06-30,778,41584.52
2025-06-30,779,278934.68
2025-06-30,780,361165.35
2025-06-30,781,36383.07
2025-06-30,782,143898.0
2025-06-30,783,86977.76
2025-06-30,784,76175.59
2025-06-30,785,13252.44
2025-06-30,786,221286.13
2025-06-30,787,250548.3
2025-06-30,788,306904.52
2025-06-30,789,50038.63
2025-06-30,790,153446.73
2025-06-30,791,133571.93
2025-06-30,792,65880.36
2025-06-30,793,323115.24
2025-06-30,794,94744.62
2025-06-30,795,135723.26
2025-06-30,796,523625.53
2025-06-30,797,68318.65
2025-06-30,798,197000.71
2025-06-30,799,500654.64
2025-06-30,800,140808.63
2025-06-30,801,279275.83
2025-06-30,802,55071.57
2025-06-30,803,169270.07
2025-06-30,804,120157.34
2025-06-30,805,93549.15
2025-06-30,806,132070.43
2025-06-30,807,64475.79
2025-06-30,808,176652.33
2025-06-30,809,83080.75
2025-06-30,810,153588.47
2025-06-30,811,111549.89
2025-06-30,812,106294.98
2025-06-30,813,45946.26
2025-06-30,814,504878.64
2025-06-30,815,223714.02
2025-06-30,816,427549.64
2025-06-30,817,124808.8
2025-06-30,818,150583.12
2025-06-30,819,113699.35
2025-06-30,820,184053.14
2025-06-30,821,104448.32
2025-06-30,822,240676.85
2025-06-30,823,259237.74
2025-06-30,824,205181.67
2025-06-30,825,233177.14
2025-06-30,826,271754.19
2025-06-30,827,261488.24
2025-06-30,828,93882.18
2025-06-30,829,395344.45
2025-06-30,830,149051.9
2025-06-30,831,236274.38
2025-06-30,832,54521.67
2025-06-30,833,443061.49
2025-06-30,834,197353.42
2025-06-30,835,93689.0
2025-06-30,836,367333.93
2025-06-30,837,151386.87
2025-06-30,838,334264.26
2025-06-30,839,150362.78
2025-06-30,840,57041.83
2025-06-30,841,411800.38
2025-06-30,842,86921.59
2025-06-30,843,81668.29
2025-06-30,844,88355.79
2025-06-30,845,243115.01
2025-06-30,846,189595.12
2025-06-30,847,123126.19
2025-06-30,848,65249.66
2025-06-30,849,83060.64
2025-06-30,850,86803.79
2025-06-30,851,43576.45
2025-06-30,852,627306.66
2025-06-30,853,85037.51
2025-06-30,854,53783.01
2025-06-30,855,141796.97
2025-06-30,856,90799.19
2025-06-30,857,122745.96
2025-06-30,858,138267.32
2025-06-30,859,219668.37
2025-06-30,860,35496.41
2025-06-30,861,177707.11
2025-06-30,862,94759.79
2025-06-30,863,202393.09
2025-06-30,864,995513.45
2025-06-30,865,26866.01
2025-06-30,866,79621.84
2025-06-30,867,100420.9
2025-06-30,868,169287.55
2025-06-30,869,136791.86
2025-06-30,870,56892.46
2025-06-30,871,89836.61
2025-06-30,872,93831.73
2025-06-30,873,75034.72
2025-06-30,874,87696.74
2025-06-30,875,110630.32
2025-06-30,876,403647.63
2025-06-30,877,205793.22
2025-06-30,878,78771.94
2025-06-30,879,143741.23
2025-06-30,880,51480.44
2025-06-30,881,135082.33
2025-06-30,882,228144.22
2025-06-30,883,265119.36
2025-06-30,884,391667.14
2025-06-30,885,144086.64
2025-06-30,886,36733.85
2025-06-30,887,35201.64
2025-06-30,888,96554.17
2025-06-30,889,354596.37
2025-06-30,890,192593.03
2025-06-30,891,154000.89
2025-06-30,892,278342.67
2025-06-30,893,254889.77
2025-06-30,894,187296.52
2025-06-30,895,183531.51
2025-06-30,896,391972.43
2025-06-30,897,246546.88
2025-06-30,898,102803.78
2025-06-30,899,70270.24
2025-06-30,900,166846.65
2025-06-30,901,103924.85
2025-06-30,902,367576.86
2025-06-30,903,371739.27
2025-06-30,904,38454.69
2025-06-30,905,264296.54
2025-06-30,906,43343.62
2025-06-30,907,116181.67
2025-06-30,908,72392.96
2025-06-30,909,59766.95
2025-06-30,910,133035.36
2025-06-30,911,58079.8
2025-06-30,912,250912.84
2025-06-30,913,553257.76
2025-06-30,914,86026.43
2025-06-30,915,115448.76
2025-06-30,916,117408.99
2025-06-30,917,150609.8
2025-06-30,918,98874.69
2025-06-30,919,60370.96
2025-06-30,920,230965.97
2025-06-30,921,102326.34
2025-06-30,922,107701.62
2025-06-30,923,131564.63
2025-06-30,924,49966.9
2025-06-30,925,114908.46
2025-06-30,926,141617.82
2025-06-30,927,121328.68
2025-06-30,928,229539.47
2025-06-30,929,315790.14
2025-06-30,930,314147.22
2025-06-30,931,165954.31
2025-06-30,932,169073.91
2025-06-30,933,64190.35
2025-06-30,934,74238.83
2025-06-30,935,289111.88
2025-06-30,936,256991.73
2025-06-30,937,57705.79
2025-06-30,938,87856.5
2025-06-30,939,38471.84
2025-06-30,940,192421.88
2025-06-30,941,106636.96
2025-06-30,942,185538.83
2025-06-30,943,145007.94
2025-06-30,944,127858.33
2025-06-30,945,112873.89
2025-06-30,946,152374.76
2025-06-30,947,805285.25
2025-06-30,948,172835.96
2025-06-30,949,76318.03
2025-06-30,950,258698.95
2025-06-30,951,324904.63
2025-06-30,952,78397.68
2025-06-30,953,89462.12
2025-06-30,954,266722.56
2025-06-30,955,141244.15
2025-06-30,956,117574.74
2025-06-30,957,258508.67
2025-06-30,958,184565.04
2025-06-30,959,306165.21
2025-06-30,960,252323.0
2025-06-30,961,266051.81
2025-06-30,962,112428.22
2025-06-30,963,72686.6
2025-06-30,964,107808.09
2025-06-30,965,169115.07
2025-06-30,966,277889.72
2025-06-30,967,168417.89
2025-06-30,968,257309.16
2025-06-30,969,290598.05
2025-06-30,970,178637.51
2025-06-30,971,100557.57
2025-06-30,972,142983.08
2025-06-30,973,58306.22
2025-06-30,974,113702.14
2025-06-30,975,32957.07
2025-06-30,976,335431.16
2025-06-30,977,175969.03
2025-06-30,978,142664.4
2025-06-30,979,85705.04
2025-06-30,980,98890.36
2025-06-30,981,79354.07
2025-06-30,982,90481.98
2025-06-30,983,144231.41
2025-06-30,984,83664.08
2025-06-30,985,34804.56
2025-06-30,986,78046.09
2025-06-30,987,95011.96
2025-06-30,988,161135.47
2025-06-30,989,75109.93
2025-06-30,990,226807.45
2025-06-30,991,227513.54
2025-06-30,992,88643.23
2025-06-30,993,127360.94
2025-06-30,994,151561.21
2025-06-30,995,34759.6
2025-06-30,996,762467.64
2025-06-30,997,484600.33
2025-06-30,998,190828.13
2025-06-30,999,141823.21
2025-06-30,1000,75031.86
2025-06-30,1001,109009.26
2025-06-30,1002,270135.11
2025-06-30,1003,157662.31
2025-06-30,1004,123410.79
2025-06-30,1005,167383.54
2025-06-30,1006,25514.27
2025-06-30,1007,79413.93
2025-06-30,1008,211117.17
2025-06-30,1009,195834.01
2025-06-30,1010,124901.43
2025-06-30,1011,172136.26
2025-06-30,1012,11210.55
2025-06-30,1013,77089.76
2025-06-30,1014,49744.14
2025-06-30,1015,132784.85
2025-06-30,1016,345492.19
2025-06-30,1017,167564.95
2025-06-30,1018,100609.36
2025-06-30,1019,120529.76
2025-06-30,1020,118785.98
2025-06-30,1021,53401.91
2025-06-30,1022,395106.56
2025-06-30,1023,104566.34
2025-06-30,1024,9390.74
2025-06-30,1025,122185.24
2025-06-30,1026,52313.39
2025-06-30,1027,69377.99
2025-06-30,1028,240781.79
2025-06-30,1029,220519.65
2025-06-30,1030,104065.89
2025-06-30,1031,263662.81
2025-06-30,1032,303775.24
2025-06-30,1033,100123.83
2025-06-30,1034,316810.76
2025-06-30,1035,112660.25
2025-06-30,1036,226514.79
2025-06-30,1037,144603.17
2025-06-30,1038,374205.74
2025-06-30,1039,79206.57
2025-06-30,1040,106041.99
2025-06-30,1041,115591.93
2025-06-30,1042,156769.15
2025-06-30,1043,84381.85
2025-06-30,1044,196010.39
2025-06-30,1045,104151.94
2025-06-30,1046,438057.9
2025-06-30,1047,116882.38
2025-06-30,1048,223111.85
2025-06-30,1049,517790.83
2025-06-30,1050,77092.72
2025-06-30,1051,65395.29
2025-06-30,1052,644373.08
2025-06-30,1053,95872.19
2025-06-30,1054,375262.24
2025-06-30,1055,95462.99
2025-06-30,1056,150602.75
2025-06-30,1057,149096.83
2025-06-30,1058,211805.8
2025-06-30,1059,110582.13
2025-06-30,1060,130776.08
2025-06-30,1061,287223.12
2025-06-30,1062,383363.21
2025-06-30,1063,85377.97
2025-06-30,1064,159070.57
2025-06-30,1065,58454.73
2025-06-30,1066,268925.95
2025-06-30,1067,352935.65
2025-06-30,1068,96284.18
2025-06-30,1069,270919.58
2025-06-30,1070,155455.67
2025-06-30,1071,202862.34
2025-06-30,1072,78155.65
2025-06-30,1073,262514.05
2025-06-30,1074,460343.54
2025-06-30,1075,183838.95
2025-06-30,1076,44937.2
2025-06-30,1077,96942.44
2025-06-30,1078,210069.63
2025-06-30,1079,142490.6
2025-06-30,1080,207277.07
2025-06-30,1081,368341.33
2025-06-30,1082,175261.32
2025-06-30,1083,37968.09
2025-06-30,1084,48857.5
2025-06-30,1085,127507.05
2025-06-30,1086,162523.09
2025-06-30,1087,312570.64
2025-06-30,1088,128826.42
2025-06-30,1089,137736.11
2025-06-30,1090,138225.86
2025-06-30,1091,94929.09
2025-06-30,1092,58329.57
2025-06-30,1093,64705.26
2025-06-30,1094,420317.98
2025-06-30,1095,78431.95
2025-06-30,1096,36729.25
2025-06-30,1097,120735.12
2025-06-30,1098,160544.23
2025-06-30,1099,84112.48
2025-06-30,1100,169280.99
2025-06-30,1101,57739.96
2025-06-30,1102,212879.08
2025-06-30,1103,69017.1
2025-06-30,1104,50678.39
2025-06-30,1105,228985.16
2025-06-30,1106,107512.26
2025-06-30,1107,76597.32
2025-06-30,1108,397847.54
2025-06-30,1109,141144.5
2025-06-30,1110,107784.92
2025-06-30,1111,117535.09
2025-06-30,1112,63108.9
2025-06-30,1113,113214.9
2025-06-30,1114,459847.84
2025-06-30,1115,192356.35
2025-06-30,1116,138746.39
2025-06-30,1117,139849.42
2025-06-30,1118,284568.82
2025-06-30,1119,318600.01
2025-06-30,1120,103477.71
2025-06-30,1121,186444.8
2025-06-30,1122,83649.9
2025-06-30,1123,140043.7
2025-06-30,1124,199915.9
2025-06-30,1125,163262.62
2025-06-30,1126,22784.61
2025-06-30,1127,151103.53
2025-06-30,1128,300921.82
2025-06-30,1129,138756.97
2025-06-30,1130,159834.41
2025-06-30,1131,188418.95
2025-06-30,1132,100566.11
2025-06-30,1133,64677.45
2025-06-30,1134,145258.84
2025-06-30,1135,98851.73
2025-06-30,1136,234845.57
2025-06-30,1137,93835.68
2025-06-30,1138,70217.44
2025-06-30,1139,254827.37
2025-06-30,1140,21820.09
2025-06-30,1141,142014.62
2025-06-30,1142,425861.64
2025-06-30,1143,337074.14
2025-06-30,1144,162530.42
2025-06-30,1145,68360.1
2025-06-30,1146,88513.17
2025-06-30,1147,78092.08
2025-06-30,1148,91907.61
2025-06-30,1149,217237.29
2025-06-30,1150,128555.45
2025-06-30,1151,730760.49
2025-06-30,1152,155868.46
2025-06-30,1153,85740.29
2025-06-30,1154,135821.88
2025-06-30,1155,66037.65
2025-06-30,1156,72417.78
2025-06-30,1157,325543.9
2025-06-30,1158,117840.13
2025-06-30,1159,122386.61
2025-06-30,1160,55676.79
2025-06-30,1161,32224.99
2025-06-30,1162,288641.11
2025-06-30,1163,117625.86
2025-06-30,1164,185168.18
2025-06-30,1165,339330.63
2025-06-30,1166,90849.72
2025-06-30,1167,139338.24
2025-06-30,1168,212698.19
2025-06-30,1169,43090.4
2025-06-30,1170,100224.47
2025-06-30,1171,116841.17
2025-06-30,1172,67163.44
2025-06-30,1173,363335.24
2025-06-30,1174,172212.69
2025-06-30,1175,93001.16
2025-06-30,1176,104543.24
2025-06-30,1177,74638.91
2025-06-30,1178,685446.12
2025-06-30,1179,107798.65
2025-06-30,1180,290889.84
2025-06-30,1181,287615.01
2025-06-30,1182,375140.09
2025-06-30,1183,204024.11
2025-06-30,1184,105050.43
2025-06-30,1185,50881.25
2025-06-30,1186,103122.1
2025-06-30,1187,79503.53
2025-06-30,1188,101536.59
2025-06-30,1189,92702.16
2025-06-30,1190,115472.4
2025-06-30,1191,252184.3
2025-06-30,1192,149368.72
2025-06-30,1193,91246.39
2025-06-30,1194,193428.81
2025-06-30,1195,265221.13
2025-06-30,1196,128095.89
2025-06-30,1197,199046.18
2025-06-30,1198,64930.98
2025-06-30,1199,145489.88
2025-06-30,1200,77087.49
2025-06-30,1201,233446.94
2025-06-30,1202,331076.13
2025-06-30,1203,121903.49
2025-06-30,1204,136659.63
2025-06-30,1205,88204.4
2025-06-30,1206,59376.67
2025-06-30,1207,86838.14
2025-06-30,1208,143393.96
2025-06-30,1209,153084.73
2025-06-30,1210,125200.51
2025-06-30,1211,62598.69
2025-06-30,1212,429785.49
2025-06-30,1213,68138.15
2025-06-30,1214,153729.12
2025-06-30,1215,285639.56
2025-06-30,1216,130150.18
2025-06-30,1217,13753.31
2025-06-30,1218,37101.45
2025-06-30,1219,190893.94
2025-06-30,1220,477838.15
2025-06-30,1221,237847.28
2025-06-30,1222,106035.71
2025-06-30,1223,138387.78
2025-06-30,1224,226867.87
2025-06-30,1225,108029.53
2025-06-30,1226,49053.57
2025-06-30,1227,61681.57
2025-06-30,1228,125068.47
2025-06-30,1229,141240.22
2025-06-30,1230,209857.09
2025-06-30,1231,620366.22
2025-06-30,1232,104643.78
2025-06-30,1233,225757.05
2025-06-30,1234,153787.35
2025-06-30,1235,435152.06
2025-06-30,1236,177324.06
2025-06-30,1237,294989.24
2025-06-30,1238,80210.44
2025-06-30,1239,226301.71
2025-06-30,1240,103984.28
2025-06-30,1241,66412.38
2025-06-30,1242,145916.27
2025-06-30,1243,198259.41
2025-06-30,1244,207860.0
2025-06-30,1245,48454.04
2025-06-30,1246,191710.15
2025-06-30,1247,113066.92
2025-06-30,1248,200678.18
2025-06-30,1249,262680.52
2025-06-30,1250,325080.2
2025-06-30,1251,136162.12
2025-06-30,1252,196846.67
2025-06-30,1253,237110.83
2025-06-30,1254,76670.64
2025-06-30,1255,17883.57
2025-06-30,1256,118372.79
2025-06-30,1257,21563.26
2025-06-30,1258,9541.76
2025-06-30,1259,236894.76
2025-06-30,1260,159846.2
2025-06-30,1261,222728.65
2025-06-30,1262,140165.5
2025-06-30,1263,318225.79
2025-06-30,1264,63998.47
2025-06-30,1265,349986.71
2025-06-30,1266,289008.06
2025-06-30,1267,115225.34
2025-06-30,1268,138257.48
2025-06-30,1269,12989.55
2025-06-30,1270,48139.89
2025-06-30,1271,115345.4
2025-06-30,1272,174473.26
2025-06-30,1273,147689.64
2025-06-30,1274,272957.56
2025-06-30,1275,162015.07
2025-06-30,1276,83586.13
2025-06-30,1277,58314.85
2025-06-30,1278,720741.68
2025-06-30,1279,345813.63
2025-06-30,1280,304825.32
2025-06-30,1281,256876.23
2025-06-30,1282,133160.4
2025-06-30,1283,106232.58
2025-06-30,1284,116024.56
2025-06-30,1285,156796.05
2025-06-30,1286,181656.32
2025-06-30,1287,348960.0
2025-06-30,1288,79428.85
2025-06-30,1289,87362.06
2025-06-30,1290,197736.29
2025-06-30,1291,292521.0
2025-06-30,1292,301530.57
2025-06-30,1293,48090.89
2025-06-30,1294,128089.42
2025-06-30,1295,252602.93
2025-06-30,1296,49027.08
2025-06-30,1297,54141.9
2025-06-30,1298,116122.23
2025-06-30,1299,291870.39
2025-06-30,1300,104599.19
2025-06-30,1301,136453.84
2025-06-30,1302,120881.43
2025-06-30,1303,433889.54
2025-06-30,1304,119823.44
2025-06-30,1305,240930.78
2025-06-30,1306,71740.24
2025-06-30,1307,218720.23
2025-06-30,1308,134543.49
2025-06-30,1309,77100.77
2025-06-30,1310,91144.11
2025-06-30,1311,192172.5
2025-06-30,1312,114897.16
2025-06-30,1313,161834.22
2025-06-30,1314,87388.14
2025-06-30,1315,87015.12
2025-06-30,1316,146657.29
2025-06-30,1317,161822.28
2025-06-30,1318,67499.46
2025-06-30,1319,54696.37
2025-06-30,1320,140088.61
2025-06-30,1321,62434.27
2025-06-30,1322,69209.65
2025-06-30,1323,372655.92
2025-06-30,1324,262137.69
2025-06-30,1325,113358.59
2025-06-30,1326,104309.58
2025-06-30,1327,242338.16
2025-06-30,1328,316829.18
2025-06-30,1329,99697.31
2025-06-30,1330,190033.75
2025-06-30,1331,105431.01
2025-06-30,1332,65535.73
2025-06-30,1333,117419.37
2025-06-30,1334,56080.41
2025-06-30,1335,124275.02
2025-06-30,1336,74492.52
2025-06-30,1337,61074.02
2025-06-30,1338,175246.39
2025-06-30,1339,203699.1
2025-06-30,1340,54995.69
2025-06-30,1341,134083.91
2025-06-30,1342,153643.33
2025-06-30,1343,227676.48
2025-06-30,1344,202857.08
2025-06-30,1345,119156.29
2025-06-30,1346,92236.88
2025-06-30,1347,188950.6
2025-06-30,1348,73298.6
2025-06-30,1349,65408.37
2025-06-30,1350,82424.81
2025-06-30,1351,133322.59
2025-06-30,1352,317340.16
2025-06-30,1353,186799.75
2025-06-30,1354,82114.91
2025-06-30,1355,170846.83
2025-06-30,1356,198233.34
2025-06-30,1357,116719.2
2025-06-30,1358,198226.24
2025-06-30,1359,171095.76
2025-06-30,1360,185715.83
2025-06-30,1361,99160.79
2025-06-30,1362,200671.47
2025-06-30,1363,91162.11
2025-06-30,1364,241745.06
2025-06-30,1365,339605.79
2025-06-30,1366,116682.82
2025-06-30,1367,66825.36
2025-06-30,1368,262567.17
2025-06-30,1369,247076.54
2025-06-30,1370,97769.11
2025-06-30,1371,168053.1
2025-06-30,1372,317129.47
2025-06-30,1373,240170.98
2025-06-30,1374,229244.07
2025-06-30,1375,47720.05
2025-06-30,1376,181013.96
2025-06-30,1377,50867.24
2025-06-30,1378,161416.39
2025-06-30,1379,143096.92
2025-06-30,1380,203304.85
2025-06-30,1381,211298.74
2025-06-30,1382,161568.95
2025-06-30,1383,26874.32
2025-06-30,1384,50872.92
2025-06-30,1385,49767.0
2025-06-30,1386,69818.12
2025-06-30,1387,616230.98
2025-06-30,1388,307539.77
2025-06-30,1389,482440.22
2025-06-30,1390,58005.48
2025-06-30,1391,82203.62
2025-06-30,1392,391467.57
2025-06-30,1393,225920.01
2025-06-30,1394,66722.01
2025-06-30,1395,36046.2
2025-06-30,1396,112552.57
2025-06-30,1397,164303.63
2025-06-30,1398,79345.44
2025-06-30,1399,183464.42
2025-06-30,1400,18924.98
2025-06-30,1401,266171.98
2025-06-30,1402,167265.29
2025-06-30,1403,142126.88
2025-06-30,1404,55274.86
2025-06-30,1405,58985.94
2025-06-30,1406,49810.03
2025-06-30,1407,265230.61
2025-06-30,1408,157793.74
2025-06-30,1409,58304.59
2025-06-30,1410,91034.12
2025-06-30,1411,66993.4
2025-06-30,1412,150620.63
2025-06-30,1413,140687.23
2025-06-30,1414,56177.48
2025-06-30,1415,99716.76
2025-06-30,1416,164165.15
2025-06-30,1417,148439.16
2025-06-30,1418,530403.33
2025-06-30,1419,54089.45
2025-06-30,1420,171970.28
2025-06-30,1421,187336.22
2025-06-30,1422,51557.37
2025-06-30,1423,209720.24
2025-06-30,1424,246315.16
2025-06-30,1425,73130.65
2025-06-30,1426,72933.3
2025-06-30,1427,37275.22
2025-06-30,1428,62252.41
2025-06-30,1429,85036.98
2025-06-30,1430,86277.0
2025-06-30,1431,171554.59
2025-06-30,1432,180515.79
2025-06-30,1433,36292.68
2025-06-30,1434,35869.09
2025-06-30,1435,458214.13
2025-06-30,1436,419096.49
2025-06-30,1437,65507.92
2025-06-30,1438,170361.88
2025-06-30,1439,159319.32
2025-06-30,1440,121420.74
2025-06-30,1441,95525.5
2025-06-30,1442,121788.62
2025-06-30,1443,107620.09
2025-06-30,1444,272435.63
2025-06-30,1445,94757.31
2025-06-30,1446,132156.18
2025-06-30,1447,61280.42
2025-06-30,1448,130054.52
2025-06-30,1449,21780.44
2025-06-30,1450,142264.5
2025-06-30,1451,37910.41
2025-06-30,1452,202075.82
2025-06-30,1453,95714.03
2025-06-30,1454,65463.93
2025-06-30,1455,170126.52
2025-06-30,1456,70720.32
2025-06-30,1457,357363.7
2025-06-30,1458,207378.93
2025-06-30,1459,236985.47
2025-06-30,1460,147081.31
2025-06-30,1461,116291.24
2025-06-30,1462,237182.71
2025-06-30,1463,350409.82
2025-06-30,1464,674673.31
2025-06-30,1465,118676.71
2025-06-30,1466,192051.44
2025-06-30,1467,97517.44
2025-06-30,1468,100067.73
2025-06-30,1469,58697.95
2025-06-30,1470,285240.16
2025-06-30,1471,132968.23
2025-06-30,1472,73593.43
2025-06-30,1473,178148.63
2025-06-30,1474,189852.51
2025-06-30,1475,65304.31
2025-06-30,1476,33555.94
2025-06-30,1477,389737.6
2025-06-30,1478,169753.74
2025-06-30,1479,123011.98
2025-06-30,1480,281301.86
2025-06-30,1481,229272.96
2025-06-30,1482,126550.73
2025-06-30,1483,291519.13
2025-06-30,1484,371871.06
2025-06-30,1485,33656.02
2025-06-30,1486,111420.85
2025-06-30,1487,253570.12
2025-06-30,1488,120716.17
2025-06-30,1489,212975.01
2025-06-30,1490,288936.29
2025-06-30,1491,228479.08
2025-06-30,1492,144727.13
2025-06-30,1493,440320.66
2025-06-30,1494,11930.23
2025-06-30,1495,134947.83
2025-06-30,1496,49216.17
2025-06-30,1497,104419.22
2025-06-30,1498,210731.46
2025-06-30,1499,197151.59
2025-06-30,1500,253117.22
2025-06-30,1501,77998.31
2025-06-30,1502,34500.64
2025-06-30,1503,67719.7
2025-06-30,1504,159909.45
2025-06-30,1505,262601.04
2025-06-30,1506,100451.8
2025-06-30,1507,153142.33
2025-06-30,1508,14914.37
2025-06-30,1509,217061.08
2025-06-30,1510,70817.81
2025-06-30,1511,81386.01
2025-06-30,1512,128128.98
2025-06-30,1513,181719.43
2025-06-30,1514,107942.07
2025-06-30,1515,41171.08
2025-06-30,1516,273036.93
2025-06-30,1517,172976.28
2025-06-30,1518,291315.58
2025-06-30,1519,103608.04
2025-06-30,1520,89485.9
2025-06-30,1521,143783.66
2025-06-30,1522,93261.11
2025-06-30,1523,54328.47
2025-06-30,1524,91945.13
2025-06-30,1525,70302.85
2025-06-30,1526,108595.86
2025-06-30,1527,91097.84
2025-06-30,1528,337241.59
2025-06-30,1529,109553.7
2025-06-30,1530,259051.58
2025-06-30,1531,184509.27
2025-06-30,1532,174049.42
2025-06-30,1533,118759.42
2025-06-30,1534,114244.13
2025-06-30,1535,77250.39
2025-06-30,1536,247371.72
2025-06-30,1537,162309.43
2025-06-30,1538,216643.38
2025-06-30,1539,187665.28
2025-06-30,1540,259442.98
2025-06-30,1541,106426.47
2025-06-30,1542,178581.23
2025-06-30,1543,94870.92
2025-06-30,1544,226474.79
2025-06-30,1545,156885.96
2025-06-30,1546,117786.72
2025-06-30,1547,915086.78
2025-06-30,1548,151653.78
2025-06-30,1549,495554.56
2025-06-30,1550,409925.07
2025-06-30,1551,81156.35
2025-06-30,1552,471736.0
2025-06-30,1553,112987.01
2025-06-30,1554,87915.41
2025-06-30,1555,200057.55
2025-06-30,1556,222166.91
2025-06-30,1557,164016.22
2025-06-30,1558,142923.43
2025-06-30,1559,89210.44
2025-06-30,1560,30577.57
2025-06-30,1561,229105.92
2025-06-30,1562,118407.41
2025-06-30,1563,79612.27
2025-06-30,1564,122559.55
2025-06-30,1565,46405.97
2025-06-30,1566,245878.56
2025-06-30,1567,201232.95
2025-06-30,1568,103673.52
2025-06-30,1569,234675.51
2025-06-30,1570,205299.39
2025-06-30,1571,67223.17
2025-06-30,1572,160302.57
2025-06-30,1573,77820.0
2025-06-30,1574,70958.53
2025-06-30,1575,69865.27
2025-06-30,1576,101333.18
2025-06-30,1577,71484.5
2025-06-30,1578,211569.12
2025-06-30,1579,130796.54
2025-06-30,1580,163412.99
2025-06-30,1581,434314.48
2025-06-30,1582,55332.44
2025-06-30,1583,28011.64
2025-06-30,1584,52393.87
2025-06-30,1585,73909.29
2025-06-30,1586,134024.4
2025-06-30,1587,224710.49
2025-06-30,1588,60709.42
2025-06-30,1589,190295.93
2025-06-30,1590,123308.38
2025-06-30,1591,285941.98
2025-06-30,1592,147495.47
2025-06-30,1593,209050.5
2025-06-30,1594,116893.39
2025-06-30,1595,154422.52
2025-06-30,1596,115124.59
2025-06-30,1597,87566.95
2025-06-30,1598,175483.81
2025-06-30,1599,202035.0
2025-06-30,1600,425977.69
2025-06-30,1601,82330.06
2025-06-30,1602,305671.32
2025-06-30,1603,149524.51
2025-06-30,1604,349465.91
2025-06-30,1605,80924.25
2025-06-30,1606,223886.94
2025-06-30,1607,322902.95
2025-06-30,1608,329019.36
2025-06-30,1609,163588.99
2025-06-30,1610,45725.98
2025-06-30,1611,94594.85
2025-06-30,1612,120948.92
2025-06-30,1613,225718.59
2025-06-30,1614,170519.73
2025-06-30,1615,219455.32
2025-06-30,1616,110769.38
2025-06-30,1617,93381.54
2025-06-30,1618,57175.41
2025-06-30,1619,71609.91
2025-06-30,1620,43487.56
2025-06-30,1621,63023.49
2025-06-30,1622,120775.87
2025-06-30,1623,267224.15
2025-06-30,1624,133113.32
2025-06-30,1625,103600.28
2025-06-30,1626,147797.92
2025-06-30,1627,159483.46
2025-06-30,1628,79892.38
2025-06-30,1629,26605.38
2025-06-30,1630,129121.91
2025-06-30,1631,109113.04
2025-06-30,1632,80940.8
2025-06-30,1633,128769.32
2025-06-30,1634,59635.23
2025-06-30,1635,245588.53
2025-06-30,1636,80606.52
2025-06-30,1637,86433.06
2025-06-30,1638,184753.24
2025-06-30,1639,66786.74
2025-06-30,1640,193983.41
2025-06-30,1641,153331.08
2025-06-30,1642,212557.69
2025-06-30,1643,85124.71
2025-06-30,1644,221661.65
2025-06-30,1645,56534.01
2025-06-30,1646,220227.31
2025-06-30,1647,247477.45
2025-06-30,1648,38021.53
2025-06-30,1649,78197.5
2025-06-30,1650,74609.22
2025-06-30,1651,274094.34
2025-06-30,1652,202753.21
2025-06-30,1653,55381.82
2025-06-30,1654,104829.88
2025-06-30,1655,23569.55
2025-06-30,1656,169524.43
2025-06-30,1657,306962.92
2025-06-30,1658,72952.84
2025-06-30,1659,174506.62
2025-06-30,1660,59599.54
2025-06-30,1661,144749.35
2025-06-30,1662,80489.2
2025-06-30,1663,1670.03
2025-06-30,1664,281317.34
2025-06-30,1665,299085.1
2025-06-30,1666,215972.25
2025-06-30,1667,50562.14
2025-06-30,1668,124013.31
2025-06-30,1669,131902.2
2025-06-30,1670,101570.62
2025-06-30,1671,32431.76
2025-06-30,1672,419084.65
2025-06-30,1673,27496.69
2025-06-30,1674,936102.17
2025-06-30,1675,555309.07
2025-06-30,1676,35681.24
2025-06-30,1677,142743.36
2025-06-30,1678,158787.96
2025-06-30,1679,35723.77
2025-06-30,1680,173802.07
2025-06-30,1681,165868.04
2025-06-30,1682,263770.66
2025-06-30,1683,133704.77
2025-06-30,1684,102869.63
2025-06-30,1685,128163.28
2025-06-30,1686,121245.24
2025-06-30,1687,74361.27
2025-06-30,1688,107388.99
2025-06-30,1689,70641.66
2025-06-30,1690,218360.86
2025-06-30,1691,114902.25
2025-06-30,1692,103237.0
2025-06-30,1693,553887.26
2025-06-30,1694,43870.93
2025-06-30,1695,77779.38
2025-06-30,1696,37053.75
2025-06-30,1697,214706.35
2025-06-30,1698,276430.73
2025-06-30,1699,79219.84
2025-06-30,1700,27760.36
2025-06-30,1701,86914.45
2025-06-30,1702,90074.37
2025-06-30,1703,137458.8
2025-06-30,1704,136390.08
2025-06-30,1705,85440.12
2025-06-30,1706,163062.82
2025-06-30,1707,171886.44
2025-06-30,1708,93652.95
2025-06-30,1709,158054.67
2025-06-30,1710,73754.01
2025-06-30,1711,120214.67
2025-06-30,1712,93513.86
2025-06-30,1713,115602.0
2025-06-30,1714,289209.23
2025-06-30,1715,193207.03
2025-06-30,1716,224716.58
2025-06-30,1717,209361.88
2025-06-30,1718,172171.27
2025-06-30,1719,67436.26
2025-06-30,1720,340394.8
2025-06-30,1721,214767.38
2025-06-30,1722,129616.95
2025-06-30,1723,134674.92
2025-06-30,1724,254461.52
2025-06-30,1725,124320.62
2025-06-30,1726,10284.56
2025-06-30,1727,62954.15
2025-06-30,1728,51233.02
2025-06-30,1729,170604.08
2025-06-30,1730,215976.04
2025-06-30,1731,298227.74
2025-06-30,1732,214532.43
2025-06-30,1733,39298.02
2025-06-30,1734,100170.58
2025-06-30,1735,29659.56
2025-06-30,1736,129494.61
2025-06-30,1737,332184.55
2025-06-30,1738,32966.16
2025-06-30,1739,165057.32
2025-06-30,1740,277587.71
2025-06-30,1741,301911.54
2025-06-30,1742,191657.5
2025-06-30,1743,43846.86
2025-06-30,1744,229010.55
2025-06-30,1745,34635.26
2025-06-30,1746,195828.17
2025-06-30,1747,42518.6
2025-06-30,1748,125766.6
2025-06-30,1749,61754.22
2025-06-30,1750,86279.17
2025-06-30,1751,62729.2
2025-06-30,1752,15771.09
2025-06-30,1753,46252.77
2025-06-30,1754,225467.47
2025-06-30,1755,158954.34
2025-06-30,1756,79653.59
2025-06-30,1757,32930.52
2025-06-30,1758,185171.8
2025-06-30,1759,122807.43
2025-06-30,1760,118883.04
2025-06-30,1761,261972.0
2025-06-30,1762,119694.49
2025-06-30,1763,28862.71
2025-06-30,1764,95160.98
2025-06-30,1765,55518.58
2025-06-30,1766,142867.32
2025-06-30,1767,185442.44
2025-06-30,1768,154166.26
2025-06-30,1769,79477.36
2025-06-30,1770,125854.52
2025-06-30,1771,88628.31
2025-06-30,1772,793675.63
2025-06-30,1773,201055.97
2025-06-30,1774,195350.33
2025-06-30,1775,37505.83
2025-06-30,1776,313756.55
2025-06-30,1777,56920.77
2025-06-30,1778,74504.58
2025-06-30,1779,32881.03
2025-06-30,1780,112469.34
2025-06-30,1781,200477.05
2025-06-30,1782,83214.37
2025-06-30,1783,72124.62
2025-06-30,1784,237949.81
2025-06-30,1785,359080.62
2025-06-30,1786,117288.48
2025-06-30,1787,39552.36
2025-06-30,1788,79477.58
2025-06-30,1789,255907.67
2025-06-30,1790,86419.38
2025-06-30,1791,273305.72
2025-06-30,1792,226728.08
2025-06-30,1793,185265.05
2025-06-30,1794,572084.64
2025-06-30,1795,109648.15
2025-06-30,1796,291980.13
2025-06-30,1797,394637.19
2025-06-30,1798,125846.02
2025-06-30,1799,199361.17
2025-06-30,1800,328799.11
2025-06-30,1801,92915.82
2025-06-30,1802,154955.44
2025-06-30,1803,78354.53
2025-06-30,1804,278994.11
2025-06-30,1805,95006.49
2025-06-30,1806,43832.15
2025-06-30,1807,302229.83
2025-06-30,1808,144924.54
2025-06-30,1809,77376.26
2025-06-30,1810,408729.95
2025-06-30,1811,56164.12
2025-06-30,1812,298778.6
2025-06-30,1813,115564.43
2025-06-30,1814,66679.08
2025-06-30,1815,96490.09
2025-06-30,1816,97396.13
2025-06-30,1817,115137.5
2025-06-30,1818,50898.44
2025-06-30,1819,123776.56
2025-06-30,1820,78390.56
2025-06-30,1821,186072.03
2025-06-30,1822,100705.57
2025-06-30,1823,53468.31
2025-06-30,1824,156175.28
2025-06-30,1825,269539.02
2025-06-30,1826,128750.42
2025-06-30,1827,76971.16
2025-06-30,1828,138132.92
2025-06-30,1829,156729.09
2025-06-30,1830,94990.44
2025-06-30,1831,201185.74
2025-06-30,1832,91065.11
2025-06-30,1833,162980.63
2025-06-30,1834,154149.32
2025-06-30,1835,142319.06
2025-06-30,1836,157687.37
2025-06-30,1837,312002.21
2025-06-30,1838,84312.01
2025-06-30,1839,127949.26
2025-06-30,1840,171282.65
2025-06-30,1841,54710.19
2025-06-30,1842,344091.08
2025-06-30,1843,123617.44
2025-06-30,1844,23817.43
2025-06-30,1845,299691.96
2025-06-30,1846,103705.34
2025-06-30,1847,82371.78
2025-06-30,1848,79350.38
2025-06-30,1849,10319.94
2025-06-30,1850,156517.93
2025-06-30,1851,190489.79
2025-06-30,1852,136556.51
2025-06-30,1853,134610.92
2025-06-30,1854,32922.35
2025-06-30,1855,88271.76
2025-06-30,1856,148934.91
2025-06-30,1857,124544.6
2025-06-30,1858,123636.08
2025-06-30,1859,164969.47
2025-06-30,1860,136287.59
2025-06-30,1861,433671.38
2025-06-30,1862,113638.85
2025-06-30,1863,69749.94
2025-06-30,1864,37625.0
2025-06-30,1865,51998.41
2025-06-30,1866,64931.7
2025-06-30,1867,162708.46
2025-06-30,1868,141451.94
2025-06-30,1869,57991.93
2025-06-30,1870,631527.79
2025-06-30,1871,153745.25
2025-06-30,1872,228422.69
2025-06-30,1873,86909.08
2025-06-30,1874,65570.49
2025-06-30,1875,39059.41
2025-06-30,1876,68758.27
2025-06-30,1877,229556.86
2025-06-30,1878,78672.38
2025-06-30,1879,99676.02
2025-06-30,1880,516647.12
2025-06-30,1881,64107.82
2025-06-30,1882,91898.75
2025-06-30,1883,121921.69
2025-06-30,1884,62908.13
2025-06-30,1885,156668.49
2025-06-30,1886,185631.53
2025-06-30,1887,129441.51
2025-06-30,1888,97216.28
2025-06-30,1889,72366.02
2025-06-30,1890,141858.78
2025-06-30,1891,94226.17
2025-06-30,1892,146520.64
2025-06-30,1893,163197.85
2025-06-30,1894,88428.7
2025-06-30,1895,21024.71
2025-06-30,1896,161548.2
2025-06-30,1897,65943.71
2025-06-30,1898,93401.58
2025-06-30,1899,100536.73
2025-06-30,1900,210018.21
2025-06-30,1901,149002.66
2025-06-30,1902,291447.61
2025-06-30,1903,79608.92
2025-06-30,1904,66246.52
2025-06-30,1905,96646.63
2025-06-30,1906,198517.86
2025-06-30,1907,417497.03
2025-06-30,1908,132752.48
2025-06-30,1909,180849.45
2025-06-30,1910,119188.24
2025-06-30,1911,90912.46
2025-06-30,1912,112663.53
2025-06-30,1913,187801.01
2025-06-30,1914,71902.71
2025-06-30,1915,103860.4
2025-06-30,1916,108512.39
2025-06-30,1917,410858.71
2025-06-30,1918,189733.63
2025-06-30,1919,136813.15
2025-06-30,1920,63615.86
2025-06-30,1921,254911.63
2025-06-30,1922,134314.87
2025-06-30,1923,158098.33
2025-06-30,1924,117720.12
2025-06-30,1925,230197.95
2025-06-30,1926,57466.84
2025-06-30,1927,308871.74
2025-06-30,1928,68653.39
2025-06-30,1929,104505.2
2025-06-30,1930,78734.47
2025-06-30,1931,272749.15
2025-06-30,1932,145174.51
2025-06-30,1933,156867.47
2025-06-30,1934,410499.36
2025-06-30,1935,125410.91
2025-06-30,1936,149416.48
2025-06-30,1937,293304.72
2025-06-30,1938,194897.94
2025-06-30,1939,151494.74
2025-06-30,1940,94851.74
2025-06-30,1941,151956.74
2025-06-30,1942,83731.56
2025-06-30,1943,337071.81
2025-06-30,1944,163956.78
2025-06-30,1945,230077.38
2025-06-30,1946,208462.38
2025-06-30,1947,212793.33
2025-06-30,1948,75859.36
2025-06-30,1949,164661.83
2025-06-30,1950,1262951.66
2025-06-30,1951,175692.04
2025-06-30,1952,157538.81
2025-06-30,1953,242372.34
2025-06-30,1954,289860.4
2025-06-30,1955,90819.76
2025-06-30,1956,252959.04
2025-06-30,1957,111611.18
2025-06-30,1958,84930.52
2025-06-30,1959,19861.83
2025-06-30,1960,178509.02
2025-06-30,1961,301905.27
2025-06-30,1962,34054.66
2025-06-30,1963,178851.26
2025-06-30,1964,232769.61
2025-06-30,1965,18416.82
2025-06-30,1966,269442.16
2025-06-30,1967,58445.14
2025-06-30,1968,93764.49
2025-06-30,1969,180962.36
2025-06-30,1970,92369.52
2025-06-30,1971,45329.03
2025-06-30,1972,57839.54
2025-06-30,1973,157635.29
2025-06-30,1974,441784.89
2025-06-30,1975,210228.51
2025-06-30,1976,123713.21
2025-06-30,1977,80845.55
2025-06-30,1978,150551.04
2025-06-30,1979,71591.86
2025-06-30,1980,153503.91
2025-06-30,1981,54073.34
2025-06-30,1982,106721.06
2025-06-30,1983,101929.08
2025-06-30,1984,130998.43
2025-06-30,1985,157714.44
2025-06-30,1986,236459.99
2025-06-30,1987,189170.88
2025-06-30,1988,410474.28
2025-06-30,1989,41510.37
2025-06-30,1990,73935.68
2025-06-30,1991,111228.94
2025-06-30,1992,56688.21
2025-06-30,1993,326138.4
2025-06-30,1994,84967.71
2025-06-30,1995,11320.2
2025-06-30,1996,157272.03
2025-06-30,1997,272757.48
2025-06-30,1998,264902.17
2025-06-30,1999,10316.85
2025-06-30,2000,91940.58
2025-06-30,2001,278018.22
2025-06-30,2002,231124.51
2025-06-30,2003,239438.59
2025-06-30,2004,64780.05
2025-06-30,2005,239367.98
2025-06-30,2006,76183.08
2025-06-30,2007,103200.97
2025-06-30,2008,178713.75
2025-06-30,2009,104581.78
2025-06-30,2010,23235.49
2025-06-30,2011,177344.25
2025-06-30,2012,354193.93
2025-06-30,2013,190867.75
2025-06-30,2014,300945.69
2025-06-30,2015,168437.45
2025-06-30,2016,24797.35
2025-06-30,2017,208814.0
2025-06-30,2018,54106.41
2025-06-30,2019,9788.9
2025-06-30,2020,77651.16
2025-06-30,2021,149166.52
2025-06-30,2022,147617.43
2025-06-30,2023,118278.63
2025-06-30,2024,376052.94
2025-06-30,2025,101107.61
2025-06-30,2026,130551.76
2025-06-30,2027,185368.55
2025-06-30,2028,14763.66
2025-06-30,2029,68959.55
2025-06-30,2030,15500.18
2025-06-30,2031,269650.82
2025-06-30,2032,50470.62
2025-06-30,2033,79774.63
2025-06-30,2034,68003.75
2025-06-30,2035,287189.79
2025-06-30,2036,168206.42
2025-06-30,2037,79009.06
2025-06-30,2038,71626.18
2025-06-30,2039,255624.25
2025-06-30,2040,584547.34
2025-06-30,2041,7342.71
2025-06-30,2042,232844.67
2025-06-30,2043,225442.3
2025-06-30,2044,28950.04
2025-06-30,2045,187574.46
2025-06-30,2046,124988.84
2025-06-30,2047,220547.43
2025-06-30,2048,203615.91
2025-06-30,2049,120731.2
2025-06-30,2050,46197.16
2025-06-30,2051,89408.28
2025-06-30,2052,75002.35
2025-06-30,2053,142278.75
2025-06-30,2054,246521.46
2025-06-30,2055,171815.36
2025-06-30,2056,9639.31
2025-06-30,2057,85436.17
2025-06-30,2058,28145.3
2025-06-30,2059,221188.35
2025-06-30,2060,231417.12
2025-06-30,2061,118744.17
2025-06-30,2062,158191.83
2025-06-30,2063,144550.82
2025-06-30,2064,323306.13
2025-06-30,2065,209221.7
2025-06-30,2066,109981.09
2025-06-30,2067,35048.94
2025-06-30,2068,72440.43
2025-06-30,2069,111043.61
2025-06-30,2070,114586.87
2025-06-30,2071,99902.47
2025-06-30,2072,161024.66
2025-06-30,2073,116602.31
2025-06-30,2074,344793.12
2025-06-30,2075,96313.46
2025-06-30,2076,95952.69
2025-06-30,2077,186955.8
2025-06-30,2078,270480.13
2025-06-30,2079,141118.54
2025-06-30,2080,34377.72
2025-06-30,2081,74673.96
2025-06-30,2082,156846.65
2025-06-30,2083,45193.4
2025-06-30,2084,128460.94
2025-06-30,2085,62761.94
2025-06-30,2086,173635.86
2025-06-30,2087,249639.66
2025-06-30,2088,22649.65
2025-06-30,2089,303870.55
2025-06-30,2090,100061.11
2025-06-30,2091,335416.4
2025-06-30,2092,302953.1
2025-06-30,2093,168252.18
2025-06-30,2094,90259.41
2025-06-30,2095,203317.44
2025-06-30,2096,305334.55
2025-06-30,2097,113433.07
2025-06-30,2098,86003.05
2025-06-30,2099,147791.17
2025-06-30,2100,137541.16
2025-06-30,2101,204975.52
2025-06-30,2102,121591.77
2025-06-30,2103,34130.35
2025-06-30,2104,169973.72
2025-06-30,2105,42514.86
2025-06-30,2106,755890.1
2025-06-30,2107,79441.26
2025-06-30,2108,117083.93
2025-06-30,2109,183614.59
2025-06-30,2110,28706.3
2025-06-30,2111,164169.45
2025-06-30,2112,57152.35
2025-06-30,2113,450924.82
2025-06-30,2114,257869.01
2025-06-30,2115,11367.89
2025-06-30,2116,132166.46
2025-06-30,2117,101196.38
2025-06-30,2118,197479.43
2025-06-30,2119,88845.56
2025-06-30,2120,64902.66
2025-06-30,2121,96602.1
2025-06-30,2122,170902.87
2025-06-30,2123,90896.92
2025-06-30,2124,100113.27
2025-06-30,2125,58898.43
2025-06-30,2126,33347.94
2025-06-30,2127,102735.76
2025-06-30,2128,27278.06
2025-06-30,2129,275952.71
2025-06-30,2130,137578.7
2025-06-30,2131,226861.69
2025-06-30,2132,81030.77
2025-06-30,2133,161748.27
2025-06-30,2134,411193.66
2025-06-30,2135,84465.68
2025-06-30,2136,141793.31
2025-06-30,2137,341988.21
2025-06-30,2138,252401.02
2025-06-30,2139,385407.29
2025-06-30,2140,51398.11
2025-06-30,2141,104707.68
2025-06-30,2142,198590.33
2025-06-30,2143,119353.56
2025-06-30,2144,151647.4
2025-06-30,2145,225215.29
2025-06-30,2146,47293.07
2025-06-30,2147,170164.22
2025-06-30,2148,53671.29
2025-06-30,2149,165283.71
2025-06-30,2150,272153.08
2025-06-30,2151,134331.16
2025-06-30,2152,147539.93
2025-06-30,2153,275611.44
2025-06-30,2154,239806.85
2025-06-30,2155,141932.21
2025-06-30,2156,423739.97
2025-06-30,2157,47163.51
2025-06-30,2158,171734.61
2025-06-30,2159,100575.59
2025-06-30,2160,63251.26
2025-06-30,2161,81576.85
2025-06-30,2162,114065.97
2025-06-30,2163,82636.04
2025-06-30,2164,233308.33
2025-06-30,2165,313660.35
2025-06-30,2166,163210.2
2025-06-30,2167,69388.09
2025-06-30,2168,71591.07
2025-06-30,2169,246988.7
2025-06-30,2170,44758.32
2025-06-30,2171,160506.02
2025-06-30,2172,138052.09
2025-06-30,2173,456981.94
2025-06-30,2174,85200.15
2025-06-30,2175,128769.01
2025-06-30,2176,167583.27
2025-06-30,2177,83817.05
2025-06-30,2178,132870.97
2025-06-30,2179,131249.55
2025-06-30,2180,326900.78
2025-06-30,2181,262801.26
2025-06-30,2182,115386.74
2025-06-30,2183,130015.87
2025-06-30,2184,31659.87
2025-06-30,2185,135627.47
2025-06-30,2186,204129.93
2025-06-30,2187,51449.21
2025-06-30,2188,309161.76
2025-06-30,2189,69135.29
2025-06-30,2190,119964.54
2025-06-30,2191,381728.32
2025-06-30,2192,192901.6
2025-06-30,2193,240316.0
2025-06-30,2194,118904.02
2025-06-30,2195,126193.63
2025-06-30,2196,115575.41
2025-06-30,2197,46415.44
2025-06-30,2198,97836.07
2025-06-30,2199,145575.63
2025-06-30,2200,61162.78
2025-06-30,2201,143498.25
2025-06-30,2202,87078.0
2025-06-30,2203,48744.33
2025-06-30,2204,255268.14
2025-06-30,2205,128584.56
2025-06-30,2206,67443.81
2025-06-30,2207,253373.78
2025-06-30,2208,316352.56
2025-06-30,2209,389079.96
2025-06-30,2210,294711.26
2025-06-30,2211,174334.75
2025-06-30,2212,33524.81
2025-06-30,2213,40994.06
2025-06-30,2214,315494.68
2025-06-30,2215,268241.15
2025-06-30,2216,174099.01
2025-06-30,2217,160383.61
2025-06-30,2218,71962.02
2025-06-30,2219,106460.86
2025-06-30,2220,142513.78
2025-06-30,2221,141154.42
2025-06-30,2222,123641.47
2025-06-30,2223,389602.05
2025-06-30,2224,226054.24
2025-06-30,2225,69236.1
2025-06-30,2226,38606.33
2025-06-30,2227,242606.78
2025-06-30,2228,209082.91
2025-06-30,2229,361797.04
2025-06-30,2230,217548.44
2025-06-30,2231,442101.17
2025-06-30,2232,198698.56
2025-06-30,2233,177284.2
2025-06-30,2234,51819.63
2025-06-30,2235,79545.47
2025-06-30,2236,52699.6
2025-06-30,2237,69771.54
2025-06-30,2238,242323.77
2025-06-30,2239,126114.92
2025-06-30,2240,167884.03
2025-06-30,2241,148328.55
2025-06-30,2242,154355.81
2025-06-30,2243,509331.95
2025-06-30,2244,368320.26
2025-06-30,2245,304713.0
2025-06-30,2246,209531.43
2025-06-30,2247,132849.79
2025-06-30,2248,110581.47
2025-06-30,2249,36957.93
2025-06-30,2250,79163.39
2025-06-30,2251,85572.02
2025-06-30,2252,127810.69
2025-06-30,2253,225121.11
2025-06-30,2254,93429.5
2025-06-30,2255,190783.54
2025-06-30,2256,92764.99
2025-06-30,2257,119874.49
2025-06-30,2258,251080.3
2025-06-30,2259,98901.82
2025-06-30,2260,147953.67
2025-06-30,2261,268687.77
2025-06-30,2262,56598.69
2025-06-30,2263,407039.01
2025-06-30,2264,162571.9
2025-06-30,2265,37183.48
2025-06-30,2266,213619.52
2025-06-30,2267,95746.68
2025-06-30,2268,175704.63
2025-06-30,2269,60274.54
2025-06-30,2270,247560.3
2025-06-30,2271,231053.92
2025-06-30,2272,34735.93
2025-06-30,2273,220109.89
2025-06-30,2274,135969.03
2025-06-30,2275,104032.6
2025-06-30,2276,353609.43
2025-06-30,2277,177731.27
2025-06-30,2278,204445.77
2025-06-30,2279,165238.29
2025-06-30,2280,284743.98
2025-06-30,2281,116985.85
2025-06-30,2282,70643.84
2025-06-30,2283,152795.06
2025-06-30,2284,43745.91
2025-06-30,2285,85477.75
2025-06-30,2286,111755.17
2025-06-30,2287,71632.61
2025-06-30,2288,77688.47
2025-06-30,2289,113240.83
2025-06-30,2290,268717.9
2025-06-30,2291,112350.21
2025-06-30,2292,81107.63
2025-06-30,2293,164633.46
2025-06-30,2294,314182.7
2025-06-30,2295,169791.35
2025-06-30,2296,136724.54
2025-06-30,2297,33934.13
2025-06-30,2298,99293.87
2025-06-30,2299,132514.98
2025-06-30,2300,74554.73
2025-06-30,2301,169600.72
2025-06-30,2302,90055.92
2025-06-30,2303,468029.05
2025-06-30,2304,115371.52
2025-06-30,2305,116695.81
2025-06-30,2306,137302.86
2025-06-30,2307,291195.88
2025-06-30,2308,136298.84
2025-06-30,2309,297577.6
2025-06-30,2310,125530.75
2025-06-30,2311,110135.78
2025-06-30,2312,116745.51
2025-06-30,2313,147389.76
2025-06-30,2314,75545.22
2025-06-30,2315,64453.97
2025-06-30,2316,91328.35
2025-06-30,2317,221813.55
2025-06-30,2318,32465.8
2025-06-30,2319,329250.91
2025-06-30,2320,142885.92
2025-06-30,2321,125839.64
2025-06-30,2322,104378.97
2025-06-30,2323,197579.21
2025-06-30,2324,270955.18
2025-06-30,2325,169174.55
2025-06-30,2326,144127.38
2025-06-30,2327,214249.86
2025-06-30,2328,64166.4
2025-06-30,2329,76935.19
2025-06-30,2330,200237.33
2025-06-30,2331,76416.26
2025-06-30,2332,311046.29
2025-06-30,2333,134680.0
2025-06-30,2334,159852.53
2025-06-30,2335,191206.75
2025-06-30,2336,104216.8
2025-06-30,2337,64104.25
2025-06-30,2338,226366.75
2025-06-30,2339,60974.61
2025-06-30,2340,343802.34
2025-06-30,2341,56857.04
2025-06-30,2342,15089.93
2025-06-30,2343,157370.45
2025-06-30,2344,154118.63
2025-06-30,2345,285267.3
2025-06-30,2346,157749.36
2025-06-30,2347,122876.07
2025-06-30,2348,99254.17
2025-06-30,2349,80814.76
2025-06-30,2350,155827.58
2025-06-30,2351,13699.19
2025-06-30,2352,160613.5
2025-06-30,2353,86361.81
2025-06-30,2354,162798.3
2025-06-30,2355,379753.58
2025-06-30,2356,127854.6
2025-06-30,2357,96991.81
2025-06-30,2358,70264.54
2025-06-30,2359,143619.33
2025-06-30,2360,155862.42
2025-06-30,2361,40841.53
2025-06-30,2362,63281.27
2025-06-30,2363,253981.72
2025-06-30,2364,206931.76
2025-06-30,2365,266411.18
2025-06-30,2366,58196.11
2025-06-30,2367,36714.89
2025-06-30,2368,52452.01
2025-06-30,2369,391914.32
2025-06-30,2370,144285.6
2025-06-30,2371,810769.86
2025-06-30,2372,85889.38
2025-06-30,2373,96058.04
2025-06-30,2374,223264.47
2025-06-30,2375,38637.76
2025-06-30,2376,168566.45
2025-06-30,2377,143310.01
2025-06-30,2378,314553.05
2025-06-30,2379,130540.61
2025-06-30,2380,200390.6
2025-06-30,2381,218423.32
2025-06-30,2382,447466.12
2025-06-30,2383,41423.97
2025-06-30,2384,14116.73
2025-06-30,2385,66747.44
2025-06-30,2386,167117.69
2025-06-30,2387,67001.23
2025-06-30,2388,93504.44
2025-06-30,2389,133378.85
2025-06-30,2390,59867.61
2025-06-30,2391,347103.44
2025-06-30,2392,236470.87
2025-06-30,2393,181096.34
2025-06-30,2394,192166.52
2025-06-30,2395,91873.25
2025-06-30,2396,588550.08
2025-06-30,2397,65060.65
2025-06-30,2398,26294.64
2025-06-30,2399,307119.86
2025-06-30,2400,233407.67
2025-06-30,2401,106975.81
2025-06-30,2402,91732.54
2025-06-30,2403,35231.56
2025-06-30,2404,91554.95
2025-06-30,2405,132717.42
2025-06-30,2406,163890.77
2025-06-30,2407,191490.68
2025-06-30,2408,174166.43
2025-06-30,2409,83305.74
2025-06-30,2410,391709.61
2025-06-30,2411,397159.76
2025-06-30,2412,107078.31
2025-06-30,2413,83684.1
2025-06-30,2414,155117.79
2025-06-30,2415,311091.39
2025-06-30,2416,210536.86
2025-06-30,2417,147203.54
2025-06-30,2418,86530.67
2025-06-30,2419,109490.86
2025-06-30,2420,67115.09
2025-06-30,2421,107857.73
2025-06-30,2422,51023.61
2025-06-30,2423,175362.91
2025-06-30,2424,194925.53
2025-06-30,2425,195409.78
2025-06-30,2426,76901.82
2025-06-30,2427,178319.71
2025-06-30,2428,77535.89
2025-06-30,2429,236690.89
2025-06-30,2430,75251.35
2025-06-30,2431,292845.45
2025-06-30,2432,359153.07
2025-06-30,2433,562647.02
2025-06-30,2434,62507.63
2025-06-30,2435,164739.81
2025-06-30,2436,140318.17
2025-06-30,2437,98536.1
2025-06-30,2438,142836.97
2025-06-30,2439,154028.0
2025-06-30,2440,44737.51
2025-06-30,2441,142996.66
2025-06-30,2442,143975.38
2025-06-30,2443,72303.78
2025-06-30,2444,68782.63
2025-06-30,2445,133149.54
2025-06-30,2446,156849.22
2025-06-30,2447,54293.54
2025-06-30,2448,193106.53
2025-06-30,2449,28726.34
2025-06-30,2450,249627.87
2025-06-30,2451,103865.75
2025-06-30,2452,236509.56
2025-06-30,2453,519745.25
2025-06-30,2454,119628.45
2025-06-30,2455,130073.43
2025-06-30,2456,57287.19
2025-06-30,2457,70854.1
2025-06-30,2458,322144.24
2025-06-30,2459,215347.52
2025-06-30,2460,41846.15
2025-06-30,2461,126141.19
2025-06-30,2462,64910.99
2025-06-30,2463,103714.03
2025-06-30,2464,101699.7
2025-06-30,2465,94404.78
2025-06-30,2466,813070.32
2025-06-30,2467,69362.36
2025-06-30,2468,478439.64
2025-06-30,2469,208295.42
2025-06-30,2470,279080.83
2025-06-30,2471,249839.86
2025-06-30,2472,192202.56
2025-06-30,2473,102995.99
2025-06-30,2474,85254.87
2025-06-30,2475,150491.45
2025-06-30,2476,129382.08
2025-06-30,2477,135726.94
2025-06-30,2478,137841.89
2025-06-30,2479,182523.12
2025-06-30,2480,240784.67
2025-06-30,2481,20576.04
2025-06-30,2482,98099.21
2025-06-30,2483,39816.13
2025-06-30,2484,123702.6
2025-06-30,2485,81290.1
2025-06-30,2486,178935.47
2025-06-30,2487,67596.25
2025-06-30,2488,130233.79
2025-06-30,2489,209415.38
2025-06-30,2490,270249.48
2025-06-30,2491,156993.46
2025-06-30,2492,152840.19
2025-06-30,2493,161575.43
2025-06-30,2494,46503.41
2025-06-30,2495,200633.45
2025-06-30,2496,146658.92
2025-06-30,2497,130206.43
2025-06-30,2498,162077.41
2025-06-30,2499,395182.37
2025-06-30,2500,129859.4
2025-06-30,2501,93383.0
2025-06-30,2502,203621.7
2025-06-30,2503,42851.16
2025-06-30,2504,148103.75
2025-06-30,2505,79937.2
2025-06-30,2506,100369.77
2025-06-30,2507,25622.4
2025-06-30,2508,142745.2
2025-06-30,2509,229193.8
2025-06-30,2510,28850.52
2025-06-30,2511,76720.16
2025-06-30,2512,148999.61
2025-06-30,2513,128895.77
2025-06-30,2514,51413.13
2025-06-30,2515,30182.07
2025-06-30,2516,180680.64
2025-06-30,2517,40248.68
2025-06-30,2518,79362.5
2025-06-30,2519,195660.24
2025-06-30,2520,75788.22
2025-06-30,2521,316790.2
2025-06-30,2522,55791.39
2025-06-30,2523,57553.54
2025-06-30,2524,123978.52
2025-06-30,2525,202251.15
2025-06-30,2526,25578.77
2025-06-30,2527,14809.05
2025-06-30,2528,13659.67
2025-06-30,2529,53431.85
2025-06-30,2530,82399.2
2025-06-30,2531,79003.84
2025-06-30,2532,101398.3
2025-06-30,2533,487140.83
2025-06-30,2534,66409.49
2025-06-30,2535,69007.55
2025-06-30,2536,210251.36
2025-06-30,2537,22208.55
2025-06-30,2538,77765.96
2025-06-30,2539,224367.02
2025-06-30,2540,407157.04
2025-06-30,2541,121493.52
2025-06-30,2542,210537.04
2025-06-30,2543,68433.08
2025-06-30,2544,144016.13
2025-06-30,2545,153614.29
2025-06-30,2546,128784.69
2025-06-30,2547,133694.57
2025-06-30,2548,23096.49
2025-06-30,2549,200587.5
2025-06-30,2550,509989.04
2025-06-30,2551,188194.15
2025-06-30,2552,67842.77
2025-06-30,2553,76329.9
2025-06-30,2554,61356.5
2025-06-30,2555,298406.45
2025-06-30,2556,228693.49
2025-06-30,2557,222830.55
2025-06-30,2558,78235.5
2025-06-30,2559,133381.35
2025-06-30,2560,182906.45
2025-06-30,2561,65484.85
2025-06-30,2562,31042.33
2025-06-30,2563,289250.01
2025-06-30,2564,433146.99
2025-06-30,2565,35335.27
2025-06-30,2566,206461.87
2025-06-30,2567,77657.15
2025-06-30,2568,139173.83
2025-06-30,2569,57792.12
2025-06-30,2570,89959.16
2025-06-30,2571,166684.41
2025-06-30,2572,139579.08
2025-06-30,2573,91136.69
2025-06-30,2574,170819.96
2025-06-30,2575,54704.93
2025-06-30,2576,192732.38
2025-06-30,2577,52791.74
2025-06-30,2578,37669.9
2025-06-30,2579,9493.44
2025-06-30,2580,83911.16
2025-06-30,2581,120645.71
2025-06-30,2582,123461.1
2025-06-30,2583,88038.31
2025-06-30,2584,133145.61
2025-06-30,2585,267021.54
2025-06-30,2586,32311.54
2025-06-30,2587,46849.63
2025-06-30,2588,176241.9
2025-06-30,2589,423916.66
2025-06-30,2590,99519.81
2025-06-30,2591,37732.66
2025-06-30,2592,155905.84
2025-06-30,2593,113987.5
2025-06-30,2594,97312.59
2025-06-30,2595,104691.67
2025-06-30,2596,159440.3
2025-06-30,2597,191641.22
2025-06-30,2598,1114443.64
2025-06-30,2599,44834.79
2025-06-30,2600,166324.19
2025-06-30,2601,180718.76
2025-06-30,2602,156522.51
2025-06-30,2603,124300.78
2025-06-30,2604,81179.36
2025-06-30,2605,169377.48
2025-06-30,2606,158158.64
2025-06-30,2607,48616.83
2025-06-30,2608,57753.15
2025-06-30,2609,119279.21
2025-06-30,2610,95272.9
2025-06-30,2611,214603.02
2025-06-30,2612,73325.85
2025-06-30,2613,77072.09
2025-06-30,2614,215383.9
2025-06-30,2615,400981.76
2025-06-30,2616,76489.41
2025-06-30,2617,166196.28
2025-06-30,2618,166370.2
2025-06-30,2619,72524.2
2025-06-30,2620,82586.73
2025-06-30,2621,170902.37
2025-06-30,2622,83747.43
2025-06-30,2623,211670.26
2025-06-30,2624,387642.67
2025-06-30,2625,87463.32
2025-06-30,2626,53405.18
2025-06-30,2627,271511.05
2025-06-30,2628,342315.95
2025-06-30,2629,92517.82
2025-06-30,2630,228911.85
2025-06-30,2631,83708.58
2025-06-30,2632,68483.64
2025-06-30,2633,467025.73
2025-06-30,2634,143037.96
2025-06-30,2635,135339.03
2025-06-30,2636,399430.31
2025-06-30,2637,127429.24
2025-06-30,2638,179289.92
2025-06-30,2639,218991.29
2025-06-30,2640,70424.18
2025-06-30,2641,105077.56
2025-06-30,2642,183926.56
2025-06-30,2643,74157.03
2025-06-30,2644,78799.8
2025-06-30,2645,70940.73
2025-06-30,2646,165476.62
2025-06-30,2647,271299.45
2025-06-30,2648,128779.95
2025-06-30,2649,185604.21
2025-06-30,2650,156621.94
2025-06-30,2651,133477.63
2025-06-30,2652,320776.01
2025-06-30,2653,62336.12
2025-06-30,2654,162341.45
2025-06-30,2655,85504.18
2025-06-30,2656,84290.23
2025-06-30,2657,25475.43
2025-06-30,2658,136478.52
2025-06-30,2659,129886.63
2025-06-30,2660,171929.07
2025-06-30,2661,200083.07
2025-06-30,2662,43765.6
2025-06-30,2663,73580.06
2025-06-30,2664,114412.34
2025-06-30,2665,139099.85
2025-06-30,2666,105617.92
2025-06-30,2667,179233.33
2025-06-30,2668,47089.22
2025-06-30,2669,91456.81
2025-06-30,2670,281109.87
2025-06-30,2671,51506.18
2025-06-30,2672,53278.45
2025-06-30,2673,190611.62
2025-06-30,2674,265910.94
2025-06-30,2675,107722.45
2025-06-30,2676,111922.55
2025-06-30,2677,281985.7
2025-06-30,2678,168302.01
2025-06-30,2679,278897.22
2025-06-30,2680,75923.55
2025-06-30,2681,70487.96
2025-06-30,2682,110269.39
2025-06-30,2683,190791.85
2025-06-30,2684,334382.61
2025-06-30,2685,123312.26
2025-06-30,2686,227800.17
2025-06-30,2687,305125.63
2025-06-30,2688,148957.62
2025-06-30,2689,120143.01
2025-06-30,2690,117480.93
2025-06-30,2691,91073.33
2025-06-30,2692,301979.85
2025-06-30,2693,248783.85
2025-06-30,2694,70066.52
2025-06-30,2695,167835.4
2025-06-30,2696,166470.32
2025-06-30,2697,131031.39
2025-06-30,2698,228893.75
2025-06-30,2699,203087.64
2025-06-30,2700,102309.22
2025-06-30,2701,90057.6
2025-06-30,2702,124202.97
2025-06-30,2703,474608.67
2025-06-30,2704,141035.34
2025-06-30,2705,85792.46
2025-06-30,2706,74037.16
2025-06-30,2707,257622.61
2025-06-30,2708,476595.61
2025-06-30,2709,45042.52
2025-06-30,2710,92698.88
2025-06-30,2711,499130.58
2025-06-30,2712,196941.07
2025-06-30,2713,75232.99
2025-06-30,2714,107105.75
2025-06-30,2715,642978.49
2025-06-30,2716,137534.77
2025-06-30,2717,112925.86
2025-06-30,2718,71842.77
2025-06-30,2719,156881.02
2025-06-30,2720,62874.51
2025-06-30,2721,431047.76
2025-06-30,2722,467928.7
2025-06-30,2723,237019.88
2025-06-30,2724,207206.59
2025-06-30,2725,21480.72
2025-06-30,2726,71075.86
2025-06-30,2727,59065.47
2025-06-30,2728,233138.05
2025-06-30,2729,318830.38
2025-06-30,2730,284448.93
2025-06-30,2731,156484.37
2025-06-30,2732,137471.43
2025-06-30,2733,321958.16
2025-06-30,2734,155581.98
2025-06-30,2735,204196.69
2025-06-30,2736,234586.61
2025-06-30,2737,349846.65
2025-06-30,2738,15044.43
2025-06-30,2739,528365.37
2025-06-30,2740,306636.85
2025-06-30,2741,235787.12
2025-06-30,2742,66818.84
2025-06-30,2743,156858.27
2025-06-30,2744,59342.51
2025-06-30,2745,137667.55
2025-06-30,2746,123396.08
2025-06-30,2747,55281.41
2025-06-30,2748,195085.82
2025-06-30,2749,548392.62
2025-06-30,2750,182360.79
2025-06-30,2751,254107.19
2025-06-30,2752,119734.73
2025-06-30,2753,323887.84
2025-06-30,2754,151627.81
2025-06-30,2755,148340.53
2025-06-30,2756,309241.36
2025-06-30,2757,156310.19
2025-06-30,2758,80025.82
2025-06-30,2759,40014.3
2025-06-30,2760,7307.51
2025-06-30,2761,295549.35
2025-06-30,2762,197741.09
2025-06-30,2763,104215.84
2025-06-30,2764,254024.62
2025-06-30,2765,101791.59
2025-06-30,2766,146195.18
2025-06-30,2767,129616.39
2025-06-30,2768,87719.41
2025-06-30,2769,117244.16
2025-06-30,2770,689560.1
2025-06-30,2771,52929.12
2025-06-30,2772,109326.09
2025-06-30,2773,325395.89
2025-06-30,2774,38438.48
2025-06-30,2775,161905.02
2025-06-30,2776,131353.77
2025-06-30,2777,45072.64
2025-06-30,2778,100654.02
2025-06-30,2779,256044.56
2025-06-30,2780,78661.89
2025-06-30,2781,207553.0
2025-06-30,2782,83068.21
2025-06-30,2783,260832.77
2025-06-30,2784,90044.29
2025-06-30,2785,57753.61
2025-06-30,2786,122921.78
2025-06-30,2787,162597.9
2025-06-30,2788,121920.66
2025-06-30,2789,71097.15
2025-06-30,2790,131456.11
2025-06-30,2791,223672.93
2025-06-30,2792,120123.04
2025-06-30,2793,265448.75
2025-06-30,2794,328712.39
2025-06-30,2795,114784.63
2025-06-30,2796,113990.78
2025-06-30,2797,146270.07
2025-06-30,2798,118329.25
2025-06-30,2799,531221.16
2025-06-30,2800,305350.15
2025-06-30,2801,226100.29
2025-06-30,2802,127780.99
2025-06-30,2803,115032.53
2025-06-30,2804,36251.18
2025-06-30,2805,70733.91
2025-06-30,2806,80710.8
2025-06-30,2807,62950.51
2025-06-30,2808,224962.84
2025-06-30,2809,973082.54
2025-06-30,2810,133410.8
2025-06-30,2811,84432.97
2025-06-30,2812,156160.26
2025-06-30,2813,131585.14
2025-06-30,2814,39457.92
2025-06-30,2815,111444.88
2025-06-30,2816,128468.25
2025-06-30,2817,297975.14
2025-06-30,2818,62001.48
2025-06-30,2819,104947.88
2025-06-30,2820,54846.15
2025-06-30,2821,88631.86
2025-06-30,2822,173846.04
2025-06-30,2823,37944.71
2025-06-30,2824,89991.65
2025-06-30,2825,165270.29
2025-06-30,2826,187515.95
2025-06-30,2827,43445.31
2025-06-30,2828,182370.58
2025-06-30,2829,84894.74
2025-06-30,2830,142984.19
2025-06-30,2831,338418.72
2025-06-30,2832,372582.02
2025-06-30,2833,111634.51
2025-06-30,2834,709875.42
2025-06-30,2835,271676.94
2025-06-30,2836,349945.14
2025-06-30,2837,37950.25
2025-06-30,2838,94701.02
2025-06-30,2839,134663.64
2025-06-30,2840,108053.51
2025-06-30,2841,121292.29
2025-06-30,2842,15175.58
2025-06-30,2843,190487.48
2025-06-30,2844,362252.41
2025-06-30,2845,300725.3
2025-06-30,2846,286977.19
2025-06-30,2847,156762.66
2025-06-30,2848,185704.31
2025-06-30,2849,34922.35
2025-06-30,2850,172276.67
2025-06-30,2851,480931.73
2025-06-30,2852,55057.25
2025-06-30,2853,91826.15
2025-06-30,2854,434025.28
2025-06-30,2855,263950.24
2025-06-30,2856,200499.72
2025-06-30,2857,176989.33
2025-06-30,2858,310071.3
2025-06-30,2859,97625.51
2025-06-30,2860,77608.09
2025-06-30,2861,61277.52
2025-06-30,2862,182813.32
2025-06-30,2863,93347.46
2025-06-30,2864,85291.56
2025-06-30,2865,78155.23
2025-06-30,2866,70031.27
2025-06-30,2867,70732.98
2025-06-30,2868,151097.38
2025-06-30,2869,113453.34
2025-06-30,2870,231667.9
2025-06-30,2871,191821.52
2025-06-30,2872,186615.69
2025-06-30,2873,346057.75
2025-06-30,2874,159957.54
2025-06-30,2875,110509.77
2025-06-30,2876,52805.72
2025-06-30,2877,86013.95
2025-06-30,2878,148244.33
2025-06-30,2879,107632.49
2025-06-30,2880,98081.26
2025-06-30,2881,89562.72
2025-06-30,2882,74339.92
2025-06-30,2883,93502.81
2025-06-30,2884,113091.81
2025-06-30,2885,110667.51
2025-06-30,2886,442084.46
2025-06-30,2887,63940.12
2025-06-30,2888,137134.94
2025-06-30,2889,187168.97
2025-06-30,2890,47581.99
2025-06-30,2891,68125.79
2025-06-30,2892,125302.71
2025-06-30,2893,115518.05
2025-06-30,2894,169059.08
2025-06-30,2895,84701.3
2025-06-30,2896,59890.41
2025-06-30,2897,47099.41
2025-06-30,2898,107739.49
2025-06-30,2899,84967.34
2025-06-30,2900,153343.71
2025-06-30,2901,307942.17
2025-06-30,2902,63733.31
2025-06-30,2903,168836.93
2025-06-30,2904,101896.03
2025-06-30,2905,111820.89
2025-06-30,2906,43810.36
2025-06-30,2907,193363.48
2025-06-30,2908,88850.46
2025-06-30,2909,78557.24
2025-06-30,2910,225739.41
2025-06-30,2911,240752.52
2025-06-30,2912,150673.25
2025-06-30,2913,118297.36
2025-06-30,2914,36994.64
2025-06-30,2915,35805.93
2025-06-30,2916,68747.01
2025-06-30,2917,56649.74
2025-06-30,2918,265354.56
2025-06-30,2919,131253.07
2025-06-30,2920,96396.33
2025-06-30,2921,261203.18
2025-06-30,2922,84954.37
2025-06-30,2923,83304.62
2025-06-30,2924,73544.18
2025-06-30,2925,323029.4
2025-06-30,2926,208506.43
2025-06-30,2927,97360.51
2025-06-30,2928,88719.44
2025-06-30,2929,130656.75
2025-06-30,2930,99945.0
2025-06-30,2931,34173.18
2025-06-30,2932,121943.24
2025-06-30,2933,46830.28
2025-06-30,2934,80127.82
2025-06-30,2935,47786.48
2025-06-30,2936,84219.13
2025-06-30,2937,35097.08
2025-06-30,2938,164484.46
2025-06-30,2939,172148.31
2025-06-30,2940,261203.28
2025-06-30,2941,493080.05
2025-06-30,2942,118273.53
2025-06-30,2943,169271.85
2025-06-30,2944,240386.49
2025-06-30,2945,283539.38
2025-06-30,2946,320923.48
2025-06-30,2947,113777.14
2025-06-30,2948,119179.57
2025-06-30,2949,73112.42
2025-06-30,2950,170144.67
2025-06-30,2951,650536.79
2025-06-30,2952,123082.89
2025-06-30,2953,89018.26
2025-06-30,2954,191047.87
2025-06-30,2955,145906.65
2025-06-30,2956,257881.01
2025-06-30,2957,85009.66
2025-06-30,2958,173415.7
2025-06-30,2959,93634.02
2025-06-30,2960,91545.55
2025-06-30,2961,36497.38
2025-06-30,2962,265952.04
2025-06-30,2963,191511.76
2025-06-30,2964,71560.43
2025-06-30,2965,220588.84
2025-06-30,2966,18528.34
2025-06-30,2967,108985.94
2025-06-30,2968,171430.83
2025-06-30,2969,130928.35
2025-06-30,2970,88902.78
2025-06-30,2971,168731.61
2025-06-30,2972,1212434.08
2025-06-30,2973,173207.79
2025-06-30,2974,161701.16
2025-06-30,2975,138701.96
2025-06-30,2976,156390.17
2025-06-30,2977,156624.23
2025-06-30,2978,66584.69
2025-06-30,2979,131021.95
2025-06-30,2980,100383.09
2025-06-30,2981,124178.64
2025-06-30,2982,219789.96
2025-06-30,2983,103821.05
2025-06-30,2984,179787.96
2025-06-30,2985,85071.16
2025-06-30,2986,99393.24
2025-06-30,2987,154088.38
2025-06-30,2988,178701.24
2025-06-30,2989,34965.55
2025-06-30,2990,99357.28
2025-06-30,2991,161421.53
2025-06-30,2992,203396.81
2025-06-30,2993,59696.48
2025-06-30,2994,126400.99
2025-06-30,2995,169685.65
2025-06-30,2996,222105.92
2025-06-30,2997,106399.99
2025-06-30,2998,72207.18
2025-06-30,2999,229715.7
2025-06-30,3000,183668.09
2025-06-30,3001,37431.99
2025-06-30,3002,143711.81
2025-06-30,3003,101002.67
2025-06-30,3004,39799.11
2025-06-30,3005,102084.54
2025-06-30,3006,142231.07
2025-06-30,3007,202695.94
2025-06-30,3008,505412.63
2025-06-30,3009,390084.01
2025-06-30,3010,70447.5
2025-06-30,3011,141981.44
2025-06-30,3012,408082.53
2025-06-30,3013,371057.35
2025-06-30,3014,92323.7
2025-06-30,3015,74274.26
2025-06-30,3016,166011.23
2025-06-30,3017,301445.63
2025-06-30,3018,174039.75
2025-06-30,3019,244088.67
2025-06-30,3020,531728.07
2025-06-30,3021,280524.1
2025-06-30,3022,130053.24
2025-06-30,3023,170119.62
2025-06-30,3024,27087.22
2025-06-30,3025,88593.34
2025-06-30,3026,174022.14
2025-06-30,3027,155413.1
2025-06-30,3028,75444.9
2025-06-30,3029,105691.16
2025-06-30,3030,113903.53
2025-06-30,3031,82207.65
2025-06-30,3032,74623.88
2025-06-30,3033,48241.34
2025-06-30,3034,88519.71
2025-06-30,3035,188984.71
2025-06-30,3036,176279.07
2025-06-30,3037,218487.03
2025-06-30,3038,242636.3
2025-06-30,3039,1319042.73
2025-06-30,3040,116602.53
2025-06-30,3041,87373.66
2025-06-30,3042,251366.03
2025-06-30,3043,77896.31
2025-06-30,3044,421457.69
2025-06-30,3045,212499.87
2025-06-30,3046,185507.28
2025-06-30,3047,233866.48
2025-06-30,3048,119848.12
2025-06-30,3049,82068.09
2025-06-30,3050,267994.58
2025-06-30,3051,40569.12
2025-06-30,3052,85590.29
2025-06-30,3053,124887.69
2025-06-30,3054,61353.71
2025-06-30,3055,174024.43
2025-06-30,3056,281120.77
2025-06-30,3057,264798.24
2025-06-30,3058,77568.2
2025-06-30,3059,383894.82
2025-06-30,3060,110473.01
2025-06-30,3061,160306.22
2025-06-30,3062,44039.63
2025-06-30,3063,248993.95
2025-06-30,3064,37218.49
2025-06-30,3065,128235.84
2025-06-30,3066,85691.96
2025-06-30,3067,74461.2
2025-06-30,3068,208129.24
2025-06-30,3069,47299.2
2025-06-30,3070,40858.07
2025-06-30,3071,116523.23
2025-06-30,3072,115879.93
2025-06-30,3073,308240.8
2025-06-30,3074,6198.34
2025-06-30,3075,78228.55
2025-06-30,3076,143498.24
2025-06-30,3077,140411.4
2025-06-30,3078,130314.18
2025-06-30,3079,80286.92
2025-06-30,3080,48740.9
2025-06-30,3081,59663.31
2025-06-30,3082,144363.51
2025-06-30,3083,199367.92
2025-06-30,3084,76923.29
2025-06-30,3085,93689.53
2025-06-30,3086,127682.38
2025-06-30,3087,130757.14
2025-06-30,3088,52550.55
2025-06-30,3089,64955.26
2025-06-30,3090,83479.53
2025-06-30,3091,268490.55
2025-06-30,3092,139191.07
2025-06-30,3093,817671.86
2025-06-30,3094,235148.21
2025-06-30,3095,403048.05
2025-06-30,3096,109339.36
2025-06-30,3097,102460.74
2025-06-30,3098,192645.09
2025-06-30,3099,130324.7
2025-06-30,3100,122783.65
2025-06-30,3101,109515.26
2025-06-30,3102,367990.79
2025-06-30,3103,194146.35
2025-06-30,3104,239001.86
2025-06-30,3105,118606.75
2025-06-30,3106,128026.68
2025-06-30,3107,368673.01
2025-06-30,3108,69936.51
2025-06-30,3109,69008.2
2025-06-30,3110,29785.56
2025-06-30,3111,96088.73
2025-06-30,3112,58962.54
2025-06-30,3113,171859.91
2025-06-30,3114,145382.7
2025-06-30,3115,149701.92
2025-06-30,3116,185110.54
2025-06-30,3117,213319.11
2025-06-30,3118,141459.3
2025-06-30,3119,78331.71
2025-06-30,3120,449385.19
2025-06-30,3121,38424.29
2025-06-30,3122,1832.99
2025-06-30,3123,150507.93
2025-06-30,3124,211921.84
2025-06-30,3125,163155.69
2025-06-30,3126,120555.78
2025-06-30,3127,51264.95
2025-06-30,3128,44452.28
2025-06-30,3129,171100.49
2025-06-30,3130,222496.26
2025-06-30,3131,50755.96
2025-06-30,3132,396710.45
2025-06-30,3133,389140.59
2025-06-30,3134,384815.02
2025-06-30,3135,157009.48
2025-06-30,3136,262234.79
2025-06-30,3137,109769.9
2025-06-30,3138,179749.2
2025-06-30,3139,172227.3
2025-06-30,3140,56147.03
2025-06-30,3141,109737.46
2025-06-30,3142,101254.07
2025-06-30,3143,166616.25
2025-06-30,3144,128119.01
2025-06-30,3145,138581.52
2025-06-30,3146,118817.04
2025-06-30,3147,236942.84
2025-06-30,3148,147650.56
2025-06-30,3149,59724.48
2025-06-30,3150,298684.88
2025-06-30,3151,167222.58
2025-06-30,3152,55914.83
2025-06-30,3153,286522.82
2025-06-30,3154,61639.55
2025-06-30,3155,271492.12
2025-06-30,3156,227523.26
2025-06-30,3157,674655.88
2025-06-30,3158,218478.68
2025-06-30,3159,44447.54
2025-06-30,3160,436233.49
2025-06-30,3161,274771.56
2025-06-30,3162,93855.69
2025-06-30,3163,167662.11
2025-06-30,3164,184780.44
2025-06-30,3165,223043.73
2025-06-30,3166,83632.25
2025-06-30,3167,155571.33
2025-06-30,3168,198193.99
2025-06-30,3169,43974.06
2025-06-30,3170,61667.28
2025-06-30,3171,34450.55
2025-06-30,3172,113919.6
2025-06-30,3173,151696.57
2025-06-30,3174,88033.45
2025-06-30,3175,133677.98
2025-06-30,3176,473866.11
2025-06-30,3177,73331.44
2025-06-30,3178,233584.16
2025-06-30,3179,148388.0
2025-06-30,3180,153890.82
2025-06-30,3181,311486.0
2025-06-30,3182,10018.9
2025-06-30,3183,86638.18
2025-06-30,3184,126576.29
2025-06-30,3185,139652.16
2025-06-30,3186,130663.99
2025-06-30,3187,219456.22
2025-06-30,3188,277188.49
2025-06-30,3189,403257.76
2025-06-30,3190,18459.6
2025-06-30,3191,176263.97
2025-06-30,3192,142311.32
2025-06-30,3193,109687.39
2025-06-30,3194,196908.67
2025-06-30,3195,574096.6
2025-06-30,3196,287297.13
2025-06-30,3197,194512.76
2025-06-30,3198,449711.51
2025-06-30,3199,214613.2
2025-06-30,3200,145775.17
2025-07-31,1,228494.01
2025-07-31,2,91481.08
2025-07-31,3,88017.74
2025-07-31,4,70828.65
2025-07-31,5,199815.42
2025-07-31,6,112112.0
2025-07-31,7,116008.5
2025-07-31,8,93216.01
2025-07-31,9,89565.43
2025-07-31,10,23665.28
2025-07-31,11,56847.57
2025-07-31,12,156422.9
2025-07-31,13,109589.33
2025-07-31,14,147212.44
2025-07-31,15,55756.27
2025-07-31,16,89018.89
2025-07-31,17,130008.64
2025-07-31,18,175246.65
2025-07-31,19,442496.46
2025-07-31,20,51069.55
2025-07-31,21,57741.48
2025-07-31,22,81685.11
2025-07-31,23,107677.73
2025-07-31,24,125907.56
2025-07-31,25,130896.93
2025-07-31,26,117835.71
2025-07-31,27,342842.53
2025-07-31,28,121317.99
2025-07-31,29,74544.26
2025-07-31,30,181911.24
2025-07-31,31,283395.08
2025-07-31,32,38884.13
2025-07-31,33,256956.83
2025-07-31,34,56976.39
2025-07-31,35,78029.72
2025-07-31,36,116207.41
2025-07-31,37,162969.89
2025-07-31,38,184193.33
2025-07-31,39,887231.75
2025-07-31,40,45894.28
2025-07-31,41,383857.84
2025-07-31,42,63439.81
2025-07-31,43,50601.71
2025-07-31,44,205068.02
2025-07-31,45,125019.23
2025-07-31,46,116411.27
2025-07-31,47,303167.99
2025-07-31,48,89611.32
2025-07-31,49,186839.59
2025-07-31,50,111605.47
2025-07-31,51,152230.23
2025-07-31,52,184562.41
2025-07-31,53,478943.06
2025-07-31,54,373173.81
2025-07-31,55,143641.26
2025-07-31,56,72433.64
2025-07-31,57,498533.46
2025-07-31,58,236260.31
2025-07-31,59,256702.89
2025-07-31,60,169910.81
2025-07-31,61,63880.23
2025-07-31,62,212044.75
2025-07-31,63,71542.17
2025-07-31,64,175764.12
2025-07-31,65,404368.46
2025-07-31,66,204097.25
2025-07-31,67,167158.87
2025-07-31,68,117099.67
2025-07-31,69,245883.58
2025-07-31,70,255222.74
2025-07-31,71,94839.37
2025-07-31,72,150994.29
2025-07-31,73,122177.78
2025-07-31,74,27941.76
2025-07-31,75,93972.47
2025-07-31,76,101834.83
2025-07-31,77,179180.12
2025-07-31,78,47874.52
2025-07-31,79,167783.99
2025-07-31,80,281758.18
2025-07-31,81,230094.6
2025-07-31,82,154415.07
2025-07-31,83,191250.61
2025-07-31,84,60304.64
2025-07-31,85,20388.68
2025-07-31,86,139280.41
2025-07-31,87,66139.05
2025-07-31,88,259878.71
2025-07-31,89,29217.58
2025-07-31,90,154662.2
2025-07-31,91,103606.86
2025-07-31,92,146599.83
2025-07-31,93,261616.88
2025-07-31,94,395165.2
2025-07-31,95,188831.12
2025-07-31,96,120089.75
2025-07-31,97,189309.71
2025-07-31,98,55057.04
2025-07-31,99,193438.04
2025-07-31,100,79719.94
2025-07-31,101,564043.49
2025-07-31,102,105749.6
2025-07-31,103,50084.26
2025-07-31,104,91349.82
2025-07-31,105,466674.14
2025-07-31,106,283773.26
2025-07-31,107,67669.25
2025-07-31,108,69634.76
2025-07-31,109,59837.9
2025-07-31,110,58669.16
2025-07-31,111,412375.94
2025-07-31,112,105276.99
2025-07-31,113,68999.81
2025-07-31,114,287161.55
2025-07-31,115,129739.35
2025-07-31,116,52563.0
2025-07-31,117,208470.51
2025-07-31,118,228743.42
2025-07-31,119,222031.81
2025-07-31,120,149400.41
2025-07-31,121,128664.61
2025-07-31,122,69036.07
2025-07-31,123,88393.53
2025-07-31,124,165640.43
2025-07-31,125,66614.56
2025-07-31,126,187506.27
2025-07-31,127,55108.36
2025-07-31,128,192838.52
2025-07-31,129,100612.61
2025-07-31,130,69762.38
2025-07-31,131,49319.43
2025-07-31,132,92254.61
2025-07-31,133,85442.0
2025-07-31,134,152130.94
2025-07-31,135,66815.51
2025-07-31,136,8304.55
2025-07-31,137,157866.75
2025-07-31,138,74548.17
2025-07-31,139,204082.38
2025-07-31,140,146140.25
2025-07-31,141,330368.15
2025-07-31,142,216490.68
2025-07-31,143,82632.74
2025-07-31,144,127622.55
2025-07-31,145,148479.6
2025-07-31,146,297157.97
2025-07-31,147,133010.54
2025-07-31,148,77855.09
2025-07-31,149,338831.91
2025-07-31,150,106920.95
2025-07-31,151,53420.91
2025-07-31,152,610422.78
2025-07-31,153,112457.78
2025-07-31,154,90011.09
2025-07-31,155,62662.98
2025-07-31,156,149058.55
2025-07-31,157,98936.24
2025-07-31,158,102640.25
2025-07-31,159,77794.68
2025-07-31,160,74210.98
2025-07-31,161,186792.31
2025-07-31,162,187698.82
2025-07-31,163,235901.91
2025-07-31,164,210480.16
2025-07-31,165,167772.02
2025-07-31,166,18227.06
2025-07-31,167,411274.98
2025-07-31,168,128987.89
2025-07-31,169,195078.0
2025-07-31,170,383247.33
2025-07-31,171,236548.85
2025-07-31,172,69950.57
2025-07-31,173,83881.86
2025-07-31,174,415503.56
2025-07-31,175,189297.46
2025-07-31,176,97031.07
2025-07-31,177,62016.5
2025-07-31,178,168387.49
2025-07-31,179,319457.79
2025-07-31,180,184180.33
2025-07-31,181,254053.44
2025-07-31,182,47567.68
2025-07-31,183,91082.22
2025-07-31,184,53865.42
2025-07-31,185,133176.74
2025-07-31,186,320725.16
2025-07-31,187,83184.54
2025-07-31,188,155971.51
2025-07-31,189,36952.36
2025-07-31,190,190266.14
2025-07-31,191,24650.24
2025-07-31,192,82694.26
2025-07-31,193,128888.74
2025-07-31,194,145489.38
2025-07-31,195,84813.79
2025-07-31,196,240277.15
2025-07-31,197,319607.06
2025-07-31,198,439298.81
2025-07-31,199,47722.45
2025-07-31,200,71152.58
2025-07-31,201,45721.76
2025-07-31,202,260342.76
2025-07-31,203,103109.07
2025-07-31,204,283405.99
2025-07-31,205,40382.75
2025-07-31,206,157829.14
2025-07-31,207,208711.76
2025-07-31,208,312854.14
2025-07-31,209,281770.33
2025-07-31,210,140974.18
2025-07-31,211,186217.91
2025-07-31,212,493960.0
2025-07-31,213,105111.47
2025-07-31,214,182343.32
2025-07-31,215,152536.33
2025-07-31,216,439748.0
2025-07-31,217,148892.28
2025-07-31,218,160761.38
2025-07-31,219,180493.75
2025-07-31,220,213623.85
2025-07-31,221,88991.92
2025-07-31,222,97767.33
2025-07-31,223,88545.13
2025-07-31,224,151811.82
2025-07-31,225,291613.15
2025-07-31,226,195381.73
2025-07-31,227,19883.3
2025-07-31,228,71643.47
2025-07-31,229,170273.96
2025-07-31,230,333003.92
2025-07-31,231,219551.49
2025-07-31,232,121486.09
2025-07-31,233,139080.42
2025-07-31,234,157727.07
2025-07-31,235,225020.73
2025-07-31,236,64494.9
2025-07-31,237,334795.87
2025-07-31,238,17784.66
2025-07-31,239,5961.04
2025-07-31,240,232590.53
2025-07-31,241,183282.29
2025-07-31,242,420282.61
2025-07-31,243,57915.84
2025-07-31,244,106409.41
2025-07-31,245,199723.3
2025-07-31,246,22127.32
2025-07-31,247,25675.82
2025-07-31,248,41006.61
2025-07-31,249,92901.33
2025-07-31,250,147277.81
2025-07-31,251,39287.91
2025-07-31,252,127355.21
2025-07-31,253,79648.26
2025-07-31,254,212315.41
2025-07-31,255,149143.85
2025-07-31,256,125110.38
2025-07-31,257,91762.26
2025-07-31,258,13403.1
2025-07-31,259,160916.72
2025-07-31,260,165779.76
2025-07-31,261,92059.91
2025-07-31,262,253681.29
2025-07-31,263,136980.04
2025-07-31,264,57234.83
2025-07-31,265,198399.29
2025-07-31,266,89402.88
2025-07-31,267,85797.1
2025-07-31,268,24860.08
2025-07-31,269,109703.14
2025-07-31,270,75118.94
2025-07-31,271,104764.05
2025-07-31,272,224683.11
2025-07-31,273,158221.82
2025-07-31,274,165150.5
2025-07-31,275,507698.54
2025-07-31,276,180345.55
2025-07-31,277,162597.32
2025-07-31,278,320250.69
2025-07-31,279,309667.02
2025-07-31,280,92763.72
2025-07-31,281,85243.44
2025-07-31,282,168286.25
2025-07-31,283,47775.61
2025-07-31,284,22246.9
2025-07-31,285,213549.2
2025-07-31,286,340742.27
2025-07-31,287,608556.32
2025-07-31,288,81066.15
2025-07-31,289,148785.12
2025-07-31,290,88689.84
2025-07-31,291,342827.61
2025-07-31,292,217371.04
2025-07-31,293,186478.39
2025-07-31,294,100814.04
2025-07-31,295,265226.69
2025-07-31,296,127909.98
2025-07-31,297,238488.65
2025-07-31,298,412664.7
2025-07-31,299,143479.7
2025-07-31,300,71077.93
2025-07-31,301,82131.21
2025-07-31,302,200025.74
2025-07-31,303,124963.26
2025-07-31,304,211131.91
2025-07-31,305,213803.1
2025-07-31,306,217410.02
2025-07-31,307,231057.23
2025-07-31,308,9538.89
2025-07-31,309,131388.53
2025-07-31,310,170509.73
2025-07-31,311,10893.44
2025-07-31,312,122227.46
2025-07-31,313,137645.2
2025-07-31,314,111781.81
2025-07-31,315,205872.53
2025-07-31,316,86488.41
2025-07-31,317,84829.03
2025-07-31,318,94987.96
2025-07-31,319,119128.85
2025-07-31,320,83951.45
2025-07-31,321,279251.65
2025-07-31,322,65523.36
2025-07-31,323,305928.11
2025-07-31,324,263872.14
2025-07-31,325,161988.71
2025-07-31,326,250967.65
2025-07-31,327,191625.49
2025-07-31,328,64226.87
2025-07-31,329,279241.72
2025-07-31,330,84724.45
2025-07-31,331,19040.92
2025-07-31,332,131795.31
2025-07-31,333,185154.4
2025-07-31,334,142592.47
2025-07-31,335,56313.36
2025-07-31,336,340497.74
2025-07-31,337,213620.68
2025-07-31,338,58422.9
2025-07-31,339,54499.23
2025-07-31,340,290686.03
2025-07-31,341,110862.87
2025-07-31,342,223995.12
2025-07-31,343,196742.85
2025-07-31,344,93056.43
2025-07-31,345,123386.52
2025-07-31,346,281307.08
2025-07-31,347,169377.18
2025-07-31,348,52702.77
2025-07-31,349,117447.58
2025-07-31,350,126707.12
2025-07-31,351,345838.0
2025-07-31,352,200700.32
2025-07-31,353,105921.45
2025-07-31,354,171446.45
2025-07-31,355,128309.34
2025-07-31,356,103390.64
2025-07-31,357,42065.78
2025-07-31,358,93468.33
2025-07-31,359,101304.5
2025-07-31,360,159485.16
2025-07-31,361,185633.7
2025-07-31,362,76396.5
2025-07-31,363,51962.7
2025-07-31,364,238228.16
2025-07-31,365,392122.11
2025-07-31,366,78624.93
2025-07-31,367,231862.69
2025-07-31,368,185350.58
2025-07-31,369,197729.97
2025-07-31,370,108657.73
2025-07-31,371,193712.6
2025-07-31,372,110764.83
2025-07-31,373,102247.81
2025-07-31,374,238188.4
2025-07-31,375,142308.52
2025-07-31,376,33642.79
2025-07-31,377,479757.31
2025-07-31,378,116382.58
2025-07-31,379,181267.43
2025-07-31,380,52650.92
2025-07-31,381,33335.19
2025-07-31,382,182580.87
2025-07-31,383,92770.78
2025-07-31,384,148868.85
2025-07-31,385,64401.19
2025-07-31,386,68424.6
2025-07-31,387,338585.76
2025-07-31,388,189474.76
2025-07-31,389,323860.93
2025-07-31,390,247532.39
2025-07-31,391,548335.28
2025-07-31,392,167916.26
2025-07-31,393,314662.24
2025-07-31,394,295732.88
2025-07-31,395,179119.79
2025-07-31,396,123732.0
2025-07-31,397,161499.99
2025-07-31,398,556418.24
2025-07-31,399,104223.4
2025-07-31,400,234626.07
2025-07-31,401,197403.58
2025-07-31,402,155562.44
2025-07-31,403,141910.74
2025-07-31,404,210802.28
2025-07-31,405,231508.27
2025-07-31,406,113398.11
2025-07-31,407,43942.11
2025-07-31,408,115783.15
2025-07-31,409,77691.55
2025-07-31,410,210842.63
2025-07-31,411,106908.96
2025-07-31,412,341341.7
2025-07-31,413,91659.27
2025-07-31,414,535008.28
2025-07-31,415,85107.73
2025-07-31,416,179735.16
2025-07-31,417,55650.77
2025-07-31,418,413461.01
2025-07-31,419,52703.74
2025-07-31,420,173283.69
2025-07-31,421,15350.57
2025-07-31,422,3164.72
2025-07-31,423,62334.39
2025-07-31,424,384124.11
2025-07-31,425,308520.11
2025-07-31,426,165900.97
2025-07-31,427,109108.03
2025-07-31,428,68650.62
2025-07-31,429,65676.91
2025-07-31,430,290937.71
2025-07-31,431,192465.92
2025-07-31,432,174140.74
2025-07-31,433,52296.22
2025-07-31,434,141024.85
2025-07-31,435,6481.84
2025-07-31,436,359452.07
2025-07-31,437,108816.03
2025-07-31,438,74353.28
2025-07-31,439,158404.04
2025-07-31,440,203746.37
2025-07-31,441,216521.71
2025-07-31,442,237450.6
2025-07-31,443,357984.17
2025-07-31,444,63520.71
2025-07-31,445,434708.73
2025-07-31,446,419537.13
2025-07-31,447,93409.43
2025-07-31,448,84802.9
2025-07-31,449,382301.0
2025-07-31,450,91029.1
2025-07-31,451,124311.72
2025-07-31,452,229870.45
2025-07-31,453,75499.67
2025-07-31,454,69153.32
2025-07-31,455,79207.69
2025-07-31,456,120824.88
2025-07-31,457,39434.37
2025-07-31,458,337690.53
2025-07-31,459,300840.21
2025-07-31,460,94668.13
2025-07-31,461,117707.12
2025-07-31,462,48624.63
2025-07-31,463,428658.24
2025-07-31,464,47963.72
2025-07-31,465,70030.66
2025-07-31,466,293965.51
2025-07-31,467,176842.54
2025-07-31,468,85035.52
2025-07-31,469,400918.99
2025-07-31,470,36591.62
2025-07-31,471,307554.25
2025-07-31,472,82292.66
2025-07-31,473,109700.77
2025-07-31,474,156574.29
2025-07-31,475,110230.36
2025-07-31,476,106207.61
2025-07-31,477,342012.77
2025-07-31,478,96095.32
2025-07-31,479,108238.5
2025-07-31,480,121501.66
2025-07-31,481,18900.09
2025-07-31,482,265442.66
2025-07-31,483,439276.86
2025-07-31,484,34552.05
2025-07-31,485,173091.56
2025-07-31,486,53100.36
2025-07-31,487,23868.78
2025-07-31,488,52627.07
2025-07-31,489,274874.42
2025-07-31,490,70723.54
2025-07-31,491,177724.66
2025-07-31,492,78284.84
2025-07-31,493,67373.2
2025-07-31,494,147276.27
2025-07-31,495,169159.18
2025-07-31,496,183717.99
2025-07-31,497,555117.01
2025-07-31,498,52872.25
2025-07-31,499,521157.34
2025-07-31,500,117477.59
2025-07-31,501,193746.5
2025-07-31,502,337449.97
2025-07-31,503,56541.27
2025-07-31,504,118709.02
2025-07-31,505,135315.88
2025-07-31,506,208864.17
2025-07-31,507,132993.52
2025-07-31,508,188643.83
2025-07-31,509,161841.55
2025-07-31,510,98364.74
2025-07-31,511,108955.52
2025-07-31,512,88560.19
2025-07-31,513,335623.64
2025-07-31,514,150928.21
2025-07-31,515,128863.67
2025-07-31,516,266587.38
2025-07-31,517,108112.93
2025-07-31,518,541583.01
2025-07-31,519,180961.27
2025-07-31,520,214252.57
2025-07-31,521,63185.54
2025-07-31,522,24180.06
2025-07-31,523,62967.46
2025-07-31,524,101712.75
2025-07-31,525,139831.93
2025-07-31,526,118718.1
2025-07-31,527,83421.33
2025-07-31,528,163881.16
2025-07-31,529,442266.69
2025-07-31,530,80514.2
2025-07-31,531,244352.06
2025-07-31,532,208820.66
2025-07-31,533,83446.99
2025-07-31,534,132788.49
2025-07-31,535,23489.53
2025-07-31,536,142754.87
2025-07-31,537,71754.69
2025-07-31,538,122712.46
2025-07-31,539,87092.08
2025-07-31,540,267796.66
2025-07-31,541,89767.45
2025-07-31,542,201078.11
2025-07-31,543,302364.77
2025-07-31,544,256832.88
2025-07-31,545,287951.64
2025-07-31,546,206519.28
2025-07-31,547,82994.34
2025-07-31,548,62840.95
2025-07-31,549,58893.2
2025-07-31,550,168834.66
2025-07-31,551,96957.13
2025-07-31,552,53396.12
2025-07-31,553,62699.03
2025-07-31,554,98512.71
2025-07-31,555,106586.28
2025-07-31,556,361533.45
2025-07-31,557,55946.06
2025-07-31,558,107132.23
2025-07-31,559,134970.29
2025-07-31,560,69631.4
2025-07-31,561,287771.23
2025-07-31,562,212508.23
2025-07-31,563,117320.26
2025-07-31,564,204256.78
2025-07-31,565,57075.33
2025-07-31,566,127220.56
2025-07-31,567,263825.08
2025-07-31,568,149847.16
2025-07-31,569,203964.54
2025-07-31,570,32381.0
2025-07-31,571,199869.04
2025-07-31,572,131240.6
2025-07-31,573,193571.79
2025-07-31,574,131887.86
2025-07-31,575,60749.65
2025-07-31,576,77066.63
2025-07-31,577,146883.94
2025-07-31,578,238771.36
2025-07-31,579,251625.11
2025-07-31,580,73842.26
2025-07-31,581,335318.56
2025-07-31,582,276974.78
2025-07-31,583,187029.73
2025-07-31,584,78491.02
2025-07-31,585,8890.04
2025-07-31,586,103064.14
2025-07-31,587,336220.16
2025-07-31,588,80545.05
2025-07-31,589,284258.92
2025-07-31,590,51278.18
2025-07-31,591,137236.02
2025-07-31,592,123463.19
2025-07-31,593,165363.42
2025-07-31,594,327364.01
2025-07-31,595,108790.29
2025-07-31,596,107414.76
2025-07-31,597,54230.84
2025-07-31,598,288506.94
2025-07-31,599,51474.86
2025-07-31,600,152086.07
2025-07-31,601,95170.82
2025-07-31,602,765412.46
2025-07-31,603,241262.1
2025-07-31,604,34656.62
2025-07-31,605,129049.54
2025-07-31,606,120389.18
2025-07-31,607,515501.18
2025-07-31,608,62390.6
2025-07-31,609,92686.59
2025-07-31,610,63245.87
2025-07-31,611,75812.16
2025-07-31,612,251943.65
2025-07-31,613,117118.92
2025-07-31,614,238558.88
2025-07-31,615,144201.2
2025-07-31,616,49230.33
2025-07-31,617,189658.86
2025-07-31,618,274870.81
2025-07-31,619,304351.68
2025-07-31,620,75976.56
2025-07-31,621,236066.86
2025-07-31,622,53552.43
2025-07-31,623,163869.45
2025-07-31,624,203389.74
2025-07-31,625,238454.7
2025-07-31,626,124196.91
2025-07-31,627,187420.18
2025-07-31,628,219414.64
2025-07-31,629,142209.16
2025-07-31,630,123236.56
2025-07-31,631,35604.95
2025-07-31,632,95664.5
2025-07-31,633,135403.4
2025-07-31,634,109010.57
2025-07-31,635,82728.94
2025-07-31,636,59265.27
2025-07-31,637,1038691.77
2025-07-31,638,57987.7
2025-07-31,639,118662.25
2025-07-31,640,207092.0
2025-07-31,641,41327.1
2025-07-31,642,164184.09
2025-07-31,643,72062.99
2025-07-31,644,169520.97
2025-07-31,645,482790.15
2025-07-31,646,101023.05
2025-07-31,647,81857.19
2025-07-31,648,178902.07
2025-07-31,649,177703.87
2025-07-31,650,152838.53
2025-07-31,651,139188.22
2025-07-31,652,140082.83
2025-07-31,653,66427.91
2025-07-31,654,627669.54
2025-07-31,655,218230.44
2025-07-31,656,113652.5
2025-07-31,657,88504.58
2025-07-31,658,159285.96
2025-07-31,659,225119.4
2025-07-31,660,128013.21
2025-07-31,661,66499.14
2025-07-31,662,45621.56
2025-07-31,663,131382.47
2025-07-31,664,112787.75
2025-07-31,665,120313.84
2025-07-31,666,245002.36
2025-07-31,667,46329.06
2025-07-31,668,118733.58
2025-07-31,669,16783.65
2025-07-31,670,166814.28
2025-07-31,671,33720.51
2025-07-31,672,138494.13
2025-07-31,673,88601.27
2025-07-31,674,161837.72
2025-07-31,675,116601.03
2025-07-31,676,429981.46
2025-07-31,677,98137.16
2025-07-31,678,102206.52
2025-07-31,679,39650.32
2025-07-31,680,103949.5
2025-07-31,681,45198.94
2025-07-31,682,110753.58
2025-07-31,683,27051.41
2025-07-31,684,90576.0
2025-07-31,685,199155.64
2025-07-31,686,130744.99
2025-07-31,687,139601.42
2025-07-31,688,114373.22
2025-07-31,689,168134.11
2025-07-31,690,150663.51
2025-07-31,691,175815.7
2025-07-31,692,44575.14
2025-07-31,693,65304.58
2025-07-31,694,99241.42
2025-07-31,695,433531.3
2025-07-31,696,45408.97
2025-07-31,697,176594.57
2025-07-31,698,54220.2
2025-07-31,699,187874.59
2025-07-31,700,114324.56
2025-07-31,701,83865.9
2025-07-31,702,60765.58
2025-07-31,703,96370.79
2025-07-31,704,128453.08
2025-07-31,705,90201.61
2025-07-31,706,478142.44
2025-07-31,707,127936.88
2025-07-31,708,293485.99
2025-07-31,709,24333.9
2025-07-31,710,189116.71
2025-07-31,711,122726.36
2025-07-31,712,110661.19
2025-07-31,713,122825.1
2025-07-31,714,810377.25
2025-07-31,715,274176.23
2025-07-31,716,123334.91
2025-07-31,717,157522.61
2025-07-31,718,356094.68
2025-07-31,719,5527.94
2025-07-31,720,80578.83
2025-07-31,721,7169.49
2025-07-31,722,193949.29
2025-07-31,723,322220.18
2025-07-31,724,29616.41
2025-07-31,725,147426.61
2025-07-31,726,178854.61
2025-07-31,727,127337.36
2025-07-31,728,85152.07
2025-07-31,729,245472.51
2025-07-31,730,103512.39
2025-07-31,731,99462.56
2025-07-31,732,113424.08
2025-07-31,733,266752.59
2025-07-31,734,112356.12
2025-07-31,735,108066.08
2025-07-31,736,525865.63
2025-07-31,737,60280.84
2025-07-31,738,156131.73
2025-07-31,739,74329.99
2025-07-31,740,155115.07
2025-07-31,741,345292.26
2025-07-31,742,84563.12
2025-07-31,743,57822.25
2025-07-31,744,74268.41
2025-07-31,745,157285.47
2025-07-31,746,197366.26
2025-07-31,747,166295.48
2025-07-31,748,76601.69
2025-07-31,749,77370.34
2025-07-31,750,81184.42
2025-07-31,751,186864.11
2025-07-31,752,145746.28
2025-07-31,753,37286.43
2025-07-31,754,99701.16
2025-07-31,755,86745.57
2025-07-31,756,121983.28
2025-07-31,757,363368.38
2025-07-31,758,392730.6
2025-07-31,759,80081.27
2025-07-31,760,236977.59
2025-07-31,761,109981.1
2025-07-31,762,86868.03
2025-07-31,763,128711.18
2025-07-31,764,85589.82
2025-07-31,765,79148.49
2025-07-31,766,143749.24
2025-07-31,767,98793.55
2025-07-31,768,73563.17
2025-07-31,769,231370.64
2025-07-31,770,179403.03
2025-07-31,771,279120.17
2025-07-31,772,101631.98
2025-07-31,773,114404.53
2025-07-31,774,52403.32
2025-07-31,775,123622.13
2025-07-31,776,156649.98
2025-07-31,777,540354.72
2025-07-31,778,60753.48
2025-07-31,779,278934.68
2025-07-31,780,362934.67
2025-07-31,781,36383.07
2025-07-31,782,138684.62
2025-07-31,783,89139.21
2025-07-31,784,82728.42
2025-07-31,785,16389.66
2025-07-31,786,221286.13
2025-07-31,787,248066.83
2025-07-31,788,303417.88
2025-07-31,789,58183.32
2025-07-31,790,147619.2
2025-07-31,791,104709.26
2025-07-31,792,65880.36
2025-07-31,793,327761.8
2025-07-31,794,99958.35
2025-07-31,795,135723.26
2025-07-31,796,529110.46
2025-07-31,797,72150.26
2025-07-31,798,201290.9
2025-07-31,799,502279.87
2025-07-31,800,133528.25
2025-07-31,801,275304.93
2025-07-31,802,52229.47
2025-07-31,803,169270.07
2025-07-31,804,120157.34
2025-07-31,805,107518.74
2025-07-31,806,132070.43
2025-07-31,807,69138.15
2025-07-31,808,176652.33
2025-07-31,809,87014.27
2025-07-31,810,169145.78
2025-07-31,811,108822.49
2025-07-31,812,104998.9
2025-07-31,813,50685.12
2025-07-31,814,506645.27
2025-07-31,815,223714.02
2025-07-31,816,427549.64
2025-07-31,817,112178.32
2025-07-31,818,143137.58
2025-07-31,819,113699.35
2025-07-31,820,184053.14
2025-07-31,821,104448.32
2025-07-31,822,243151.73
2025-07-31,823,231953.73
2025-07-31,824,193792.16
2025-07-31,825,233177.14
2025-07-31,826,275217.73
2025-07-31,827,254844.95
2025-07-31,828,101111.53
2025-07-31,829,395344.45
2025-07-31,830,148376.54
2025-07-31,831,222758.91
2025-07-31,832,66758.05
2025-07-31,833,440352.81
2025-07-31,834,197353.42
2025-07-31,835,93689.0
2025-07-31,836,350276.39
2025-07-31,837,151386.87
2025-07-31,838,336729.99
2025-07-31,839,150362.78
2025-07-31,840,58483.0
2025-07-31,841,469805.29
2025-07-31,842,93717.3
2025-07-31,843,45143.6
2025-07-31,844,88355.79
2025-07-31,845,243115.01
2025-07-31,846,212262.01
2025-07-31,847,123126.19
2025-07-31,848,65249.66
2025-07-31,849,81212.83
2025-07-31,850,86803.79
2025-07-31,851,44567.23
2025-07-31,852,636846.21
2025-07-31,853,85037.51
2025-07-31,854,53783.01
2025-07-31,855,141796.97
2025-07-31,856,94208.67
2025-07-31,857,122745.96
2025-07-31,858,143648.28
2025-07-31,859,211155.64
2025-07-31,860,44820.8
2025-07-31,861,177707.11
2025-07-31,862,94759.79
2025-07-31,863,202850.65
2025-07-31,864,995819.27
2025-07-31,865,88772.76
2025-07-31,866,79621.84
2025-07-31,867,106009.82
2025-07-31,868,154598.46
2025-07-31,869,136791.86
2025-07-31,870,61575.21
2025-07-31,871,107191.64
2025-07-31,872,97573.23
2025-07-31,873,78792.01
2025-07-31,874,87696.74
2025-07-31,875,110630.32
2025-07-31,876,403647.63
2025-07-31,877,214731.12
2025-07-31,878,80465.96
2025-07-31,879,143741.23
2025-07-31,880,51480.44
2025-07-31,881,135082.33
2025-07-31,882,228144.22
2025-07-31,883,237834.83
2025-07-31,884,386848.5
2025-07-31,885,145185.48
2025-07-31,886,36733.85
2025-07-31,887,35201.64
2025-07-31,888,96554.17
2025-07-31,889,354596.37
2025-07-31,890,193735.11
2025-07-31,891,178965.67
2025-07-31,892,279500.74
2025-07-31,893,244941.15
2025-07-31,894,187296.52
2025-07-31,895,182407.14
2025-07-31,896,391972.43
2025-07-31,897,276332.03
2025-07-31,898,102803.78
2025-07-31,899,70270.24
2025-07-31,900,193311.18
2025-07-31,901,102981.12
2025-07-31,902,373176.65
2025-07-31,903,371220.49
2025-07-31,904,45891.18
2025-07-31,905,264296.54
2025-07-31,906,49766.65
2025-07-31,907,116181.67
2025-07-31,908,72392.96
2025-07-31,909,59766.95
2025-07-31,910,114663.82
2025-07-31,911,58079.8
2025-07-31,912,253018.03
2025-07-31,913,549168.6
2025-07-31,914,86026.43
2025-07-31,915,115448.76
2025-07-31,916,117408.99
2025-07-31,917,150609.8
2025-07-31,918,102051.98
2025-07-31,919,47748.11
2025-07-31,920,229808.37
2025-07-31,921,109465.17
2025-07-31,922,112962.4
2025-07-31,923,136650.62
2025-07-31,924,41468.47
2025-07-31,925,121971.64
2025-07-31,926,120997.38
2025-07-31,927,113711.15
2025-07-31,928,223442.15
2025-07-31,929,313411.63
2025-07-31,930,314147.22
2025-07-31,931,166273.87
2025-07-31,932,171151.35
2025-07-31,933,64190.35
2025-07-31,934,79573.84
2025-07-31,935,284421.79
2025-07-31,936,256991.73
2025-07-31,937,58264.85
2025-07-31,938,62914.92
2025-07-31,939,38471.84
2025-07-31,940,180989.16
2025-07-31,941,110130.43
2025-07-31,942,187988.06
2025-07-31,943,145007.94
2025-07-31,944,127858.33
2025-07-31,945,113919.42
2025-07-31,946,147605.91
2025-07-31,947,807443.99
2025-07-31,948,172835.96
2025-07-31,949,76318.03
2025-07-31,950,259984.08
2025-07-31,951,316726.84
2025-07-31,952,79565.94
2025-07-31,953,86170.34
2025-07-31,954,252294.74
2025-07-31,955,141244.15
2025-07-31,956,110214.5
2025-07-31,957,258508.67
2025-07-31,958,193290.05
2025-07-31,959,306165.21
2025-07-31,960,257552.66
2025-07-31,961,249339.16
2025-07-31,962,112428.22
2025-07-31,963,67188.83
2025-07-31,964,115187.73
2025-07-31,965,169115.07
2025-07-31,966,276621.62
2025-07-31,967,161953.08
2025-07-31,968,247232.21
2025-07-31,969,286545.08
2025-07-31,970,178637.51
2025-07-31,971,97438.41
2025-07-31,972,140443.5
2025-07-31,973,57067.2
2025-07-31,974,113702.14
2025-07-31,975,32957.07
2025-07-31,976,324493.85
2025-07-31,977,168994.39
2025-07-31,978,148512.45
2025-07-31,979,82804.64
2025-07-31,980,102002.64
2025-07-31,981,86350.42
2025-07-31,982,90481.98
2025-07-31,983,144231.41
2025-07-31,984,83664.08
2025-07-31,985,46513.11
2025-07-31,986,79332.28
2025-07-31,987,83148.24
2025-07-31,988,161135.47
2025-07-31,989,60786.12
2025-07-31,990,226807.45
2025-07-31,991,227513.54
2025-07-31,992,88643.23
2025-07-31,993,127360.94
2025-07-31,994,159371.78
2025-07-31,995,25666.67
2025-07-31,996,762467.64
2025-07-31,997,495147.3
2025-07-31,998,190828.13
2025-07-31,999,88721.12
2025-07-31,1000,58947.71
2025-07-31,1001,109009.26
2025-07-31,1002,274213.74
2025-07-31,1003,157662.31
2025-07-31,1004,132787.79
2025-07-31,1005,167383.54
2025-07-31,1006,25514.27
2025-07-31,1007,79413.93
2025-07-31,1008,211117.17
2025-07-31,1009,199257.32
2025-07-31,1010,109919.03
2025-07-31,1011,162870.26
2025-07-31,1012,11210.55
2025-07-31,1013,77089.76
2025-07-31,1014,51243.62
2025-07-31,1015,138644.39
2025-07-31,1016,336128.97
2025-07-31,1017,167564.95
2025-07-31,1018,106335.74
2025-07-31,1019,120529.76
2025-07-31,1020,108819.98
2025-07-31,1021,51384.03
2025-07-31,1022,396859.81
2025-07-31,1023,101984.94
2025-07-31,1024,28896.98
2025-07-31,1025,129537.19
2025-07-31,1026,52313.39
2025-07-31,1027,59503.13
2025-07-31,1028,254924.7
2025-07-31,1029,222535.97
2025-07-31,1030,105975.0
2025-07-31,1031,263662.81
2025-07-31,1032,330738.44
2025-07-31,1033,103772.0
2025-07-31,1034,311949.7
2025-07-31,1035,110685.49
2025-07-31,1036,228579.31
2025-07-31,1037,147827.1
2025-07-31,1038,366957.28
2025-07-31,1039,79484.75
2025-07-31,1040,106041.99
2025-07-31,1041,116085.88
2025-07-31,1042,150465.14
2025-07-31,1043,109648.03
2025-07-31,1044,193643.61
2025-07-31,1045,101385.25
2025-07-31,1046,438057.9
2025-07-31,1047,116882.38
2025-07-31,1048,219942.98
2025-07-31,1049,519943.05
2025-07-31,1050,77092.72
2025-07-31,1051,58173.46
2025-07-31,1052,644373.08
2025-07-31,1053,81740.13
2025-07-31,1054,369648.25
2025-07-31,1055,85258.77
2025-07-31,1056,150602.75
2025-07-31,1057,147214.64
2025-07-31,1058,213234.15
2025-07-31,1059,100922.23
2025-07-31,1060,129386.2
2025-07-31,1061,292937.45
2025-07-31,1062,382065.42
2025-07-31,1063,80261.41
2025-07-31,1064,158853.3
2025-07-31,1065,62733.34
2025-07-31,1066,268925.95
2025-07-31,1067,349333.73
2025-07-31,1068,102744.3
2025-07-31,1069,269225.79
2025-07-31,1070,155455.67
2025-07-31,1071,211757.28
2025-07-31,1072,80273.05
2025-07-31,1073,267189.4
2025-07-31,1074,484931.82
2025-07-31,1075,168270.63
2025-07-31,1076,44937.2
2025-07-31,1077,96942.44
2025-07-31,1078,212834.97
2025-07-31,1079,142490.6
2025-07-31,1080,208766.7
2025-07-31,1081,368341.33
2025-07-31,1082,182198.23
2025-07-31,1083,37968.09
2025-07-31,1084,59544.14
2025-07-31,1085,114198.0
2025-07-31,1086,159676.37
2025-07-31,1087,307924.38
2025-07-31,1088,132657.13
2025-07-31,1089,137736.11
2025-07-31,1090,135970.6
2025-07-31,1091,94929.09
2025-07-31,1092,58329.57
2025-07-31,1093,64705.26
2025-07-31,1094,409229.68
2025-07-31,1095,77230.48
2025-07-31,1096,36507.87
2025-07-31,1097,114649.78
2025-07-31,1098,166448.49
2025-07-31,1099,90220.39
2025-07-31,1100,169280.99
2025-07-31,1101,62545.75
2025-07-31,1102,212879.08
2025-07-31,1103,71573.66
2025-07-31,1104,50678.39
2025-07-31,1105,235885.02
2025-07-31,1106,102828.81
2025-07-31,1107,74563.18
2025-07-31,1108,397847.54
2025-07-31,1109,141144.5
2025-07-31,1110,118618.68
2025-07-31,1111,117535.09
2025-07-31,1112,75557.79
2025-07-31,1113,113214.9
2025-07-31,1114,443336.63
2025-07-31,1115,187456.13
2025-07-31,1116,135175.28
2025-07-31,1117,139849.42
2025-07-31,1118,284568.82
2025-07-31,1119,318600.01
2025-07-31,1120,114994.76
2025-07-31,1121,169391.98
2025-07-31,1122,67069.39
2025-07-31,1123,136988.5
2025-07-31,1124,199915.9
2025-07-31,1125,166512.23
2025-07-31,1126,22784.61
2025-07-31,1127,151103.53
2025-07-31,1128,313578.88
2025-07-31,1129,136823.38
2025-07-31,1130,159834.41
2025-07-31,1131,181139.06
2025-07-31,1132,93702.87
2025-07-31,1133,64677.45
2025-07-31,1134,135533.21
2025-07-31,1135,98851.73
2025-07-31,1136,231802.71
2025-07-31,1137,109734.91
2025-07-31,1138,63778.01
2025-07-31,1139,252397.57
2025-07-31,1140,726.83
2025-07-31,1141,120264.16
2025-07-31,1142,427848.81
2025-07-31,1143,350031.39
2025-07-31,1144,162530.42
2025-07-31,1145,57542.32
2025-07-31,1146,88513.17
2025-07-31,1147,78092.08
2025-07-31,1148,92612.0
2025-07-31,1149,201356.27
2025-07-31,1150,118871.28
2025-07-31,1151,735575.28
2025-07-31,1152,147669.3
2025-07-31,1153,85740.29
2025-07-31,1154,135821.88
2025-07-31,1155,79082.31
2025-07-31,1156,67862.69
2025-07-31,1157,319904.15
2025-07-31,1158,111138.39
2025-07-31,1159,122386.61
2025-07-31,1160,55676.79
2025-07-31,1161,32224.99
2025-07-31,1162,296727.75
2025-07-31,1163,117625.86
2025-07-31,1164,183583.22
2025-07-31,1165,331673.39
2025-07-31,1166,90849.72
2025-07-31,1167,134203.39
2025-07-31,1168,212698.19
2025-07-31,1169,34507.83
2025-07-31,1170,99014.43
2025-07-31,1171,116841.17
2025-07-31,1172,70445.87
2025-07-31,1173,363335.24
2025-07-31,1174,167434.24
2025-07-31,1175,75562.55
2025-07-31,1176,97542.11
2025-07-31,1177,74638.91
2025-07-31,1178,684069.7
2025-07-31,1179,107798.65
2025-07-31,1180,287113.95
2025-07-31,1181,280836.84
2025-07-31,1182,375140.09
2025-07-31,1183,161061.67
2025-07-31,1184,107020.37
2025-07-31,1185,50881.25
2025-07-31,1186,91127.74
2025-07-31,1187,79503.53
2025-07-31,1188,113352.5
2025-07-31,1189,96226.93
2025-07-31,1190,115472.4
2025-07-31,1191,252184.3
2025-07-31,1192,152547.39
2025-07-31,1193,91246.39
2025-07-31,1194,190862.64
2025-07-31,1195,254659.4
2025-07-31,1196,130163.18
2025-07-31,1197,199046.18
2025-07-31,1198,63237.77
2025-07-31,1199,145489.88
2025-07-31,1200,75648.69
2025-07-31,1201,233446.94
2025-07-31,1202,335710.63
2025-07-31,1203,111846.75
2025-07-31,1204,142377.69
2025-07-31,1205,88204.4
2025-07-31,1206,61849.56
2025-07-31,1207,82182.15
2025-07-31,1208,153639.28
2025-07-31,1209,155953.98
2025-07-31,1210,123355.13
2025-07-31,1211,53517.93
2025-07-31,1212,424977.78
2025-07-31,1213,68138.15
2025-07-31,1214,153729.12
2025-07-31,1215,272017.93
2025-07-31,1216,130150.18
2025-07-31,1217,13753.31
2025-07-31,1218,49146.84
2025-07-31,1219,149136.2
2025-07-31,1220,477838.15
2025-07-31,1221,235801.89
2025-07-31,1222,102633.19
2025-07-31,1223,138387.78
2025-07-31,1224,226867.87
2025-07-31,1225,108029.53
2025-07-31,1226,49053.57
2025-07-31,1227,61681.57
2025-07-31,1228,125068.47
2025-07-31,1229,131518.02
2025-07-31,1230,213036.19
2025-07-31,1231,620366.22
2025-07-31,1232,98636.77
2025-07-31,1233,207462.08
2025-07-31,1234,149542.31
2025-07-31,1235,435152.06
2025-07-31,1236,177324.06
2025-07-31,1237,294861.81
2025-07-31,1238,80210.44
2025-07-31,1239,223073.8
2025-07-31,1240,112531.72
2025-07-31,1241,59033.56
2025-07-31,1242,145916.27
2025-07-31,1243,198259.41
2025-07-31,1244,175152.95
2025-07-31,1245,48454.04
2025-07-31,1246,190725.43
2025-07-31,1247,108521.28
2025-07-31,1248,190393.36
2025-07-31,1249,295889.29
2025-07-31,1250,315378.05
2025-07-31,1251,138134.76
2025-07-31,1252,196846.67
2025-07-31,1253,232502.22
2025-07-31,1254,76670.64
2025-07-31,1255,24451.5
2025-07-31,1256,116587.02
2025-07-31,1257,21563.26
2025-07-31,1258,13925.94
2025-07-31,1259,217581.26
2025-07-31,1260,152475.09
2025-07-31,1261,222728.65
2025-07-31,1262,135547.23
2025-07-31,1263,329236.89
2025-07-31,1264,59436.56
2025-07-31,1265,349986.71
2025-07-31,1266,288656.2
2025-07-31,1267,115225.34
2025-07-31,1268,138257.48
2025-07-31,1269,12989.55
2025-07-31,1270,60296.06
2025-07-31,1271,111799.41
2025-07-31,1272,173938.71
2025-07-31,1273,147748.0
2025-07-31,1274,270555.77
2025-07-31,1275,162015.07
2025-07-31,1276,69003.22
2025-07-31,1277,58314.85
2025-07-31,1278,719937.66
2025-07-31,1279,351720.98
2025-07-31,1280,304825.32
2025-07-31,1281,249175.41
2025-07-31,1282,135919.18
2025-07-31,1283,98222.25
2025-07-31,1284,116024.56
2025-07-31,1285,164516.07
2025-07-31,1286,192029.17
2025-07-31,1287,345798.97
2025-07-31,1288,86219.49
2025-07-31,1289,70831.2
2025-07-31,1290,198371.24
2025-07-31,1291,292521.0
2025-07-31,1292,296164.83
2025-07-31,1293,18438.55
2025-07-31,1294,128089.42
2025-07-31,1295,263291.22
2025-07-31,1296,51143.12
2025-07-31,1297,52379.05
2025-07-31,1298,116122.23
2025-07-31,1299,295365.15
2025-07-31,1300,138800.24
2025-07-31,1301,115164.08
2025-07-31,1302,125363.78
2025-07-31,1303,433889.54
2025-07-31,1304,126409.77
2025-07-31,1305,242060.75
2025-07-31,1306,71740.24
2025-07-31,1307,214318.42
2025-07-31,1308,129623.94
2025-07-31,1309,80603.46
2025-07-31,1310,117978.07
2025-07-31,1311,190685.69
2025-07-31,1312,119543.25
2025-07-31,1313,162709.83
2025-07-31,1314,74629.49
2025-07-31,1315,91262.35
2025-07-31,1316,120717.55
2025-07-31,1317,164534.36
2025-07-31,1318,81138.55
2025-07-31,1319,68337.07
2025-07-31,1320,140088.61
2025-07-31,1321,62434.27
2025-07-31,1322,69209.65
2025-07-31,1323,372210.94
2025-07-31,1324,262137.69
2025-07-31,1325,114890.17
2025-07-31,1326,110827.09
2025-07-31,1327,236033.32
2025-07-31,1328,320089.12
2025-07-31,1329,99697.31
2025-07-31,1330,193414.07
2025-07-31,1331,128310.71
2025-07-31,1332,65535.73
2025-07-31,1333,117419.37
2025-07-31,1334,56080.41
2025-07-31,1335,124275.02
2025-07-31,1336,71467.22
2025-07-31,1337,64024.7
2025-07-31,1338,171502.82
2025-07-31,1339,203699.1
2025-07-31,1340,54995.69
2025-07-31,1341,149046.85
2025-07-31,1342,153207.99
2025-07-31,1343,209757.9
2025-07-31,1344,202857.08
2025-07-31,1345,111897.37
2025-07-31,1346,93363.23
2025-07-31,1347,186786.39
2025-07-31,1348,66710.12
2025-07-31,1349,59254.18
2025-07-31,1350,111273.93
2025-07-31,1351,130088.65
2025-07-31,1352,317340.16
2025-07-31,1353,200818.11
2025-07-31,1354,82114.91
2025-07-31,1355,167991.46
2025-07-31,1356,198233.34
2025-07-31,1357,111333.5
2025-07-31,1358,198226.24
2025-07-31,1359,157719.1
2025-07-31,1360,181400.53
2025-07-31,1361,110108.85
2025-07-31,1362,200671.47
2025-07-31,1363,85759.77
2025-07-31,1364,241745.06
2025-07-31,1365,340127.18
2025-07-31,1366,110116.04
2025-07-31,1367,69061.49
2025-07-31,1368,260827.33
2025-07-31,1369,247076.54
2025-07-31,1370,97769.11
2025-07-31,1371,168053.1
2025-07-31,1372,315398.8
2025-07-31,1373,233385.48
2025-07-31,1374,233393.28
2025-07-31,1375,47720.05
2025-07-31,1376,196948.67
2025-07-31,1377,37746.65
2025-07-31,1378,160573.98
2025-07-31,1379,143096.92
2025-07-31,1380,203304.85
2025-07-31,1381,207804.77
2025-07-31,1382,150593.98
2025-07-31,1383,13833.25
2025-07-31,1384,41602.41
2025-07-31,1385,45674.6
2025-07-31,1386,65988.42
2025-07-31,1387,616230.98
2025-07-31,1388,307539.77
2025-07-31,1389,482440.22
2025-07-31,1390,58005.48
2025-07-31,1391,82203.62
2025-07-31,1392,391467.57
2025-07-31,1393,223714.04
2025-07-31,1394,68381.2
2025-07-31,1395,63802.03
2025-07-31,1396,112552.57
2025-07-31,1397,164303.63
2025-07-31,1398,70497.05
2025-07-31,1399,183464.42
2025-07-31,1400,45215.54
2025-07-31,1401,276327.78
2025-07-31,1402,167265.29
2025-07-31,1403,162974.7
2025-07-31,1404,55274.86
2025-07-31,1405,66215.31
2025-07-31,1406,46766.33
2025-07-31,1407,265230.61
2025-07-31,1408,159859.15
2025-07-31,1409,58304.59
2025-07-31,1410,91034.12
2025-07-31,1411,72557.7
2025-07-31,1412,150620.63
2025-07-31,1413,183450.9
2025-07-31,1414,47407.46
2025-07-31,1415,110521.67
2025-07-31,1416,155952.34
2025-07-31,1417,148439.16
2025-07-31,1418,530403.33
2025-07-31,1419,61178.47
2025-07-31,1420,171970.28
2025-07-31,1421,187336.22
2025-07-31,1422,60472.09
2025-07-31,1423,225581.36
2025-07-31,1424,244378.9
2025-07-31,1425,73130.65
2025-07-31,1426,81647.83
2025-07-31,1427,34779.74
2025-07-31,1428,56795.18
2025-07-31,1429,77670.48
2025-07-31,1430,119519.51
2025-07-31,1431,171554.59
2025-07-31,1432,181994.13
2025-07-31,1433,40291.11
2025-07-31,1434,33927.24
2025-07-31,1435,457051.74
2025-07-31,1436,423959.42
2025-07-31,1437,68286.88
2025-07-31,1438,170361.88
2025-07-31,1439,166759.79
2025-07-31,1440,109294.95
2025-07-31,1441,94216.16
2025-07-31,1442,125864.38
2025-07-31,1443,111598.8
2025-07-31,1444,262264.7
2025-07-31,1445,100482.02
2025-07-31,1446,132156.18
2025-07-31,1447,61280.42
2025-07-31,1448,105318.8
2025-07-31,1449,21780.44
2025-07-31,1450,140051.14
2025-07-31,1451,37910.41
2025-07-31,1452,189042.05
2025-07-31,1453,97788.25
2025-07-31,1454,74568.71
2025-07-31,1455,170126.52
2025-07-31,1456,31225.6
2025-07-31,1457,346956.37
2025-07-31,1458,233753.3
2025-07-31,1459,231620.09
2025-07-31,1460,147081.31
2025-07-31,1461,99586.25
2025-07-31,1462,237182.71
2025-07-31,1463,341516.25
2025-07-31,1464,649907.69
2025-07-31,1465,110296.07
2025-07-31,1466,198063.88
2025-07-31,1467,97517.44
2025-07-31,1468,89635.55
2025-07-31,1469,43085.88
2025-07-31,1470,279998.6
2025-07-31,1471,132968.23
2025-07-31,1472,73593.43
2025-07-31,1473,173885.47
2025-07-31,1474,186462.91
2025-07-31,1475,59374.71
2025-07-31,1476,37412.49
2025-07-31,1477,385561.37
2025-07-31,1478,169753.74
2025-07-31,1479,123011.98
2025-07-31,1480,272387.12
2025-07-31,1481,244048.36
2025-07-31,1482,121180.35
2025-07-31,1483,291519.13
2025-07-31,1484,377472.85
2025-07-31,1485,32023.37
2025-07-31,1486,110653.96
2025-07-31,1487,238348.09
2025-07-31,1488,120716.17
2025-07-31,1489,205389.95
2025-07-31,1490,296397.5
2025-07-31,1491,233282.77
2025-07-31,1492,137771.27
2025-07-31,1493,440320.66
2025-07-31,1494,9953.64
2025-07-31,1495,134947.83
2025-07-31,1496,35297.62
2025-07-31,1497,104419.22
2025-07-31,1498,222472.84
2025-07-31,1499,180144.58
2025-07-31,1500,253117.22
2025-07-31,1501,77998.31
2025-07-31,1502,38757.69
2025-07-31,1503,69234.84
2025-07-31,1504,164227.33
2025-07-31,1505,262601.04
2025-07-31,1506,93589.39
2025-07-31,1507,156425.48
2025-07-31,1508,51877.87
2025-07-31,1509,208273.64
2025-07-31,1510,71263.97
2025-07-31,1511,85223.13
2025-07-31,1512,128916.61
2025-07-31,1513,181719.43
2025-07-31,1514,107942.07
2025-07-31,1515,60816.73
2025-07-31,1516,280834.2
2025-07-31,1517,172976.28
2025-07-31,1518,291084.36
2025-07-31,1519,123303.02
2025-07-31,1520,89485.9
2025-07-31,1521,143783.66
2025-07-31,1522,106885.29
2025-07-31,1523,54328.47
2025-07-31,1524,86243.03
2025-07-31,1525,70302.85
2025-07-31,1526,108595.86
2025-07-31,1527,62956.17
2025-07-31,1528,326927.76
2025-07-31,1529,90656.1
2025-07-31,1530,255530.76
2025-07-31,1531,184509.27
2025-07-31,1532,166534.57
2025-07-31,1533,118759.42
2025-07-31,1534,112484.31
2025-07-31,1535,75193.62
2025-07-31,1536,273004.06
2025-07-31,1537,165405.71
2025-07-31,1538,223390.15
2025-07-31,1539,192035.05
2025-07-31,1540,261111.38
2025-07-31,1541,104644.8
2025-07-31,1542,178581.23
2025-07-31,1543,96930.81
2025-07-31,1544,226474.79
2025-07-31,1545,157834.75
2025-07-31,1546,120007.88
2025-07-31,1547,912114.41
2025-07-31,1548,166000.66
2025-07-31,1549,480543.77
2025-07-31,1550,371924.92
2025-07-31,1551,81156.35
2025-07-31,1552,468744.29
2025-07-31,1553,113273.19
2025-07-31,1554,87915.41
2025-07-31,1555,206008.5
2025-07-31,1556,206782.61
2025-07-31,1557,173373.79
2025-07-31,1558,142923.43
2025-07-31,1559,93808.31
2025-07-31,1560,30577.57
2025-07-31,1561,238364.74
2025-07-31,1562,118407.41
2025-07-31,1563,79612.27
2025-07-31,1564,122559.55
2025-07-31,1565,46405.97
2025-07-31,1566,245878.56
2025-07-31,1567,202246.66
2025-07-31,1568,103673.52
2025-07-31,1569,234675.51
2025-07-31,1570,205299.39
2025-07-31,1571,67223.17
2025-07-31,1572,160302.57
2025-07-31,1573,76575.74
2025-07-31,1574,70958.53
2025-07-31,1575,74455.67
2025-07-31,1576,96596.2
2025-07-31,1577,68582.09
2025-07-31,1578,208278.7
2025-07-31,1579,130796.54
2025-07-31,1580,155461.69
2025-07-31,1581,415530.96
2025-07-31,1582,54700.44
2025-07-31,1583,28011.64
2025-07-31,1584,54478.32
2025-07-31,1585,93646.79
2025-07-31,1586,137980.85
2025-07-31,1587,224710.49
2025-07-31,1588,55087.24
2025-07-31,1589,183040.87
2025-07-31,1590,123308.38
2025-07-31,1591,290299.92
2025-07-31,1592,144731.95
2025-07-31,1593,199206.04
2025-07-31,1594,124700.86
2025-07-31,1595,154422.52
2025-07-31,1596,115124.59
2025-07-31,1597,102748.41
2025-07-31,1598,175483.81
2025-07-31,1599,211165.52
2025-07-31,1600,429815.85
2025-07-31,1601,85755.8
2025-07-31,1602,330613.11
2025-07-31,1603,162574.72
2025-07-31,1604,364477.52
2025-07-31,1605,83999.65
2025-07-31,1606,222819.84
2025-07-31,1607,333701.39
2025-07-31,1608,329019.36
2025-07-31,1609,163588.99
2025-07-31,1610,43493.32
2025-07-31,1611,99888.01
2025-07-31,1612,120948.92
2025-07-31,1613,221640.11
2025-07-31,1614,165176.32
2025-07-31,1615,219455.32
2025-07-31,1616,143012.44
2025-07-31,1617,105132.03
2025-07-31,1618,16131.74
2025-07-31,1619,55844.06
2025-07-31,1620,29924.7
2025-07-31,1621,64912.12
2025-07-31,1622,123352.13
2025-07-31,1623,267224.15
2025-07-31,1624,137433.82
2025-07-31,1625,112530.71
2025-07-31,1626,144764.1
2025-07-31,1627,159483.46
2025-07-31,1628,81405.57
2025-07-31,1629,26605.38
2025-07-31,1630,142486.88
2025-07-31,1631,121259.63
2025-07-31,1632,80940.8
2025-07-31,1633,125836.55
2025-07-31,1634,59635.23
2025-07-31,1635,243433.69
2025-07-31,1636,102140.06
2025-07-31,1637,77746.29
2025-07-31,1638,198230.65
2025-07-31,1639,66786.74
2025-07-31,1640,170026.67
2025-07-31,1641,161911.02
2025-07-31,1642,212557.69
2025-07-31,1643,85124.71
2025-07-31,1644,221661.65
2025-07-31,1645,65744.2
2025-07-31,1646,204593.55
2025-07-31,1647,259537.52
2025-07-31,1648,38021.53
2025-07-31,1649,82118.03
2025-07-31,1650,70122.25
2025-07-31,1651,276093.57
2025-07-31,1652,202753.21
2025-07-31,1653,55381.82
2025-07-31,1654,103415.44
2025-07-31,1655,14265.56
2025-07-31,1656,173115.03
2025-07-31,1657,282222.02
2025-07-31,1658,64258.36
2025-07-31,1659,158042.06
2025-07-31,1660,39607.64
2025-07-31,1661,144749.35
2025-07-31,1662,60474.27
2025-07-31,1663,1670.03
2025-07-31,1664,280140.16
2025-07-31,1665,291425.64
2025-07-31,1666,222899.35
2025-07-31,1667,44720.1
2025-07-31,1668,126812.57
2025-07-31,1669,145100.21
2025-07-31,1670,101570.62
2025-07-31,1671,31197.59
2025-07-31,1672,407854.6
2025-07-31,1673,27496.69
2025-07-31,1674,936102.17
2025-07-31,1675,555309.07
2025-07-31,1676,35681.24
2025-07-31,1677,142743.36
2025-07-31,1678,166366.46
2025-07-31,1679,27722.46
2025-07-31,1680,173802.07
2025-07-31,1681,165868.04
2025-07-31,1682,253962.59
2025-07-31,1683,130462.85
2025-07-31,1684,102869.63
2025-07-31,1685,125225.55
2025-07-31,1686,121245.24
2025-07-31,1687,74361.27
2025-07-31,1688,115031.5
2025-07-31,1689,70641.66
2025-07-31,1690,201083.11
2025-07-31,1691,98424.74
2025-07-31,1692,103237.0
2025-07-31,1693,553887.26
2025-07-31,1694,43870.93
2025-07-31,1695,76358.93
2025-07-31,1696,58421.23
2025-07-31,1697,214706.35
2025-07-31,1698,256285.06
2025-07-31,1699,79219.84
2025-07-31,1700,21511.04
2025-07-31,1701,86914.45
2025-07-31,1702,88343.66
2025-07-31,1703,136689.59
2025-07-31,1704,134359.71
2025-07-31,1705,85440.12
2025-07-31,1706,158278.25
2025-07-31,1707,171886.44
2025-07-31,1708,93652.95
2025-07-31,1709,157325.64
2025-07-31,1710,59636.92
2025-07-31,1711,124647.8
2025-07-31,1712,100028.63
2025-07-31,1713,115602.0
2025-07-31,1714,292642.76
2025-07-31,1715,191593.93
2025-07-31,1716,224716.58
2025-07-31,1717,206993.89
2025-07-31,1718,167251.77
2025-07-31,1719,76341.85
2025-07-31,1720,340394.8
2025-07-31,1721,212609.47
2025-07-31,1722,126556.71
2025-07-31,1723,150691.65
2025-07-31,1724,254461.52
2025-07-31,1725,124320.62
2025-07-31,1726,10284.56
2025-07-31,1727,62954.15
2025-07-31,1728,48651.5
2025-07-31,1729,171597.26
2025-07-31,1730,211619.22
2025-07-31,1731,298227.74
2025-07-31,1732,214532.43
2025-07-31,1733,37618.16
2025-07-31,1734,82387.85
2025-07-31,1735,29659.56
2025-07-31,1736,129494.61
2025-07-31,1737,332184.55
2025-07-31,1738,32966.16
2025-07-31,1739,165057.32
2025-07-31,1740,280531.93
2025-07-31,1741,299263.88
2025-07-31,1742,191657.5
2025-07-31,1743,43846.86
2025-07-31,1744,229010.55
2025-07-31,1745,34635.26
2025-07-31,1746,195828.17
2025-07-31,1747,69436.98
2025-07-31,1748,125766.6
2025-07-31,1749,61754.22
2025-07-31,1750,88931.84
2025-07-31,1751,62729.2
2025-07-31,1752,61046.52
2025-07-31,1753,46252.77
2025-07-31,1754,207622.75
2025-07-31,1755,158954.34
2025-07-31,1756,79653.59
2025-07-31,1757,25565.8
2025-07-31,1758,190104.82
2025-07-31,1759,119037.01
2025-07-31,1760,118883.04
2025-07-31,1761,261972.0
2025-07-31,1762,123664.97
2025-07-31,1763,28862.71
2025-07-31,1764,103385.51
2025-07-31,1765,55518.58
2025-07-31,1766,142867.32
2025-07-31,1767,194134.88
2025-07-31,1768,154166.26
2025-07-31,1769,86777.78
2025-07-31,1770,138696.1
2025-07-31,1771,88628.31
2025-07-31,1772,803372.95
2025-07-31,1773,207511.13
2025-07-31,1774,195350.33
2025-07-31,1775,37505.83
2025-07-31,1776,313756.55
2025-07-31,1777,56920.77
2025-07-31,1778,83305.49
2025-07-31,1779,32881.03
2025-07-31,1780,96864.69
2025-07-31,1781,193828.71
2025-07-31,1782,84089.8
2025-07-31,1783,47543.06
2025-07-31,1784,237949.81
2025-07-31,1785,357791.53
2025-07-31,1786,114889.63
2025-07-31,1787,39042.24
2025-07-31,1788,79131.63
2025-07-31,1789,246410.84
2025-07-31,1790,86419.38
2025-07-31,1791,274712.35
2025-07-31,1792,222807.63
2025-07-31,1793,193243.46
2025-07-31,1794,584026.15
2025-07-31,1795,109648.15
2025-07-31,1796,289661.03
2025-07-31,1797,422112.67
2025-07-31,1798,123036.1
2025-07-31,1799,194732.38
2025-07-31,1800,323903.16
2025-07-31,1801,92915.82
2025-07-31,1802,151137.38
2025-07-31,1803,78354.53
2025-07-31,1804,278994.11
2025-07-31,1805,89457.36
2025-07-31,1806,52154.53
2025-07-31,1807,305280.15
2025-07-31,1808,144924.54
2025-07-31,1809,78960.87
2025-07-31,1810,408729.95
2025-07-31,1811,56164.12
2025-07-31,1812,298778.6
2025-07-31,1813,115564.43
2025-07-31,1814,84201.61
2025-07-31,1815,96490.09
2025-07-31,1816,97396.13
2025-07-31,1817,109184.66
2025-07-31,1818,40986.06
2025-07-31,1819,123776.56
2025-07-31,1820,78390.56
2025-07-31,1821,191201.95
2025-07-31,1822,105814.14
2025-07-31,1823,17244.02
2025-07-31,1824,153445.16
2025-07-31,1825,269539.02
2025-07-31,1826,132752.65
2025-07-31,1827,87267.39
2025-07-31,1828,129557.27
2025-07-31,1829,151772.54
2025-07-31,1830,169892.85
2025-07-31,1831,201185.74
2025-07-31,1832,76049.95
2025-07-31,1833,161099.63
2025-07-31,1834,153360.45
2025-07-31,1835,143376.96
2025-07-31,1836,159106.46
2025-07-31,1837,313812.61
2025-07-31,1838,79857.0
2025-07-31,1839,134470.87
2025-07-31,1840,171282.65
2025-07-31,1841,51058.07
2025-07-31,1842,353284.98
2025-07-31,1843,126415.23
2025-07-31,1844,27789.47
2025-07-31,1845,299691.96
2025-07-31,1846,92180.87
2025-07-31,1847,64065.89
2025-07-31,1848,72454.22
2025-07-31,1849,28472.16
2025-07-31,1850,147095.37
2025-07-31,1851,190489.79
2025-07-31,1852,133015.65
2025-07-31,1853,134610.92
2025-07-31,1854,30039.19
2025-07-31,1855,79570.49
2025-07-31,1856,145937.22
2025-07-31,1857,124544.6
2025-07-31,1858,130851.0
2025-07-31,1859,164969.47
2025-07-31,1860,139097.61
2025-07-31,1861,433671.38
2025-07-31,1862,107730.68
2025-07-31,1863,69749.94
2025-07-31,1864,36881.33
2025-07-31,1865,53803.64
2025-07-31,1866,60827.63
2025-07-31,1867,162708.46
2025-07-31,1868,143955.92
2025-07-31,1869,57991.93
2025-07-31,1870,630474.47
2025-07-31,1871,148233.37
2025-07-31,1872,230948.4
2025-07-31,1873,82305.84
2025-07-31,1874,65570.49
2025-07-31,1875,39059.41
2025-07-31,1876,68758.27
2025-07-31,1877,226233.42
2025-07-31,1878,73360.42
2025-07-31,1879,71196.28
2025-07-31,1880,507800.22
2025-07-31,1881,64107.82
2025-07-31,1882,87957.51
2025-07-31,1883,138837.65
2025-07-31,1884,61054.27
2025-07-31,1885,156668.49
2025-07-31,1886,185631.53
2025-07-31,1887,129353.47
2025-07-31,1888,97216.28
2025-07-31,1889,72366.02
2025-07-31,1890,136360.52
2025-07-31,1891,98083.89
2025-07-31,1892,146520.64
2025-07-31,1893,163197.85
2025-07-31,1894,87072.03
2025-07-31,1895,16628.05
2025-07-31,1896,145833.81
2025-07-31,1897,70835.43
2025-07-31,1898,93401.58
2025-07-31,1899,100536.73
2025-07-31,1900,212838.25
2025-07-31,1901,149002.66
2025-07-31,1902,291447.61
2025-07-31,1903,79608.92
2025-07-31,1904,66246.52
2025-07-31,1905,96061.92
2025-07-31,1906,195977.65
2025-07-31,1907,417497.03
2025-07-31,1908,132752.48
2025-07-31,1909,173075.91
2025-07-31,1910,120011.97
2025-07-31,1911,91723.64
2025-07-31,1912,112663.53
2025-07-31,1913,198300.16
2025-07-31,1914,73403.65
2025-07-31,1915,103860.4
2025-07-31,1916,106174.44
2025-07-31,1917,422578.15
2025-07-31,1918,189733.63
2025-07-31,1919,130279.78
2025-07-31,1920,63615.86
2025-07-31,1921,254911.63
2025-07-31,1922,168761.28
2025-07-31,1923,162754.95
2025-07-31,1924,117720.12
2025-07-31,1925,230197.95
2025-07-31,1926,57466.84
2025-07-31,1927,314638.12
2025-07-31,1928,68653.39
2025-07-31,1929,115737.07
2025-07-31,1930,76303.48
2025-07-31,1931,278415.04
2025-07-31,1932,134469.25
2025-07-31,1933,156936.58
2025-07-31,1934,415801.52
2025-07-31,1935,124046.12
2025-07-31,1936,149416.48
2025-07-31,1937,293304.72
2025-07-31,1938,191272.91
2025-07-31,1939,151494.74
2025-07-31,1940,93174.87
2025-07-31,1941,120916.21
2025-07-31,1942,79806.26
2025-07-31,1943,337010.61
2025-07-31,1944,166822.45
2025-07-31,1945,234163.59
2025-07-31,1946,216345.41
2025-07-31,1947,209529.78
2025-07-31,1948,60160.25
2025-07-31,1949,164661.83
2025-07-31,1950,1241367.92
2025-07-31,1951,178734.1
2025-07-31,1952,159141.05
2025-07-31,1953,235465.95
2025-07-31,1954,274273.57
2025-07-31,1955,90819.76
2025-07-31,1956,252959.04
2025-07-31,1957,111611.18
2025-07-31,1958,83237.74
2025-07-31,1959,29686.63
2025-07-31,1960,200251.68
2025-07-31,1961,311294.06
2025-07-31,1962,23982.49
2025-07-31,1963,178640.1
2025-07-31,1964,231261.02
2025-07-31,1965,21870.56
2025-07-31,1966,269011.24
2025-07-31,1967,46461.65
2025-07-31,1968,96017.37
2025-07-31,1969,180962.36
2025-07-31,1970,97869.04
2025-07-31,1971,45329.03
2025-07-31,1972,56405.12
2025-07-31,1973,164381.64
2025-07-31,1974,445546.94
2025-07-31,1975,211737.92
2025-07-31,1976,123713.21
2025-07-31,1977,85860.32
2025-07-31,1978,157073.48
2025-07-31,1979,71591.86
2025-07-31,1980,124528.6
2025-07-31,1981,42451.42
2025-07-31,1982,105412.29
2025-07-31,1983,101929.08
2025-07-31,1984,116627.87
2025-07-31,1985,163085.85
2025-07-31,1986,233571.53
2025-07-31,1987,184225.78
2025-07-31,1988,408730.63
2025-07-31,1989,41510.37
2025-07-31,1990,45674.63
2025-07-31,1991,111228.94
2025-07-31,1992,56688.21
2025-07-31,1993,329073.01
2025-07-31,1994,65713.07
2025-07-31,1995,10285.18
2025-07-31,1996,148238.8
2025-07-31,1997,270446.74
2025-07-31,1998,267598.73
2025-07-31,1999,13914.78
2025-07-31,2000,94821.6
2025-07-31,2001,275590.01
2025-07-31,2002,231124.51
2025-07-31,2003,238812.61
2025-07-31,2004,65496.07
2025-07-31,2005,239367.98
2025-07-31,2006,70083.97
2025-07-31,2007,103200.97
2025-07-31,2008,168644.79
2025-07-31,2009,100119.74
2025-07-31,2010,12998.02
2025-07-31,2011,172760.9
2025-07-31,2012,354193.93
2025-07-31,2013,181243.68
2025-07-31,2014,283596.63
2025-07-31,2015,177237.28
2025-07-31,2016,22588.49
2025-07-31,2017,208814.0
2025-07-31,2018,58590.22
2025-07-31,2019,14275.84
2025-07-31,2020,79145.76
2025-07-31,2021,153160.95
2025-07-31,2022,147617.43
2025-07-31,2023,108523.61
2025-07-31,2024,376052.94
2025-07-31,2025,96583.13
2025-07-31,2026,127577.16
2025-07-31,2027,184345.39
2025-07-31,2028,14763.66
2025-07-31,2029,74346.27
2025-07-31,2030,11309.04
2025-07-31,2031,273930.05
2025-07-31,2032,48520.2
2025-07-31,2033,78215.05
2025-07-31,2034,77964.91
2025-07-31,2035,278726.8
2025-07-31,2036,171008.22
2025-07-31,2037,82597.01
2025-07-31,2038,55540.96
2025-07-31,2039,241867.15
2025-07-31,2040,603925.02
2025-07-31,2041,7342.71
2025-07-31,2042,247638.75
2025-07-31,2043,228904.4
2025-07-31,2044,28950.04
2025-07-31,2045,187574.46
2025-07-31,2046,124988.84
2025-07-31,2047,220547.43
2025-07-31,2048,207760.46
2025-07-31,2049,120731.2
2025-07-31,2050,48785.11
2025-07-31,2051,93738.71
2025-07-31,2052,66841.35
2025-07-31,2053,141116.99
2025-07-31,2054,245178.63
2025-07-31,2055,172812.11
2025-07-31,2056,9639.31
2025-07-31,2057,84236.79
2025-07-31,2058,28145.3
2025-07-31,2059,221188.35
2025-07-31,2060,233424.48
2025-07-31,2061,110619.81
2025-07-31,2062,205140.13
2025-07-31,2063,144550.82
2025-07-31,2064,323306.13
2025-07-31,2065,209221.7
2025-07-31,2066,120086.07
2025-07-31,2067,80260.32
2025-07-31,2068,74141.48
2025-07-31,2069,111043.61
2025-07-31,2070,93060.22
2025-07-31,2071,94862.89
2025-07-31,2072,161024.66
2025-07-31,2073,116602.31
2025-07-31,2074,340005.66
2025-07-31,2075,96313.46
2025-07-31,2076,100237.23
2025-07-31,2077,182392.8
2025-07-31,2078,270480.13
2025-07-31,2079,138621.91
2025-07-31,2080,38322.09
2025-07-31,2081,73463.65
2025-07-31,2082,156846.65
2025-07-31,2083,22546.72
2025-07-31,2084,134416.66
2025-07-31,2085,62761.94
2025-07-31,2086,173635.86
2025-07-31,2087,249639.66
2025-07-31,2088,12789.45
2025-07-31,2089,304316.37
2025-07-31,2090,100061.11
2025-07-31,2091,333751.58
2025-07-31,2092,305756.54
2025-07-31,2093,171628.4
2025-07-31,2094,90259.41
2025-07-31,2095,186013.8
2025-07-31,2096,305334.55
2025-07-31,2097,113433.07
2025-07-31,2098,79520.88
2025-07-31,2099,134224.07
2025-07-31,2100,137541.16
2025-07-31,2101,198563.09
2025-07-31,2102,126537.59
2025-07-31,2103,34130.35
2025-07-31,2104,169973.72
2025-07-31,2105,45998.69
2025-07-31,2106,750812.84
2025-07-31,2107,99084.49
2025-07-31,2108,117083.93
2025-07-31,2109,183614.59
2025-07-31,2110,28112.42
2025-07-31,2111,159887.66
2025-07-31,2112,61317.84
2025-07-31,2113,451725.2
2025-07-31,2114,257869.01
2025-07-31,2115,11367.89
2025-07-31,2116,132166.46
2025-07-31,2117,99003.09
2025-07-31,2118,197479.43
2025-07-31,2119,88845.56
2025-07-31,2120,55661.5
2025-07-31,2121,96602.1
2025-07-31,2122,169269.18
2025-07-31,2123,90896.92
2025-07-31,2124,101704.57
2025-07-31,2125,69096.92
2025-07-31,2126,37929.16
2025-07-31,2127,109085.42
2025-07-31,2128,27278.06
2025-07-31,2129,288673.14
2025-07-31,2130,149835.21
2025-07-31,2131,226861.69
2025-07-31,2132,74799.24
2025-07-31,2133,151953.48
2025-07-31,2134,374986.0
2025-07-31,2135,84465.68
2025-07-31,2136,150036.2
2025-07-31,2137,341988.21
2025-07-31,2138,252401.02
2025-07-31,2139,385407.29
2025-07-31,2140,51398.11
2025-07-31,2141,88554.06
2025-07-31,2142,203295.81
2025-07-31,2143,114751.83
2025-07-31,2144,151647.4
2025-07-31,2145,222512.16
2025-07-31,2146,97790.76
2025-07-31,2147,170164.22
2025-07-31,2148,60710.11
2025-07-31,2149,165283.71
2025-07-31,2150,272153.08
2025-07-31,2151,134877.74
2025-07-31,2152,147539.93
2025-07-31,2153,285184.48
2025-07-31,2154,237145.94
2025-07-31,2155,145134.49
2025-07-31,2156,423739.97
2025-07-31,2157,44209.82
2025-07-31,2158,158254.24
2025-07-31,2159,105759.89
2025-07-31,2160,53825.06
2025-07-31,2161,81576.85
2025-07-31,2162,114065.97
2025-07-31,2163,85991.3
2025-07-31,2164,231746.34
2025-07-31,2165,324468.44
2025-07-31,2166,163210.2
2025-07-31,2167,69388.09
2025-07-31,2168,69781.37
2025-07-31,2169,246988.7
2025-07-31,2170,14152.64
2025-07-31,2171,167445.08
2025-07-31,2172,127477.43
2025-07-31,2173,452620.67
2025-07-31,2174,85200.15
2025-07-31,2175,131813.19
2025-07-31,2176,167583.27
2025-07-31,2177,83817.05
2025-07-31,2178,132870.97
2025-07-31,2179,118577.72
2025-07-31,2180,326900.78
2025-07-31,2181,257842.07
2025-07-31,2182,115386.74
2025-07-31,2183,139002.42
2025-07-31,2184,55155.89
2025-07-31,2185,135627.47
2025-07-31,2186,190086.57
2025-07-31,2187,86410.63
2025-07-31,2188,322360.41
2025-07-31,2189,69135.29
2025-07-31,2190,124986.47
2025-07-31,2191,375343.77
2025-07-31,2192,194342.5
2025-07-31,2193,243360.69
2025-07-31,2194,118904.02
2025-07-31,2195,126193.63
2025-07-31,2196,112804.33
2025-07-31,2197,54328.67
2025-07-31,2198,97836.07
2025-07-31,2199,140032.11
2025-07-31,2200,57580.4
2025-07-31,2201,143498.25
2025-07-31,2202,87078.0
2025-07-31,2203,48744.33
2025-07-31,2204,257872.18
2025-07-31,2205,99093.57
2025-07-31,2206,64287.15
2025-07-31,2207,249613.23
2025-07-31,2208,316352.56
2025-07-31,2209,384829.36
2025-07-31,2210,292702.31
2025-07-31,2211,174334.75
2025-07-31,2212,28459.0
2025-07-31,2213,40994.06
2025-07-31,2214,315233.88
2025-07-31,2215,241530.37
2025-07-31,2216,174099.01
2025-07-31,2217,133261.49
2025-07-31,2218,72399.68
2025-07-31,2219,109083.39
2025-07-31,2220,153192.27
2025-07-31,2221,167699.11
2025-07-31,2222,123641.47
2025-07-31,2223,392079.84
2025-07-31,2224,226054.24
2025-07-31,2225,69837.4
2025-07-31,2226,36013.35
2025-07-31,2227,249486.06
2025-07-31,2228,200502.55
2025-07-31,2229,361797.04
2025-07-31,2230,225372.27
2025-07-31,2231,443325.41
2025-07-31,2232,200568.11
2025-07-31,2233,175750.01
2025-07-31,2234,46527.56
2025-07-31,2235,76379.07
2025-07-31,2236,49744.19
2025-07-31,2237,85324.24
2025-07-31,2238,243612.85
2025-07-31,2239,126114.92
2025-07-31,2240,167884.03
2025-07-31,2241,155526.26
2025-07-31,2242,160910.85
2025-07-31,2243,520739.17
2025-07-31,2244,368320.26
2025-07-31,2245,301018.18
2025-07-31,2246,214638.71
2025-07-31,2247,132849.79
2025-07-31,2248,129207.48
2025-07-31,2249,33395.27
2025-07-31,2250,79163.39
2025-07-31,2251,115790.5
2025-07-31,2252,127810.69
2025-07-31,2253,230777.02
2025-07-31,2254,90681.07
2025-07-31,2255,190783.54
2025-07-31,2256,105264.9
2025-07-31,2257,119874.49
2025-07-31,2258,253705.05
2025-07-31,2259,93347.58
2025-07-31,2260,158903.33
2025-07-31,2261,284824.68
2025-07-31,2262,57364.42
2025-07-31,2263,404367.2
2025-07-31,2264,164683.95
2025-07-31,2265,27357.29
2025-07-31,2266,206818.23
2025-07-31,2267,95746.68
2025-07-31,2268,177268.11
2025-07-31,2269,64486.11
2025-07-31,2270,247560.3
2025-07-31,2271,220807.01
2025-07-31,2272,34735.93
2025-07-31,2273,220109.89
2025-07-31,2274,142109.58
2025-07-31,2275,103196.48
2025-07-31,2276,360198.59
2025-07-31,2277,177731.27
2025-07-31,2278,211861.94
2025-07-31,2279,165238.29
2025-07-31,2280,284743.98
2025-07-31,2281,107537.92
2025-07-31,2282,70643.84
2025-07-31,2283,162188.16
2025-07-31,2284,43745.91
2025-07-31,2285,96104.87
2025-07-31,2286,111755.17
2025-07-31,2287,71632.61
2025-07-31,2288,49959.6
2025-07-31,2289,115292.53
2025-07-31,2290,268717.9
2025-07-31,2291,112350.21
2025-07-31,2292,81107.63
2025-07-31,2293,164633.46
2025-07-31,2294,314182.7
2025-07-31,2295,176484.24
2025-07-31,2296,142241.77
2025-07-31,2297,20660.32
2025-07-31,2298,94268.07
2025-07-31,2299,132514.98
2025-07-31,2300,74554.73
2025-07-31,2301,159886.95
2025-07-31,2302,71738.2
2025-07-31,2303,435010.21
2025-07-31,2304,125419.44
2025-07-31,2305,116695.81
2025-07-31,2306,141384.38
2025-07-31,2307,278248.02
2025-07-31,2308,142457.53
2025-07-31,2309,297577.6
2025-07-31,2310,131267.46
2025-07-31,2311,102566.6
2025-07-31,2312,116745.51
2025-07-31,2313,148845.83
2025-07-31,2314,90562.76
2025-07-31,2315,60489.05
2025-07-31,2316,85992.1
2025-07-31,2317,230160.97
2025-07-31,2318,32465.8
2025-07-31,2319,323560.46
2025-07-31,2320,142885.92
2025-07-31,2321,125839.64
2025-07-31,2322,105490.6
2025-07-31,2323,197219.58
2025-07-31,2324,270453.57
2025-07-31,2325,169174.55
2025-07-31,2326,138819.16
2025-07-31,2327,219816.67
2025-07-31,2328,64166.4
2025-07-31,2329,76935.19
2025-07-31,2330,203784.74
2025-07-31,2331,69670.54
2025-07-31,2332,311046.29
2025-07-31,2333,125930.59
2025-07-31,2334,159852.53
2025-07-31,2335,186335.41
2025-07-31,2336,103773.64
2025-07-31,2337,64104.25
2025-07-31,2338,226366.75
2025-07-31,2339,60974.61
2025-07-31,2340,338676.62
2025-07-31,2341,54299.37
2025-07-31,2342,21621.69
2025-07-31,2343,162824.21
2025-07-31,2344,151436.36
2025-07-31,2345,289191.79
2025-07-31,2346,157749.36
2025-07-31,2347,121359.52
2025-07-31,2348,94491.11
2025-07-31,2349,80814.76
2025-07-31,2350,156752.62
2025-07-31,2351,10460.09
2025-07-31,2352,160613.5
2025-07-31,2353,92609.22
2025-07-31,2354,162798.3
2025-07-31,2355,379753.58
2025-07-31,2356,133915.44
2025-07-31,2357,96991.81
2025-07-31,2358,67963.57
2025-07-31,2359,139726.98
2025-07-31,2360,155183.53
2025-07-31,2361,33455.66
2025-07-31,2362,63281.27
2025-07-31,2363,267653.03
2025-07-31,2364,206931.76
2025-07-31,2365,266411.18
2025-07-31,2366,41053.54
2025-07-31,2367,60713.37
2025-07-31,2368,52452.01
2025-07-31,2369,398017.39
2025-07-31,2370,145195.89
2025-07-31,2371,814133.34
2025-07-31,2372,85889.38
2025-07-31,2373,117552.23
2025-07-31,2374,219420.34
2025-07-31,2375,38637.76
2025-07-31,2376,168566.45
2025-07-31,2377,143310.01
2025-07-31,2378,307818.25
2025-07-31,2379,130540.61
2025-07-31,2380,198253.7
2025-07-31,2381,209108.67
2025-07-31,2382,446380.2
2025-07-31,2383,40156.28
2025-07-31,2384,12761.7
2025-07-31,2385,70681.14
2025-07-31,2386,179886.16
2025-07-31,2387,72558.98
2025-07-31,2388,77333.83
2025-07-31,2389,133378.85
2025-07-31,2390,66264.3
2025-07-31,2391,347103.44
2025-07-31,2392,241155.66
2025-07-31,2393,181096.34
2025-07-31,2394,186301.66
2025-07-31,2395,95776.8
2025-07-31,2396,588550.08
2025-07-31,2397,76083.29
2025-07-31,2398,24776.46
2025-07-31,2399,305802.8
2025-07-31,2400,218333.87
2025-07-31,2401,111679.86
2025-07-31,2402,91732.54
2025-07-31,2403,29113.64
2025-07-31,2404,91554.95
2025-07-31,2405,126396.06
2025-07-31,2406,162652.03
2025-07-31,2407,191490.68
2025-07-31,2408,178264.96
2025-07-31,2409,83305.74
2025-07-31,2410,391709.61
2025-07-31,2411,396545.16
2025-07-31,2412,108578.0
2025-07-31,2413,112342.69
2025-07-31,2414,155117.79
2025-07-31,2415,305317.24
2025-07-31,2416,208034.42
2025-07-31,2417,147203.54
2025-07-31,2418,84569.79
2025-07-31,2419,109490.86
2025-07-31,2420,61731.21
2025-07-31,2421,98116.64
2025-07-31,2422,70153.23
2025-07-31,2423,175362.91
2025-07-31,2424,190504.8
2025-07-31,2425,205028.38
2025-07-31,2426,76901.82
2025-07-31,2427,178319.71
2025-07-31,2428,77535.89
2025-07-31,2429,261245.38
2025-07-31,2430,74828.82
2025-07-31,2431,285084.74
2025-07-31,2432,365564.27
2025-07-31,2433,563874.39
2025-07-31,2434,55911.94
2025-07-31,2435,170828.04
2025-07-31,2436,148598.92
2025-07-31,2437,98536.1
2025-07-31,2438,142836.97
2025-07-31,2439,154028.0
2025-07-31,2440,51151.17
2025-07-31,2441,150650.03
2025-07-31,2442,146304.05
2025-07-31,2443,50805.26
2025-07-31,2444,68782.63
2025-07-31,2445,133149.54
2025-07-31,2446,131358.48
2025-07-31,2447,53232.77
2025-07-31,2448,192118.09
2025-07-31,2449,22642.01
2025-07-31,2450,231241.84
2025-07-31,2451,103865.75
2025-07-31,2452,236509.56
2025-07-31,2453,519745.25
2025-07-31,2454,119628.45
2025-07-31,2455,130073.43
2025-07-31,2456,59578.93
2025-07-31,2457,69776.92
2025-07-31,2458,327363.26
2025-07-31,2459,212775.26
2025-07-31,2460,41846.15
2025-07-31,2461,126141.19
2025-07-31,2462,62511.08
2025-07-31,2463,92164.2
2025-07-31,2464,96437.47
2025-07-31,2465,96466.22
2025-07-31,2466,833832.76
2025-07-31,2467,69362.36
2025-07-31,2468,478439.64
2025-07-31,2469,208295.42
2025-07-31,2470,285223.95
2025-07-31,2471,249806.63
2025-07-31,2472,202693.63
2025-07-31,2473,102995.99
2025-07-31,2474,87493.16
2025-07-31,2475,149569.96
2025-07-31,2476,129382.08
2025-07-31,2477,131050.26
2025-07-31,2478,134654.64
2025-07-31,2479,182523.12
2025-07-31,2480,241464.42
2025-07-31,2481,16343.83
2025-07-31,2482,101007.4
2025-07-31,2483,53778.64
2025-07-31,2484,124288.31
2025-07-31,2485,69585.63
2025-07-31,2486,181032.16
2025-07-31,2487,67596.25
2025-07-31,2488,125203.74
2025-07-31,2489,199172.39
2025-07-31,2490,277488.57
2025-07-31,2491,157183.17
2025-07-31,2492,164474.95
2025-07-31,2493,161575.43
2025-07-31,2494,46503.41
2025-07-31,2495,207698.22
2025-07-31,2496,103696.8
2025-07-31,2497,116817.51
2025-07-31,2498,163156.09
2025-07-31,2499,389425.31
2025-07-31,2500,129859.4
2025-07-31,2501,102126.03
2025-07-31,2502,205377.76
2025-07-31,2503,62207.08
2025-07-31,2504,144367.17
2025-07-31,2505,82737.13
2025-07-31,2506,96563.47
2025-07-31,2507,28747.19
2025-07-31,2508,154608.68
2025-07-31,2509,229193.8
2025-07-31,2510,28850.52
2025-07-31,2511,68851.92
2025-07-31,2512,148999.61
2025-07-31,2513,120161.13
2025-07-31,2514,55633.63
2025-07-31,2515,111770.44
2025-07-31,2516,101916.56
2025-07-31,2517,42372.2
2025-07-31,2518,79362.5
2025-07-31,2519,195660.24
2025-07-31,2520,83951.79
2025-07-31,2521,307514.4
2025-07-31,2522,66594.26
2025-07-31,2523,48075.21
2025-07-31,2524,127561.94
2025-07-31,2525,198755.07
2025-07-31,2526,24338.89
2025-07-31,2527,27218.89
2025-07-31,2528,13659.67
2025-07-31,2529,44710.11
2025-07-31,2530,82399.2
2025-07-31,2531,83467.48
2025-07-31,2532,91294.05
2025-07-31,2533,487140.83
2025-07-31,2534,66409.49
2025-07-31,2535,50557.23
2025-07-31,2536,191475.08
2025-07-31,2537,22208.55
2025-07-31,2538,77765.96
2025-07-31,2539,221141.87
2025-07-31,2540,407157.04
2025-07-31,2541,127089.2
2025-07-31,2542,215357.76
2025-07-31,2543,58824.8
2025-07-31,2544,144899.47
2025-07-31,2545,153614.29
2025-07-31,2546,125060.74
2025-07-31,2547,129474.73
2025-07-31,2548,11956.72
2025-07-31,2549,215050.73
2025-07-31,2550,512126.9
2025-07-31,2551,188194.15
2025-07-31,2552,67842.77
2025-07-31,2553,76329.9
2025-07-31,2554,61356.5
2025-07-31,2555,296714.65
2025-07-31,2556,228693.49
2025-07-31,2557,228597.59
2025-07-31,2558,78235.5
2025-07-31,2559,133381.35
2025-07-31,2560,188515.06
2025-07-31,2561,63979.79
2025-07-31,2562,27745.36
2025-07-31,2563,290020.48
2025-07-31,2564,430852.21
2025-07-31,2565,35335.27
2025-07-31,2566,206461.87
2025-07-31,2567,77657.15
2025-07-31,2568,139173.83
2025-07-31,2569,41260.73
2025-07-31,2570,116353.94
2025-07-31,2571,166684.41
2025-07-31,2572,139579.08
2025-07-31,2573,74636.25
2025-07-31,2574,170819.96
2025-07-31,2575,43531.0
2025-07-31,2576,171176.35
2025-07-31,2577,49806.23
2025-07-31,2578,34188.68
2025-07-31,2579,1957.0
2025-07-31,2580,86481.71
2025-07-31,2581,132349.66
2025-07-31,2582,119088.24
2025-07-31,2583,91214.39
2025-07-31,2584,154711.21
2025-07-31,2585,267021.54
2025-07-31,2586,30519.16
2025-07-31,2587,34364.08
2025-07-31,2588,162906.1
2025-07-31,2589,430061.66
2025-07-31,2590,103721.0
2025-07-31,2591,49266.91
2025-07-31,2592,155905.84
2025-07-31,2593,120458.75
2025-07-31,2594,97312.59
2025-07-31,2595,93595.03
2025-07-31,2596,156279.83
2025-07-31,2597,191641.22
2025-07-31,2598,1104082.56
2025-07-31,2599,47041.94
2025-07-31,2600,166324.19
2025-07-31,2601,180718.76
2025-07-31,2602,154766.86
2025-07-31,2603,113840.98
2025-07-31,2604,81179.36
2025-07-31,2605,161283.74
2025-07-31,2606,157196.55
2025-07-31,2607,48616.83
2025-07-31,2608,55752.8
2025-07-31,2609,133116.55
2025-07-31,2610,109886.91
2025-07-31,2611,217613.42
2025-07-31,2612,73325.85
2025-07-31,2613,69999.21
2025-07-31,2614,215383.9
2025-07-31,2615,400981.76
2025-07-31,2616,76489.41
2025-07-31,2617,170557.61
2025-07-31,2618,168403.52
2025-07-31,2619,74257.49
2025-07-31,2620,82586.73
2025-07-31,2621,170902.37
2025-07-31,2622,83747.43
2025-07-31,2623,191125.36
2025-07-31,2624,387642.67
2025-07-31,2625,75294.89
2025-07-31,2626,54917.67
2025-07-31,2627,277283.78
2025-07-31,2628,336103.54
2025-07-31,2629,96743.05
2025-07-31,2630,224999.8
2025-07-31,2631,88256.06
2025-07-31,2632,68483.64
2025-07-31,2633,467025.73
2025-07-31,2634,144095.71
2025-07-31,2635,141916.63
2025-07-31,2636,395745.03
2025-07-31,2637,127429.24
2025-07-31,2638,176182.17
2025-07-31,2639,220595.05
2025-07-31,2640,55337.54
2025-07-31,2641,103253.02
2025-07-31,2642,186072.53
2025-07-31,2643,74157.03
2025-07-31,2644,87464.53
2025-07-31,2645,72371.63
2025-07-31,2646,165476.62
2025-07-31,2647,275547.17
2025-07-31,2648,128779.95
2025-07-31,2649,185604.21
2025-07-31,2650,156621.94
2025-07-31,2651,135377.81
2025-07-31,2652,322129.19
2025-07-31,2653,62336.12
2025-07-31,2654,182008.56
2025-07-31,2655,85504.18
2025-07-31,2656,78148.29
2025-07-31,2657,28578.74
2025-07-31,2658,136478.52
2025-07-31,2659,129886.63
2025-07-31,2660,166813.68
2025-07-31,2661,197683.96
2025-07-31,2662,45035.93
2025-07-31,2663,76849.34
2025-07-31,2664,127671.98
2025-07-31,2665,144110.97
2025-07-31,2666,108883.56
2025-07-31,2667,176955.22
2025-07-31,2668,59837.66
2025-07-31,2669,95693.21
2025-07-31,2670,274819.38
2025-07-31,2671,47650.89
2025-07-31,2672,54304.78
2025-07-31,2673,188432.61
2025-07-31,2674,265910.94
2025-07-31,2675,110221.32
2025-07-31,2676,108378.85
2025-07-31,2677,272061.4
2025-07-31,2678,171924.46
2025-07-31,2679,278897.22
2025-07-31,2680,67444.42
2025-07-31,2681,70487.96
2025-07-31,2682,118072.55
2025-07-31,2683,191620.78
2025-07-31,2684,338718.84
2025-07-31,2685,120944.58
2025-07-31,2686,226492.01
2025-07-31,2687,298205.94
2025-07-31,2688,155172.77
2025-07-31,2689,120143.01
2025-07-31,2690,114324.17
2025-07-31,2691,89955.78
2025-07-31,2692,241216.86
2025-07-31,2693,241196.8
2025-07-31,2694,83647.05
2025-07-31,2695,174637.13
2025-07-31,2696,166470.32
2025-07-31,2697,131031.39
2025-07-31,2698,228893.75
2025-07-31,2699,203087.64
2025-07-31,2700,102309.22
2025-07-31,2701,89299.16
2025-07-31,2702,124202.97
2025-07-31,2703,474608.67
2025-07-31,2704,144825.6
2025-07-31,2705,95208.15
2025-07-31,2706,75827.05
2025-07-31,2707,257622.61
2025-07-31,2708,456220.75
2025-07-31,2709,45042.52
2025-07-31,2710,92698.88
2025-07-31,2711,495543.25
2025-07-31,2712,209622.46
2025-07-31,2713,75232.99
2025-07-31,2714,107462.17
2025-07-31,2715,639364.3
2025-07-31,2716,142516.5
2025-07-31,2717,139958.91
2025-07-31,2718,80381.03
2025-07-31,2719,155285.4
2025-07-31,2720,80821.21
2025-07-31,2721,433743.1
2025-07-31,2722,456493.91
2025-07-31,2723,235637.32
2025-07-31,2724,207206.59
2025-07-31,2725,21480.72
2025-07-31,2726,69828.21
2025-07-31,2727,53984.74
2025-07-31,2728,233138.05
2025-07-31,2729,321403.69
2025-07-31,2730,285336.29
2025-07-31,2731,156484.37
2025-07-31,2732,137235.62
2025-07-31,2733,321958.16
2025-07-31,2734,163560.5
2025-07-31,2735,204196.69
2025-07-31,2736,240866.19
2025-07-31,2737,363473.97
2025-07-31,2738,10364.21
2025-07-31,2739,528365.37
2025-07-31,2740,306636.85
2025-07-31,2741,247258.56
2025-07-31,2742,74282.25
2025-07-31,2743,156858.27
2025-07-31,2744,66956.1
2025-07-31,2745,137667.55
2025-07-31,2746,123396.08
2025-07-31,2747,64206.65
2025-07-31,2748,202353.41
2025-07-31,2749,548392.62
2025-07-31,2750,180203.85
2025-07-31,2751,254107.19
2025-07-31,2752,119734.73
2025-07-31,2753,340790.39
2025-07-31,2754,151627.81
2025-07-31,2755,152149.85
2025-07-31,2756,299388.24
2025-07-31,2757,158334.3
2025-07-31,2758,80025.82
2025-07-31,2759,40014.3
2025-07-31,2760,7307.51
2025-07-31,2761,295549.35
2025-07-31,2762,200183.68
2025-07-31,2763,106581.88
2025-07-31,2764,279134.76
2025-07-31,2765,101791.59
2025-07-31,2766,151681.4
2025-07-31,2767,134602.26
2025-07-31,2768,87719.41
2025-07-31,2769,119469.2
2025-07-31,2770,689560.1
2025-07-31,2771,52929.12
2025-07-31,2772,111568.26
2025-07-31,2773,323281.23
2025-07-31,2774,28944.59
2025-07-31,2775,161905.02
2025-07-31,2776,131353.77
2025-07-31,2777,41973.57
2025-07-31,2778,100654.02
2025-07-31,2779,256044.56
2025-07-31,2780,73398.63
2025-07-31,2781,210750.57
2025-07-31,2782,77886.79
2025-07-31,2783,260832.77
2025-07-31,2784,90044.29
2025-07-31,2785,50711.41
2025-07-31,2786,132047.42
2025-07-31,2787,115037.76
2025-07-31,2788,125074.58
2025-07-31,2789,71097.15
2025-07-31,2790,127963.83
2025-07-31,2791,223672.93
2025-07-31,2792,95472.89
2025-07-31,2793,275598.16
2025-07-31,2794,330472.26
2025-07-31,2795,130828.76
2025-07-31,2796,138913.07
2025-07-31,2797,143894.48
2025-07-31,2798,131371.35
2025-07-31,2799,537716.29
2025-07-31,2800,305350.15
2025-07-31,2801,233484.47
2025-07-31,2802,116617.86
2025-07-31,2803,115032.53
2025-07-31,2804,36251.18
2025-07-31,2805,75759.77
2025-07-31,2806,77451.45
2025-07-31,2807,50268.03
2025-07-31,2808,217436.5
2025-07-31,2809,973082.54
2025-07-31,2810,135065.16
2025-07-31,2811,84432.97
2025-07-31,2812,149714.7
2025-07-31,2813,126998.78
2025-07-31,2814,48073.18
2025-07-31,2815,105447.89
2025-07-31,2816,128468.25
2025-07-31,2817,297975.14
2025-07-31,2818,42249.56
2025-07-31,2819,110291.73
2025-07-31,2820,48202.27
2025-07-31,2821,93075.39
2025-07-31,2822,177776.46
2025-07-31,2823,34766.73
2025-07-31,2824,92586.79
2025-07-31,2825,165270.29
2025-07-31,2826,187515.95
2025-07-31,2827,24788.24
2025-07-31,2828,193911.56
2025-07-31,2829,82198.55
2025-07-31,2830,151222.62
2025-07-31,2831,325044.85
2025-07-31,2832,372582.02
2025-07-31,2833,111634.51
2025-07-31,2834,709875.42
2025-07-31,2835,277001.12
2025-07-31,2836,290437.32
2025-07-31,2837,35707.32
2025-07-31,2838,94701.02
2025-07-31,2839,134663.64
2025-07-31,2840,88421.72
2025-07-31,2841,121292.29
2025-07-31,2842,17275.55
2025-07-31,2843,190487.48
2025-07-31,2844,360451.77
2025-07-31,2845,296783.89
2025-07-31,2846,286977.19
2025-07-31,2847,154961.88
2025-07-31,2848,159183.25
2025-07-31,2849,38217.89
2025-07-31,2850,166280.27
2025-07-31,2851,478322.27
2025-07-31,2852,55057.25
2025-07-31,2853,91826.15
2025-07-31,2854,457829.88
2025-07-31,2855,270858.19
2025-07-31,2856,230716.95
2025-07-31,2857,155402.86
2025-07-31,2858,321833.29
2025-07-31,2859,97625.51
2025-07-31,2860,75091.25
2025-07-31,2861,50897.01
2025-07-31,2862,198668.04
2025-07-31,2863,97299.4
2025-07-31,2864,85291.56
2025-07-31,2865,78155.23
2025-07-31,2866,77266.06
2025-07-31,2867,70732.98
2025-07-31,2868,142584.46
2025-07-31,2869,113453.34
2025-07-31,2870,232716.53
2025-07-31,2871,191821.52
2025-07-31,2872,186615.69
2025-07-31,2873,359423.79
2025-07-31,2874,150473.1
2025-07-31,2875,102099.9
2025-07-31,2876,52805.72
2025-07-31,2877,51676.76
2025-07-31,2878,149276.84
2025-07-31,2879,124019.56
2025-07-31,2880,98081.26
2025-07-31,2881,93490.47
2025-07-31,2882,72321.64
2025-07-31,2883,93502.81
2025-07-31,2884,113091.81
2025-07-31,2885,123084.45
2025-07-31,2886,444240.22
2025-07-31,2887,74902.69
2025-07-31,2888,109858.56
2025-07-31,2889,187168.97
2025-07-31,2890,46563.05
2025-07-31,2891,66075.8
2025-07-31,2892,114605.13
2025-07-31,2893,109666.16
2025-07-31,2894,169059.08
2025-07-31,2895,92634.33
2025-07-31,2896,59890.41
2025-07-31,2897,46194.33
2025-07-31,2898,110126.26
2025-07-31,2899,89213.59
2025-07-31,2900,149953.53
2025-07-31,2901,290933.01
2025-07-31,2902,63733.31
2025-07-31,2903,165951.91
2025-07-31,2904,124959.22
2025-07-31,2905,111820.89
2025-07-31,2906,44116.62
2025-07-31,2907,193363.48
2025-07-31,2908,88850.46
2025-07-31,2909,74999.43
2025-07-31,2910,225739.41
2025-07-31,2911,257991.77
2025-07-31,2912,151606.82
2025-07-31,2913,118297.36
2025-07-31,2914,36994.64
2025-07-31,2915,36851.87
2025-07-31,2916,66423.34
2025-07-31,2917,62487.85
2025-07-31,2918,263297.41
2025-07-31,2919,136595.46
2025-07-31,2920,91930.48
2025-07-31,2921,261203.18
2025-07-31,2922,80294.64
2025-07-31,2923,96018.54
2025-07-31,2924,75016.58
2025-07-31,2925,322631.31
2025-07-31,2926,208506.43
2025-07-31,2927,102670.69
2025-07-31,2928,94037.74
2025-07-31,2929,104986.67
2025-07-31,2930,103102.37
2025-07-31,2931,34173.18
2025-07-31,2932,123268.48
2025-07-31,2933,48089.38
2025-07-31,2934,75572.07
2025-07-31,2935,45617.56
2025-07-31,2936,95151.58
2025-07-31,2937,35097.08
2025-07-31,2938,179455.65
2025-07-31,2939,196184.42
2025-07-31,2940,253851.82
2025-07-31,2941,499364.65
2025-07-31,2942,118273.53
2025-07-31,2943,171471.94
2025-07-31,2944,240386.49
2025-07-31,2945,285606.35
2025-07-31,2946,334826.28
2025-07-31,2947,110010.4
2025-07-31,2948,119179.57
2025-07-31,2949,73112.42
2025-07-31,2950,167690.17
2025-07-31,2951,643460.01
2025-07-31,2952,123082.89
2025-07-31,2953,89018.26
2025-07-31,2954,191047.87
2025-07-31,2955,126695.71
2025-07-31,2956,263411.76
2025-07-31,2957,86173.65
2025-07-31,2958,174264.98
2025-07-31,2959,102820.51
2025-07-31,2960,84504.64
2025-07-31,2961,54062.32
2025-07-31,2962,268748.24
2025-07-31,2963,197454.27
2025-07-31,2964,77977.64
2025-07-31,2965,225119.93
2025-07-31,2966,18528.34
2025-07-31,2967,108985.94
2025-07-31,2968,181287.54
2025-07-31,2969,130928.35
2025-07-31,2970,113282.51
2025-07-31,2971,166035.83
2025-07-31,2972,1212434.08
2025-07-31,2973,173207.79
2025-07-31,2974,161701.16
2025-07-31,2975,138701.96
2025-07-31,2976,152828.29
2025-07-31,2977,163328.82
2025-07-31,2978,69888.71
2025-07-31,2979,133633.46
2025-07-31,2980,89131.06
2025-07-31,2981,118138.06
2025-07-31,2982,234879.83
2025-07-31,2983,113831.59
2025-07-31,2984,164862.64
2025-07-31,2985,85071.16
2025-07-31,2986,105947.95
2025-07-31,2987,149813.09
2025-07-31,2988,178701.24
2025-07-31,2989,35751.2
2025-07-31,2990,109197.93
2025-07-31,2991,161421.53
2025-07-31,2992,208681.36
2025-07-31,2993,59696.48
2025-07-31,2994,132283.16
2025-07-31,2995,169685.65
2025-07-31,2996,205275.31
2025-07-31,2997,113246.36
2025-07-31,2998,72207.18
2025-07-31,2999,229715.7
2025-07-31,3000,183668.09
2025-07-31,3001,35852.07
2025-07-31,3002,143711.81
2025-07-31,3003,85009.3
2025-07-31,3004,43977.06
2025-07-31,3005,96285.27
2025-07-31,3006,126428.74
2025-07-31,3007,202695.94
2025-07-31,3008,505412.63
2025-07-31,3009,383084.29
2025-07-31,3010,70447.5
2025-07-31,3011,141981.44
2025-07-31,3012,404528.43
2025-07-31,3013,371057.35
2025-07-31,3014,100797.84
2025-07-31,3015,86014.41
2025-07-31,3016,169546.82
2025-07-31,3017,301445.63
2025-07-31,3018,239900.32
2025-07-31,3019,244088.67
2025-07-31,3020,545111.58
2025-07-31,3021,278186.7
2025-07-31,3022,130053.24
2025-07-31,3023,170954.14
2025-07-31,3024,31450.11
2025-07-31,3025,89165.91
2025-07-31,3026,177026.55
2025-07-31,3027,144707.51
2025-07-31,3028,75444.9
2025-07-31,3029,103672.24
2025-07-31,3030,119246.47
2025-07-31,3031,90514.77
2025-07-31,3032,77933.24
2025-07-31,3033,47847.39
2025-07-31,3034,86326.14
2025-07-31,3035,176278.57
2025-07-31,3036,176279.07
2025-07-31,3037,218487.03
2025-07-31,3038,237150.13
2025-07-31,3039,1319042.73
2025-07-31,3040,102511.67
2025-07-31,3041,90454.91
2025-07-31,3042,239442.63
2025-07-31,3043,77896.31
2025-07-31,3044,425869.54
2025-07-31,3045,194836.34
2025-07-31,3046,189911.13
2025-07-31,3047,235537.31
2025-07-31,3048,115206.06
2025-07-31,3049,82068.09
2025-07-31,3050,267994.58
2025-07-31,3051,43417.7
2025-07-31,3052,77094.19
2025-07-31,3053,137779.5
2025-07-31,3054,61353.71
2025-07-31,3055,174024.43
2025-07-31,3056,259562.04
2025-07-31,3057,264798.24
2025-07-31,3058,76987.62
2025-07-31,3059,368091.52
2025-07-31,3060,110473.01
2025-07-31,3061,158343.91
2025-07-31,3062,42105.78
2025-07-31,3063,248993.95
2025-07-31,3064,35882.28
2025-07-31,3065,143919.47
2025-07-31,3066,85691.96
2025-07-31,3067,68714.08
2025-07-31,3068,217667.17
2025-07-31,3069,47299.2
2025-07-31,3070,40858.07
2025-07-31,3071,122051.69
2025-07-31,3072,119482.05
2025-07-31,3073,308240.8
2025-07-31,3074,1252.19
2025-07-31,3075,78228.55
2025-07-31,3076,139194.84
2025-07-31,3077,140411.4
2025-07-31,3078,125638.46
2025-07-31,3079,82968.41
2025-07-31,3080,30694.98
2025-07-31,3081,59663.31
2025-07-31,3082,144363.51
2025-07-31,3083,211270.17
2025-07-31,3084,80715.6
2025-07-31,3085,93689.53
2025-07-31,3086,124914.54
2025-07-31,3087,128837.7
2025-07-31,3088,52550.55
2025-07-31,3089,64955.26
2025-07-31,3090,85243.33
2025-07-31,3091,268490.55
2025-07-31,3092,135993.81
2025-07-31,3093,824478.99
2025-07-31,3094,241965.4
2025-07-31,3095,400768.7
2025-07-31,3096,109339.36
2025-07-31,3097,111930.06
2025-07-31,3098,193286.84
2025-07-31,3099,126110.08
2025-07-31,3100,153800.11
2025-07-31,3101,109515.26
2025-07-31,3102,372617.72
2025-07-31,3103,162659.86
2025-07-31,3104,236754.51
2025-07-31,3105,138554.68
2025-07-31,3106,124816.14
2025-07-31,3107,374380.49
2025-07-31,3108,69936.51
2025-07-31,3109,32044.92
2025-07-31,3110,29785.56
2025-07-31,3111,82833.5
2025-07-31,3112,61687.84
2025-07-31,3113,174575.68
2025-07-31,3114,148760.68
2025-07-31,3115,148707.56
2025-07-31,3116,194676.11
2025-07-31,3117,219330.88
2025-07-31,3118,141459.3
2025-07-31,3119,86653.05
2025-07-31,3120,449385.19
2025-07-31,3121,43542.83
2025-07-31,3122,21140.06
2025-07-31,3123,146305.0
2025-07-31,3124,194993.83
2025-07-31,3125,161113.79
2025-07-31,3126,120555.78
2025-07-31,3127,51264.95
2025-07-31,3128,44452.28
2025-07-31,3129,179916.18
2025-07-31,3130,222496.26
2025-07-31,3131,53553.33
2025-07-31,3132,396710.45
2025-07-31,3133,389140.59
2025-07-31,3134,383831.18
2025-07-31,3135,157009.48
2025-07-31,3136,262234.79
2025-07-31,3137,109153.73
2025-07-31,3138,179749.2
2025-07-31,3139,167231.92
2025-07-31,3140,62097.06
2025-07-31,3141,112079.8
2025-07-31,3142,101254.07
2025-07-31,3143,166616.25
2025-07-31,3144,128119.01
2025-07-31,3145,133927.0
2025-07-31,3146,118817.04
2025-07-31,3147,240128.57
2025-07-31,3148,107400.87
2025-07-31,3149,63433.19
2025-07-31,3150,296259.84
2025-07-31,3151,167222.58
2025-07-31,3152,55914.83
2025-07-31,3153,293035.54
2025-07-31,3154,60000.61
2025-07-31,3155,271492.12
2025-07-31,3156,227523.26
2025-07-31,3157,674655.88
2025-07-31,3158,207528.25
2025-07-31,3159,44447.54
2025-07-31,3160,432958.8
2025-07-31,3161,274771.56
2025-07-31,3162,96276.42
2025-07-31,3163,169268.32
2025-07-31,3164,173340.68
2025-07-31,3165,223043.73
2025-07-31,3166,69433.68
2025-07-31,3167,155571.33
2025-07-31,3168,198193.99
2025-07-31,3169,38320.84
2025-07-31,3170,61667.28
2025-07-31,3171,29590.01
2025-07-31,3172,113919.6
2025-07-31,3173,149742.41
2025-07-31,3174,88033.45
2025-07-31,3175,133677.98
2025-07-31,3176,473866.11
2025-07-31,3177,73331.44
2025-07-31,3178,222544.38
2025-07-31,3179,148388.0
2025-07-31,3180,148590.61
2025-07-31,3181,311486.0
2025-07-31,3182,10018.9
2025-07-31,3183,86638.18
2025-07-31,3184,66133.91
2025-07-31,3185,109021.55
2025-07-31,3186,130663.99
2025-07-31,3187,219456.22
2025-07-31,3188,277188.49
2025-07-31,3189,391826.24
2025-07-31,3190,18459.6
2025-07-31,3191,179323.86
2025-07-31,3192,144228.18
2025-07-31,3193,109687.39
2025-07-31,3194,182882.92
2025-07-31,3195,577258.57
2025-07-31,3196,271777.73
2025-07-31,3197,207137.37
2025-07-31,3198,411878.73
2025-07-31,3199,214613.2
2025-07-31,3200,150875.02
2025-08-31,1,208095.83
2025-08-31,2,93302.94
2025-08-31,3,91100.78
2025-08-31,4,70828.65
2025-08-31,5,198188.8
2025-08-31,6,126798.06
2025-08-31,7,124295.92
2025-08-31,8,90024.75
2025-08-31,9,89565.43
2025-08-31,10,23665.28
2025-08-31,11,52369.16
2025-08-31,12,156422.9
2025-08-31,13,109589.33
2025-08-31,14,150755.89
2025-08-31,15,52226.14
2025-08-31,16,96394.55
2025-08-31,17,130008.64
2025-08-31,18,170783.74
2025-08-31,19,442496.46
2025-08-31,20,25861.69
2025-08-31,21,51878.45
2025-08-31,22,81685.11
2025-08-31,23,107677.73
2025-08-31,24,117164.07
2025-08-31,25,126226.57
2025-08-31,26,106337.0
2025-08-31,27,342842.53
2025-08-31,28,113928.76
2025-08-31,29,114390.13
2025-08-31,30,187448.27
2025-08-31,31,283395.08
2025-08-31,32,38884.13
2025-08-31,33,250167.27
2025-08-31,34,70082.52
2025-08-31,35,78029.72
2025-08-31,36,109603.86
2025-08-31,37,165628.9
2025-08-31,38,184193.33
2025-08-31,39,887231.75
2025-08-31,40,45894.28
2025-08-31,41,374397.31
2025-08-31,42,63439.81
2025-08-31,43,50601.71
2025-08-31,44,205068.02
2025-08-31,45,125019.23
2025-08-31,46,102279.72
2025-08-31,47,303167.99
2025-08-31,48,88770.93
2025-08-31,49,184897.55
2025-08-31,50,111605.47
2025-08-31,51,137528.34
2025-08-31,52,179142.68
2025-08-31,53,479380.9
2025-08-31,54,335438.41
2025-08-31,55,136097.13
2025-08-31,56,72433.64
2025-08-31,57,498533.46
2025-08-31,58,236260.31
2025-08-31,59,257421.94
2025-08-31,60,194435.57
2025-08-31,61,40733.91
2025-08-31,62,205020.91
2025-08-31,63,71542.17
2025-08-31,64,177651.13
2025-08-31,65,402094.29
2025-08-31,66,204097.25
2025-08-31,67,167158.87
2025-08-31,68,114633.69
2025-08-31,69,245883.58
2025-08-31,70,246336.13
2025-08-31,71,59699.54
2025-08-31,72,146034.61
2025-08-31,73,122177.78
2025-08-31,74,26812.34
2025-08-31,75,93972.47
2025-08-31,76,101834.83
2025-08-31,77,176829.91
2025-08-31,78,52248.6
2025-08-31,79,164745.37
2025-08-31,80,281758.18
2025-08-31,81,228521.37
2025-08-31,82,161088.91
2025-08-31,83,191250.61
2025-08-31,84,65810.62
2025-08-31,85,7365.4
2025-08-31,86,132988.22
2025-08-31,87,66139.05
2025-08-31,88,265899.79
2025-08-31,89,35646.9
2025-08-31,90,144191.24
2025-08-31,91,126296.15
2025-08-31,92,146599.83
2025-08-31,93,271060.56
2025-08-31,94,395165.2
2025-08-31,95,188445.82
2025-08-31,96,120089.75
2025-08-31,97,192018.41
2025-08-31,98,64067.55
2025-08-31,99,208959.36
2025-08-31,100,84910.43
2025-08-31,101,632547.66
2025-08-31,102,169243.63
2025-08-31,103,50084.26
2025-08-31,104,88239.9
2025-08-31,105,460675.2
2025-08-31,106,283773.26
2025-08-31,107,67669.25
2025-08-31,108,78672.11
2025-08-31,109,59764.46
2025-08-31,110,61236.97
2025-08-31,111,412375.94
2025-08-31,112,105276.99
2025-08-31,113,69262.45
2025-08-31,114,281428.65
2025-08-31,115,129739.35
2025-08-31,116,27365.14
2025-08-31,117,203786.58
2025-08-31,118,216098.31
2025-08-31,119,229451.37
2025-08-31,120,148328.96
2025-08-31,121,128664.61
2025-08-31,122,69036.07
2025-08-31,123,100225.76
2025-08-31,124,156617.2
2025-08-31,125,63395.46
2025-08-31,126,187506.27
2025-08-31,127,55108.36
2025-08-31,128,181761.8
2025-08-31,129,118345.42
2025-08-31,130,75624.0
2025-08-31,131,45913.01
2025-08-31,132,92254.61
2025-08-31,133,85442.0
2025-08-31,134,136506.14
2025-08-31,135,69947.02
2025-08-31,136,8304.55
2025-08-31,137,162787.95
2025-08-31,138,81125.28
2025-08-31,139,175007.15
2025-08-31,140,147340.03
2025-08-31,141,331095.21
2025-08-31,142,210942.57
2025-08-31,143,75575.24
2025-08-31,144,127622.55
2025-08-31,145,145250.74
2025-08-31,146,295654.3
2025-08-31,147,103341.13
2025-08-31,148,78051.28
2025-08-31,149,331660.24
2025-08-31,150,106920.95
2025-08-31,151,53420.91
2025-08-31,152,610422.78
2025-08-31,153,112457.78
2025-08-31,154,90011.09
2025-08-31,155,62662.98
2025-08-31,156,147980.03
2025-08-31,157,108569.67
2025-08-31,158,102086.61
2025-08-31,159,81586.45
2025-08-31,160,74210.98
2025-08-31,161,191634.74
2025-08-31,162,178286.91
2025-08-31,163,235901.91
2025-08-31,164,204081.55
2025-08-31,165,167772.02
2025-08-31,166,2753.43
2025-08-31,167,411274.98
2025-08-31,168,133342.28
2025-08-31,169,193570.29
2025-08-31,170,374008.29
2025-08-31,171,245076.2
2025-08-31,172,69950.57
2025-08-31,173,82683.63
2025-08-31,174,409917.99
2025-08-31,175,209909.97
2025-08-31,176,76666.18
2025-08-31,177,62016.5
2025-08-31,178,167709.07
2025-08-31,179,334028.06
2025-08-31,180,184180.33
2025-08-31,181,254053.44
2025-08-31,182,47567.68
2025-08-31,183,71810.32
2025-08-31,184,57997.57
2025-08-31,185,124142.25
2025-08-31,186,320725.16
2025-08-31,187,78924.65
2025-08-31,188,213339.87
2025-08-31,189,19334.87
2025-08-31,190,183701.21
2025-08-31,191,27651.53
2025-08-31,192,68617.84
2025-08-31,193,113048.41
2025-08-31,194,145489.38
2025-08-31,195,84813.79
2025-08-31,196,230572.3
2025-08-31,197,321502.66
2025-08-31,198,451637.68
2025-08-31,199,46510.94
2025-08-31,200,71152.58
2025-08-31,201,33732.26
2025-08-31,202,259175.84
2025-08-31,203,100169.48
2025-08-31,204,283405.99
2025-08-31,205,68055.07
2025-08-31,206,154495.31
2025-08-31,207,208711.76
2025-08-31,208,319642.95
2025-08-31,209,281770.33
2025-08-31,210,143608.15
2025-08-31,211,185361.72
2025-08-31,212,493960.0
2025-08-31,213,108413.27
2025-08-31,214,174079.69
2025-08-31,215,169253.86
2025-08-31,216,422599.17
2025-08-31,217,146888.23
2025-08-31,218,160761.38
2025-08-31,219,180493.75
2025-08-31,220,217029.48
2025-08-31,221,78536.48
2025-08-31,222,102630.06
2025-08-31,223,88545.13
2025-08-31,224,156788.12
2025-08-31,225,305844.65
2025-08-31,226,195381.73
2025-08-31,227,24193.04
2025-08-31,228,71643.47
2025-08-31,229,170273.96
2025-08-31,230,326404.85
2025-08-31,231,208826.14
2025-08-31,232,107263.81
2025-08-31,233,145052.46
2025-08-31,234,161457.63
2025-08-31,235,228549.67
2025-08-31,236,53482.02
2025-08-31,237,334795.87
2025-08-31,238,33350.63
2025-08-31,239,7945.4
2025-08-31,240,230156.65
2025-08-31,241,184940.13
2025-08-31,242,417889.18
2025-08-31,243,57417.39
2025-08-31,244,81885.67
2025-08-31,245,199723.3
2025-08-31,246,23487.47
2025-08-31,247,25675.82
2025-08-31,248,41006.61
2025-08-31,249,92901.33
2025-08-31,250,155010.1
2025-08-31,251,32274.18
2025-08-31,252,127355.21
2025-08-31,253,79648.26
2025-08-31,254,212315.41
2025-08-31,255,161070.91
2025-08-31,256,125110.38
2025-08-31,257,91762.26
2025-08-31,258,13403.1
2025-08-31,259,164147.66
2025-08-31,260,165779.76
2025-08-31,261,92612.64
2025-08-31,262,248740.85
2025-08-31,263,136980.04
2025-08-31,264,65649.34
2025-08-31,265,196734.01
2025-08-31,266,89402.88
2025-08-31,267,72894.87
2025-08-31,268,22788.47
2025-08-31,269,109703.14
2025-08-31,270,79762.95
2025-08-31,271,104764.05
2025-08-31,272,224683.11
2025-08-31,273,150436.22
2025-08-31,274,165150.5
2025-08-31,275,511213.17
2025-08-31,276,189923.21
2025-08-31,277,162597.32
2025-08-31,278,324458.04
2025-08-31,279,309667.02
2025-08-31,280,49412.21
2025-08-31,281,107350.26
2025-08-31,282,172242.76
2025-08-31,283,47775.61
2025-08-31,284,6910.24
2025-08-31,285,212630.3
2025-08-31,286,340742.27
2025-08-31,287,608556.32
2025-08-31,288,81066.15
2025-08-31,289,150645.89
2025-08-31,290,86260.75
2025-08-31,291,342827.61
2025-08-31,292,174626.6
2025-08-31,293,186478.39
2025-08-31,294,95925.63
2025-08-31,295,265226.69
2025-08-31,296,139622.49
2025-08-31,297,240131.63
2025-08-31,298,424148.25
2025-08-31,299,149941.74
2025-08-31,300,71077.93
2025-08-31,301,86703.02
2025-08-31,302,211718.68
2025-08-31,303,90204.67
2025-08-31,304,215325.78
2025-08-31,305,216335.32
2025-08-31,306,251871.04
2025-08-31,307,231057.23
2025-08-31,308,25281.21
2025-08-31,309,128592.26
2025-08-31,310,177107.82
2025-08-31,311,29843.68
2025-08-31,312,119316.74
2025-08-31,313,137645.2
2025-08-31,314,102999.6
2025-08-31,315,197495.06
2025-08-31,316,86488.41
2025-08-31,317,73396.87
2025-08-31,318,95813.2
2025-08-31,319,116557.33
2025-08-31,320,92539.21
2025-08-31,321,274589.21
2025-08-31,322,65523.36
2025-08-31,323,305928.11
2025-08-31,324,266972.75
2025-08-31,325,163540.75
2025-08-31,326,238172.96
2025-08-31,327,192675.45
2025-08-31,328,78929.6
2025-08-31,329,278479.81
2025-08-31,330,84724.45
2025-08-31,331,25979.5
2025-08-31,332,131795.31
2025-08-31,333,190881.96
2025-08-31,334,142592.47
2025-08-31,335,48274.65
2025-08-31,336,335569.33
2025-08-31,337,225987.1
2025-08-31,338,55560.2
2025-08-31,339,50370.77
2025-08-31,340,290686.03
2025-08-31,341,110862.87
2025-08-31,342,225037.19
2025-08-31,343,196730.49
2025-08-31,344,93056.43
2025-08-31,345,123386.52
2025-08-31,346,281307.08
2025-08-31,347,169377.18
2025-08-31,348,52702.77
2025-08-31,349,99068.49
2025-08-31,350,122417.01
2025-08-31,351,352855.48
2025-08-31,352,204374.09
2025-08-31,353,114455.4
2025-08-31,354,187965.42
2025-08-31,355,132771.04
2025-08-31,356,112093.32
2025-08-31,357,36190.61
2025-08-31,358,93468.33
2025-08-31,359,101304.5
2025-08-31,360,159485.16
2025-08-31,361,173809.53
2025-08-31,362,83487.51
2025-08-31,363,14504.59
2025-08-31,364,214806.12
2025-08-31,365,380091.87
2025-08-31,366,78624.93
2025-08-31,367,231862.69
2025-08-31,368,176647.62
2025-08-31,369,172433.9
2025-08-31,370,116975.62
2025-08-31,371,201993.42
2025-08-31,372,119833.95
2025-08-31,373,102247.81
2025-08-31,374,249230.06
2025-08-31,375,142308.52
2025-08-31,376,33642.79
2025-08-31,377,480516.36
2025-08-31,378,116382.58
2025-08-31,379,182046.25
2025-08-31,380,52650.92
2025-08-31,381,20125.95
2025-08-31,382,182580.87
2025-08-31,383,86227.46
2025-08-31,384,152466.24
2025-08-31,385,64401.19
2025-08-31,386,68424.6
2025-08-31,387,331484.09
2025-08-31,388,202907.35
2025-08-31,389,323860.93
2025-08-31,390,236283.94
2025-08-31,391,548008.27
2025-08-31,392,186366.31
2025-08-31,393,314662.24
2025-08-31,394,295732.88
2025-08-31,395,179119.79
2025-08-31,396,167308.14
2025-08-31,397,142445.47
2025-08-31,398,551445.1
2025-08-31,399,95405.12
2025-08-31,400,234626.07
2025-08-31,401,193570.82
2025-08-31,402,151059.13
2025-08-31,403,145646.16
2025-08-31,404,210802.28
2025-08-31,405,229452.75
2025-08-31,406,126398.77
2025-08-31,407,54365.22
2025-08-31,408,115783.15
2025-08-31,409,81514.32
2025-08-31,410,210842.63
2025-08-31,411,106277.38
2025-08-31,412,353387.9
2025-08-31,413,79749.96
2025-08-31,414,535008.28
2025-08-31,415,85107.73
2025-08-31,416,179735.16
2025-08-31,417,55650.77
2025-08-31,418,416716.66
2025-08-31,419,53624.2
2025-08-31,420,165406.21
2025-08-31,421,15350.57
2025-08-31,422,3164.72
2025-08-31,423,59818.77
2025-08-31,424,429498.57
2025-08-31,425,308520.11
2025-08-31,426,165900.97
2025-08-31,427,110264.01
2025-08-31,428,68650.62
2025-08-31,429,65676.91
2025-08-31,430,283094.55
2025-08-31,431,181037.28
2025-08-31,432,174140.74
2025-08-31,433,52296.22
2025-08-31,434,141024.85
2025-08-31,435,6481.84
2025-08-31,436,347646.7
2025-08-31,437,108816.03
2025-08-31,438,82907.75
2025-08-31,439,151077.17
2025-08-31,440,203746.37
2025-08-31,441,216521.71
2025-08-31,442,236717.92
2025-08-31,443,337173.11
2025-08-31,444,66537.66
2025-08-31,445,451883.17
2025-08-31,446,406727.53
2025-08-31,447,87182.38
2025-08-31,448,84802.9
2025-08-31,449,373331.05
2025-08-31,450,85961.42
2025-08-31,451,123708.39
2025-08-31,452,232287.31
2025-08-31,453,152690.15
2025-08-31,454,75571.18
2025-08-31,455,79207.69
2025-08-31,456,116097.7
2025-08-31,457,45652.83
2025-08-31,458,337690.53
2025-08-31,459,294971.39
2025-08-31,460,94668.13
2025-08-31,461,147510.16
2025-08-31,462,48624.63
2025-08-31,463,428658.24
2025-08-31,464,47963.72
2025-08-31,465,70030.66
2025-08-31,466,290247.58
2025-08-31,467,170367.4
2025-08-31,468,78244.0
2025-08-31,469,402268.84
2025-08-31,470,36591.62
2025-08-31,471,298396.03
2025-08-31,472,95187.57
2025-08-31,473,116948.26
2025-08-31,474,157297.6
2025-08-31,475,110230.36
2025-08-31,476,106207.61
2025-08-31,477,342012.77
2025-08-31,478,78030.45
2025-08-31,479,111132.99
2025-08-31,480,121501.66
2025-08-31,481,18900.09
2025-08-31,482,270712.01
2025-08-31,483,439276.86
2025-08-31,484,32417.84
2025-08-31,485,171533.74
2025-08-31,486,44931.17
2025-08-31,487,11637.55
2025-08-31,488,52627.07
2025-08-31,489,282905.13
2025-08-31,490,72701.27
2025-08-31,491,177724.66
2025-08-31,492,79653.54
2025-08-31,493,67373.2
2025-08-31,494,190572.14
2025-08-31,495,166616.85
2025-08-31,496,183717.99
2025-08-31,497,560603.59
2025-08-31,498,31319.98
2025-08-31,499,520521.89
2025-08-31,500,117477.59
2025-08-31,501,193746.5
2025-08-31,502,336333.66
2025-08-31,503,69565.92
2025-08-31,504,139059.78
2025-08-31,505,137749.85
2025-08-31,506,208864.17
2025-08-31,507,132993.52
2025-08-31,508,188643.83
2025-08-31,509,156848.98
2025-08-31,510,95280.16
2025-08-31,511,106573.06
2025-08-31,512,88560.19
2025-08-31,513,335623.64
2025-08-31,514,146819.49
2025-08-31,515,128863.67
2025-08-31,516,272090.91
2025-08-31,517,108112.93
2025-08-31,518,540065.93
2025-08-31,519,180216.22
2025-08-31,520,214252.57
2025-08-31,521,56875.61
2025-08-31,522,24180.06
2025-08-31,523,62967.46
2025-08-31,524,107767.88
2025-08-31,525,172562.79
2025-08-31,526,78398.86
2025-08-31,527,74599.47
2025-08-31,528,163085.92
2025-08-31,529,436988.25
2025-08-31,530,80514.2
2025-08-31,531,250163.14
2025-08-31,532,208820.66
2025-08-31,533,83446.99
2025-08-31,534,132788.49
2025-08-31,535,11371.53
2025-08-31,536,142754.87
2025-08-31,537,73959.19
2025-08-31,538,125239.32
2025-08-31,539,87092.08
2025-08-31,540,267796.66
2025-08-31,541,93087.68
2025-08-31,542,201078.11
2025-08-31,543,293246.73
2025-08-31,544,252583.38
2025-08-31,545,287951.64
2025-08-31,546,190841.81
2025-08-31,547,80070.52
2025-08-31,548,50482.17
2025-08-31,549,76522.07
2025-08-31,550,164655.89
2025-08-31,551,102608.83
2025-08-31,552,53396.12
2025-08-31,553,62699.03
2025-08-31,554,107275.68
2025-08-31,555,109263.39
2025-08-31,556,360371.08
2025-08-31,557,43578.91
2025-08-31,558,101584.38
2025-08-31,559,130187.63
2025-08-31,560,61793.28
2025-08-31,561,287578.51
2025-08-31,562,215647.94
2025-08-31,563,117320.26
2025-08-31,564,204256.78
2025-08-31,565,57075.33
2025-08-31,566,124596.17
2025-08-31,567,242722.29
2025-08-31,568,149847.16
2025-08-31,569,203964.54
2025-08-31,570,32381.0
2025-08-31,571,198250.63
2025-08-31,572,129152.36
2025-08-31,573,178743.71
2025-08-31,574,141163.53
2025-08-31,575,69984.6
2025-08-31,576,82566.89
2025-08-31,577,146883.94
2025-08-31,578,232433.74
2025-08-31,579,248201.26
2025-08-31,580,53744.65
2025-08-31,581,335318.56
2025-08-31,582,275785.19
2025-08-31,583,205260.47
2025-08-31,584,64577.37
2025-08-31,585,8890.04
2025-08-31,586,107285.56
2025-08-31,587,374916.84
2025-08-31,588,85030.26
2025-08-31,589,280854.88
2025-08-31,590,47681.77
2025-08-31,591,135193.93
2025-08-31,592,121948.41
2025-08-31,593,162655.31
2025-08-31,594,327364.01
2025-08-31,595,80428.71
2025-08-31,596,110478.66
2025-08-31,597,54230.84
2025-08-31,598,288506.94
2025-08-31,599,51474.86
2025-08-31,600,152086.07
2025-08-31,601,95170.82
2025-08-31,602,767674.13
2025-08-31,603,239227.8
2025-08-31,604,33878.39
2025-08-31,605,132165.21
2025-08-31,606,120389.18
2025-08-31,607,517633.0
2025-08-31,608,62390.6
2025-08-31,609,90732.14
2025-08-31,610,84451.5
2025-08-31,611,32067.58
2025-08-31,612,251943.65
2025-08-31,613,117108.07
2025-08-31,614,255186.11
2025-08-31,615,146848.9
2025-08-31,616,59385.99
2025-08-31,617,191042.91
2025-08-31,618,273591.93
2025-08-31,619,304351.68
2025-08-31,620,89196.2
2025-08-31,621,239150.56
2025-08-31,622,51323.99
2025-08-31,623,155596.89
2025-08-31,624,200535.95
2025-08-31,625,233773.4
2025-08-31,626,124196.91
2025-08-31,627,193837.39
2025-08-31,628,219414.64
2025-08-31,629,142209.16
2025-08-31,630,132563.08
2025-08-31,631,40760.69
2025-08-31,632,95664.5
2025-08-31,633,125565.66
2025-08-31,634,108115.14
2025-08-31,635,80011.53
2025-08-31,636,57274.98
2025-08-31,637,1042029.62
2025-08-31,638,58836.42
2025-08-31,639,118662.25
2025-08-31,640,210639.44
2025-08-31,641,41327.1
2025-08-31,642,154640.4
2025-08-31,643,70698.22
2025-08-31,644,169520.97
2025-08-31,645,482790.15
2025-08-31,646,96998.55
2025-08-31,647,86802.66
2025-08-31,648,184891.4
2025-08-31,649,177703.87
2025-08-31,650,152838.53
2025-08-31,651,139188.22
2025-08-31,652,139918.51
2025-08-31,653,66427.91
2025-08-31,654,633176.39
2025-08-31,655,218230.44
2025-08-31,656,110689.41
2025-08-31,657,91919.88
2025-08-31,658,159285.96
2025-08-31,659,225119.4
2025-08-31,660,128013.21
2025-08-31,661,67558.99
2025-08-31,662,45621.56
2025-08-31,663,131382.47
2025-08-31,664,104525.74
2025-08-31,665,128958.61
2025-08-31,666,245002.36
2025-08-31,667,42001.52
2025-08-31,668,115117.18
2025-08-31,669,17337.11
2025-08-31,670,166814.28
2025-08-31,671,33720.51
2025-08-31,672,138494.13
2025-08-31,673,88601.27
2025-08-31,674,161837.72
2025-08-31,675,128764.36
2025-08-31,676,429981.46
2025-08-31,677,101377.6
2025-08-31,678,105925.56
2025-08-31,679,27993.35
2025-08-31,680,108655.24
2025-08-31,681,45198.94
2025-08-31,682,115503.94
2025-08-31,683,27051.41
2025-08-31,684,90576.0
2025-08-31,685,197750.05
2025-08-31,686,130744.99
2025-08-31,687,142789.95
2025-08-31,688,107996.31
2025-08-31,689,168134.11
2025-08-31,690,150663.51
2025-08-31,691,149085.16
2025-08-31,692,52747.32
2025-08-31,693,84745.73
2025-08-31,694,118945.28
2025-08-31,695,434690.09
2025-08-31,696,45408.97
2025-08-31,697,171936.25
2025-08-31,698,54220.2
2025-08-31,699,187874.59
2025-08-31,700,114324.56
2025-08-31,701,80723.79
2025-08-31,702,67157.17
2025-08-31,703,72076.35
2025-08-31,704,135656.94
2025-08-31,705,90201.61
2025-08-31,706,491560.0
2025-08-31,707,105542.4
2025-08-31,708,314293.02
2025-08-31,709,24333.9
2025-08-31,710,191679.81
2025-08-31,711,122726.36
2025-08-31,712,120516.05
2025-08-31,713,126252.65
2025-08-31,714,816143.42
2025-08-31,715,273546.43
2025-08-31,716,128506.6
2025-08-31,717,157522.61
2025-08-31,718,358580.95
2025-08-31,719,5527.94
2025-08-31,720,80578.83
2025-08-31,721,7169.49
2025-08-31,722,193949.29
2025-08-31,723,322220.18
2025-08-31,724,17731.54
2025-08-31,725,147426.61
2025-08-31,726,178854.61
2025-08-31,727,128226.06
2025-08-31,728,85797.56
2025-08-31,729,251206.2
2025-08-31,730,108194.63
2025-08-31,731,99462.56
2025-08-31,732,113424.08
2025-08-31,733,252865.94
2025-08-31,734,108641.89
2025-08-31,735,88739.12
2025-08-31,736,525865.63
2025-08-31,737,66597.76
2025-08-31,738,156131.73
2025-08-31,739,59125.75
2025-08-31,740,155115.07
2025-08-31,741,347030.67
2025-08-31,742,100371.43
2025-08-31,743,41889.01
2025-08-31,744,74268.41
2025-08-31,745,150721.71
2025-08-31,746,197366.26
2025-08-31,747,159123.87
2025-08-31,748,76601.69
2025-08-31,749,57087.27
2025-08-31,750,78333.21
2025-08-31,751,170432.11
2025-08-31,752,145746.28
2025-08-31,753,39962.81
2025-08-31,754,99701.16
2025-08-31,755,70750.65
2025-08-31,756,119618.32
2025-08-31,757,336136.32
2025-08-31,758,400078.55
2025-08-31,759,54409.87
2025-08-31,760,236977.59
2025-08-31,761,111704.15
2025-08-31,762,86868.03
2025-08-31,763,128711.18
2025-08-31,764,85589.82
2025-08-31,765,72663.6
2025-08-31,766,137360.61
2025-08-31,767,98793.55
2025-08-31,768,77288.38
2025-08-31,769,231370.64
2025-08-31,770,179403.03
2025-08-31,771,279120.17
2025-08-31,772,101631.98
2025-08-31,773,110639.4
2025-08-31,774,52403.32
2025-08-31,775,121344.83
2025-08-31,776,166593.35
2025-08-31,777,540354.72
2025-08-31,778,47195.53
2025-08-31,779,348492.17
2025-08-31,780,362934.67
2025-08-31,781,36383.07
2025-08-31,782,138684.62
2025-08-31,783,95865.72
2025-08-31,784,82728.42
2025-08-31,785,17779.04
2025-08-31,786,221286.13
2025-08-31,787,246956.4
2025-08-31,788,293340.79
2025-08-31,789,53449.6
2025-08-31,790,147619.2
2025-08-31,791,83216.87
2025-08-31,792,58275.24
2025-08-31,793,319756.89
2025-08-31,794,103435.49
2025-08-31,795,133009.74
2025-08-31,796,532272.55
2025-08-31,797,66551.57
2025-08-31,798,201311.55
2025-08-31,799,499143.91
2025-08-31,800,136770.07
2025-08-31,801,275304.93
2025-08-31,802,64983.87
2025-08-31,803,169270.07
2025-08-31,804,120157.34
2025-08-31,805,107518.74
2025-08-31,806,137477.09
2025-08-31,807,78333.59
2025-08-31,808,216125.03
2025-08-31,809,84065.14
2025-08-31,810,169145.78
2025-08-31,811,105047.64
2025-08-31,812,104998.9
2025-08-31,813,41349.0
2025-08-31,814,515371.02
2025-08-31,815,242619.65
2025-08-31,816,427549.64
2025-08-31,817,104825.84
2025-08-31,818,149544.7
2025-08-31,819,113699.35
2025-08-31,820,197105.45
2025-08-31,821,104448.32
2025-08-31,822,230570.61
2025-08-31,823,220225.19
2025-08-31,824,186182.94
2025-08-31,825,235237.17
2025-08-31,826,274345.09
2025-08-31,827,254844.95
2025-08-31,828,94631.65
2025-08-31,829,395344.45
2025-08-31,830,148376.54
2025-08-31,831,222287.26
2025-08-31,832,67259.94
2025-08-31,833,438023.03
2025-08-31,834,186359.23
2025-08-31,835,79372.68
2025-08-31,836,339554.53
2025-08-31,837,155187.22
2025-08-31,838,330353.49
2025-08-31,839,156283.94
2025-08-31,840,58483.0
2025-08-31,841,481590.71
2025-08-31,842,93717.3
2025-08-31,843,45143.6
2025-08-31,844,67580.24
2025-08-31,845,236274.98
2025-08-31,846,207609.89
2025-08-31,847,126024.27
2025-08-31,848,78642.41
2025-08-31,849,90628.93
2025-08-31,850,100404.17
2025-08-31,851,42069.33
2025-08-31,852,631342.94
2025-08-31,853,82450.13
2025-08-31,854,61349.44
2025-08-31,855,146115.34
2025-08-31,856,94208.67
2025-08-31,857,124224.65
2025-08-31,858,124196.14
2025-08-31,859,211155.64
2025-08-31,860,44820.8
2025-08-31,861,180785.36
2025-08-31,862,94759.79
2025-08-31,863,204926.47
2025-08-31,864,1001553.62
2025-08-31,865,88772.76
2025-08-31,866,78029.41
2025-08-31,867,105004.95
2025-08-31,868,158797.89
2025-08-31,869,138273.74
2025-08-31,870,75653.73
2025-08-31,871,107191.64
2025-08-31,872,91856.8
2025-08-31,873,78792.01
2025-08-31,874,87696.74
2025-08-31,875,51431.73
2025-08-31,876,403647.63
2025-08-31,877,214731.12
2025-08-31,878,85788.42
2025-08-31,879,156028.36
2025-08-31,880,47785.65
2025-08-31,881,132081.99
2025-08-31,882,223374.95
2025-08-31,883,228160.52
2025-08-31,884,385689.04
2025-08-31,885,145185.48
2025-08-31,886,36733.85
2025-08-31,887,34468.25
2025-08-31,888,96554.17
2025-08-31,889,357409.85
2025-08-31,890,193735.11
2025-08-31,891,178965.67
2025-08-31,892,280159.11
2025-08-31,893,209244.78
2025-08-31,894,187296.52
2025-08-31,895,182407.14
2025-08-31,896,379013.9
2025-08-31,897,276332.03
2025-08-31,898,101134.22
2025-08-31,899,67151.39
2025-08-31,900,200107.99
2025-08-31,901,102981.12
2025-08-31,902,348940.2
2025-08-31,903,371220.49
2025-08-31,904,41971.49
2025-08-31,905,257735.03
2025-08-31,906,59938.93
2025-08-31,907,123137.34
2025-08-31,908,72392.96
2025-08-31,909,45468.18
2025-08-31,910,110922.05
2025-08-31,911,48105.51
2025-08-31,912,267563.96
2025-08-31,913,530271.87
2025-08-31,914,96346.86
2025-08-31,915,117811.77
2025-08-31,916,119079.28
2025-08-31,917,125942.39
2025-08-31,918,102051.98
2025-08-31,919,47748.11
2025-08-31,920,230689.56
2025-08-31,921,114547.56
2025-08-31,922,112962.4
2025-08-31,923,136650.62
2025-08-31,924,41468.47
2025-08-31,925,113480.37
2025-08-31,926,120997.38
2025-08-31,927,116153.91
2025-08-31,928,221195.53
2025-08-31,929,311187.53
2025-08-31,930,324260.92
2025-08-31,931,166273.87
2025-08-31,932,159745.56
2025-08-31,933,64190.35
2025-08-31,934,75759.86
2025-08-31,935,283624.2
2025-08-31,936,256991.73
2025-08-31,937,70652.43
2025-08-31,938,77168.84
2025-08-31,939,38471.84
2025-08-31,940,181094.61
2025-08-31,941,108621.54
2025-08-31,942,179563.76
2025-08-31,943,134208.07
2025-08-31,944,127858.33
2025-08-31,945,113848.16
2025-08-31,946,159563.62
2025-08-31,947,805032.5
2025-08-31,948,205499.8
2025-08-31,949,65874.87
2025-08-31,950,259984.08
2025-08-31,951,322299.51
2025-08-31,952,79565.94
2025-08-31,953,86170.34
2025-08-31,954,252294.74
2025-08-31,955,141244.15
2025-08-31,956,110214.5
2025-08-31,957,259202.95
2025-08-31,958,193290.05
2025-08-31,959,306165.21
2025-08-31,960,257552.66
2025-08-31,961,242583.12
2025-08-31,962,122325.15
2025-08-31,963,67188.83
2025-08-31,964,115187.73
2025-08-31,965,169115.07
2025-08-31,966,278721.5
2025-08-31,967,161953.08
2025-08-31,968,247232.21
2025-08-31,969,278985.92
2025-08-31,970,178637.51
2025-08-31,971,104662.88
2025-08-31,972,140443.5
2025-08-31,973,57067.2
2025-08-31,974,113702.14
2025-08-31,975,26588.3
2025-08-31,976,331410.5
2025-08-31,977,167733.29
2025-08-31,978,154144.4
2025-08-31,979,66816.29
2025-08-31,980,94578.99
2025-08-31,981,86350.42
2025-08-31,982,90481.98
2025-08-31,983,144231.41
2025-08-31,984,83664.08
2025-08-31,985,46513.11
2025-08-31,986,90304.26
2025-08-31,987,83148.24
2025-08-31,988,171735.12
2025-08-31,989,66072.59
2025-08-31,990,219026.66
2025-08-31,991,227513.54
2025-08-31,992,88643.23
2025-08-31,993,127360.94
2025-08-31,994,168118.55
2025-08-31,995,31866.2
2025-08-31,996,758462.19
2025-08-31,997,516164.43
2025-08-31,998,190828.13
2025-08-31,999,88721.12
2025-08-31,1000,61652.49
2025-08-31,1001,109009.26
2025-08-31,1002,272073.53
2025-08-31,1003,153303.58
2025-08-31,1004,149872.93
2025-08-31,1005,182348.97
2025-08-31,1006,25514.27
2025-08-31,1007,88322.12
2025-08-31,1008,213294.49
2025-08-31,1009,164596.33
2025-08-31,1010,108339.65
2025-08-31,1011,161629.03
2025-08-31,1012,11210.55
2025-08-31,1013,83553.91
2025-08-31,1014,49668.9
2025-08-31,1015,138644.39
2025-08-31,1016,317606.29
2025-08-31,1017,163214.73
2025-08-31,1018,103765.93
2025-08-31,1019,128875.79
2025-08-31,1020,103073.16
2025-08-31,1021,51384.03
2025-08-31,1022,396859.81
2025-08-31,1023,107745.07
2025-08-31,1024,28896.98
2025-08-31,1025,131727.26
2025-08-31,1026,56756.28
2025-08-31,1027,59503.13
2025-08-31,1028,233068.35
2025-08-31,1029,222535.97
2025-08-31,1030,111001.09
2025-08-31,1031,263662.81
2025-08-31,1032,348196.01
2025-08-31,1033,103772.0
2025-08-31,1034,311949.7
2025-08-31,1035,110685.49
2025-08-31,1036,223960.96
2025-08-31,1037,128590.51
2025-08-31,1038,366957.28
2025-08-31,1039,79484.75
2025-08-31,1040,107122.82
2025-08-31,1041,116085.88
2025-08-31,1042,150465.14
2025-08-31,1043,109648.03
2025-08-31,1044,193643.61
2025-08-31,1045,95588.2
2025-08-31,1046,432094.61
2025-08-31,1047,121701.77
2025-08-31,1048,219942.98
2025-08-31,1049,519943.05
2025-08-31,1050,83849.11
2025-08-31,1051,58173.46
2025-08-31,1052,675835.03
2025-08-31,1053,81740.13
2025-08-31,1054,372046.64
2025-08-31,1055,73993.38
2025-08-31,1056,146263.98
2025-08-31,1057,139877.53
2025-08-31,1058,163394.2
2025-08-31,1059,84494.28
2025-08-31,1060,120785.95
2025-08-31,1061,292937.45
2025-08-31,1062,382065.42
2025-08-31,1063,78173.51
2025-08-31,1064,158853.3
2025-08-31,1065,60138.46
2025-08-31,1066,268925.95
2025-08-31,1067,360485.62
2025-08-31,1068,102744.3
2025-08-31,1069,271665.45
2025-08-31,1070,155455.67
2025-08-31,1071,211757.28
2025-08-31,1072,73738.49
2025-08-31,1073,252879.0
2025-08-31,1074,484931.82
2025-08-31,1075,167198.27
2025-08-31,1076,49307.19
2025-08-31,1077,111028.52
2025-08-31,1078,212834.97
2025-08-31,1079,142490.6
2025-08-31,1080,200160.74
2025-08-31,1081,360937.75
2025-08-31,1082,176688.37
2025-08-31,1083,30420.25
2025-08-31,1084,60757.19
2025-08-31,1085,120036.5
2025-08-31,1086,165033.0
2025-08-31,1087,303853.79
2025-08-31,1088,132657.13
2025-08-31,1089,137736.11
2025-08-31,1090,135970.6
2025-08-31,1091,94929.09
2025-08-31,1092,55956.23
2025-08-31,1093,66614.85
2025-08-31,1094,417130.96
2025-08-31,1095,87562.41
2025-08-31,1096,36507.87
2025-08-31,1097,117689.23
2025-08-31,1098,185868.83
2025-08-31,1099,94890.35
2025-08-31,1100,173588.09
2025-08-31,1101,64339.64
2025-08-31,1102,211606.14
2025-08-31,1103,75616.79
2025-08-31,1104,44458.51
2025-08-31,1105,231099.71
2025-08-31,1106,97935.7
2025-08-31,1107,76920.44
2025-08-31,1108,382715.44
2025-08-31,1109,141144.5
2025-08-31,1110,115759.75
2025-08-31,1111,117535.09
2025-08-31,1112,82131.01
2025-08-31,1113,113214.9
2025-08-31,1114,420102.57
2025-08-31,1115,187456.13
2025-08-31,1116,130016.21
2025-08-31,1117,116919.63
2025-08-31,1118,279525.0
2025-08-31,1119,318600.01
2025-08-31,1120,122599.86
2025-08-31,1121,186049.91
2025-08-31,1122,85675.43
2025-08-31,1123,136988.5
2025-08-31,1124,217259.04
2025-08-31,1125,171795.75
2025-08-31,1126,22784.61
2025-08-31,1127,154124.29
2025-08-31,1128,316836.35
2025-08-31,1129,136823.38
2025-08-31,1130,162949.33
2025-08-31,1131,183430.2
2025-08-31,1132,101391.49
2025-08-31,1133,69988.14
2025-08-31,1134,135533.21
2025-08-31,1135,92964.69
2025-08-31,1136,228576.66
2025-08-31,1137,109734.91
2025-08-31,1138,63778.01
2025-08-31,1139,252732.86
2025-08-31,1140,726.83
2025-08-31,1141,120264.16
2025-08-31,1142,419098.84
2025-08-31,1143,353615.04
2025-08-31,1144,167472.52
2025-08-31,1145,57542.32
2025-08-31,1146,84710.32
2025-08-31,1147,74370.24
2025-08-31,1148,92612.0
2025-08-31,1149,201356.27
2025-08-31,1150,113633.91
2025-08-31,1151,726550.8
2025-08-31,1152,153218.02
2025-08-31,1153,252359.18
2025-08-31,1154,135821.88
2025-08-31,1155,75552.56
2025-08-31,1156,67862.69
2025-08-31,1157,311233.86
2025-08-31,1158,120787.81
2025-08-31,1159,122386.61
2025-08-31,1160,55676.79
2025-08-31,1161,32224.99
2025-08-31,1162,296193.63
2025-08-31,1163,118236.7
2025-08-31,1164,183583.22
2025-08-31,1165,330086.33
2025-08-31,1166,90849.72
2025-08-31,1167,134203.39
2025-08-31,1168,214811.8
2025-08-31,1169,29638.0
2025-08-31,1170,99014.43
2025-08-31,1171,119202.87
2025-08-31,1172,70445.87
2025-08-31,1173,364452.3
2025-08-31,1174,167434.24
2025-08-31,1175,75562.55
2025-08-31,1176,96766.35
2025-08-31,1177,74638.91
2025-08-31,1178,694023.66
2025-08-31,1179,106033.15
2025-08-31,1180,289202.28
2025-08-31,1181,280836.84
2025-08-31,1182,375140.09
2025-08-31,1183,157715.01
2025-08-31,1184,107020.37
2025-08-31,1185,50881.25
2025-08-31,1186,91127.74
2025-08-31,1187,79503.53
2025-08-31,1188,113352.5
2025-08-31,1189,79050.22
2025-08-31,1190,125009.26
2025-08-31,1191,252184.3
2025-08-31,1192,137399.82
2025-08-31,1193,88491.81
2025-08-31,1194,184783.45
2025-08-31,1195,254659.4
2025-08-31,1196,132256.98
2025-08-31,1197,199046.18
2025-08-31,1198,54831.28
2025-08-31,1199,140006.27
2025-08-31,1200,78846.05
2025-08-31,1201,233446.94
2025-08-31,1202,339351.51
2025-08-31,1203,111846.75
2025-08-31,1204,142377.69
2025-08-31,1205,91139.78
2025-08-31,1206,61849.56
2025-08-31,1207,78353.38
2025-08-31,1208,142205.32
2025-08-31,1209,155953.98
2025-08-31,1210,122684.54
2025-08-31,1211,46508.22
2025-08-31,1212,437360.59
2025-08-31,1213,72037.89
2025-08-31,1214,153729.12
2025-08-31,1215,272017.93
2025-08-31,1216,133984.48
2025-08-31,1217,15404.0
2025-08-31,1218,50789.85
2025-08-31,1219,144036.57
2025-08-31,1220,477838.15
2025-08-31,1221,223339.85
2025-08-31,1222,104487.52
2025-08-31,1223,153430.85
2025-08-31,1224,230194.86
2025-08-31,1225,109551.56
2025-08-31,1226,35412.01
2025-08-31,1227,68942.8
2025-08-31,1228,125068.47
2025-08-31,1229,121733.61
2025-08-31,1230,213036.19
2025-08-31,1231,620366.22
2025-08-31,1232,67041.82
2025-08-31,1233,201429.99
2025-08-31,1234,150855.52
2025-08-31,1235,442670.82
2025-08-31,1236,179772.93
2025-08-31,1237,284881.79
2025-08-31,1238,92587.59
2025-08-31,1239,231098.22
2025-08-31,1240,123969.03
2025-08-31,1241,57517.99
2025-08-31,1242,145916.27
2025-08-31,1243,198259.41
2025-08-31,1244,181309.19
2025-08-31,1245,48454.04
2025-08-31,1246,190725.43
2025-08-31,1247,108521.28
2025-08-31,1248,175949.12
2025-08-31,1249,286144.52
2025-08-31,1250,309345.72
2025-08-31,1251,129894.98
2025-08-31,1252,188064.14
2025-08-31,1253,280032.54
2025-08-31,1254,76670.64
2025-08-31,1255,14382.25
2025-08-31,1256,114391.6
2025-08-31,1257,30806.49
2025-08-31,1258,25729.6
2025-08-31,1259,223896.12
2025-08-31,1260,160397.52
2025-08-31,1261,222728.65
2025-08-31,1262,123708.07
2025-08-31,1263,329236.89
2025-08-31,1264,58289.88
2025-08-31,1265,347003.49
2025-08-31,1266,287750.65
2025-08-31,1267,115225.34
2025-08-31,1268,136048.36
2025-08-31,1269,13507.0
2025-08-31,1270,58141.68
2025-08-31,1271,122654.67
2025-08-31,1272,175350.74
2025-08-31,1273,146824.42
2025-08-31,1274,251540.22
2025-08-31,1275,155180.22
2025-08-31,1276,66764.67
2025-08-31,1277,58314.85
2025-08-31,1278,723668.81
2025-08-31,1279,355595.35
2025-08-31,1280,310645.28
2025-08-31,1281,249175.41
2025-08-31,1282,129597.48
2025-08-31,1283,101120.73
2025-08-31,1284,110559.94
2025-08-31,1285,164516.07
2025-08-31,1286,186500.48
2025-08-31,1287,345798.97
2025-08-31,1288,86219.49
2025-08-31,1289,70831.2
2025-08-31,1290,168227.44
2025-08-31,1291,299382.78
2025-08-31,1292,296164.83
2025-08-31,1293,20437.91
2025-08-31,1294,138801.72
2025-08-31,1295,269394.18
2025-08-31,1296,57879.17
2025-08-31,1297,44978.18
2025-08-31,1298,116122.23
2025-08-31,1299,295365.15
2025-08-31,1300,148744.03
2025-08-31,1301,107923.88
2025-08-31,1302,124142.66
2025-08-31,1303,441798.77
2025-08-31,1304,123062.1
2025-08-31,1305,257396.95
2025-08-31,1306,71740.24
2025-08-31,1307,214318.42
2025-08-31,1308,127365.41
2025-08-31,1309,80449.23
2025-08-31,1310,117978.07
2025-08-31,1311,190685.69
2025-08-31,1312,132745.38
2025-08-31,1313,160548.16
2025-08-31,1314,74629.49
2025-08-31,1315,95752.41
2025-08-31,1316,120717.55
2025-08-31,1317,164534.36
2025-08-31,1318,81138.55
2025-08-31,1319,83966.14
2025-08-31,1320,143764.52
2025-08-31,1321,62434.27
2025-08-31,1322,59868.22
2025-08-31,1323,376762.59
2025-08-31,1324,263494.35
2025-08-31,1325,114890.17
2025-08-31,1326,118473.63
2025-08-31,1327,246876.19
2025-08-31,1328,321110.0
2025-08-31,1329,99697.31
2025-08-31,1330,197225.7
2025-08-31,1331,128310.71
2025-08-31,1332,65535.73
2025-08-31,1333,99065.17
2025-08-31,1334,56080.41
2025-08-31,1335,124275.02
2025-08-31,1336,66119.87
2025-08-31,1337,49757.08
2025-08-31,1338,170717.69
2025-08-31,1339,203355.64
2025-08-31,1340,76907.51
2025-08-31,1341,149046.85
2025-08-31,1342,151951.27
2025-08-31,1343,211853.0
2025-08-31,1344,182831.72
2025-08-31,1345,124725.05
2025-08-31,1346,109843.61
2025-08-31,1347,177720.21
2025-08-31,1348,66710.12
2025-08-31,1349,59254.18
2025-08-31,1350,111273.93
2025-08-31,1351,138514.62
2025-08-31,1352,332105.5
2025-08-31,1353,205338.37
2025-08-31,1354,63605.19
2025-08-31,1355,163172.43
2025-08-31,1356,196324.01
2025-08-31,1357,111333.5
2025-08-31,1358,200699.95
2025-08-31,1359,154232.03
2025-08-31,1360,181400.53
2025-08-31,1361,110108.85
2025-08-31,1362,200671.47
2025-08-31,1363,106213.09
2025-08-31,1364,241745.06
2025-08-31,1365,314504.0
2025-08-31,1366,110116.04
2025-08-31,1367,66882.85
2025-08-31,1368,260827.33
2025-08-31,1369,246310.22
2025-08-31,1370,97769.11
2025-08-31,1371,150248.19
2025-08-31,1372,315398.8
2025-08-31,1373,229885.09
2025-08-31,1374,232773.39
2025-08-31,1375,48963.0
2025-08-31,1376,176411.9
2025-08-31,1377,39790.02
2025-08-31,1378,193152.86
2025-08-31,1379,144324.58
2025-08-31,1380,200242.6
2025-08-31,1381,208082.57
2025-08-31,1382,150593.98
2025-08-31,1383,16345.14
2025-08-31,1384,40117.11
2025-08-31,1385,45674.6
2025-08-31,1386,57712.5
2025-08-31,1387,632541.68
2025-08-31,1388,309277.83
2025-08-31,1389,488840.93
2025-08-31,1390,58005.48
2025-08-31,1391,86254.74
2025-08-31,1392,387516.72
2025-08-31,1393,219025.21
2025-08-31,1394,72299.69
2025-08-31,1395,56508.83
2025-08-31,1396,107641.95
2025-08-31,1397,137237.99
2025-08-31,1398,69277.59
2025-08-31,1399,181799.67
2025-08-31,1400,48913.19
2025-08-31,1401,276327.78
2025-08-31,1402,167265.29
2025-08-31,1403,168735.56
2025-08-31,1404,57399.9
2025-08-31,1405,66215.31
2025-08-31,1406,49629.01
2025-08-31,1407,265723.57
2025-08-31,1408,149163.9
2025-08-31,1409,60643.07
2025-08-31,1410,91034.12
2025-08-31,1411,72557.7
2025-08-31,1412,148681.86
2025-08-31,1413,172160.07
2025-08-31,1414,39336.45
2025-08-31,1415,109533.84
2025-08-31,1416,149860.5
2025-08-31,1417,151051.71
2025-08-31,1418,530403.33
2025-08-31,1419,39354.57
2025-08-31,1420,171970.28
2025-08-31,1421,173273.69
2025-08-31,1422,60472.09
2025-08-31,1423,225581.36
2025-08-31,1424,244378.9
2025-08-31,1425,76130.89
2025-08-31,1426,55664.51
2025-08-31,1427,34779.74
2025-08-31,1428,60939.31
2025-08-31,1429,77670.48
2025-08-31,1430,119519.51
2025-08-31,1431,145917.37
2025-08-31,1432,178341.95
2025-08-31,1433,47759.56
2025-08-31,1434,49634.15
2025-08-31,1435,451860.73
2025-08-31,1436,423959.42
2025-08-31,1437,73962.93
2025-08-31,1438,170361.88
2025-08-31,1439,161536.09
2025-08-31,1440,116057.66
2025-08-31,1441,99561.85
2025-08-31,1442,129426.5
2025-08-31,1443,105068.16
2025-08-31,1444,262264.7
2025-08-31,1445,110165.56
2025-08-31,1446,134674.28
2025-08-31,1447,61280.42
2025-08-31,1448,106289.86
2025-08-31,1449,16315.47
2025-08-31,1450,140051.14
2025-08-31,1451,29928.47
2025-08-31,1452,181903.54
2025-08-31,1453,83540.1
2025-08-31,1454,74568.71
2025-08-31,1455,171396.26
2025-08-31,1456,31225.6
2025-08-31,1457,346956.37
2025-08-31,1458,233753.3
2025-08-31,1459,231620.09
2025-08-31,1460,142012.58
2025-08-31,1461,109537.83
2025-08-31,1462,237182.71
2025-08-31,1463,339725.26
2025-08-31,1464,649907.69
2025-08-31,1465,106990.64
2025-08-31,1466,193633.85
2025-08-31,1467,99211.84
2025-08-31,1468,90498.33
2025-08-31,1469,62387.94
2025-08-31,1470,273231.08
2025-08-31,1471,114533.4
2025-08-31,1472,73078.66
2025-08-31,1473,186104.64
2025-08-31,1474,175874.23
2025-08-31,1475,82958.04
2025-08-31,1476,26609.76
2025-08-31,1477,385561.37
2025-08-31,1478,173748.65
2025-08-31,1479,124365.74
2025-08-31,1480,265940.37
2025-08-31,1481,231191.88
2025-08-31,1482,124736.69
2025-08-31,1483,294558.81
2025-08-31,1484,386919.72
2025-08-31,1485,57942.99
2025-08-31,1486,111720.88
2025-08-31,1487,242147.61
2025-08-31,1488,123523.18
2025-08-31,1489,215588.65
2025-08-31,1490,298082.09
2025-08-31,1491,233282.77
2025-08-31,1492,137771.27
2025-08-31,1493,438350.49
2025-08-31,1494,9953.64
2025-08-31,1495,136310.18
2025-08-31,1496,45412.81
2025-08-31,1497,101654.47
2025-08-31,1498,222472.84
2025-08-31,1499,189861.06
2025-08-31,1500,287838.58
2025-08-31,1501,97758.79
2025-08-31,1502,38757.69
2025-08-31,1503,81646.39
2025-08-31,1504,167320.28
2025-08-31,1505,262601.04
2025-08-31,1506,102641.77
2025-08-31,1507,166989.85
2025-08-31,1508,44639.49
2025-08-31,1509,217454.59
2025-08-31,1510,72395.42
2025-08-31,1511,75263.42
2025-08-31,1512,128916.61
2025-08-31,1513,181719.43
2025-08-31,1514,107942.07
2025-08-31,1515,60816.73
2025-08-31,1516,281787.88
2025-08-31,1517,172976.28
2025-08-31,1518,291084.36
2025-08-31,1519,131796.06
2025-08-31,1520,99000.61
2025-08-31,1521,134281.37
2025-08-31,1522,106885.29
2025-08-31,1523,48087.6
2025-08-31,1524,86243.03
2025-08-31,1525,70302.85
2025-08-31,1526,107823.34
2025-08-31,1527,62956.17
2025-08-31,1528,326927.76
2025-08-31,1529,77685.82
2025-08-31,1530,268062.45
2025-08-31,1531,194354.28
2025-08-31,1532,166534.57
2025-08-31,1533,118759.42
2025-08-31,1534,112484.31
2025-08-31,1535,73912.42
2025-08-31,1536,309105.01
2025-08-31,1537,189724.41
2025-08-31,1538,223390.15
2025-08-31,1539,192035.05
2025-08-31,1540,293814.76
2025-08-31,1541,104644.8
2025-08-31,1542,181148.45
2025-08-31,1543,82888.53
2025-08-31,1544,211939.56
2025-08-31,1545,159404.56
2025-08-31,1546,120007.88
2025-08-31,1547,913374.18
2025-08-31,1548,166111.43
2025-08-31,1549,474595.6
2025-08-31,1550,375225.72
2025-08-31,1551,84868.34
2025-08-31,1552,468744.29
2025-08-31,1553,107239.08
2025-08-31,1554,87915.41
2025-08-31,1555,219393.64
2025-08-31,1556,205328.74
2025-08-31,1557,173373.79
2025-08-31,1558,146426.41
2025-08-31,1559,93808.31
2025-08-31,1560,31796.72
2025-08-31,1561,253514.66
2025-08-31,1562,99962.63
2025-08-31,1563,79612.27
2025-08-31,1564,129922.54
2025-08-31,1565,59681.63
2025-08-31,1566,266360.57
2025-08-31,1567,191342.6
2025-08-31,1568,103673.52
2025-08-31,1569,229805.13
2025-08-31,1570,205299.39
2025-08-31,1571,58401.25
2025-08-31,1572,145602.05
2025-08-31,1573,54339.73
2025-08-31,1574,70958.53
2025-08-31,1575,74455.67
2025-08-31,1576,92297.07
2025-08-31,1577,68582.09
2025-08-31,1578,207187.06
2025-08-31,1579,130290.12
2025-08-31,1580,155461.69
2025-08-31,1581,417106.88
2025-08-31,1582,57966.18
2025-08-31,1583,28011.64
2025-08-31,1584,43288.33
2025-08-31,1585,100391.65
2025-08-31,1586,148998.83
2025-08-31,1587,224710.49
2025-08-31,1588,55968.91
2025-08-31,1589,183040.87
2025-08-31,1590,123308.38
2025-08-31,1591,290790.28
2025-08-31,1592,144731.95
2025-08-31,1593,193152.64
2025-08-31,1594,116415.22
2025-08-31,1595,139631.95
2025-08-31,1596,110388.54
2025-08-31,1597,102748.41
2025-08-31,1598,185718.29
2025-08-31,1599,211165.52
2025-08-31,1600,431822.34
2025-08-31,1601,89215.52
2025-08-31,1602,330613.11
2025-08-31,1603,166235.6
2025-08-31,1604,388711.18
2025-08-31,1605,98395.72
2025-08-31,1606,219955.11
2025-08-31,1607,342686.94
2025-08-31,1608,306713.06
2025-08-31,1609,163588.99
2025-08-31,1610,43493.32
2025-08-31,1611,99888.01
2025-08-31,1612,134388.47
2025-08-31,1613,216013.24
2025-08-31,1614,167602.26
2025-08-31,1615,238820.39
2025-08-31,1616,146219.44
2025-08-31,1617,97870.29
2025-08-31,1618,16131.74
2025-08-31,1619,55844.06
2025-08-31,1620,35562.72
2025-08-31,1621,40100.05
2025-08-31,1622,124926.5
2025-08-31,1623,267224.15
2025-08-31,1624,135712.06
2025-08-31,1625,117167.01
2025-08-31,1626,134092.3
2025-08-31,1627,159165.14
2025-08-31,1628,82480.28
2025-08-31,1629,23403.15
2025-08-31,1630,139892.44
2025-08-31,1631,121259.63
2025-08-31,1632,84949.03
2025-08-31,1633,113772.15
2025-08-31,1634,59635.23
2025-08-31,1635,232875.67
2025-08-31,1636,99954.82
2025-08-31,1637,90207.73
2025-08-31,1638,185185.77
2025-08-31,1639,66786.74
2025-08-31,1640,184478.27
2025-08-31,1641,161911.02
2025-08-31,1642,219571.67
2025-08-31,1643,74278.69
2025-08-31,1644,216145.76
2025-08-31,1645,75728.69
2025-08-31,1646,202634.34
2025-08-31,1647,264212.7
2025-08-31,1648,40857.8
2025-08-31,1649,82118.03
2025-08-31,1650,70122.25
2025-08-31,1651,280192.6
2025-08-31,1652,196223.24
2025-08-31,1653,70835.1
2025-08-31,1654,50100.97
2025-08-31,1655,14265.56
2025-08-31,1656,176101.4
2025-08-31,1657,264846.3
2025-08-31,1658,68609.05
2025-08-31,1659,161669.57
2025-08-31,1660,43015.16
2025-08-31,1661,151473.25
2025-08-31,1662,60474.27
2025-08-31,1663,10112.31
2025-08-31,1664,262431.05
2025-08-31,1665,284498.35
2025-08-31,1666,217061.16
2025-08-31,1667,44720.1
2025-08-31,1668,122990.51
2025-08-31,1669,166335.74
2025-08-31,1670,99978.93
2025-08-31,1671,31197.59
2025-08-31,1672,404592.39
2025-08-31,1673,24793.6
2025-08-31,1674,942468.81
2025-08-31,1675,555309.07
2025-08-31,1676,34277.82
2025-08-31,1677,141513.22
2025-08-31,1678,171983.36
2025-08-31,1679,42069.42
2025-08-31,1680,174933.72
2025-08-31,1681,171205.08
2025-08-31,1682,248529.41
2025-08-31,1683,125754.04
2025-08-31,1684,106877.15
2025-08-31,1685,118991.57
2025-08-31,1686,127525.35
2025-08-31,1687,83806.25
2025-08-31,1688,110687.7
2025-08-31,1689,77453.38
2025-08-31,1690,215509.25
2025-08-31,1691,98424.74
2025-08-31,1692,110500.99
2025-08-31,1693,553887.26
2025-08-31,1694,43870.93
2025-08-31,1695,74363.93
2025-08-31,1696,48993.9
2025-08-31,1697,207944.6
2025-08-31,1698,239840.66
2025-08-31,1699,89196.37
2025-08-31,1700,25655.95
2025-08-31,1701,86914.45
2025-08-31,1702,83090.63
2025-08-31,1703,122644.88
2025-08-31,1704,147285.79
2025-08-31,1705,85440.12
2025-08-31,1706,174048.84
2025-08-31,1707,171886.44
2025-08-31,1708,93652.95
2025-08-31,1709,154841.18
2025-08-31,1710,56664.47
2025-08-31,1711,118802.42
2025-08-31,1712,61061.72
2025-08-31,1713,115602.0
2025-08-31,1714,303787.48
2025-08-31,1715,193834.16
2025-08-31,1716,219651.37
2025-08-31,1717,209403.11
2025-08-31,1718,171307.47
2025-08-31,1719,76341.85
2025-08-31,1720,339434.08
2025-08-31,1721,218864.07
2025-08-31,1722,121333.79
2025-08-31,1723,133881.04
2025-08-31,1724,246269.39
2025-08-31,1725,124320.62
2025-08-31,1726,10284.56
2025-08-31,1727,62954.15
2025-08-31,1728,46423.69
2025-08-31,1729,170534.49
2025-08-31,1730,191228.36
2025-08-31,1731,298227.74
2025-08-31,1732,215074.04
2025-08-31,1733,46380.51
2025-08-31,1734,82387.85
2025-08-31,1735,33398.69
2025-08-31,1736,129494.61
2025-08-31,1737,342974.87
2025-08-31,1738,29831.83
2025-08-31,1739,163850.67
2025-08-31,1740,256476.29
2025-08-31,1741,307116.68
2025-08-31,1742,189875.76
2025-08-31,1743,36797.1
2025-08-31,1744,229010.55
2025-08-31,1745,42187.08
2025-08-31,1746,195828.17
2025-08-31,1747,69436.98
2025-08-31,1748,125766.6
2025-08-31,1749,61754.22
2025-08-31,1750,83751.74
2025-08-31,1751,62729.2
2025-08-31,1752,59077.82
2025-08-31,1753,42270.29
2025-08-31,1754,206829.97
2025-08-31,1755,170401.04
2025-08-31,1756,46217.93
2025-08-31,1757,29819.4
2025-08-31,1758,197185.86
2025-08-31,1759,119037.01
2025-08-31,1760,106197.41
2025-08-31,1761,255267.29
2025-08-31,1762,124771.02
2025-08-31,1763,37522.05
2025-08-31,1764,104993.25
2025-08-31,1765,47489.01
2025-08-31,1766,145327.12
2025-08-31,1767,194134.88
2025-08-31,1768,154166.26
2025-08-31,1769,86777.78
2025-08-31,1770,138696.1
2025-08-31,1771,92102.72
2025-08-31,1772,804985.3
2025-08-31,1773,207511.13
2025-08-31,1774,196022.84
2025-08-31,1775,30187.17
2025-08-31,1776,318839.54
2025-08-31,1777,59927.58
2025-08-31,1778,83305.49
2025-08-31,1779,38136.27
2025-08-31,1780,98111.54
2025-08-31,1781,193828.71
2025-08-31,1782,76983.57
2025-08-31,1783,47543.06
2025-08-31,1784,237949.81
2025-08-31,1785,357791.53
2025-08-31,1786,131199.57
2025-08-31,1787,39042.24
2025-08-31,1788,17920.73
2025-08-31,1789,246410.84
2025-08-31,1790,86419.38
2025-08-31,1791,279272.34
2025-08-31,1792,229736.08
2025-08-31,1793,193243.46
2025-08-31,1794,584026.15
2025-08-31,1795,109648.15
2025-08-31,1796,297399.67
2025-08-31,1797,422112.67
2025-08-31,1798,127797.42
2025-08-31,1799,217228.91
2025-08-31,1800,323903.16
2025-08-31,1801,92915.82
2025-08-31,1802,151137.38
2025-08-31,1803,75324.4
2025-08-31,1804,268220.18
2025-08-31,1805,87210.95
2025-08-31,1806,52154.53
2025-08-31,1807,300917.18
2025-08-31,1808,140052.11
2025-08-31,1809,32001.26
2025-08-31,1810,412906.08
2025-08-31,1811,56164.12
2025-08-31,1812,298778.6
2025-08-31,1813,115564.43
2025-08-31,1814,78058.34
2025-08-31,1815,96490.09
2025-08-31,1816,97396.13
2025-08-31,1817,112999.98
2025-08-31,1818,42050.67
2025-08-31,1819,129879.13
2025-08-31,1820,78390.56
2025-08-31,1821,193364.78
2025-08-31,1822,103111.0
2025-08-31,1823,17244.02
2025-08-31,1824,152097.79
2025-08-31,1825,260506.42
2025-08-31,1826,138286.93
2025-08-31,1827,87267.39
2025-08-31,1828,117873.25
2025-08-31,1829,155575.53
2025-08-31,1830,167223.98
2025-08-31,1831,201185.74
2025-08-31,1832,74573.08
2025-08-31,1833,158409.24
2025-08-31,1834,153360.45
2025-08-31,1835,143376.96
2025-08-31,1836,137591.92
2025-08-31,1837,320921.02
2025-08-31,1838,69862.11
2025-08-31,1839,134470.87
2025-08-31,1840,171282.65
2025-08-31,1841,49734.7
2025-08-31,1842,353284.98
2025-08-31,1843,124903.76
2025-08-31,1844,42743.44
2025-08-31,1845,299691.96
2025-08-31,1846,92180.87
2025-08-31,1847,64065.89
2025-08-31,1848,79075.19
2025-08-31,1849,19690.94
2025-08-31,1850,149548.01
2025-08-31,1851,190489.79
2025-08-31,1852,133015.65
2025-08-31,1853,134610.92
2025-08-31,1854,33600.04
2025-08-31,1855,79570.49
2025-08-31,1856,145937.22
2025-08-31,1857,117211.24
2025-08-31,1858,130851.0
2025-08-31,1859,162316.47
2025-08-31,1860,166613.33
2025-08-31,1861,457934.42
2025-08-31,1862,105892.71
2025-08-31,1863,69749.94
2025-08-31,1864,38767.01
2025-08-31,1865,53803.64
2025-08-31,1866,60827.63
2025-08-31,1867,136749.59
2025-08-31,1868,143955.92
2025-08-31,1869,66043.88
2025-08-31,1870,630474.47
2025-08-31,1871,136434.6
2025-08-31,1872,252902.14
2025-08-31,1873,81122.29
2025-08-31,1874,65570.49
2025-08-31,1875,38942.74
2025-08-31,1876,110865.05
2025-08-31,1877,226233.42
2025-08-31,1878,50619.52
2025-08-31,1879,71196.28
2025-08-31,1880,486184.77
2025-08-31,1881,64107.82
2025-08-31,1882,97409.48
2025-08-31,1883,137825.07
2025-08-31,1884,73024.24
2025-08-31,1885,156668.49
2025-08-31,1886,191735.78
2025-08-31,1887,118316.63
2025-08-31,1888,115529.4
2025-08-31,1889,68718.96
2025-08-31,1890,128870.8
2025-08-31,1891,104228.08
2025-08-31,1892,146520.64
2025-08-31,1893,163197.85
2025-08-31,1894,76383.04
2025-08-31,1895,19591.7
2025-08-31,1896,143592.96
2025-08-31,1897,70801.37
2025-08-31,1898,97640.51
2025-08-31,1899,100536.73
2025-08-31,1900,210223.22
2025-08-31,1901,173918.83
2025-08-31,1902,296298.52
2025-08-31,1903,74402.08
2025-08-31,1904,66246.52
2025-08-31,1905,107041.04
2025-08-31,1906,190670.58
2025-08-31,1907,411778.69
2025-08-31,1908,138265.62
2025-08-31,1909,175819.15
2025-08-31,1910,131490.1
2025-08-31,1911,86951.38
2025-08-31,1912,105133.8
2025-08-31,1913,198300.16
2025-08-31,1914,73403.65
2025-08-31,1915,103860.4
2025-08-31,1916,95739.07
2025-08-31,1917,422578.15
2025-08-31,1918,189733.63
2025-08-31,1919,126341.94
2025-08-31,1920,74091.73
2025-08-31,1921,254911.63
2025-08-31,1922,168761.28
2025-08-31,1923,171912.98
2025-08-31,1924,117720.12
2025-08-31,1925,232164.63
2025-08-31,1926,57466.84
2025-08-31,1927,314638.12
2025-08-31,1928,68653.39
2025-08-31,1929,117702.33
2025-08-31,1930,67154.38
2025-08-31,1931,275454.75
2025-08-31,1932,134469.25
2025-08-31,1933,156936.58
2025-08-31,1934,424355.25
2025-08-31,1935,120255.83
2025-08-31,1936,147489.6
2025-08-31,1937,290405.58
2025-08-31,1938,191272.91
2025-08-31,1939,151494.74
2025-08-31,1940,100179.28
2025-08-31,1941,127401.64
2025-08-31,1942,85573.48
2025-08-31,1943,337010.61
2025-08-31,1944,166822.45
2025-08-31,1945,241649.59
2025-08-31,1946,214604.11
2025-08-31,1947,207631.26
2025-08-31,1948,45535.03
2025-08-31,1949,169632.62
2025-08-31,1950,1234486.85
2025-08-31,1951,178734.1
2025-08-31,1952,159141.05
2025-08-31,1953,231536.89
2025-08-31,1954,270466.22
2025-08-31,1955,110284.55
2025-08-31,1956,252959.04
2025-08-31,1957,131271.84
2025-08-31,1958,91525.35
2025-08-31,1959,40426.6
2025-08-31,1960,201242.72
2025-08-31,1961,311294.06
2025-08-31,1962,5451.44
2025-08-31,1963,175473.24
2025-08-31,1964,228995.82
2025-08-31,1965,17093.94
2025-08-31,1966,251609.13
2025-08-31,1967,36428.29
2025-08-31,1968,96017.37
2025-08-31,1969,173539.72
2025-08-31,1970,100748.53
2025-08-31,1971,41392.66
2025-08-31,1972,56405.12
2025-08-31,1973,164319.08
2025-08-31,1974,449306.7
2025-08-31,1975,211737.92
2025-08-31,1976,132179.43
2025-08-31,1977,91277.07
2025-08-31,1978,157073.48
2025-08-31,1979,71591.86
2025-08-31,1980,124528.6
2025-08-31,1981,45550.26
2025-08-31,1982,105412.29
2025-08-31,1983,101929.08
2025-08-31,1984,116627.87
2025-08-31,1985,168599.39
2025-08-31,1986,200021.64
2025-08-31,1987,184225.78
2025-08-31,1988,405989.16
2025-08-31,1989,57606.75
2025-08-31,1990,45674.63
2025-08-31,1991,111228.94
2025-08-31,1992,49418.02
2025-08-31,1993,329073.01
2025-08-31,1994,65713.07
2025-08-31,1995,2084.07
2025-08-31,1996,147121.48
2025-08-31,1997,270446.74
2025-08-31,1998,276697.01
2025-08-31,1999,20208.12
2025-08-31,2000,107593.31
2025-08-31,2001,269255.94
2025-08-31,2002,225419.61
2025-08-31,2003,238812.61
2025-08-31,2004,62959.08
2025-08-31,2005,239367.98
2025-08-31,2006,70083.97
2025-08-31,2007,96666.9
2025-08-31,2008,168233.52
2025-08-31,2009,100754.48
2025-08-31,2010,17177.44
2025-08-31,2011,179484.37
2025-08-31,2012,354193.93
2025-08-31,2013,198782.26
2025-08-31,2014,282656.89
2025-08-31,2015,177237.28
2025-08-31,2016,22588.49
2025-08-31,2017,236356.75
2025-08-31,2018,58590.22
2025-08-31,2019,3548.4
2025-08-31,2020,61262.53
2025-08-31,2021,157260.06
2025-08-31,2022,143443.16
2025-08-31,2023,108523.61
2025-08-31,2024,384880.85
2025-08-31,2025,94576.02
2025-08-31,2026,141122.16
2025-08-31,2027,184345.39
2025-08-31,2028,14763.66
2025-08-31,2029,74346.27
2025-08-31,2030,11309.04
2025-08-31,2031,271670.5
2025-08-31,2032,46549.02
2025-08-31,2033,65862.41
2025-08-31,2034,77964.91
2025-08-31,2035,262574.71
2025-08-31,2036,168150.74
2025-08-31,2037,81629.27
2025-08-31,2038,58870.3
2025-08-31,2039,235739.21
2025-08-31,2040,603925.02
2025-08-31,2041,5719.02
2025-08-31,2042,245167.9
2025-08-31,2043,228904.4
2025-08-31,2044,25779.74
2025-08-31,2045,157753.67
2025-08-31,2046,132474.87
2025-08-31,2047,216962.58
2025-08-31,2048,207760.46
2025-08-31,2049,120903.65
2025-08-31,2050,50137.36
2025-08-31,2051,92150.62
2025-08-31,2052,54689.34
2025-08-31,2053,138271.83
2025-08-31,2054,223583.29
2025-08-31,2055,170933.2
2025-08-31,2056,9639.31
2025-08-31,2057,92268.55
2025-08-31,2058,28145.3
2025-08-31,2059,221188.35
2025-08-31,2060,233424.48
2025-08-31,2061,111755.64
2025-08-31,2062,205140.13
2025-08-31,2063,139865.69
2025-08-31,2064,323306.13
2025-08-31,2065,209221.7
2025-08-31,2066,115469.01
2025-08-31,2067,80260.32
2025-08-31,2068,74141.48
2025-08-31,2069,127984.8
2025-08-31,2070,63133.53
2025-08-31,2071,94862.89
2025-08-31,2072,176292.06
2025-08-31,2073,114763.97
2025-08-31,2074,340005.66
2025-08-31,2075,96313.46
2025-08-31,2076,100237.23
2025-08-31,2077,165395.42
2025-08-31,2078,278204.45
2025-08-31,2079,138621.91
2025-08-31,2080,24963.02
2025-08-31,2081,71584.14
2025-08-31,2082,160363.37
2025-08-31,2083,22546.72
2025-08-31,2084,138086.39
2025-08-31,2085,61234.54
2025-08-31,2086,173635.86
2025-08-31,2087,245706.8
2025-08-31,2088,12789.45
2025-08-31,2089,304316.37
2025-08-31,2090,98471.1
2025-08-31,2091,331837.56
2025-08-31,2092,305756.54
2025-08-31,2093,171628.4
2025-08-31,2094,95424.75
2025-08-31,2095,183299.74
2025-08-31,2096,305334.55
2025-08-31,2097,107529.51
2025-08-31,2098,80658.97
2025-08-31,2099,123248.37
2025-08-31,2100,139671.88
2025-08-31,2101,214898.27
2025-08-31,2102,126537.59
2025-08-31,2103,14932.44
2025-08-31,2104,169973.72
2025-08-31,2105,45998.69
2025-08-31,2106,748303.33
2025-08-31,2107,99084.49
2025-08-31,2108,117083.93
2025-08-31,2109,183614.59
2025-08-31,2110,28112.42
2025-08-31,2111,149520.42
2025-08-31,2112,71162.3
2025-08-31,2113,460131.46
2025-08-31,2114,257869.01
2025-08-31,2115,3998.36
2025-08-31,2116,123734.44
2025-08-31,2117,88313.42
2025-08-31,2118,197479.43
2025-08-31,2119,81206.01
2025-08-31,2120,55661.5
2025-08-31,2121,102130.39
2025-08-31,2122,174910.03
2025-08-31,2123,90896.92
2025-08-31,2124,89549.19
2025-08-31,2125,53971.3
2025-08-31,2126,27287.52
2025-08-31,2127,127015.23
2025-08-31,2128,23498.32
2025-08-31,2129,286976.26
2025-08-31,2130,160627.42
2025-08-31,2131,226861.69
2025-08-31,2132,74799.24
2025-08-31,2133,151953.48
2025-08-31,2134,372871.49
2025-08-31,2135,94093.63
2025-08-31,2136,150036.2
2025-08-31,2137,338858.7
2025-08-31,2138,223465.42
2025-08-31,2139,378751.6
2025-08-31,2140,51398.11
2025-08-31,2141,62615.14
2025-08-31,2142,203295.81
2025-08-31,2143,114751.83
2025-08-31,2144,136540.51
2025-08-31,2145,217128.83
2025-08-31,2146,97790.76
2025-08-31,2147,170164.22
2025-08-31,2148,60710.11
2025-08-31,2149,165283.71
2025-08-31,2150,272153.08
2025-08-31,2151,134877.74
2025-08-31,2152,147539.93
2025-08-31,2153,287756.4
2025-08-31,2154,231226.34
2025-08-31,2155,150618.16
2025-08-31,2156,415439.81
2025-08-31,2157,38062.91
2025-08-31,2158,161255.35
2025-08-31,2159,100288.37
2025-08-31,2160,23044.7
2025-08-31,2161,75958.12
2025-08-31,2162,123313.43
2025-08-31,2163,85991.3
2025-08-31,2164,231746.34
2025-08-31,2165,324468.44
2025-08-31,2166,163210.2
2025-08-31,2167,59830.44
2025-08-31,2168,62598.83
2025-08-31,2169,246988.7
2025-08-31,2170,17899.41
2025-08-31,2171,167445.08
2025-08-31,2172,127477.43
2025-08-31,2173,458728.44
2025-08-31,2174,85200.15
2025-08-31,2175,122771.61
2025-08-31,2176,167583.27
2025-08-31,2177,83817.05
2025-08-31,2178,132870.97
2025-08-31,2179,125601.28
2025-08-31,2180,326900.78
2025-08-31,2181,254711.8
2025-08-31,2182,121529.29
2025-08-31,2183,139002.42
2025-08-31,2184,62568.61
2025-08-31,2185,124585.44
2025-08-31,2186,185738.13
2025-08-31,2187,79949.19
2025-08-31,2188,330780.93
2025-08-31,2189,78226.82
2025-08-31,2190,124879.36
2025-08-31,2191,375343.77
2025-08-31,2192,188883.17
2025-08-31,2193,243360.69
2025-08-31,2194,118904.02
2025-08-31,2195,126193.63
2025-08-31,2196,89957.5
2025-08-31,2197,54328.67
2025-08-31,2198,97836.07
2025-08-31,2199,152089.85
2025-08-31,2200,51911.0
2025-08-31,2201,147577.28
2025-08-31,2202,91792.25
2025-08-31,2203,46060.84
2025-08-31,2204,256570.35
2025-08-31,2205,94418.61
2025-08-31,2206,64287.15
2025-08-31,2207,245734.87
2025-08-31,2208,308548.19
2025-08-31,2209,385280.68
2025-08-31,2210,292702.31
2025-08-31,2211,174334.75
2025-08-31,2212,30065.64
2025-08-31,2213,35050.14
2025-08-31,2214,314492.86
2025-08-31,2215,231485.91
2025-08-31,2216,174099.01
2025-08-31,2217,133261.49
2025-08-31,2218,82704.58
2025-08-31,2219,109083.39
2025-08-31,2220,153192.27
2025-08-31,2221,160333.65
2025-08-31,2222,126560.15
2025-08-31,2223,392079.84
2025-08-31,2224,244707.26
2025-08-31,2225,57978.38
2025-08-31,2226,36013.35
2025-08-31,2227,249486.06
2025-08-31,2228,200502.55
2025-08-31,2229,361797.04
2025-08-31,2230,235712.13
2025-08-31,2231,453675.09
2025-08-31,2232,200881.85
2025-08-31,2233,180687.04
2025-08-31,2234,46527.56
2025-08-31,2235,74694.6
2025-08-31,2236,48605.66
2025-08-31,2237,65791.97
2025-08-31,2238,243612.85
2025-08-31,2239,116885.02
2025-08-31,2240,154618.21
2025-08-31,2241,153890.38
2025-08-31,2242,129122.9
2025-08-31,2243,522018.13
2025-08-31,2244,368320.26
2025-08-31,2245,301018.18
2025-08-31,2246,232972.92
2025-08-31,2247,132849.79
2025-08-31,2248,125037.42
2025-08-31,2249,50650.25
2025-08-31,2250,74905.36
2025-08-31,2251,113633.72
2025-08-31,2252,127810.69
2025-08-31,2253,235926.66
2025-08-31,2254,90681.07
2025-08-31,2255,189182.74
2025-08-31,2256,116041.33
2025-08-31,2257,105210.58
2025-08-31,2258,246568.75
2025-08-31,2259,86325.55
2025-08-31,2260,162504.51
2025-08-31,2261,277042.74
2025-08-31,2262,53387.79
2025-08-31,2263,448811.49
2025-08-31,2264,161065.94
2025-08-31,2265,27357.29
2025-08-31,2266,206818.23
2025-08-31,2267,119210.97
2025-08-31,2268,177698.3
2025-08-31,2269,58595.12
2025-08-31,2270,244135.46
2025-08-31,2271,220807.01
2025-08-31,2272,36787.17
2025-08-31,2273,225844.12
2025-08-31,2274,142109.58
2025-08-31,2275,98450.6
2025-08-31,2276,360198.59
2025-08-31,2277,177731.27
2025-08-31,2278,200046.27
2025-08-31,2279,166758.75
2025-08-31,2280,290502.63
2025-08-31,2281,110717.25
2025-08-31,2282,70643.84
2025-08-31,2283,157513.07
2025-08-31,2284,46329.87
2025-08-31,2285,122951.21
2025-08-31,2286,127397.24
2025-08-31,2287,71632.61
2025-08-31,2288,47965.13
2025-08-31,2289,119853.67
2025-08-31,2290,262872.42
2025-08-31,2291,113419.7
2025-08-31,2292,81107.63
2025-08-31,2293,168460.57
2025-08-31,2294,322345.33
2025-08-31,2295,173365.77
2025-08-31,2296,133847.6
2025-08-31,2297,20660.32
2025-08-31,2298,94268.07
2025-08-31,2299,140703.78
2025-08-31,2300,59888.49
2025-08-31,2301,93717.78
2025-08-31,2302,70720.03
2025-08-31,2303,435010.21
2025-08-31,2304,125419.44
2025-08-31,2305,114046.76
2025-08-31,2306,82251.66
2025-08-31,2307,267860.6
2025-08-31,2308,144919.51
2025-08-31,2309,289227.5
2025-08-31,2310,131267.46
2025-08-31,2311,105125.26
2025-08-31,2312,101468.64
2025-08-31,2313,189488.07
2025-08-31,2314,89286.77
2025-08-31,2315,49782.84
2025-08-31,2316,85992.1
2025-08-31,2317,234740.67
2025-08-31,2318,32465.8
2025-08-31,2319,319836.43
2025-08-31,2320,142885.92
2025-08-31,2321,125839.64
2025-08-31,2322,93363.03
2025-08-31,2323,197219.58
2025-08-31,2324,276774.84
2025-08-31,2325,172354.28
2025-08-31,2326,135666.54
2025-08-31,2327,209911.02
2025-08-31,2328,55667.72
2025-08-31,2329,89586.66
2025-08-31,2330,203784.74
2025-08-31,2331,90878.02
2025-08-31,2332,308206.3
2025-08-31,2333,125930.59
2025-08-31,2334,155061.83
2025-08-31,2335,166076.24
2025-08-31,2336,95123.41
2025-08-31,2337,64104.25
2025-08-31,2338,181910.04
2025-08-31,2339,54585.65
2025-08-31,2340,325571.44
2025-08-31,2341,44859.5
2025-08-31,2342,21621.69
2025-08-31,2343,158263.25
2025-08-31,2344,148304.06
2025-08-31,2345,302835.18
2025-08-31,2346,157749.36
2025-08-31,2347,126611.45
2025-08-31,2348,91616.1
2025-08-31,2349,73813.02
2025-08-31,2350,156752.62
2025-08-31,2351,9758.6
2025-08-31,2352,160613.5
2025-08-31,2353,92609.22
2025-08-31,2354,162798.3
2025-08-31,2355,397616.32
2025-08-31,2356,127878.86
2025-08-31,2357,100174.39
2025-08-31,2358,67963.57
2025-08-31,2359,142732.27
2025-08-31,2360,155183.53
2025-08-31,2361,33455.66
2025-08-31,2362,80213.01
2025-08-31,2363,265515.42
2025-08-31,2364,196717.73
2025-08-31,2365,266411.18
2025-08-31,2366,38632.93
2025-08-31,2367,60713.37
2025-08-31,2368,54079.52
2025-08-31,2369,398017.39
2025-08-31,2370,145195.89
2025-08-31,2371,790691.83
2025-08-31,2372,83873.08
2025-08-31,2373,118960.11
2025-08-31,2374,220574.56
2025-08-31,2375,112.5
2025-08-31,2376,147874.07
2025-08-31,2377,143310.01
2025-08-31,2378,306970.9
2025-08-31,2379,153765.61
2025-08-31,2380,198253.7
2025-08-31,2381,209108.67
2025-08-31,2382,446380.2
2025-08-31,2383,40156.28
2025-08-31,2384,12761.7
2025-08-31,2385,84087.52
2025-08-31,2386,185765.56
2025-08-31,2387,72558.98
2025-08-31,2388,77333.83
2025-08-31,2389,133378.85
2025-08-31,2390,61454.23
2025-08-31,2391,347103.44
2025-08-31,2392,241155.66
2025-08-31,2393,181096.34
2025-08-31,2394,186301.66
2025-08-31,2395,108884.16
2025-08-31,2396,588740.29
2025-08-31,2397,81393.79
2025-08-31,2398,24776.46
2025-08-31,2399,300213.1
2025-08-31,2400,218333.87
2025-08-31,2401,107530.42
2025-08-31,2402,91732.54
2025-08-31,2403,29113.64
2025-08-31,2404,91554.95
2025-08-31,2405,128298.06
2025-08-31,2406,160997.9
2025-08-31,2407,191490.68
2025-08-31,2408,178264.96
2025-08-31,2409,83305.74
2025-08-31,2410,386536.71
2025-08-31,2411,396545.16
2025-08-31,2412,97991.63
2025-08-31,2413,115318.05
2025-08-31,2414,155117.79
2025-08-31,2415,310738.39
2025-08-31,2416,197913.35
2025-08-31,2417,147203.54
2025-08-31,2418,84569.79
2025-08-31,2419,88907.25
2025-08-31,2420,61731.21
2025-08-31,2421,104788.16
2025-08-31,2422,70153.23
2025-08-31,2423,172681.82
2025-08-31,2424,248936.76
2025-08-31,2425,208355.99
2025-08-31,2426,66051.95
2025-08-31,2427,183426.58
2025-08-31,2428,64818.79
2025-08-31,2429,261245.38
2025-08-31,2430,76103.54
2025-08-31,2431,282377.27
2025-08-31,2432,365564.27
2025-08-31,2433,554172.72
2025-08-31,2434,61470.64
2025-08-31,2435,172650.65
2025-08-31,2436,148598.92
2025-08-31,2437,97940.56
2025-08-31,2438,145987.93
2025-08-31,2439,156876.87
2025-08-31,2440,53087.31
2025-08-31,2441,145082.43
2025-08-31,2442,146304.05
2025-08-31,2443,50805.26
2025-08-31,2444,25333.76
2025-08-31,2445,132132.46
2025-08-31,2446,128308.67
2025-08-31,2447,53232.77
2025-08-31,2448,193523.97
2025-08-31,2449,22642.01
2025-08-31,2450,232253.06
2025-08-31,2451,88833.54
2025-08-31,2452,233492.12
2025-08-31,2453,516271.52
2025-08-31,2454,108193.77
2025-08-31,2455,130073.43
2025-08-31,2456,59578.93
2025-08-31,2457,69776.92
2025-08-31,2458,303833.25
2025-08-31,2459,212775.26
2025-08-31,2460,39622.35
2025-08-31,2461,105302.29
2025-08-31,2462,56442.71
2025-08-31,2463,92164.2
2025-08-31,2464,77779.55
2025-08-31,2465,91667.38
2025-08-31,2466,833832.76
2025-08-31,2467,69362.36
2025-08-31,2468,484010.66
2025-08-31,2469,209656.52
2025-08-31,2470,287012.39
2025-08-31,2471,238907.11
2025-08-31,2472,202693.63
2025-08-31,2473,97704.93
2025-08-31,2474,87493.16
2025-08-31,2475,149569.96
2025-08-31,2476,129382.08
2025-08-31,2477,107110.49
2025-08-31,2478,131476.01
2025-08-31,2479,191928.19
2025-08-31,2480,247178.29
2025-08-31,2481,27996.28
2025-08-31,2482,101007.4
2025-08-31,2483,57634.13
2025-08-31,2484,134770.73
2025-08-31,2485,69585.63
2025-08-31,2486,181711.57
2025-08-31,2487,62849.63
2025-08-31,2488,125203.74
2025-08-31,2489,199172.39
2025-08-31,2490,281239.37
2025-08-31,2491,157183.17
2025-08-31,2492,174259.21
2025-08-31,2493,157894.98
2025-08-31,2494,44470.72
2025-08-31,2495,158914.3
2025-08-31,2496,113701.45
2025-08-31,2497,116817.51
2025-08-31,2498,163156.09
2025-08-31,2499,380229.91
2025-08-31,2500,130663.88
2025-08-31,2501,118240.11
2025-08-31,2502,205377.76
2025-08-31,2503,62207.08
2025-08-31,2504,156861.36
2025-08-31,2505,60265.65
2025-08-31,2506,103017.21
2025-08-31,2507,28747.19
2025-08-31,2508,154608.68
2025-08-31,2509,229193.8
2025-08-31,2510,22262.36
2025-08-31,2511,68851.92
2025-08-31,2512,150901.71
2025-08-31,2513,104293.0
2025-08-31,2514,49036.78
2025-08-31,2515,121176.0
2025-08-31,2516,101916.56
2025-08-31,2517,42372.2
2025-08-31,2518,85118.92
2025-08-31,2519,195660.24
2025-08-31,2520,83951.79
2025-08-31,2521,309297.81
2025-08-31,2522,66594.26
2025-08-31,2523,45258.4
2025-08-31,2524,53139.5
2025-08-31,2525,198755.07
2025-08-31,2526,22471.82
2025-08-31,2527,21430.33
2025-08-31,2528,19084.8
2025-08-31,2529,44710.11
2025-08-31,2530,82399.2
2025-08-31,2531,76793.82
2025-08-31,2532,97341.26
2025-08-31,2533,490310.91
2025-08-31,2534,66409.49
2025-08-31,2535,50557.23
2025-08-31,2536,191475.08
2025-08-31,2537,22208.55
2025-08-31,2538,77765.96
2025-08-31,2539,219341.1
2025-08-31,2540,407157.04
2025-08-31,2541,115653.55
2025-08-31,2542,215357.76
2025-08-31,2543,58824.8
2025-08-31,2544,144899.47
2025-08-31,2545,162415.78
2025-08-31,2546,131578.41
2025-08-31,2547,129474.73
2025-08-31,2548,16721.38
2025-08-31,2549,181056.19
2025-08-31,2550,512126.9
2025-08-31,2551,195794.39
2025-08-31,2552,67842.77
2025-08-31,2553,76329.9
2025-08-31,2554,59908.61
2025-08-31,2555,299946.28
2025-08-31,2556,243536.8
2025-08-31,2557,225455.38
2025-08-31,2558,69515.2
2025-08-31,2559,125682.47
2025-08-31,2560,188515.06
2025-08-31,2561,61652.69
2025-08-31,2562,27745.36
2025-08-31,2563,298649.68
2025-08-31,2564,433430.41
2025-08-31,2565,35335.27
2025-08-31,2566,201920.03
2025-08-31,2567,51081.22
2025-08-31,2568,139173.83
2025-08-31,2569,41260.73
2025-08-31,2570,114555.95
2025-08-31,2571,174680.04
2025-08-31,2572,211827.74
2025-08-31,2573,74636.25
2025-08-31,2574,172892.87
2025-08-31,2575,43531.0
2025-08-31,2576,181600.74
2025-08-31,2577,57408.72
2025-08-31,2578,25488.65
2025-08-31,2579,12827.28
2025-08-31,2580,83720.77
2025-08-31,2581,121554.33
2025-08-31,2582,145184.33
2025-08-31,2583,81587.45
2025-08-31,2584,161408.22
2025-08-31,2585,271617.03
2025-08-31,2586,30519.16
2025-08-31,2587,41625.32
2025-08-31,2588,162906.1
2025-08-31,2589,431059.05
2025-08-31,2590,103721.0
2025-08-31,2591,49266.91
2025-08-31,2592,153389.29
2025-08-31,2593,130877.9
2025-08-31,2594,99161.7
2025-08-31,2595,93595.03
2025-08-31,2596,156279.83
2025-08-31,2597,191641.22
2025-08-31,2598,1104082.56
2025-08-31,2599,59468.3
2025-08-31,2600,166324.19
2025-08-31,2601,174745.66
2025-08-31,2602,156822.95
2025-08-31,2603,123676.22
2025-08-31,2604,74125.87
2025-08-31,2605,161283.74
2025-08-31,2606,157196.55
2025-08-31,2607,53702.88
2025-08-31,2608,55752.8
2025-08-31,2609,123384.24
2025-08-31,2610,109886.91
2025-08-31,2611,217613.42
2025-08-31,2612,75865.41
2025-08-31,2613,69999.21
2025-08-31,2614,218260.46
2025-08-31,2615,405631.79
2025-08-31,2616,76489.41
2025-08-31,2617,170557.61
2025-08-31,2618,168403.52
2025-08-31,2619,74257.49
2025-08-31,2620,81378.66
2025-08-31,2621,170902.37
2025-08-31,2622,79407.97
2025-08-31,2623,184727.8
2025-08-31,2624,402188.75
2025-08-31,2625,75294.89
2025-08-31,2626,44752.77
2025-08-31,2627,277283.78
2025-08-31,2628,372344.42
2025-08-31,2629,96743.05
2025-08-31,2630,224999.8
2025-08-31,2631,88256.06
2025-08-31,2632,90076.05
2025-08-31,2633,475628.3
2025-08-31,2634,149997.89
2025-08-31,2635,137298.61
2025-08-31,2636,397100.4
2025-08-31,2637,127429.24
2025-08-31,2638,174294.2
2025-08-31,2639,222401.15
2025-08-31,2640,55337.54
2025-08-31,2641,69899.42
2025-08-31,2642,187281.34
2025-08-31,2643,49021.07
2025-08-31,2644,87464.53
2025-08-31,2645,72371.63
2025-08-31,2646,165476.62
2025-08-31,2647,275547.17
2025-08-31,2648,140495.33
2025-08-31,2649,185604.21
2025-08-31,2650,156621.94
2025-08-31,2651,146046.11
2025-08-31,2652,322129.19
2025-08-31,2653,71226.84
2025-08-31,2654,174552.38
2025-08-31,2655,85504.18
2025-08-31,2656,81904.95
2025-08-31,2657,19226.38
2025-08-31,2658,123649.81
2025-08-31,2659,126429.38
2025-08-31,2660,161664.09
2025-08-31,2661,197683.96
2025-08-31,2662,45035.93
2025-08-31,2663,72861.82
2025-08-31,2664,132219.65
2025-08-31,2665,144110.97
2025-08-31,2666,114560.01
2025-08-31,2667,167746.24
2025-08-31,2668,39721.33
2025-08-31,2669,95693.21
2025-08-31,2670,281866.87
2025-08-31,2671,53238.38
2025-08-31,2672,59682.76
2025-08-31,2673,179892.9
2025-08-31,2674,265910.94
2025-08-31,2675,113434.69
2025-08-31,2676,108378.85
2025-08-31,2677,276499.24
2025-08-31,2678,175758.82
2025-08-31,2679,283086.43
2025-08-31,2680,67444.42
2025-08-31,2681,70487.96
2025-08-31,2682,119323.49
2025-08-31,2683,177309.63
2025-08-31,2684,338718.84
2025-08-31,2685,126442.76
2025-08-31,2686,225999.03
2025-08-31,2687,298197.97
2025-08-31,2688,155172.77
2025-08-31,2689,120143.01
2025-08-31,2690,110411.84
2025-08-31,2691,93274.54
2025-08-31,2692,245875.71
2025-08-31,2693,242001.17
2025-08-31,2694,83647.05
2025-08-31,2695,161269.66
2025-08-31,2696,166470.32
2025-08-31,2697,126987.58
2025-08-31,2698,227176.7
2025-08-31,2699,211979.64
2025-08-31,2700,102309.22
2025-08-31,2701,73346.36
2025-08-31,2702,126331.04
2025-08-31,2703,477334.23
2025-08-31,2704,135997.48
2025-08-31,2705,95208.15
2025-08-31,2706,75827.05
2025-08-31,2707,261569.6
2025-08-31,2708,460991.69
2025-08-31,2709,48419.39
2025-08-31,2710,92698.88
2025-08-31,2711,496539.33
2025-08-31,2712,207233.43
2025-08-31,2713,72839.27
2025-08-31,2714,107462.17
2025-08-31,2715,639364.3
2025-08-31,2716,146732.84
2025-08-31,2717,132790.13
2025-08-31,2718,80381.03
2025-08-31,2719,155285.4
2025-08-31,2720,81760.79
2025-08-31,2721,433743.1
2025-08-31,2722,458154.88
2025-08-31,2723,235637.32
2025-08-31,2724,198604.15
2025-08-31,2725,21480.72
2025-08-31,2726,73796.37
2025-08-31,2727,30226.56
2025-08-31,2728,231175.64
2025-08-31,2729,363007.88
2025-08-31,2730,283969.88
2025-08-31,2731,149669.08
2025-08-31,2732,123404.62
2025-08-31,2733,321958.16
2025-08-31,2734,163560.5
2025-08-31,2735,188449.48
2025-08-31,2736,240866.19
2025-08-31,2737,363473.97
2025-08-31,2738,25746.88
2025-08-31,2739,525937.85
2025-08-31,2740,309235.02
2025-08-31,2741,259214.41
2025-08-31,2742,74282.25
2025-08-31,2743,158708.02
2025-08-31,2744,56636.05
2025-08-31,2745,131999.13
2025-08-31,2746,120106.35
2025-08-31,2747,62951.69
2025-08-31,2748,198055.79
2025-08-31,2749,557155.91
2025-08-31,2750,197667.93
2025-08-31,2751,254107.19
2025-08-31,2752,132157.83
2025-08-31,2753,337578.34
2025-08-31,2754,154830.92
2025-08-31,2755,145649.21
2025-08-31,2756,286441.67
2025-08-31,2757,152459.31
2025-08-31,2758,80025.82
2025-08-31,2759,36315.41
2025-08-31,2760,8694.76
2025-08-31,2761,293527.18
2025-08-31,2762,198954.3
2025-08-31,2763,106581.88
2025-08-31,2764,279134.76
2025-08-31,2765,107134.67
2025-08-31,2766,151681.4
2025-08-31,2767,134602.26
2025-08-31,2768,96268.95
2025-08-31,2769,126838.23
2025-08-31,2770,679514.04
2025-08-31,2771,46922.55
2025-08-31,2772,125308.78
2025-08-31,2773,320964.56
2025-08-31,2774,28944.59
2025-08-31,2775,176045.56
2025-08-31,2776,131353.77
2025-08-31,2777,65477.16
2025-08-31,2778,104351.47
2025-08-31,2779,256044.56
2025-08-31,2780,67144.94
2025-08-31,2781,200210.99
2025-08-31,2782,83141.01
2025-08-31,2783,269818.11
2025-08-31,2784,90044.29
2025-08-31,2785,50711.41
2025-08-31,2786,131512.75
2025-08-31,2787,110772.39
2025-08-31,2788,123888.51
2025-08-31,2789,71097.15
2025-08-31,2790,130959.78
2025-08-31,2791,233226.27
2025-08-31,2792,95472.89
2025-08-31,2793,279684.07
2025-08-31,2794,330472.26
2025-08-31,2795,135587.83
2025-08-31,2796,136426.78
2025-08-31,2797,133777.31
2025-08-31,2798,148942.33
2025-08-31,2799,537716.29
2025-08-31,2800,305350.15
2025-08-31,2801,256091.32
2025-08-31,2802,116617.86
2025-08-31,2803,102926.2
2025-08-31,2804,16821.89
2025-08-31,2805,153205.92
2025-08-31,2806,69806.92
2025-08-31,2807,56130.28
2025-08-31,2808,186353.52
2025-08-31,2809,972669.55
2025-08-31,2810,135065.16
2025-08-31,2811,86172.44
2025-08-31,2812,151602.76
2025-08-31,2813,128678.13
2025-08-31,2814,34855.42
2025-08-31,2815,111811.3
2025-08-31,2816,110539.49
2025-08-31,2817,305740.59
2025-08-31,2818,51703.24
2025-08-31,2819,110291.73
2025-08-31,2820,48202.27
2025-08-31,2821,93075.39
2025-08-31,2822,177776.46
2025-08-31,2823,31624.86
2025-08-31,2824,76197.08
2025-08-31,2825,165270.29
2025-08-31,2826,181484.53
2025-08-31,2827,24788.24
2025-08-31,2828,187193.86
2025-08-31,2829,75659.2
2025-08-31,2830,141111.63
2025-08-31,2831,325044.85
2025-08-31,2832,372582.02
2025-08-31,2833,111634.51
2025-08-31,2834,703100.9
2025-08-31,2835,277001.12
2025-08-31,2836,290437.32
2025-08-31,2837,32966.27
2025-08-31,2838,97873.46
2025-08-31,2839,141479.82
2025-08-31,2840,84285.72
2025-08-31,2841,121292.29
2025-08-31,2842,17275.55
2025-08-31,2843,190487.48
2025-08-31,2844,360451.77
2025-08-31,2845,266316.48
2025-08-31,2846,286977.19
2025-08-31,2847,159197.81
2025-08-31,2848,157780.3
2025-08-31,2849,35784.7
2025-08-31,2850,159283.4
2025-08-31,2851,478322.27
2025-08-31,2852,44542.65
2025-08-31,2853,104651.95
2025-08-31,2854,457829.88
2025-08-31,2855,270858.19
2025-08-31,2856,230716.95
2025-08-31,2857,154801.9
2025-08-31,2858,332288.19
2025-08-31,2859,93239.03
2025-08-31,2860,70120.42
2025-08-31,2861,51941.64
2025-08-31,2862,201442.65
2025-08-31,2863,97299.4
2025-08-31,2864,87995.27
2025-08-31,2865,78155.23
2025-08-31,2866,83676.11
2025-08-31,2867,83016.74
2025-08-31,2868,142584.46
2025-08-31,2869,113453.34
2025-08-31,2870,233617.2
2025-08-31,2871,191821.52
2025-08-31,2872,189326.01
2025-08-31,2873,354214.42
2025-08-31,2874,150473.1
2025-08-31,2875,93388.46
2025-08-31,2876,68736.01
2025-08-31,2877,54675.88
2025-08-31,2878,145992.32
2025-08-31,2879,124019.56
2025-08-31,2880,98081.26
2025-08-31,2881,93490.47
2025-08-31,2882,78367.55
2025-08-31,2883,97924.99
2025-08-31,2884,113091.81
2025-08-31,2885,121081.31
2025-08-31,2886,444240.22
2025-08-31,2887,73010.56
2025-08-31,2888,105594.37
2025-08-31,2889,187168.97
2025-08-31,2890,46563.05
2025-08-31,2891,60228.89
2025-08-31,2892,104519.62
2025-08-31,2893,109666.16
2025-08-31,2894,169059.08
2025-08-31,2895,84933.54
2025-08-31,2896,58474.28
2025-08-31,2897,46194.33
2025-08-31,2898,110126.26
2025-08-31,2899,89213.59
2025-08-31,2900,180449.33
2025-08-31,2901,290933.01
2025-08-31,2902,72682.48
2025-08-31,2903,145249.25
2025-08-31,2904,128189.57
2025-08-31,2905,109829.84
2025-08-31,2906,44116.62
2025-08-31,2907,179332.99
2025-08-31,2908,78470.78
2025-08-31,2909,74999.43
2025-08-31,2910,228092.5
2025-08-31,2911,253032.98
2025-08-31,2912,146793.74
2025-08-31,2913,124183.43
2025-08-31,2914,35887.08
2025-08-31,2915,24164.37
2025-08-31,2916,94378.63
2025-08-31,2917,62487.85
2025-08-31,2918,259428.24
2025-08-31,2919,146168.99
2025-08-31,2920,89758.35
2025-08-31,2921,259809.16
2025-08-31,2922,80294.64
2025-08-31,2923,94663.12
2025-08-31,2924,70850.95
2025-08-31,2925,227636.4
2025-08-31,2926,182637.53
2025-08-31,2927,98081.49
2025-08-31,2928,94037.74
2025-08-31,2929,104986.67
2025-08-31,2930,103102.37
2025-08-31,2931,32789.81
2025-08-31,2932,123268.48
2025-08-31,2933,95909.04
2025-08-31,2934,59341.9
2025-08-31,2935,50579.43
2025-08-31,2936,95151.58
2025-08-31,2937,35097.08
2025-08-31,2938,194297.02
2025-08-31,2939,193964.18
2025-08-31,2940,253851.82
2025-08-31,2941,494919.32
2025-08-31,2942,107932.78
2025-08-31,2943,171471.94
2025-08-31,2944,234373.37
2025-08-31,2945,283365.26
2025-08-31,2946,334826.28
2025-08-31,2947,133713.67
2025-08-31,2948,111435.37
2025-08-31,2949,75555.85
2025-08-31,2950,160565.4
2025-08-31,2951,627794.41
2025-08-31,2952,123082.89
2025-08-31,2953,96745.11
2025-08-31,2954,193632.73
2025-08-31,2955,125554.44
2025-08-31,2956,264460.92
2025-08-31,2957,86173.65
2025-08-31,2958,174264.98
2025-08-31,2959,102820.51
2025-08-31,2960,80422.58
2025-08-31,2961,51714.98
2025-08-31,2962,278015.08
2025-08-31,2963,198054.82
2025-08-31,2964,77977.64
2025-08-31,2965,222089.79
2025-08-31,2966,15304.64
2025-08-31,2967,108985.94
2025-08-31,2968,181287.54
2025-08-31,2969,114516.4
2025-08-31,2970,130015.49
2025-08-31,2971,193867.34
2025-08-31,2972,1212434.08
2025-08-31,2973,173207.79
2025-08-31,2974,138485.68
2025-08-31,2975,141373.41
2025-08-31,2976,152828.29
2025-08-31,2977,163328.82
2025-08-31,2978,69888.71
2025-08-31,2979,133633.46
2025-08-31,2980,89131.06
2025-08-31,2981,118138.06
2025-08-31,2982,237878.63
2025-08-31,2983,113831.59
2025-08-31,2984,164862.64
2025-08-31,2985,90650.32
2025-08-31,2986,111264.16
2025-08-31,2987,150792.97
2025-08-31,2988,178701.24
2025-08-31,2989,35751.2
2025-08-31,2990,109197.93
2025-08-31,2991,176887.48
2025-08-31,2992,248765.43
2025-08-31,2993,59696.48
2025-08-31,2994,122220.08
2025-08-31,2995,170341.58
2025-08-31,2996,192864.16
2025-08-31,2997,117542.47
2025-08-31,2998,75766.76
2025-08-31,2999,225662.46
2025-08-31,3000,183668.09
2025-08-31,3001,45780.07
2025-08-31,3002,136892.88
2025-08-31,3003,84330.19
2025-08-31,3004,43977.06
2025-08-31,3005,73873.88
2025-08-31,3006,122912.55
2025-08-31,3007,228760.61
2025-08-31,3008,502618.59
2025-08-31,3009,380765.12
2025-08-31,3010,77046.46
2025-08-31,3011,141981.44
2025-08-31,3012,404528.43
2025-08-31,3013,371057.35
2025-08-31,3014,100797.84
2025-08-31,3015,85814.38
2025-08-31,3016,156933.75
2025-08-31,3017,285492.58
2025-08-31,3018,256589.36
2025-08-31,3019,241854.26
2025-08-31,3020,545111.58
2025-08-31,3021,277510.33
2025-08-31,3022,130053.24
2025-08-31,3023,169535.5
2025-08-31,3024,28787.84
2025-08-31,3025,89165.91
2025-08-31,3026,188329.91
2025-08-31,3027,144707.51
2025-08-31,3028,79098.19
2025-08-31,3029,108381.03
2025-08-31,3030,119246.47
2025-08-31,3031,90514.77
2025-08-31,3032,76210.98
2025-08-31,3033,43979.65
2025-08-31,3034,91163.45
2025-08-31,3035,179631.87
2025-08-31,3036,173158.93
2025-08-31,3037,224634.77
2025-08-31,3038,233946.18
2025-08-31,3039,1319042.73
2025-08-31,3040,94042.79
2025-08-31,3041,90454.91
2025-08-31,3042,242673.85
2025-08-31,3043,77896.31
2025-08-31,3044,419869.45
2025-08-31,3045,194836.34
2025-08-31,3046,189911.13
2025-08-31,3047,233197.82
2025-08-31,3048,96025.83
2025-08-31,3049,82068.09
2025-08-31,3050,271696.29
2025-08-31,3051,44346.68
2025-08-31,3052,72490.72
2025-08-31,3053,137779.5
2025-08-31,3054,55704.73
2025-08-31,3055,160278.5
2025-08-31,3056,254182.44
2025-08-31,3057,252140.69
2025-08-31,3058,82927.24
2025-08-31,3059,368091.52
2025-08-31,3060,110473.01
2025-08-31,3061,158343.91
2025-08-31,3062,28632.82
2025-08-31,3063,260623.24
2025-08-31,3064,35882.28
2025-08-31,3065,143919.47
2025-08-31,3066,88418.41
2025-08-31,3067,81805.48
2025-08-31,3068,217667.17
2025-08-31,3069,48456.69
2025-08-31,3070,24523.18
2025-08-31,3071,112631.17
2025-08-31,3072,119482.05
2025-08-31,3073,308240.8
2025-08-31,3074,6269.78
2025-08-31,3075,78228.55
2025-08-31,3076,131122.27
2025-08-31,3077,129283.72
2025-08-31,3078,126967.92
2025-08-31,3079,98270.31
2025-08-31,3080,35362.92
2025-08-31,3081,59663.31
2025-08-31,3082,139128.08
2025-08-31,3083,211270.17
2025-08-31,3084,77723.37
2025-08-31,3085,73423.39
2025-08-31,3086,124914.54
2025-08-31,3087,117715.08
2025-08-31,3088,45081.59
2025-08-31,3089,83482.97
2025-08-31,3090,81795.09
2025-08-31,3091,268490.55
2025-08-31,3092,135993.81
2025-08-31,3093,831807.51
2025-08-31,3094,229676.54
2025-08-31,3095,476229.75
2025-08-31,3096,109729.73
2025-08-31,3097,111930.06
2025-08-31,3098,196999.91
2025-08-31,3099,101525.34
2025-08-31,3100,152257.36
2025-08-31,3101,114257.67
2025-08-31,3102,372617.72
2025-08-31,3103,162659.86
2025-08-31,3104,227435.39
2025-08-31,3105,138554.68
2025-08-31,3106,134604.54
2025-08-31,3107,361958.65
2025-08-31,3108,49546.43
2025-08-31,3109,27557.87
2025-08-31,3110,29785.56
2025-08-31,3111,70504.81
2025-08-31,3112,61687.84
2025-08-31,3113,171359.59
2025-08-31,3114,148760.68
2025-08-31,3115,153792.33
2025-08-31,3116,186117.92
2025-08-31,3117,217878.14
2025-08-31,3118,125362.23
2025-08-31,3119,86653.05
2025-08-31,3120,443647.83
2025-08-31,3121,51211.73
2025-08-31,3122,21140.06
2025-08-31,3123,142019.24
2025-08-31,3124,181666.74
2025-08-31,3125,142738.46
2025-08-31,3126,118753.04
2025-08-31,3127,40426.01
2025-08-31,3128,48724.68
2025-08-31,3129,177277.53
2025-08-31,3130,228124.21
2025-08-31,3131,39519.82
2025-08-31,3132,388400.1
2025-08-31,3133,392176.99
2025-08-31,3134,377032.98
2025-08-31,3135,148379.48
2025-08-31,3136,261630.54
2025-08-31,3137,109153.73
2025-08-31,3138,162568.64
2025-08-31,3139,175909.63
2025-08-31,3140,65722.92
2025-08-31,3141,117596.99
2025-08-31,3142,90256.84
2025-08-31,3143,166616.25
2025-08-31,3144,128119.01
2025-08-31,3145,134720.11
2025-08-31,3146,118817.04
2025-08-31,3147,240086.35
2025-08-31,3148,107400.87
2025-08-31,3149,59475.59
2025-08-31,3150,296259.84
2025-08-31,3151,175112.14
2025-08-31,3152,58869.5
2025-08-31,3153,293035.54
2025-08-31,3154,67964.11
2025-08-31,3155,273137.02
2025-08-31,3156,221644.05
2025-08-31,3157,678865.9
2025-08-31,3158,207528.25
2025-08-31,3159,44447.54
2025-08-31,3160,436625.19
2025-08-31,3161,277190.01
2025-08-31,3162,101324.09
2025-08-31,3163,173776.13
2025-08-31,3164,173340.68
2025-08-31,3165,223043.73
2025-08-31,3166,63431.05
2025-08-31,3167,155571.33
2025-08-31,3168,205007.05
2025-08-31,3169,56317.63
2025-08-31,3170,61667.28
2025-08-31,3171,29590.01
2025-08-31,3172,141288.08
2025-08-31,3173,154271.39
2025-08-31,3174,98468.52
2025-08-31,3175,132595.88
2025-08-31,3176,473866.11
2025-08-31,3177,93430.43
2025-08-31,3178,222544.38
2025-08-31,3179,134019.19
2025-08-31,3180,181262.35
2025-08-31,3181,311486.0
2025-08-31,3182,10018.9
2025-08-31,3183,86638.18
2025-08-31,3184,88645.51
2025-08-31,3185,116581.9
2025-08-31,3186,130663.99
2025-08-31,3187,229321.78
2025-08-31,3188,277188.49
2025-08-31,3189,398972.92
2025-08-31,3190,12830.58
2025-08-31,3191,191780.3
2025-08-31,3192,135089.55
2025-08-31,3193,113534.7
2025-08-31,3194,181873.37
2025-08-31,3195,577258.57
2025-08-31,3196,271777.73
2025-08-31,3197,207137.37
2025-08-31,3198,407028.1
2025-08-31,3199,214613.2
2025-08-31,3200,150875.02
2025-09-30,1,196603.4
2025-09-30,2,81798.85
2025-09-30,3,91100.78
2025-09-30,4,80553.84
2025-09-30,5,200370.3
2025-09-30,6,126798.06
2025-09-30,7,121553.2
2025-09-30,8,90024.75
2025-09-30,9,86282.24
2025-09-30,10,28347.4
2025-09-30,11,52369.16
2025-09-30,12,156422.9
2025-09-30,13,111557.45
2025-09-30,14,153343.81
2025-09-30,15,52226.14
2025-09-30,16,95894.28
2025-09-30,17,133813.76
2025-09-30,18,170783.74
2025-09-30,19,442496.46
2025-09-30,20,25861.69
2025-09-30,21,51878.45
2025-09-30,22,81685.11
2025-09-30,23,110335.89
2025-09-30,24,111975.36
2025-09-30,25,144530.21
2025-09-30,26,112818.04
2025-09-30,27,314897.46
2025-09-30,28,113928.76
2025-09-30,29,114390.13
2025-09-30,30,178532.17
2025-09-30,31,280258.35
2025-09-30,32,12526.04
2025-09-30,33,261412.27
2025-09-30,34,70082.52
2025-09-30,35,76348.46
2025-09-30,36,109603.86
2025-09-30,37,165628.9
2025-09-30,38,165199.36
2025-09-30,39,887231.75
2025-09-30,40,44822.16
2025-09-30,41,355668.84
2025-09-30,42,70443.77
2025-09-30,43,50601.71
2025-09-30,44,205068.02
2025-09-30,45,119399.66
2025-09-30,46,100683.2
2025-09-30,47,296640.49
2025-09-30,48,67542.77
2025-09-30,49,188608.37
2025-09-30,50,121514.73
2025-09-30,51,137528.34
2025-09-30,52,189629.64
2025-09-30,53,475762.58
2025-09-30,54,336168.02
2025-09-30,55,148869.64
2025-09-30,56,68310.26
2025-09-30,57,482912.67
2025-09-30,58,235593.85
2025-09-30,59,257421.94
2025-09-30,60,192702.17
2025-09-30,61,31946.28
2025-09-30,62,209230.6
2025-09-30,63,71542.17
2025-09-30,64,167085.32
2025-09-30,65,406834.27
2025-09-30,66,208893.18
2025-09-30,67,160380.67
2025-09-30,68,114633.69
2025-09-30,69,245883.58
2025-09-30,70,246336.13
2025-09-30,71,56578.8
2025-09-30,72,134252.53
2025-09-30,73,150809.04
2025-09-30,74,15397.87
2025-09-30,75,90411.33
2025-09-30,76,106390.5
2025-09-30,77,171883.47
2025-09-30,78,52248.6
2025-09-30,79,164745.37
2025-09-30,80,284625.19
2025-09-30,81,217735.16
2025-09-30,82,166323.95
2025-09-30,83,192245.96
2025-09-30,84,65810.62
2025-09-30,85,13774.71
2025-09-30,86,134486.75
2025-09-30,87,61475.54
2025-09-30,88,217614.9
2025-09-30,89,32349.9
2025-09-30,90,144933.68
2025-09-30,91,128316.21
2025-09-30,92,148523.53
2025-09-30,93,271060.56
2025-09-30,94,395165.2
2025-09-30,95,188445.82
2025-09-30,96,124006.64
2025-09-30,97,192018.41
2025-09-30,98,64067.55
2025-09-30,99,205845.35
2025-09-30,100,84910.43
2025-09-30,101,639367.61
2025-09-30,102,179466.02
2025-09-30,103,45856.51
2025-09-30,104,93451.42
2025-09-30,105,465690.35
2025-09-30,106,276121.91
2025-09-30,107,66248.4
2025-09-30,108,78672.11
2025-09-30,109,68293.87
2025-09-30,110,61236.97
2025-09-30,111,412375.94
2025-09-30,112,88081.5
2025-09-30,113,53569.82
2025-09-30,114,292631.53
2025-09-30,115,178676.93
2025-09-30,116,18080.6
2025-09-30,117,197867.75
2025-09-30,118,219284.82
2025-09-30,119,229451.37
2025-09-30,120,148328.96
2025-09-30,121,128664.61
2025-09-30,122,69813.11
2025-09-30,123,96012.1
2025-09-30,124,156617.2
2025-09-30,125,71028.85
2025-09-30,126,183540.46
2025-09-30,127,55108.36
2025-09-30,128,179341.12
2025-09-30,129,118345.42
2025-09-30,130,75624.0
2025-09-30,131,50125.91
2025-09-30,132,91596.45
2025-09-30,133,85442.0
2025-09-30,134,131044.77
2025-09-30,135,73527.93
2025-09-30,136,12388.56
2025-09-30,137,171944.6
2025-09-30,138,81125.28
2025-09-30,139,173596.68
2025-09-30,140,160767.87
2025-09-30,141,331095.21
2025-09-30,142,249219.29
2025-09-30,143,75575.24
2025-09-30,144,128307.34
2025-09-30,145,145250.74
2025-09-30,146,293570.74
2025-09-30,147,103341.13
2025-09-30,148,56924.83
2025-09-30,149,348110.04
2025-09-30,150,106920.95
2025-09-30,151,56090.92
2025-09-30,152,610422.78
2025-09-30,153,112457.78
2025-09-30,154,93093.78
2025-09-30,155,62662.98
2025-09-30,156,136409.32
2025-09-30,157,101503.98
2025-09-30,158,109266.81
2025-09-30,159,85756.34
2025-09-30,160,74210.98
2025-09-30,161,191634.74
2025-09-30,162,178286.91
2025-09-30,163,235901.91
2025-09-30,164,204081.55
2025-09-30,165,167772.02
2025-09-30,166,2753.43
2025-09-30,167,418372.72
2025-09-30,168,134691.68
2025-09-30,169,193570.29
2025-09-30,170,361199.45
2025-09-30,171,239926.74
2025-09-30,172,72985.19
2025-09-30,173,87647.45
2025-09-30,174,415424.18
2025-09-30,175,203401.42
2025-09-30,176,84092.22
2025-09-30,177,63907.56
2025-09-30,178,167709.07
2025-09-30,179,337759.42
2025-09-30,180,190872.13
2025-09-30,181,248717.27
2025-09-30,182,44143.99
2025-09-30,183,66494.94
2025-09-30,184,53981.74
2025-09-30,185,124142.25
2025-09-30,186,276297.58
2025-09-30,187,78924.65
2025-09-30,188,207569.17
2025-09-30,189,19334.87
2025-09-30,190,188224.42
2025-09-30,191,36706.44
2025-09-30,192,68617.84
2025-09-30,193,137381.52
2025-09-30,194,145489.38
2025-09-30,195,84813.79
2025-09-30,196,230572.3
2025-09-30,197,310001.83
2025-09-30,198,451637.68
2025-09-30,199,46510.94
2025-09-30,200,71152.58
2025-09-30,201,29405.64
2025-09-30,202,255884.73
2025-09-30,203,101829.22
2025-09-30,204,294005.86
2025-09-30,205,68055.07
2025-09-30,206,147361.02
2025-09-30,207,208711.76
2025-09-30,208,319642.95
2025-09-30,209,272462.57
2025-09-30,210,146228.0
2025-09-30,211,185361.72
2025-09-30,212,520748.47
2025-09-30,213,113764.53
2025-09-30,214,174079.69
2025-09-30,215,174192.09
2025-09-30,216,433344.73
2025-09-30,217,115102.82
2025-09-30,218,164076.95
2025-09-30,219,180493.75
2025-09-30,220,215995.6
2025-09-30,221,84155.36
2025-09-30,222,102630.06
2025-09-30,223,95239.73
2025-09-30,224,171263.67
2025-09-30,225,305844.65
2025-09-30,226,192124.2
2025-09-30,227,22260.7
2025-09-30,228,71643.47
2025-09-30,229,176775.32
2025-09-30,230,326404.85
2025-09-30,231,208826.14
2025-09-30,232,110533.73
2025-09-30,233,145052.46
2025-09-30,234,168619.62
2025-09-30,235,228549.67
2025-09-30,236,65690.22
2025-09-30,237,334795.87
2025-09-30,238,31260.43
2025-09-30,239,45084.85
2025-09-30,240,230156.65
2025-09-30,241,177849.66
2025-09-30,242,421124.48
2025-09-30,243,73607.32
2025-09-30,244,85168.84
2025-09-30,245,199723.3
2025-09-30,246,16641.19
2025-09-30,247,24360.35
2025-09-30,248,37929.48
2025-09-30,249,92901.33
2025-09-30,250,140930.49
2025-09-30,251,40788.38
2025-09-30,252,124806.25
2025-09-30,253,79648.26
2025-09-30,254,220748.52
2025-09-30,255,154647.56
2025-09-30,256,130630.63
2025-09-30,257,91762.26
2025-09-30,258,45433.48
2025-09-30,259,163242.57
2025-09-30,260,165779.76
2025-09-30,261,89138.5
2025-09-30,262,264078.26
2025-09-30,263,136980.04
2025-09-30,264,65649.34
2025-09-30,265,196734.01
2025-09-30,266,87545.4
2025-09-30,267,72894.87
2025-09-30,268,19592.6
2025-09-30,269,162883.14
2025-09-30,270,75161.67
2025-09-30,271,119091.24
2025-09-30,272,217825.31
2025-09-30,273,145537.79
2025-09-30,274,165150.5
2025-09-30,275,514289.05
2025-09-30,276,182152.57
2025-09-30,277,170145.94
2025-09-30,278,328278.67
2025-09-30,279,309667.02
2025-09-30,280,59965.57
2025-09-30,281,95834.95
2025-09-30,282,172242.76
2025-09-30,283,44853.75
2025-09-30,284,6910.24
2025-09-30,285,212630.3
2025-09-30,286,347475.82
2025-09-30,287,598907.0
2025-09-30,288,81066.15
2025-09-30,289,150645.89
2025-09-30,290,70764.9
2025-09-30,291,342827.61
2025-09-30,292,169894.76
2025-09-30,293,186478.39
2025-09-30,294,81301.74
2025-09-30,295,265226.69
2025-09-30,296,138211.91
2025-09-30,297,240131.63
2025-09-30,298,419046.1
2025-09-30,299,149941.74
2025-09-30,300,71077.93
2025-09-30,301,83503.23
2025-09-30,302,209367.55
2025-09-30,303,97830.66
2025-09-30,304,215325.78
2025-09-30,305,234460.98
2025-09-30,306,268264.62
2025-09-30,307,231057.23
2025-09-30,308,25281.21
2025-09-30,309,129917.61
2025-09-30,310,159810.01
2025-09-30,311,29843.68
2025-09-30,312,121035.73
2025-09-30,313,137645.2
2025-09-30,314,102999.6
2025-09-30,315,199405.69
2025-09-30,316,86488.41
2025-09-30,317,73396.87
2025-09-30,318,90879.43
2025-09-30,319,100808.67
2025-09-30,320,74692.64
2025-09-30,321,274589.21
2025-09-30,322,56883.2
2025-09-30,323,305928.11
2025-09-30,324,266381.44
2025-09-30,325,157496.92
2025-09-30,326,228504.45
2025-09-30,327,192675.45
2025-09-30,328,78929.6
2025-09-30,329,278479.81
2025-09-30,330,84724.45
2025-09-30,331,19321.19
2025-09-30,332,131795.31
2025-09-30,333,190881.96
2025-09-30,334,144685.9
2025-09-30,335,48274.65
2025-09-30,336,338416.3
2025-09-30,337,235441.09
2025-09-30,338,55560.2
2025-09-30,339,50370.77
2025-09-30,340,292523.23
2025-09-30,341,113284.9
2025-09-30,342,212336.17
2025-09-30,343,196730.49
2025-09-30,344,88180.8
2025-09-30,345,123386.52
2025-09-30,346,269594.55
2025-09-30,347,176364.24
2025-09-30,348,71708.07
2025-09-30,349,109069.47
2025-09-30,350,121355.67
2025-09-30,351,352855.48
2025-09-30,352,204374.09
2025-09-30,353,120884.51
2025-09-30,354,180082.11
2025-09-30,355,132771.04
2025-09-30,356,119933.28
2025-09-30,357,39334.75
2025-09-30,358,102620.35
2025-09-30,359,93568.19
2025-09-30,360,149958.25
2025-09-30,361,175002.87
2025-09-30,362,87294.13
2025-09-30,363,14504.59
2025-09-30,364,243992.74
2025-09-30,365,383485.27
2025-09-30,366,39470.35
2025-09-30,367,231862.69
2025-09-30,368,181932.85
2025-09-30,369,160831.72
2025-09-30,370,123129.69
2025-09-30,371,201993.42
2025-09-30,372,119833.95
2025-09-30,373,95161.56
2025-09-30,374,249230.06
2025-09-30,375,146959.35
2025-09-30,376,34084.96
2025-09-30,377,488973.92
2025-09-30,378,106792.59
2025-09-30,379,175255.4
2025-09-30,380,53460.12
2025-09-30,381,20125.95
2025-09-30,382,198971.0
2025-09-30,383,98166.39
2025-09-30,384,152466.24
2025-09-30,385,68933.35
2025-09-30,386,67302.91
2025-09-30,387,327582.58
2025-09-30,388,206129.89
2025-09-30,389,323860.93
2025-09-30,390,231047.28
2025-09-30,391,564690.17
2025-09-30,392,175163.9
2025-09-30,393,314662.24
2025-09-30,394,295732.88
2025-09-30,395,179119.79
2025-09-30,396,166633.56
2025-09-30,397,139402.05
2025-09-30,398,551445.1
2025-09-30,399,95405.12
2025-09-30,400,234626.07
2025-09-30,401,189685.43
2025-09-30,402,151059.13
2025-09-30,403,185748.69
2025-09-30,404,224099.2
2025-09-30,405,204605.1
2025-09-30,406,126398.77
2025-09-30,407,60421.73
2025-09-30,408,115783.15
2025-09-30,409,106645.8
2025-09-30,410,208829.27
2025-09-30,411,106277.38
2025-09-30,412,344106.69
2025-09-30,413,79749.96
2025-09-30,414,535008.28
2025-09-30,415,85107.73
2025-09-30,416,179735.16
2025-09-30,417,55650.77
2025-09-30,418,416716.66
2025-09-30,419,55209.42
2025-09-30,420,157144.01
2025-09-30,421,3432.78
2025-09-30,422,4048.58
2025-09-30,423,59818.77
2025-09-30,424,435027.04
2025-09-30,425,310517.93
2025-09-30,426,176520.15
2025-09-30,427,111571.4
2025-09-30,428,68650.62
2025-09-30,429,66230.39
2025-09-30,430,283094.55
2025-09-30,431,181037.28
2025-09-30,432,170305.78
2025-09-30,433,39830.96
2025-09-30,434,141024.85
2025-09-30,435,24040.41
2025-09-30,436,343079.24
2025-09-30,437,115953.64
2025-09-30,438,82907.75
2025-09-30,439,154700.41
2025-09-30,440,203746.37
2025-09-30,441,211460.62
2025-09-30,442,224478.37
2025-09-30,443,321673.13
2025-09-30,444,67321.28
2025-09-30,445,453217.0
2025-09-30,446,411863.97
2025-09-30,447,87182.38
2025-09-30,448,38562.64
2025-09-30,449,374772.48
2025-09-30,450,85961.42
2025-09-30,451,122931.35
2025-09-30,452,232287.31
2025-09-30,453,152690.15
2025-09-30,454,60635.65
2025-09-30,455,82349.89
2025-09-30,456,129407.3
2025-09-30,457,33732.36
2025-09-30,458,352184.24
2025-09-30,459,294971.39
2025-09-30,460,94668.13
2025-09-30,461,159633.87
2025-09-30,462,30138.86
2025-09-30,463,453819.25
2025-09-30,464,53617.0
2025-09-30,465,70030.66
2025-09-30,466,290247.58
2025-09-30,467,166068.97
2025-09-30,468,74416.04
2025-09-30,469,401163.15
2025-09-30,470,36591.62
2025-09-30,471,298396.03
2025-09-30,472,95187.57
2025-09-30,473,128417.18
2025-09-30,474,158567.55
2025-09-30,475,108414.62
2025-09-30,476,105901.27
2025-09-30,477,344342.69
2025-09-30,478,78030.45
2025-09-30,479,126260.91
2025-09-30,480,118012.05
2025-09-30,481,16120.94
2025-09-30,482,270712.01
2025-09-30,483,439276.86
2025-09-30,484,32417.84
2025-09-30,485,157181.61
2025-09-30,486,50242.07
2025-09-30,487,5990.77
2025-09-30,488,53461.01
2025-09-30,489,289227.61
2025-09-30,490,76339.14
2025-09-30,491,182280.74
2025-09-30,492,86575.79
2025-09-30,493,67373.2
2025-09-30,494,167539.77
2025-09-30,495,166616.85
2025-09-30,496,183717.99
2025-09-30,497,560603.59
2025-09-30,498,54463.92
2025-09-30,499,520521.89
2025-09-30,500,119780.63
2025-09-30,501,198323.84
2025-09-30,502,333293.76
2025-09-30,503,69565.92
2025-09-30,504,133677.94
2025-09-30,505,147285.68
2025-09-30,506,211037.87
2025-09-30,507,132993.52
2025-09-30,508,197899.39
2025-09-30,509,156848.98
2025-09-30,510,84514.21
2025-09-30,511,112274.59
2025-09-30,512,95764.02
2025-09-30,513,359426.77
2025-09-30,514,146819.49
2025-09-30,515,120727.94
2025-09-30,516,275361.9
2025-09-30,517,110701.37
2025-09-30,518,559734.82
2025-09-30,519,207248.21
2025-09-30,520,219114.67
2025-09-30,521,59208.53
2025-09-30,522,24180.06
2025-09-30,523,68368.04
2025-09-30,524,101185.57
2025-09-30,525,151950.06
2025-09-30,526,9594.39
2025-09-30,527,74599.47
2025-09-30,528,163085.92
2025-09-30,529,436653.22
2025-09-30,530,104454.88
2025-09-30,531,251610.23
2025-09-30,532,205891.19
2025-09-30,533,83257.1
2025-09-30,534,132788.49
2025-09-30,535,11371.53
2025-09-30,536,143603.34
2025-09-30,537,96605.65
2025-09-30,538,110450.5
2025-09-30,539,91968.11
2025-09-30,540,266870.61
2025-09-30,541,90121.83
2025-09-30,542,201078.11
2025-09-30,543,298676.19
2025-09-30,544,252583.38
2025-09-30,545,289374.6
2025-09-30,546,181894.44
2025-09-30,547,86727.93
2025-09-30,548,52807.68
2025-09-30,549,81603.4
2025-09-30,550,165686.58
2025-09-30,551,126288.39
2025-09-30,552,53396.12
2025-09-30,553,60587.4
2025-09-30,554,113593.58
2025-09-30,555,109263.39
2025-09-30,556,360371.08
2025-09-30,557,43578.91
2025-09-30,558,101584.38
2025-09-30,559,113284.69
2025-09-30,560,61793.28
2025-09-30,561,293487.38
2025-09-30,562,200727.07
2025-09-30,563,117320.26
2025-09-30,564,204256.78
2025-09-30,565,71937.66
2025-09-30,566,124596.17
2025-09-30,567,242722.29
2025-09-30,568,171783.7
2025-09-30,569,223466.15
2025-09-30,570,31421.41
2025-09-30,571,198858.93
2025-09-30,572,129152.36
2025-09-30,573,178743.71
2025-09-30,574,144627.14
2025-09-30,575,59359.71
2025-09-30,576,94621.14
2025-09-30,577,146883.94
2025-09-30,578,243845.89
2025-09-30,579,230040.63
2025-09-30,580,62229.26
2025-09-30,581,334170.01
2025-09-30,582,275785.19
2025-09-30,583,196791.75
2025-09-30,584,40507.8
2025-09-30,585,15755.07
2025-09-30,586,107285.56
2025-09-30,587,374916.84
2025-09-30,588,68878.17
2025-09-30,589,285857.8
2025-09-30,590,47681.77
2025-09-30,591,137030.47
2025-09-30,592,110304.99
2025-09-30,593,170929.85
2025-09-30,594,334795.69
2025-09-30,595,84256.46
2025-09-30,596,110478.66
2025-09-30,597,51308.07
2025-09-30,598,287119.24
2025-09-30,599,56917.13
2025-09-30,600,160491.4
2025-09-30,601,111382.01
2025-09-30,602,791812.78
2025-09-30,603,238490.74
2025-09-30,604,40339.15
2025-09-30,605,150678.68
2025-09-30,606,123468.51
2025-09-30,607,517633.0
2025-09-30,608,63866.85
2025-09-30,609,75336.75
2025-09-30,610,60281.43
2025-09-30,611,32067.58
2025-09-30,612,249654.01
2025-09-30,613,115670.7
2025-09-30,614,243029.89
2025-09-30,615,143810.06
2025-09-30,616,60547.59
2025-09-30,617,191042.91
2025-09-30,618,275583.61
2025-09-30,619,318222.17
2025-09-30,620,94553.96
2025-09-30,621,239150.56
2025-09-30,622,42547.54
2025-09-30,623,160002.99
2025-09-30,624,198983.39
2025-09-30,625,217375.9
2025-09-30,626,107788.22
2025-09-30,627,193837.39
2025-09-30,628,215376.74
2025-09-30,629,122184.55
2025-09-30,630,132563.08
2025-09-30,631,35944.6
2025-09-30,632,70665.05
2025-09-30,633,125565.66
2025-09-30,634,114960.71
2025-09-30,635,88700.64
2025-09-30,636,57274.98
2025-09-30,637,1042029.62
2025-09-30,638,58836.42
2025-09-30,639,123972.85
2025-09-30,640,209630.68
2025-09-30,641,34340.5
2025-09-30,642,143966.36
2025-09-30,643,66646.44
2025-09-30,644,169520.97
2025-09-30,645,482790.15
2025-09-30,646,96998.55
2025-09-30,647,86802.66
2025-09-30,648,177900.34
2025-09-30,649,177703.87
2025-09-30,650,151385.51
2025-09-30,651,99993.07
2025-09-30,652,136844.57
2025-09-30,653,53502.24
2025-09-30,654,630855.46
2025-09-30,655,218230.44
2025-09-30,656,110689.41
2025-09-30,657,79415.13
2025-09-30,658,168018.12
2025-09-30,659,225119.4
2025-09-30,660,117436.33
2025-09-30,661,59047.81
2025-09-30,662,45621.56
2025-09-30,663,126189.09
2025-09-30,664,104525.74
2025-09-30,665,128958.61
2025-09-30,666,245431.95
2025-09-30,667,39521.94
2025-09-30,668,104425.79
2025-09-30,669,10714.89
2025-09-30,670,172841.73
2025-09-30,671,37054.63
2025-09-30,672,136060.59
2025-09-30,673,89253.47
2025-09-30,674,160713.74
2025-09-30,675,121654.55
2025-09-30,676,429981.46
2025-09-30,677,102966.94
2025-09-30,678,105925.56
2025-09-30,679,38183.27
2025-09-30,680,107343.0
2025-09-30,681,46800.98
2025-09-30,682,115503.94
2025-09-30,683,9444.25
2025-09-30,684,90576.0
2025-09-30,685,195905.8
2025-09-30,686,139286.03
2025-09-30,687,137581.12
2025-09-30,688,107996.31
2025-09-30,689,168134.11
2025-09-30,690,157214.39
2025-09-30,691,156913.52
2025-09-30,692,50548.19
2025-09-30,693,84745.73
2025-09-30,694,132611.39
2025-09-30,695,426315.19
2025-09-30,696,50335.09
2025-09-30,697,171936.25
2025-09-30,698,54220.2
2025-09-30,699,191223.41
2025-09-30,700,114324.56
2025-09-30,701,65685.56
2025-09-30,702,67157.17
2025-09-30,703,67379.5
2025-09-30,704,118074.95
2025-09-30,705,121900.43
2025-09-30,706,493336.34
2025-09-30,707,103790.86
2025-09-30,708,314293.02
2025-09-30,709,21801.63
2025-09-30,710,191679.81
2025-09-30,711,225911.08
2025-09-30,712,114119.92
2025-09-30,713,120556.14
2025-09-30,714,811813.83
2025-09-30,715,273546.43
2025-09-30,716,128506.6
2025-09-30,717,159059.66
2025-09-30,718,358580.95
2025-09-30,719,5527.94
2025-09-30,720,82203.06
2025-09-30,721,7769.4
2025-09-30,722,193949.29
2025-09-30,723,322220.18
2025-09-30,724,14676.03
2025-09-30,725,157242.38
2025-09-30,726,180691.3
2025-09-30,727,129831.09
2025-09-30,728,85797.56
2025-09-30,729,245048.06
2025-09-30,730,101844.08
2025-09-30,731,97726.7
2025-09-30,732,115781.57
2025-09-30,733,256441.16
2025-09-30,734,108201.7
2025-09-30,735,107487.45
2025-09-30,736,524863.61
2025-09-30,737,78586.16
2025-09-30,738,156131.73
2025-09-30,739,59125.75
2025-09-30,740,156772.52
2025-09-30,741,349854.84
2025-09-30,742,100371.43
2025-09-30,743,41889.01
2025-09-30,744,91229.4
2025-09-30,745,154383.98
2025-09-30,746,195568.71
2025-09-30,747,159123.87
2025-09-30,748,76601.69
2025-09-30,749,66237.81
2025-09-30,750,81001.86
2025-09-30,751,170432.11
2025-09-30,752,145746.28
2025-09-30,753,46070.84
2025-09-30,754,102686.67
2025-09-30,755,76220.45
2025-09-30,756,119618.32
2025-09-30,757,329264.7
2025-09-30,758,390279.72
2025-09-30,759,24976.89
2025-09-30,760,236977.59
2025-09-30,761,111704.15
2025-09-30,762,102613.36
2025-09-30,763,128711.18
2025-09-30,764,82163.38
2025-09-30,765,69197.2
2025-09-30,766,140263.31
2025-09-30,767,98793.55
2025-09-30,768,77288.38
2025-09-30,769,229558.43
2025-09-30,770,179403.03
2025-09-30,771,285175.06
2025-09-30,772,101631.98
2025-09-30,773,112173.56
2025-09-30,774,52403.32
2025-09-30,775,121344.83
2025-09-30,776,156374.68
2025-09-30,777,540354.72
2025-09-30,778,43291.54
2025-09-30,779,348492.17
2025-09-30,780,364559.92
2025-09-30,781,36383.07
2025-09-30,782,138684.62
2025-09-30,783,95865.72
2025-09-30,784,98992.59
2025-09-30,785,13665.09
2025-09-30,786,214291.64
2025-09-30,787,246956.4
2025-09-30,788,289862.6
2025-09-30,789,53449.6
2025-09-30,790,147619.2
2025-09-30,791,89746.16
2025-09-30,792,60878.16
2025-09-30,793,320583.84
2025-09-30,794,100049.43
2025-09-30,795,133009.74
2025-09-30,796,525984.37
2025-09-30,797,49129.97
2025-09-30,798,198854.9
2025-09-30,799,489197.69
2025-09-30,800,133329.19
2025-09-30,801,273995.9
2025-09-30,802,53045.09
2025-09-30,803,178695.97
2025-09-30,804,120157.34
2025-09-30,805,107518.74
2025-09-30,806,131929.69
2025-09-30,807,88631.44
2025-09-30,808,206354.45
2025-09-30,809,84723.08
2025-09-30,810,169145.78
2025-09-30,811,95305.64
2025-09-30,812,112281.07
2025-09-30,813,41349.0
2025-09-30,814,520381.4
2025-09-30,815,242619.65
2025-09-30,816,416471.5
2025-09-30,817,98021.35
2025-09-30,818,158595.33
2025-09-30,819,111900.38
2025-09-30,820,197105.45
2025-09-30,821,104448.32
2025-09-30,822,230570.61
2025-09-30,823,212006.17
2025-09-30,824,186182.94
2025-09-30,825,238905.01
2025-09-30,826,270647.47
2025-09-30,827,254844.95
2025-09-30,828,97000.61
2025-09-30,829,391424.49
2025-09-30,830,155126.92
2025-09-30,831,219256.51
2025-09-30,832,67259.94
2025-09-30,833,446653.63
2025-09-30,834,182518.16
2025-09-30,835,88244.76
2025-09-30,836,319036.04
2025-09-30,837,156315.36
2025-09-30,838,336940.25
2025-09-30,839,170412.35
2025-09-30,840,58483.0
2025-09-30,841,481590.71
2025-09-30,842,90878.89
2025-09-30,843,43044.37
2025-09-30,844,65363.19
2025-09-30,845,250825.53
2025-09-30,846,207609.89
2025-09-30,847,139943.14
2025-09-30,848,78642.41
2025-09-30,849,90628.93
2025-09-30,850,100404.17
2025-09-30,851,34069.27
2025-09-30,852,631181.44
2025-09-30,853,72667.71
2025-09-30,854,66311.37
2025-09-30,855,146115.34
2025-09-30,856,96268.88
2025-09-30,857,126879.54
2025-09-30,858,124196.14
2025-09-30,859,205194.13
2025-09-30,860,51003.99
2025-09-30,861,180785.36
2025-09-30,862,96220.8
2025-09-30,863,199571.9
2025-09-30,864,976204.72
2025-09-30,865,88772.76
2025-09-30,866,78029.41
2025-09-30,867,102283.67
2025-09-30,868,148427.0
2025-09-30,869,145084.1
2025-09-30,870,82731.08
2025-09-30,871,90591.76
2025-09-30,872,100025.48
2025-09-30,873,78792.01
2025-09-30,874,87696.74
2025-09-30,875,53672.11
2025-09-30,876,386271.97
2025-09-30,877,212658.69
2025-09-30,878,81917.69
2025-09-30,879,166765.2
2025-09-30,880,52077.81
2025-09-30,881,132081.99
2025-09-30,882,227507.83
2025-09-30,883,220271.98
2025-09-30,884,385689.04
2025-09-30,885,145185.48
2025-09-30,886,36733.85
2025-09-30,887,34468.25
2025-09-30,888,108122.75
2025-09-30,889,384637.07
2025-09-30,890,192523.29
2025-09-30,891,178160.92
2025-09-30,892,275982.49
2025-09-30,893,211456.44
2025-09-30,894,186274.87
2025-09-30,895,188140.99
2025-09-30,896,340421.59
2025-09-30,897,276332.03
2025-09-30,898,101134.22
2025-09-30,899,57984.09
2025-09-30,900,205214.81
2025-09-30,901,100208.33
2025-09-30,902,348940.2
2025-09-30,903,371220.49
2025-09-30,904,41971.49
2025-09-30,905,257735.03
2025-09-30,906,59938.93
2025-09-30,907,123137.34
2025-09-30,908,70753.74
2025-09-30,909,49409.25
2025-09-30,910,114019.9
2025-09-30,911,55302.67
2025-09-30,912,273961.12
2025-09-30,913,522040.67
2025-09-30,914,99629.26
2025-09-30,915,117811.77
2025-09-30,916,108720.58
2025-09-30,917,133635.43
2025-09-30,918,102051.98
2025-09-30,919,47748.11
2025-09-30,920,225887.15
2025-09-30,921,114547.56
2025-09-30,922,111477.06
2025-09-30,923,135908.37
2025-09-30,924,41468.47
2025-09-30,925,92949.98
2025-09-30,926,118248.09
2025-09-30,927,115217.96
2025-09-30,928,221195.53
2025-09-30,929,308629.48
2025-09-30,930,324260.92
2025-09-30,931,166273.87
2025-09-30,932,159745.56
2025-09-30,933,62170.74
2025-09-30,934,75759.86
2025-09-30,935,283624.2
2025-09-30,936,262249.48
2025-09-30,937,74578.42
2025-09-30,938,74421.39
2025-09-30,939,71979.24
2025-09-30,940,181094.61
2025-09-30,941,100368.48
2025-09-30,942,233009.64
2025-09-30,943,134208.07
2025-09-30,944,116357.65
2025-09-30,945,111443.14
2025-09-30,946,137941.04
2025-09-30,947,810961.89
2025-09-30,948,196091.65
2025-09-30,949,70440.37
2025-09-30,950,250217.08
2025-09-30,951,324248.95
2025-09-30,952,79565.94
2025-09-30,953,86170.34
2025-09-30,954,261458.4
2025-09-30,955,131248.23
2025-09-30,956,110214.5
2025-09-30,957,262119.41
2025-09-30,958,193290.05
2025-09-30,959,306165.21
2025-09-30,960,257552.66
2025-09-30,961,240677.78
2025-09-30,962,139723.14
2025-09-30,963,67188.83
2025-09-30,964,115187.73
2025-09-30,965,172733.67
2025-09-30,966,281441.56
2025-09-30,967,161953.08
2025-09-30,968,248252.92
2025-09-30,969,264678.71
2025-09-30,970,175710.94
2025-09-30,971,98787.45
2025-09-30,972,140443.5
2025-09-30,973,57067.2
2025-09-30,974,113702.14
2025-09-30,975,32757.14
2025-09-30,976,355656.37
2025-09-30,977,150134.03
2025-09-30,978,154144.4
2025-09-30,979,65893.69
2025-09-30,980,80523.72
2025-09-30,981,86350.42
2025-09-30,982,90481.98
2025-09-30,983,166153.8
2025-09-30,984,80516.99
2025-09-30,985,36173.02
2025-09-30,986,95062.88
2025-09-30,987,74380.78
2025-09-30,988,190464.76
2025-09-30,989,66072.59
2025-09-30,990,229435.46
2025-09-30,991,233665.59
2025-09-30,992,88643.23
2025-09-30,993,127360.94
2025-09-30,994,169307.56
2025-09-30,995,33506.88
2025-09-30,996,767517.91
2025-09-30,997,510193.73
2025-09-30,998,187516.45
2025-09-30,999,88721.12
2025-09-30,1000,61652.49
2025-09-30,1001,109009.26
2025-09-30,1002,272073.53
2025-09-30,1003,153303.58
2025-09-30,1004,152603.29
2025-09-30,1005,178389.17
2025-09-30,1006,38106.78
2025-09-30,1007,86121.31
2025-09-30,1008,204821.8
2025-09-30,1009,165133.73
2025-09-30,1010,110991.85
2025-09-30,1011,161629.03
2025-09-30,1012,11210.55
2025-09-30,1013,83553.91
2025-09-30,1014,58428.06
2025-09-30,1015,139900.1
2025-09-30,1016,317606.29
2025-09-30,1017,167490.9
2025-09-30,1018,129282.68
2025-09-30,1019,128875.79
2025-09-30,1020,113333.87
2025-09-30,1021,48239.12
2025-09-30,1022,396859.81
2025-09-30,1023,118041.72
2025-09-30,1024,26960.58
2025-09-30,1025,131727.26
2025-09-30,1026,54888.16
2025-09-30,1027,59088.65
2025-09-30,1028,226553.17
2025-09-30,1029,199728.18
2025-09-30,1030,111001.09
2025-09-30,1031,271995.64
2025-09-30,1032,338050.63
2025-09-30,1033,108357.26
2025-09-30,1034,315213.48
2025-09-30,1035,116548.34
2025-09-30,1036,223960.96
2025-09-30,1037,137972.21
2025-09-30,1038,368366.16
2025-09-30,1039,78032.16
2025-09-30,1040,120871.76
2025-09-30,1041,115766.09
2025-09-30,1042,137855.1
2025-09-30,1043,107576.74
2025-09-30,1044,175870.17
2025-09-30,1045,95588.2
2025-09-30,1046,434301.41
2025-09-30,1047,121701.77
2025-09-30,1048,217843.98
2025-09-30,1049,518153.36
2025-09-30,1050,83849.11
2025-09-30,1051,58173.46
2025-09-30,1052,675835.03
2025-09-30,1053,81740.13
2025-09-30,1054,378389.04
2025-09-30,1055,73993.38
2025-09-30,1056,146263.98
2025-09-30,1057,139877.53
2025-09-30,1058,163394.2
2025-09-30,1059,84494.28
2025-09-30,1060,100928.77
2025-09-30,1061,292937.45
2025-09-30,1062,382065.42
2025-09-30,1063,84738.06
2025-09-30,1064,154483.74
2025-09-30,1065,53161.17
2025-09-30,1066,268925.95
2025-09-30,1067,365213.08
2025-09-30,1068,102744.3
2025-09-30,1069,268842.21
2025-09-30,1070,155455.67
2025-09-30,1071,211757.28
2025-09-30,1072,76530.38
2025-09-30,1073,252879.0
2025-09-30,1074,493095.33
2025-09-30,1075,182705.5
2025-09-30,1076,62854.12
2025-09-30,1077,104367.29
2025-09-30,1078,236023.37
2025-09-30,1079,142490.6
2025-09-30,1080,217068.54
2025-09-30,1081,360937.75
2025-09-30,1082,166338.02
2025-09-30,1083,6188.68
2025-09-30,1084,55023.1
2025-09-30,1085,120036.5
2025-09-30,1086,169067.91
2025-09-30,1087,309880.72
2025-09-30,1088,132657.13
2025-09-30,1089,137736.11
2025-09-30,1090,129037.12
2025-09-30,1091,94929.09
2025-09-30,1092,61848.1
2025-09-30,1093,78698.48
2025-09-30,1094,417130.96
2025-09-30,1095,87562.41
2025-09-30,1096,36507.87
2025-09-30,1097,119552.45
2025-09-30,1098,176905.06
2025-09-30,1099,94890.35
2025-09-30,1100,198606.63
2025-09-30,1101,64339.64
2025-09-30,1102,211606.14
2025-09-30,1103,80780.42
2025-09-30,1104,46851.5
2025-09-30,1105,231099.71
2025-09-30,1106,109591.69
2025-09-30,1107,64741.62
2025-09-30,1108,382715.44
2025-09-30,1109,141144.5
2025-09-30,1110,99467.32
2025-09-30,1111,124819.06
2025-09-30,1112,85230.45
2025-09-30,1113,113214.9
2025-09-30,1114,420102.57
2025-09-30,1115,175420.31
2025-09-30,1116,138387.83
2025-09-30,1117,128861.91
2025-09-30,1118,279525.0
2025-09-30,1119,324387.22
2025-09-30,1120,122599.86
2025-09-30,1121,186049.91
2025-09-30,1122,87909.56
2025-09-30,1123,136988.5
2025-09-30,1124,218085.49
2025-09-30,1125,166862.56
2025-09-30,1126,23056.81
2025-09-30,1127,155806.04
2025-09-30,1128,320298.85
2025-09-30,1129,134900.11
2025-09-30,1130,162949.33
2025-09-30,1131,174966.71
2025-09-30,1132,100604.78
2025-09-30,1133,69988.14
2025-09-30,1134,135533.21
2025-09-30,1135,92964.69
2025-09-30,1136,238516.28
2025-09-30,1137,108982.26
2025-09-30,1138,63778.01
2025-09-30,1139,246329.96
2025-09-30,1140,10238.35
2025-09-30,1141,129491.1
2025-09-30,1142,458796.83
2025-09-30,1143,355827.8
2025-09-30,1144,174621.84
2025-09-30,1145,54089.25
2025-09-30,1146,82691.94
2025-09-30,1147,74370.24
2025-09-30,1148,78059.45
2025-09-30,1149,212044.9
2025-09-30,1150,113633.91
2025-09-30,1151,726550.8
2025-09-30,1152,148475.55
2025-09-30,1153,247419.82
2025-09-30,1154,135821.88
2025-09-30,1155,71784.99
2025-09-30,1156,68614.87
2025-09-30,1157,311764.95
2025-09-30,1158,116416.72
2025-09-30,1159,119847.52
2025-09-30,1160,54990.23
2025-09-30,1161,37292.81
2025-09-30,1162,296400.11
2025-09-30,1163,118236.7
2025-09-30,1164,183583.22
2025-09-30,1165,332068.78
2025-09-30,1166,90849.72
2025-09-30,1167,141625.16
2025-09-30,1168,214811.8
2025-09-30,1169,42161.24
2025-09-30,1170,99014.43
2025-09-30,1171,119202.87
2025-09-30,1172,70445.87
2025-09-30,1173,363394.25
2025-09-30,1174,167821.13
2025-09-30,1175,75562.55
2025-09-30,1176,96766.35
2025-09-30,1177,74638.91
2025-09-30,1178,687384.41
2025-09-30,1179,106033.15
2025-09-30,1180,289202.28
2025-09-30,1181,306908.89
2025-09-30,1182,375539.66
2025-09-30,1183,161477.26
2025-09-30,1184,104016.04
2025-09-30,1185,45296.6
2025-09-30,1186,91127.74
2025-09-30,1187,76203.52
2025-09-30,1188,113812.86
2025-09-30,1189,79050.22
2025-09-30,1190,126679.91
2025-09-30,1191,265036.64
2025-09-30,1192,132176.14
2025-09-30,1193,88491.81
2025-09-30,1194,182247.72
2025-09-30,1195,254659.4
2025-09-30,1196,138500.18
2025-09-30,1197,219266.85
2025-09-30,1198,66382.35
2025-09-30,1199,151077.09
2025-09-30,1200,78846.05
2025-09-30,1201,233446.94
2025-09-30,1202,343258.42
2025-09-30,1203,111846.75
2025-09-30,1204,142377.69
2025-09-30,1205,91139.78
2025-09-30,1206,61849.56
2025-09-30,1207,81868.07
2025-09-30,1208,141217.71
2025-09-30,1209,146699.98
2025-09-30,1210,131435.84
2025-09-30,1211,35492.64
2025-09-30,1212,438168.72
2025-09-30,1213,70765.7
2025-09-30,1214,164614.15
2025-09-30,1215,260308.85
2025-09-30,1216,122340.88
2025-09-30,1217,24923.6
2025-09-30,1218,58035.04
2025-09-30,1219,144036.57
2025-09-30,1220,478924.74
2025-09-30,1221,223339.85
2025-09-30,1222,104487.52
2025-09-30,1223,157616.44
2025-09-30,1224,230194.86
2025-09-30,1225,109551.56
2025-09-30,1226,17353.53
2025-09-30,1227,68942.8
2025-09-30,1228,120785.27
2025-09-30,1229,120130.01
2025-09-30,1230,213036.19
2025-09-30,1231,629658.51
2025-09-30,1232,78805.59
2025-09-30,1233,201429.99
2025-09-30,1234,155848.4
2025-09-30,1235,442670.82
2025-09-30,1236,181671.05
2025-09-30,1237,268313.35
2025-09-30,1238,109647.16
2025-09-30,1239,229660.34
2025-09-30,1240,123969.03
2025-09-30,1241,57517.99
2025-09-30,1242,144770.56
2025-09-30,1243,198259.41
2025-09-30,1244,182068.02
2025-09-30,1245,54686.66
2025-09-30,1246,190725.43
2025-09-30,1247,111513.64
2025-09-30,1248,177761.07
2025-09-30,1249,286144.52
2025-09-30,1250,308102.57
2025-09-30,1251,125490.52
2025-09-30,1252,189851.03
2025-09-30,1253,279296.62
2025-09-30,1254,76670.64
2025-09-30,1255,14382.25
2025-09-30,1256,114391.6
2025-09-30,1257,15925.85
2025-09-30,1258,26017.5
2025-09-30,1259,222850.55
2025-09-30,1260,158817.53
2025-09-30,1261,212862.84
2025-09-30,1262,123708.07
2025-09-30,1263,329236.89
2025-09-30,1264,51487.15
2025-09-30,1265,349641.59
2025-09-30,1266,287750.65
2025-09-30,1267,125747.05
2025-09-30,1268,128856.78
2025-09-30,1269,14679.35
2025-09-30,1270,80951.07
2025-09-30,1271,117133.47
2025-09-30,1272,184787.2
2025-09-30,1273,145945.78
2025-09-30,1274,253804.12
2025-09-30,1275,172764.06
2025-09-30,1276,57906.75
2025-09-30,1277,63583.9
2025-09-30,1278,723623.32
2025-09-30,1279,355595.35
2025-09-30,1280,302919.2
2025-09-30,1281,249175.41
2025-09-30,1282,133416.61
2025-09-30,1283,101120.73
2025-09-30,1284,113474.26
2025-09-30,1285,170868.56
2025-09-30,1286,186500.48
2025-09-30,1287,346100.96
2025-09-30,1288,84690.53
2025-09-30,1289,70831.2
2025-09-30,1290,172198.51
2025-09-30,1291,302632.34
2025-09-30,1292,296164.83
2025-09-30,1293,20437.91
2025-09-30,1294,139979.18
2025-09-30,1295,276831.02
2025-09-30,1296,71007.99
2025-09-30,1297,44978.18
2025-09-30,1298,129660.08
2025-09-30,1299,295365.15
2025-09-30,1300,146320.62
2025-09-30,1301,107923.88
2025-09-30,1302,126578.8
2025-09-30,1303,453686.07
2025-09-30,1304,124569.41
2025-09-30,1305,257396.95
2025-09-30,1306,57078.16
2025-09-30,1307,214318.42
2025-09-30,1308,115751.29
2025-09-30,1309,80449.23
2025-09-30,1310,108054.3
2025-09-30,1311,201589.5
2025-09-30,1312,132745.38
2025-09-30,1313,168564.13
2025-09-30,1314,72885.66
2025-09-30,1315,95752.41
2025-09-30,1316,106712.17
2025-09-30,1317,161650.26
2025-09-30,1318,80175.03
2025-09-30,1319,74108.56
2025-09-30,1320,154498.1
2025-09-30,1321,62434.27
2025-09-30,1322,62085.54
2025-09-30,1323,376762.59
2025-09-30,1324,263494.35
2025-09-30,1325,102258.29
2025-09-30,1326,118473.63
2025-09-30,1327,261374.84
2025-09-30,1328,321110.0
2025-09-30,1329,89997.9
2025-09-30,1330,195393.11
2025-09-30,1331,126645.53
2025-09-30,1332,63654.03
2025-09-30,1333,100795.2
2025-09-30,1334,62119.1
2025-09-30,1335,115272.19
2025-09-30,1336,63478.37
2025-09-30,1337,49757.08
2025-09-30,1338,177664.95
2025-09-30,1339,205867.29
2025-09-30,1340,70234.07
2025-09-30,1341,149046.85
2025-09-30,1342,154390.82
2025-09-30,1343,203189.32
2025-09-30,1344,218608.6
2025-09-30,1345,130829.62
2025-09-30,1346,112516.52
2025-09-30,1347,177720.21
2025-09-30,1348,78336.17
2025-09-30,1349,59254.18
2025-09-30,1350,109684.98
2025-09-30,1351,150221.68
2025-09-30,1352,330068.55
2025-09-30,1353,210737.34
2025-09-30,1354,51293.13
2025-09-30,1355,146107.74
2025-09-30,1356,186174.49
2025-09-30,1357,103742.42
2025-09-30,1358,193687.43
2025-09-30,1359,154232.03
2025-09-30,1360,174871.1
2025-09-30,1361,110108.85
2025-09-30,1362,200671.47
2025-09-30,1363,114660.6
2025-09-30,1364,241745.06
2025-09-30,1365,305230.05
2025-09-30,1366,110116.04
2025-09-30,1367,70169.79
2025-09-30,1368,254274.94
2025-09-30,1369,220045.57
2025-09-30,1370,106946.61
2025-09-30,1371,152483.24
2025-09-30,1372,317871.01
2025-09-30,1373,228232.65
2025-09-30,1374,223862.03
2025-09-30,1375,39215.53
2025-09-30,1376,179363.92
2025-09-30,1377,39790.02
2025-09-30,1378,197536.43
2025-09-30,1379,171837.59
2025-09-30,1380,200242.6
2025-09-30,1381,208082.57
2025-09-30,1382,150593.98
2025-09-30,1383,23975.95
2025-09-30,1384,44507.12
2025-09-30,1385,45674.6
2025-09-30,1386,57712.5
2025-09-30,1387,632541.68
2025-09-30,1388,299560.14
2025-09-30,1389,488840.93
2025-09-30,1390,60480.49
2025-09-30,1391,86254.74
2025-09-30,1392,386070.64
2025-09-30,1393,219025.21
2025-09-30,1394,72897.32
2025-09-30,1395,55470.37
2025-09-30,1396,107641.95
2025-09-30,1397,147017.81
2025-09-30,1398,70288.04
2025-09-30,1399,182502.04
2025-09-30,1400,74130.04
2025-09-30,1401,278371.14
2025-09-30,1402,167265.29
2025-09-30,1403,168735.56
2025-09-30,1404,61498.86
2025-09-30,1405,65395.57
2025-09-30,1406,59673.57
2025-09-30,1407,265723.57
2025-09-30,1408,149163.9
2025-09-30,1409,60355.29
2025-09-30,1410,91034.12
2025-09-30,1411,74509.7
2025-09-30,1412,158595.9
2025-09-30,1413,190692.22
2025-09-30,1414,39336.45
2025-09-30,1415,113561.06
2025-09-30,1416,151418.52
2025-09-30,1417,148345.03
2025-09-30,1418,530403.33
2025-09-30,1419,39354.57
2025-09-30,1420,171970.28
2025-09-30,1421,190118.5
2025-09-30,1422,68805.62
2025-09-30,1423,229781.05
2025-09-30,1424,236762.69
2025-09-30,1425,69672.48
2025-09-30,1426,46270.09
2025-09-30,1427,28555.28
2025-09-30,1428,58688.16
2025-09-30,1429,77670.48
2025-09-30,1430,104046.93
2025-09-30,1431,155981.84
2025-09-30,1432,175972.78
2025-09-30,1433,47759.56
2025-09-30,1434,49634.15
2025-09-30,1435,451860.73
2025-09-30,1436,423959.42
2025-09-30,1437,73962.93
2025-09-30,1438,168962.41
2025-09-30,1439,170132.71
2025-09-30,1440,116057.66
2025-09-30,1441,93754.26
2025-09-30,1442,127587.03
2025-09-30,1443,94053.93
2025-09-30,1444,259510.28
2025-09-30,1445,102137.33
2025-09-30,1446,134674.28
2025-09-30,1447,64361.38
2025-09-30,1448,109558.07
2025-09-30,1449,10856.62
2025-09-30,1450,136309.78
2025-09-30,1451,27073.85
2025-09-30,1452,188928.58
2025-09-30,1453,84776.11
2025-09-30,1454,63448.72
2025-09-30,1455,171287.78
2025-09-30,1456,31225.6
2025-09-30,1457,346956.37
2025-09-30,1458,261673.71
2025-09-30,1459,231620.09
2025-09-30,1460,142012.58
2025-09-30,1461,110296.85
2025-09-30,1462,235936.19
2025-09-30,1463,343319.52
2025-09-30,1464,649907.69
2025-09-30,1465,106990.64
2025-09-30,1466,209886.57
2025-09-30,1467,99211.84
2025-09-30,1468,90498.33
2025-09-30,1469,62387.94
2025-09-30,1470,273231.08
2025-09-30,1471,114533.4
2025-09-30,1472,57326.81
2025-09-30,1473,197583.29
2025-09-30,1474,171923.5
2025-09-30,1475,94819.56
2025-09-30,1476,31916.69
2025-09-30,1477,386142.63
2025-09-30,1478,183445.1
2025-09-30,1479,124365.74
2025-09-30,1480,240216.34
2025-09-30,1481,234904.96
2025-09-30,1482,119074.17
2025-09-30,1483,294558.81
2025-09-30,1484,389446.6
2025-09-30,1485,57942.99
2025-09-30,1486,111720.88
2025-09-30,1487,252423.57
2025-09-30,1488,132296.05
2025-09-30,1489,242416.64
2025-09-30,1490,300940.86
2025-09-30,1491,227609.03
2025-09-30,1492,140499.15
2025-09-30,1493,438350.49
2025-09-30,1494,17847.69
2025-09-30,1495,138436.29
2025-09-30,1496,42288.91
2025-09-30,1497,104909.43
2025-09-30,1498,220516.93
2025-09-30,1499,185422.66
2025-09-30,1500,292772.29
2025-09-30,1501,99786.42
2025-09-30,1502,38757.69
2025-09-30,1503,47069.0
2025-09-30,1504,167320.28
2025-09-30,1505,262601.04
2025-09-30,1506,110159.48
2025-09-30,1507,157617.35
2025-09-30,1508,44639.49
2025-09-30,1509,219275.86
2025-09-30,1510,76794.9
2025-09-30,1511,75263.42
2025-09-30,1512,133055.49
2025-09-30,1513,170532.13
2025-09-30,1514,107942.07
2025-09-30,1515,62038.14
2025-09-30,1516,280371.37
2025-09-30,1517,167289.87
2025-09-30,1518,291084.36
2025-09-30,1519,133543.3
2025-09-30,1520,89270.83
2025-09-30,1521,132556.15
2025-09-30,1522,106885.29
2025-09-30,1523,48087.6
2025-09-30,1524,86243.03
2025-09-30,1525,57722.54
2025-09-30,1526,112436.21
2025-09-30,1527,62956.17
2025-09-30,1528,346537.94
2025-09-30,1529,77685.82
2025-09-30,1530,255595.85
2025-09-30,1531,190833.16
2025-09-30,1532,176051.77
2025-09-30,1533,112239.65
2025-09-30,1534,112484.31
2025-09-30,1535,75136.43
2025-09-30,1536,309105.01
2025-09-30,1537,189724.41
2025-09-30,1538,215186.09
2025-09-30,1539,192035.05
2025-09-30,1540,290497.26
2025-09-30,1541,122281.59
2025-09-30,1542,181148.45
2025-09-30,1543,82888.53
2025-09-30,1544,203369.27
2025-09-30,1545,159404.56
2025-09-30,1546,120007.88
2025-09-30,1547,890488.69
2025-09-30,1548,166111.43
2025-09-30,1549,471516.03
2025-09-30,1550,371779.3
2025-09-30,1551,87172.8
2025-09-30,1552,466404.8
2025-09-30,1553,107239.08
2025-09-30,1554,96370.73
2025-09-30,1555,230033.44
2025-09-30,1556,205328.74
2025-09-30,1557,180777.27
2025-09-30,1558,141785.34
2025-09-30,1559,93808.31
2025-09-30,1560,41036.3
2025-09-30,1561,253921.37
2025-09-30,1562,99962.63
2025-09-30,1563,79612.27
2025-09-30,1564,129922.54
2025-09-30,1565,52888.39
2025-09-30,1566,266360.57
2025-09-30,1567,182283.03
2025-09-30,1568,106461.13
2025-09-30,1569,238625.21
2025-09-30,1570,205299.39
2025-09-30,1571,58401.25
2025-09-30,1572,132022.46
2025-09-30,1573,55210.17
2025-09-30,1574,70958.53
2025-09-30,1575,84264.67
2025-09-30,1576,75261.69
2025-09-30,1577,68582.09
2025-09-30,1578,207187.06
2025-09-30,1579,135817.81
2025-09-30,1580,152855.86
2025-09-30,1581,417106.88
2025-09-30,1582,54438.16
2025-09-30,1583,23813.84
2025-09-30,1584,45159.98
2025-09-30,1585,100391.65
2025-09-30,1586,151304.21
2025-09-30,1587,223761.34
2025-09-30,1588,55968.91
2025-09-30,1589,183040.87
2025-09-30,1590,123308.38
2025-09-30,1591,290790.28
2025-09-30,1592,136066.7
2025-09-30,1593,193152.64
2025-09-30,1594,116415.22
2025-09-30,1595,142366.81
2025-09-30,1596,117485.5
2025-09-30,1597,102748.41
2025-09-30,1598,191923.72
2025-09-30,1599,218699.12
2025-09-30,1600,434159.35
2025-09-30,1601,68760.98
2025-09-30,1602,324957.97
2025-09-30,1603,166235.6
2025-09-30,1604,377165.21
2025-09-30,1605,105753.21
2025-09-30,1606,203500.64
2025-09-30,1607,342686.94
2025-09-30,1608,311130.09
2025-09-30,1609,165167.82
2025-09-30,1610,51070.6
2025-09-30,1611,99888.01
2025-09-30,1612,118573.7
2025-09-30,1613,216013.24
2025-09-30,1614,167602.26
2025-09-30,1615,247099.31
2025-09-30,1616,146219.44
2025-09-30,1617,120366.04
2025-09-30,1618,12090.53
2025-09-30,1619,55844.06
2025-09-30,1620,20818.75
2025-09-30,1621,43192.59
2025-09-30,1622,129697.83
2025-09-30,1623,263386.7
2025-09-30,1624,137981.35
2025-09-30,1625,113048.94
2025-09-30,1626,122167.15
2025-09-30,1627,159165.14
2025-09-30,1628,71343.78
2025-09-30,1629,21841.77
2025-09-30,1630,139892.44
2025-09-30,1631,124624.47
2025-09-30,1632,89053.47
2025-09-30,1633,117123.58
2025-09-30,1634,51013.08
2025-09-30,1635,230004.19
2025-09-30,1636,98978.56
2025-09-30,1637,90207.73
2025-09-30,1638,185185.77
2025-09-30,1639,58606.98
2025-09-30,1640,189033.38
2025-09-30,1641,154943.16
2025-09-30,1642,191754.15
2025-09-30,1643,74278.69
2025-09-30,1644,211913.75
2025-09-30,1645,79536.85
2025-09-30,1646,230880.69
2025-09-30,1647,250137.07
2025-09-30,1648,50308.37
2025-09-30,1649,82118.03
2025-09-30,1650,70122.25
2025-09-30,1651,280192.6
2025-09-30,1652,189435.89
2025-09-30,1653,60077.43
2025-09-30,1654,49566.15
2025-09-30,1655,9471.21
2025-09-30,1656,182289.28
2025-09-30,1657,252904.7
2025-09-30,1658,57074.37
2025-09-30,1659,157502.83
2025-09-30,1660,34545.59
2025-09-30,1661,121414.51
2025-09-30,1662,60474.27
2025-09-30,1663,12385.29
2025-09-30,1664,258390.12
2025-09-30,1665,287784.31
2025-09-30,1666,217061.16
2025-09-30,1667,45607.56
2025-09-30,1668,105613.2
2025-09-30,1669,166335.74
2025-09-30,1670,99429.33
2025-09-30,1671,31197.59
2025-09-30,1672,404592.39
2025-09-30,1673,24793.6
2025-09-30,1674,953193.86
2025-09-30,1675,555309.07
2025-09-30,1676,26251.69
2025-09-30,1677,147732.04
2025-09-30,1678,167087.95
2025-09-30,1679,53053.92
2025-09-30,1680,177677.47
2025-09-30,1681,168989.96
2025-09-30,1682,242288.06
2025-09-30,1683,125754.04
2025-09-30,1684,110807.15
2025-09-30,1685,107472.24
2025-09-30,1686,124542.89
2025-09-30,1687,75363.07
2025-09-30,1688,118207.95
2025-09-30,1689,78054.59
2025-09-30,1690,220600.39
2025-09-30,1691,127623.28
2025-09-30,1692,119702.97
2025-09-30,1693,549898.99
2025-09-30,1694,44734.83
2025-09-30,1695,75474.76
2025-09-30,1696,43830.72
2025-09-30,1697,214714.62
2025-09-30,1698,247463.24
2025-09-30,1699,84858.71
2025-09-30,1700,25655.95
2025-09-30,1701,88625.54
2025-09-30,1702,79080.68
2025-09-30,1703,122644.88
2025-09-30,1704,158809.95
2025-09-30,1705,94879.89
2025-09-30,1706,153148.25
2025-09-30,1707,185111.26
2025-09-30,1708,84592.84
2025-09-30,1709,150137.93
2025-09-30,1710,55596.88
2025-09-30,1711,115334.81
2025-09-30,1712,66325.21
2025-09-30,1713,109591.63
2025-09-30,1714,296953.25
2025-09-30,1715,193834.16
2025-09-30,1716,210585.81
2025-09-30,1717,209403.11
2025-09-30,1718,172291.36
2025-09-30,1719,76341.85
2025-09-30,1720,352008.64
2025-09-30,1721,218864.07
2025-09-30,1722,117313.01
2025-09-30,1723,140679.82
2025-09-30,1724,246269.39
2025-09-30,1725,124320.62
2025-09-30,1726,19580.29
2025-09-30,1727,62954.15
2025-09-30,1728,46423.69
2025-09-30,1729,147982.98
2025-09-30,1730,190339.88
2025-09-30,1731,284628.52
2025-09-30,1732,221467.55
2025-09-30,1733,46826.14
2025-09-30,1734,76423.02
2025-09-30,1735,31821.08
2025-09-30,1736,129494.61
2025-09-30,1737,343951.41
2025-09-30,1738,29831.83
2025-09-30,1739,166665.61
2025-09-30,1740,255573.77
2025-09-30,1741,307116.68
2025-09-30,1742,191066.98
2025-09-30,1743,31862.62
2025-09-30,1744,225158.34
2025-09-30,1745,25467.74
2025-09-30,1746,195828.17
2025-09-30,1747,57291.69
2025-09-30,1748,125766.6
2025-09-30,1749,75841.34
2025-09-30,1750,78016.73
2025-09-30,1751,62729.2
2025-09-30,1752,50099.0
2025-09-30,1753,48414.25
2025-09-30,1754,209076.54
2025-09-30,1755,170401.04
2025-09-30,1756,37786.8
2025-09-30,1757,29819.4
2025-09-30,1758,199346.76
2025-09-30,1759,123234.65
2025-09-30,1760,115943.6
2025-09-30,1761,255267.29
2025-09-30,1762,124771.02
2025-09-30,1763,39380.16
2025-09-30,1764,104047.25
2025-09-30,1765,47489.01
2025-09-30,1766,140894.29
2025-09-30,1767,194134.88
2025-09-30,1768,154166.26
2025-09-30,1769,76323.67
2025-09-30,1770,183949.17
2025-09-30,1771,94889.68
2025-09-30,1772,804985.3
2025-09-30,1773,210988.4
2025-09-30,1774,196022.84
2025-09-30,1775,45676.86
2025-09-30,1776,322800.35
2025-09-30,1777,59927.58
2025-09-30,1778,83305.49
2025-09-30,1779,29997.98
2025-09-30,1780,104113.53
2025-09-30,1781,199058.08
2025-09-30,1782,76983.57
2025-09-30,1783,33078.22
2025-09-30,1784,241229.76
2025-09-30,1785,369435.41
2025-09-30,1786,131199.57
2025-09-30,1787,39042.24
2025-09-30,1788,19217.97
2025-09-30,1789,251324.59
2025-09-30,1790,86419.38
2025-09-30,1791,279272.34
2025-09-30,1792,230155.09
2025-09-30,1793,193243.46
2025-09-30,1794,584026.15
2025-09-30,1795,109648.15
2025-09-30,1796,297399.67
2025-09-30,1797,422112.67
2025-09-30,1798,127797.42
2025-09-30,1799,192265.02
2025-09-30,1800,336183.77
2025-09-30,1801,88370.77
2025-09-30,1802,167525.4
2025-09-30,1803,75324.4
2025-09-30,1804,268220.18
2025-09-30,1805,89289.56
2025-09-30,1806,63103.11
2025-09-30,1807,295063.52
2025-09-30,1808,138977.49
2025-09-30,1809,42264.74
2025-09-30,1810,421735.27
2025-09-30,1811,96470.25
2025-09-30,1812,298778.6
2025-09-30,1813,119176.28
2025-09-30,1814,78058.34
2025-09-30,1815,96490.09
2025-09-30,1816,81003.57
2025-09-30,1817,100846.02
2025-09-30,1818,40622.1
2025-09-30,1819,134073.05
2025-09-30,1820,78390.56
2025-09-30,1821,212359.87
2025-09-30,1822,111747.61
2025-09-30,1823,23625.7
2025-09-30,1824,154848.73
2025-09-30,1825,247327.88
2025-09-30,1826,136749.03
2025-09-30,1827,88139.07
2025-09-30,1828,117873.25
2025-09-30,1829,154870.14
2025-09-30,1830,167223.98
2025-09-30,1831,201185.74
2025-09-30,1832,78594.05
2025-09-30,1833,158409.24
2025-09-30,1834,153360.45
2025-09-30,1835,143376.96
2025-09-30,1836,133465.58
2025-09-30,1837,303874.49
2025-09-30,1838,71501.61
2025-09-30,1839,134470.87
2025-09-30,1840,166962.13
2025-09-30,1841,56213.09
2025-09-30,1842,353284.98
2025-09-30,1843,118466.19
2025-09-30,1844,42743.44
2025-09-30,1845,299555.04
2025-09-30,1846,91559.15
2025-09-30,1847,64065.89
2025-09-30,1848,75325.39
2025-09-30,1849,19690.94
2025-09-30,1850,149548.01
2025-09-30,1851,190489.79
2025-09-30,1852,134577.53
2025-09-30,1853,134610.92
2025-09-30,1854,33600.04
2025-09-30,1855,79570.49
2025-09-30,1856,151207.1
2025-09-30,1857,117211.24
2025-09-30,1858,136771.92
2025-09-30,1859,162316.47
2025-09-30,1860,166613.33
2025-09-30,1861,458993.14
2025-09-30,1862,100474.93
2025-09-30,1863,69749.94
2025-09-30,1864,38767.01
2025-09-30,1865,53803.64
2025-09-30,1866,67568.79
2025-09-30,1867,148639.0
2025-09-30,1868,137104.19
2025-09-30,1869,66043.88
2025-09-30,1870,602000.77
2025-09-30,1871,136434.6
2025-09-30,1872,252902.14
2025-09-30,1873,95885.42
2025-09-30,1874,70905.09
2025-09-30,1875,38942.74
2025-09-30,1876,107231.7
2025-09-30,1877,226937.93
2025-09-30,1878,54631.84
2025-09-30,1879,71196.28
2025-09-30,1880,500383.93
2025-09-30,1881,64107.82
2025-09-30,1882,97409.48
2025-09-30,1883,146239.19
2025-09-30,1884,79004.42
2025-09-30,1885,156668.49
2025-09-30,1886,193512.95
2025-09-30,1887,138455.66
2025-09-30,1888,104127.82
2025-09-30,1889,91147.06
2025-09-30,1890,120812.54
2025-09-30,1891,104228.08
2025-09-30,1892,146520.64
2025-09-30,1893,163197.85
2025-09-30,1894,76383.04
2025-09-30,1895,38339.73
2025-09-30,1896,143592.96
2025-09-30,1897,70801.37
2025-09-30,1898,89210.94
2025-09-30,1899,100536.73
2025-09-30,1900,212723.47
2025-09-30,1901,173918.83
2025-09-30,1902,257884.03
2025-09-30,1903,87784.62
2025-09-30,1904,66246.52
2025-09-30,1905,107041.04
2025-09-30,1906,204891.61
2025-09-30,1907,411778.69
2025-09-30,1908,142258.02
2025-09-30,1909,185172.71
2025-09-30,1910,135758.0
2025-09-30,1911,98393.64
2025-09-30,1912,105133.8
2025-09-30,1913,196429.8
2025-09-30,1914,73403.65
2025-09-30,1915,103860.4
2025-09-30,1916,95739.07
2025-09-30,1917,435867.27
2025-09-30,1918,190024.8
2025-09-30,1919,129485.25
2025-09-30,1920,74091.73
2025-09-30,1921,257786.59
2025-09-30,1922,168761.28
2025-09-30,1923,181656.9
2025-09-30,1924,119298.8
2025-09-30,1925,234324.57
2025-09-30,1926,70819.1
2025-09-30,1927,314638.12
2025-09-30,1928,69933.9
2025-09-30,1929,127244.57
2025-09-30,1930,37002.61
2025-09-30,1931,275454.75
2025-09-30,1932,135934.77
2025-09-30,1933,151734.59
2025-09-30,1934,424355.25
2025-09-30,1935,124130.65
2025-09-30,1936,160365.87
2025-09-30,1937,295422.81
2025-09-30,1938,191272.91
2025-09-30,1939,146397.61
2025-09-30,1940,96302.86
2025-09-30,1941,131213.46
2025-09-30,1942,92380.87
2025-09-30,1943,337010.61
2025-09-30,1944,166467.12
2025-09-30,1945,234765.44
2025-09-30,1946,214604.11
2025-09-30,1947,225277.33
2025-09-30,1948,41589.62
2025-09-30,1949,169632.62
2025-09-30,1950,1234486.85
2025-09-30,1951,178734.1
2025-09-30,1952,160850.92
2025-09-30,1953,231536.89
2025-09-30,1954,287479.87
2025-09-30,1955,118908.95
2025-09-30,1956,252959.04
2025-09-30,1957,126057.43
2025-09-30,1958,91525.35
2025-09-30,1959,38267.1
2025-09-30,1960,198785.49
2025-09-30,1961,347167.46
2025-09-30,1962,5451.44
2025-09-30,1963,211128.53
2025-09-30,1964,228808.39
2025-09-30,1965,17093.94
2025-09-30,1966,251609.13
2025-09-30,1967,39010.28
2025-09-30,1968,99922.43
2025-09-30,1969,170462.54
2025-09-30,1970,99151.19
2025-09-30,1971,41392.66
2025-09-30,1972,49513.83
2025-09-30,1973,164319.08
2025-09-30,1974,449927.47
2025-09-30,1975,183949.45
2025-09-30,1976,151126.29
2025-09-30,1977,67099.48
2025-09-30,1978,157073.48
2025-09-30,1979,72230.4
2025-09-30,1980,134446.33
2025-09-30,1981,45550.26
2025-09-30,1982,105412.29
2025-09-30,1983,109296.41
2025-09-30,1984,87914.41
2025-09-30,1985,171427.97
2025-09-30,1986,204091.38
2025-09-30,1987,184225.78
2025-09-30,1988,406601.68
2025-09-30,1989,57606.75
2025-09-30,1990,45674.63
2025-09-30,1991,128110.08
2025-09-30,1992,34220.66
2025-09-30,1993,330537.4
2025-09-30,1994,65713.07
2025-09-30,1995,2084.07
2025-09-30,1996,147121.48
2025-09-30,1997,270446.74
2025-09-30,1998,276697.01
2025-09-30,1999,16865.08
2025-09-30,2000,105883.58
2025-09-30,2001,282601.77
2025-09-30,2002,228079.04
2025-09-30,2003,238812.61
2025-09-30,2004,74965.23
2025-09-30,2005,252620.27
2025-09-30,2006,79068.71
2025-09-30,2007,104527.38
2025-09-30,2008,168233.52
2025-09-30,2009,84534.72
2025-09-30,2010,10334.25
2025-09-30,2011,186646.36
2025-09-30,2012,368832.97
2025-09-30,2013,196967.32
2025-09-30,2014,282656.89
2025-09-30,2015,186679.54
2025-09-30,2016,22588.49
2025-09-30,2017,268393.34
2025-09-30,2018,60772.03
2025-09-30,2019,9710.09
2025-09-30,2020,51541.11
2025-09-30,2021,159805.17
2025-09-30,2022,134806.74
2025-09-30,2023,110318.94
2025-09-30,2024,384880.85
2025-09-30,2025,82587.43
2025-09-30,2026,141122.16
2025-09-30,2027,184345.39
2025-09-30,2028,19736.23
2025-09-30,2029,76113.11
2025-09-30,2030,1822.9
2025-09-30,2031,271670.5
2025-09-30,2032,46549.02
2025-09-30,2033,64605.61
2025-09-30,2034,77964.91
2025-09-30,2035,262574.71
2025-09-30,2036,175145.85
2025-09-30,2037,82786.78
2025-09-30,2038,58870.3
2025-09-30,2039,235739.21
2025-09-30,2040,605708.22
2025-09-30,2041,13896.22
2025-09-30,2042,248612.44
2025-09-30,2043,228904.4
2025-09-30,2044,44799.57
2025-09-30,2045,169067.75
2025-09-30,2046,124866.99
2025-09-30,2047,216962.58
2025-09-30,2048,207760.46
2025-09-30,2049,120903.65
2025-09-30,2050,28646.02
2025-09-30,2051,98095.44
2025-09-30,2052,54689.34
2025-09-30,2053,138271.83
2025-09-30,2054,251033.95
2025-09-30,2055,163190.55
2025-09-30,2056,9639.31
2025-09-30,2057,78027.82
2025-09-30,2058,19103.68
2025-09-30,2059,229726.36
2025-09-30,2060,245838.66
2025-09-30,2061,111755.64
2025-09-30,2062,205140.13
2025-09-30,2063,139865.69
2025-09-30,2064,329472.26
2025-09-30,2065,211115.57
2025-09-30,2066,146575.55
2025-09-30,2067,78702.05
2025-09-30,2068,74141.48
2025-09-30,2069,132445.04
2025-09-30,2070,63749.85
2025-09-30,2071,99053.56
2025-09-30,2072,175780.12
2025-09-30,2073,114763.97
2025-09-30,2074,350654.96
2025-09-30,2075,96313.46
2025-09-30,2076,97312.59
2025-09-30,2077,158549.63
2025-09-30,2078,278204.45
2025-09-30,2079,149685.02
2025-09-30,2080,41747.33
2025-09-30,2081,75329.97
2025-09-30,2082,169383.43
2025-09-30,2083,23590.72
2025-09-30,2084,122085.85
2025-09-30,2085,78896.69
2025-09-30,2086,162347.57
2025-09-30,2087,249210.07
2025-09-30,2088,2645.88
2025-09-30,2089,304316.37
2025-09-30,2090,98471.1
2025-09-30,2091,340676.6
2025-09-30,2092,308474.24
2025-09-30,2093,175603.57
2025-09-30,2094,101035.35
2025-09-30,2095,183299.74
2025-09-30,2096,305334.55
2025-09-30,2097,97249.85
2025-09-30,2098,57811.31
2025-09-30,2099,124691.31
2025-09-30,2100,139671.88
2025-09-30,2101,215900.92
2025-09-30,2102,126537.59
2025-09-30,2103,14932.44
2025-09-30,2104,156187.45
2025-09-30,2105,44012.09
2025-09-30,2106,748303.33
2025-09-30,2107,99084.49
2025-09-30,2108,129461.21
2025-09-30,2109,183614.59
2025-09-30,2110,28112.42
2025-09-30,2111,149520.42
2025-09-30,2112,71162.3
2025-09-30,2113,469508.95
2025-09-30,2114,250671.53
2025-09-30,2115,1210.53
2025-09-30,2116,120022.1
2025-09-30,2117,92119.58
2025-09-30,2118,205589.71
2025-09-30,2119,75336.59
2025-09-30,2120,55661.5
2025-09-30,2121,101258.17
2025-09-30,2122,182555.15
2025-09-30,2123,90896.92
2025-09-30,2124,86856.03
2025-09-30,2125,54998.42
2025-09-30,2126,45594.69
2025-09-30,2127,127015.23
2025-09-30,2128,16799.99
2025-09-30,2129,286976.26
2025-09-30,2130,160627.42
2025-09-30,2131,231595.63
2025-09-30,2132,80278.28
2025-09-30,2133,149300.82
2025-09-30,2134,371351.0
2025-09-30,2135,94093.63
2025-09-30,2136,147162.88
2025-09-30,2137,342042.65
2025-09-30,2138,223465.42
2025-09-30,2139,349903.02
2025-09-30,2140,69851.25
2025-09-30,2141,65806.79
2025-09-30,2142,203295.81
2025-09-30,2143,116155.11
2025-09-30,2144,132399.71
2025-09-30,2145,217128.83
2025-09-30,2146,94508.91
2025-09-30,2147,170164.22
2025-09-30,2148,60710.11
2025-09-30,2149,165283.71
2025-09-30,2150,271438.39
2025-09-30,2151,134877.74
2025-09-30,2152,147539.93
2025-09-30,2153,290437.5
2025-09-30,2154,231226.34
2025-09-30,2155,145297.41
2025-09-30,2156,424552.09
2025-09-30,2157,38062.91
2025-09-30,2158,164285.17
2025-09-30,2159,100288.37
2025-09-30,2160,28882.66
2025-09-30,2161,75958.12
2025-09-30,2162,110507.97
2025-09-30,2163,91303.72
2025-09-30,2164,213550.38
2025-09-30,2165,325618.17
2025-09-30,2166,169447.17
2025-09-30,2167,59830.44
2025-09-30,2168,52844.51
2025-09-30,2169,241794.99
2025-09-30,2170,17899.41
2025-09-30,2171,167445.08
2025-09-30,2172,121056.58
2025-09-30,2173,480827.18
2025-09-30,2174,70895.52
2025-09-30,2175,124214.21
2025-09-30,2176,163588.25
2025-09-30,2177,83817.05
2025-09-30,2178,132870.97
2025-09-30,2179,125601.28
2025-09-30,2180,302356.46
2025-09-30,2181,254711.8
2025-09-30,2182,121529.29
2025-09-30,2183,139002.42
2025-09-30,2184,67570.84
2025-09-30,2185,124585.44
2025-09-30,2186,185738.13
2025-09-30,2187,79678.46
2025-09-30,2188,336914.27
2025-09-30,2189,78226.82
2025-09-30,2190,121860.82
2025-09-30,2191,373545.19
2025-09-30,2192,188883.17
2025-09-30,2193,242448.1
2025-09-30,2194,115894.74
2025-09-30,2195,126193.63
2025-09-30,2196,92802.09
2025-09-30,2197,47260.11
2025-09-30,2198,108353.38
2025-09-30,2199,175562.99
2025-09-30,2200,55880.16
2025-09-30,2201,147577.28
2025-09-30,2202,91792.25
2025-09-30,2203,46060.84
2025-09-30,2204,248834.11
2025-09-30,2205,87414.85
2025-09-30,2206,64287.15
2025-09-30,2207,245734.87
2025-09-30,2208,309842.38
2025-09-30,2209,382944.22
2025-09-30,2210,292702.31
2025-09-30,2211,183204.98
2025-09-30,2212,38496.76
2025-09-30,2213,35050.14
2025-09-30,2214,322836.67
2025-09-30,2215,231485.91
2025-09-30,2216,192370.38
2025-09-30,2217,158318.18
2025-09-30,2218,82704.58
2025-09-30,2219,105662.18
2025-09-30,2220,156582.04
2025-09-30,2221,150604.3
2025-09-30,2222,134204.68
2025-09-30,2223,397469.93
2025-09-30,2224,257031.49
2025-09-30,2225,66800.12
2025-09-30,2226,45888.21
2025-09-30,2227,249486.06
2025-09-30,2228,199229.87
2025-09-30,2229,370977.2
2025-09-30,2230,251324.83
2025-09-30,2231,458225.54
2025-09-30,2232,167676.01
2025-09-30,2233,180687.04
2025-09-30,2234,50286.33
2025-09-30,2235,67281.02
2025-09-30,2236,48605.66
2025-09-30,2237,64477.46
2025-09-30,2238,237699.53
2025-09-30,2239,105933.92
2025-09-30,2240,146582.01
2025-09-30,2241,155538.91
2025-09-30,2242,129122.9
2025-09-30,2243,522018.13
2025-09-30,2244,356108.33
2025-09-30,2245,295839.39
2025-09-30,2246,232972.92
2025-09-30,2247,128766.45
2025-09-30,2248,125037.42
2025-09-30,2249,50650.25
2025-09-30,2250,79934.07
2025-09-30,2251,113633.72
2025-09-30,2252,155587.52
2025-09-30,2253,235926.66
2025-09-30,2254,117441.72
2025-09-30,2255,189182.74
2025-09-30,2256,108624.55
2025-09-30,2257,105210.58
2025-09-30,2258,249942.7
2025-09-30,2259,86325.55
2025-09-30,2260,162504.51
2025-09-30,2261,278388.26
2025-09-30,2262,53387.79
2025-09-30,2263,448811.49
2025-09-30,2264,161065.94
2025-09-30,2265,32289.1
2025-09-30,2266,204298.73
2025-09-30,2267,126805.01
2025-09-30,2268,173321.97
2025-09-30,2269,48687.72
2025-09-30,2270,244135.46
2025-09-30,2271,220807.01
2025-09-30,2272,37448.22
2025-09-30,2273,225844.12
2025-09-30,2274,142109.58
2025-09-30,2275,98450.6
2025-09-30,2276,360198.59
2025-09-30,2277,167398.23
2025-09-30,2278,200046.27
2025-09-30,2279,166758.75
2025-09-30,2280,294576.78
2025-09-30,2281,103996.77
2025-09-30,2282,68299.05
2025-09-30,2283,157513.07
2025-09-30,2284,41813.05
2025-09-30,2285,122951.21
2025-09-30,2286,125308.92
2025-09-30,2287,75339.2
2025-09-30,2288,47965.13
2025-09-30,2289,119853.67
2025-09-30,2290,260929.55
2025-09-30,2291,120595.88
2025-09-30,2292,81107.63
2025-09-30,2293,172821.01
2025-09-30,2294,313124.1
2025-09-30,2295,222740.89
2025-09-30,2296,136063.06
2025-09-30,2297,70742.01
2025-09-30,2298,92608.68
2025-09-30,2299,137583.94
2025-09-30,2300,69179.96
2025-09-30,2301,86195.66
2025-09-30,2302,70720.03
2025-09-30,2303,449052.77
2025-09-30,2304,125419.44
2025-09-30,2305,115238.27
2025-09-30,2306,78785.1
2025-09-30,2307,267860.6
2025-09-30,2308,144919.51
2025-09-30,2309,277208.97
2025-09-30,2310,131267.46
2025-09-30,2311,93115.68
2025-09-30,2312,101468.64
2025-09-30,2313,189488.07
2025-09-30,2314,91873.33
2025-09-30,2315,46719.58
2025-09-30,2316,85992.1
2025-09-30,2317,252026.93
2025-09-30,2318,42787.44
2025-09-30,2319,328839.34
2025-09-30,2320,137595.22
2025-09-30,2321,119400.8
2025-09-30,2322,63848.21
2025-09-30,2323,187815.42
2025-09-30,2324,273970.43
2025-09-30,2325,172354.28
2025-09-30,2326,135666.54
2025-09-30,2327,209911.02
2025-09-30,2328,52273.38
2025-09-30,2329,85471.58
2025-09-30,2330,203784.74
2025-09-30,2331,75632.19
2025-09-30,2332,312031.81
2025-09-30,2333,127886.49
2025-09-30,2334,163336.38
2025-09-30,2335,166076.24
2025-09-30,2336,95123.41
2025-09-30,2337,65470.89
2025-09-30,2338,193182.35
2025-09-30,2339,54585.65
2025-09-30,2340,320443.98
2025-09-30,2341,41366.24
2025-09-30,2342,21621.69
2025-09-30,2343,156657.76
2025-09-30,2344,161341.22
2025-09-30,2345,301271.18
2025-09-30,2346,167506.88
2025-09-30,2347,118591.34
2025-09-30,2348,91616.1
2025-09-30,2349,73813.02
2025-09-30,2350,146275.94
2025-09-30,2351,4635.68
2025-09-30,2352,164619.37
2025-09-30,2353,92609.22
2025-09-30,2354,149027.53
2025-09-30,2355,395576.73
2025-09-30,2356,149264.45
2025-09-30,2357,100174.39
2025-09-30,2358,53144.92
2025-09-30,2359,102921.03
2025-09-30,2360,170575.69
2025-09-30,2361,31123.88
2025-09-30,2362,80213.01
2025-09-30,2363,265515.42
2025-09-30,2364,224177.78
2025-09-30,2365,266411.18
2025-09-30,2366,40278.49
2025-09-30,2367,56132.18
2025-09-30,2368,42163.0
2025-09-30,2369,405908.3
2025-09-30,2370,145195.89
2025-09-30,2371,795154.8
2025-09-30,2372,83873.08
2025-09-30,2373,118960.11
2025-09-30,2374,202877.57
2025-09-30,2375,1982.95
2025-09-30,2376,149887.05
2025-09-30,2377,143310.01
2025-09-30,2378,313141.54
2025-09-30,2379,153765.61
2025-09-30,2380,197765.05
2025-09-30,2381,204619.43
2025-09-30,2382,446380.2
2025-09-30,2383,40156.28
2025-09-30,2384,12761.7
2025-09-30,2385,60116.66
2025-09-30,2386,187258.55
2025-09-30,2387,63262.3
2025-09-30,2388,80060.77
2025-09-30,2389,116328.36
2025-09-30,2390,65701.43
2025-09-30,2391,347103.44
2025-09-30,2392,241155.66
2025-09-30,2393,187687.05
2025-09-30,2394,186301.66
2025-09-30,2395,97031.03
2025-09-30,2396,588740.29
2025-09-30,2397,81393.79
2025-09-30,2398,21734.35
2025-09-30,2399,300213.1
2025-09-30,2400,215555.04
2025-09-30,2401,96946.23
2025-09-30,2402,100923.03
2025-09-30,2403,30047.64
2025-09-30,2404,91554.95
2025-09-30,2405,124025.9
2025-09-30,2406,160997.9
2025-09-30,2407,200693.19
2025-09-30,2408,178264.96
2025-09-30,2409,80408.07
2025-09-30,2410,386536.71
2025-09-30,2411,399494.12
2025-09-30,2412,92328.96
2025-09-30,2413,115318.05
2025-09-30,2414,155117.79
2025-09-30,2415,315370.29
2025-09-30,2416,205606.86
2025-09-30,2417,158316.7
2025-09-30,2418,84569.79
2025-09-30,2419,101841.38
2025-09-30,2420,7171.21
2025-09-30,2421,104788.16
2025-09-30,2422,65383.94
2025-09-30,2423,172681.82
2025-09-30,2424,256693.0
2025-09-30,2425,212312.85
2025-09-30,2426,73397.39
2025-09-30,2427,185587.82
2025-09-30,2428,56672.7
2025-09-30,2429,261245.38
2025-09-30,2430,73496.44
2025-09-30,2431,272995.87
2025-09-30,2432,365564.27
2025-09-30,2433,558221.96
2025-09-30,2434,70849.85
2025-09-30,2435,177546.46
2025-09-30,2436,193821.85
2025-09-30,2437,97940.56
2025-09-30,2438,143723.74
2025-09-30,2439,156876.87
2025-09-30,2440,49725.85
2025-09-30,2441,145082.43
2025-09-30,2442,162336.88
2025-09-30,2443,50805.26
2025-09-30,2444,25333.76
2025-09-30,2445,132468.74
2025-09-30,2446,126423.17
2025-09-30,2447,42128.41
2025-09-30,2448,193523.97
2025-09-30,2449,31440.87
2025-09-30,2450,232253.06
2025-09-30,2451,88833.54
2025-09-30,2452,226910.61
2025-09-30,2453,513027.05
2025-09-30,2454,101920.45
2025-09-30,2455,135307.24
2025-09-30,2456,59578.93
2025-09-30,2457,67135.3
2025-09-30,2458,297057.79
2025-09-30,2459,212775.26
2025-09-30,2460,46597.75
2025-09-30,2461,95905.13
2025-09-30,2462,56442.71
2025-09-30,2463,92164.2
2025-09-30,2464,73045.8
2025-09-30,2465,95369.56
2025-09-30,2466,833832.76
2025-09-30,2467,69362.36
2025-09-30,2468,488417.78
2025-09-30,2469,209656.52
2025-09-30,2470,283456.98
2025-09-30,2471,238907.11
2025-09-30,2472,202693.63
2025-09-30,2473,101704.09
2025-09-30,2474,91659.6
2025-09-30,2475,148249.51
2025-09-30,2476,129382.08
2025-09-30,2477,100331.61
2025-09-30,2478,131476.01
2025-09-30,2479,182974.48
2025-09-30,2480,247178.29
2025-09-30,2481,27782.57
2025-09-30,2482,101007.4
2025-09-30,2483,23730.33
2025-09-30,2484,136865.6
2025-09-30,2485,60939.54
2025-09-30,2486,186464.39
2025-09-30,2487,62849.63
2025-09-30,2488,125203.74
2025-09-30,2489,200162.17
2025-09-30,2490,281239.37
2025-09-30,2491,149608.09
2025-09-30,2492,174259.21
2025-09-30,2493,161558.85
2025-09-30,2494,36526.58
2025-09-30,2495,158914.3
2025-09-30,2496,157818.91
2025-09-30,2497,122242.36
2025-09-30,2498,144246.39
2025-09-30,2499,376833.2
2025-09-30,2500,130663.88
2025-09-30,2501,103695.2
2025-09-30,2502,204210.75
2025-09-30,2503,57402.07
2025-09-30,2504,151989.22
2025-09-30,2505,77738.02
2025-09-30,2506,111263.01
2025-09-30,2507,28747.19
2025-09-30,2508,159263.94
2025-09-30,2509,231212.46
2025-09-30,2510,8520.93
2025-09-30,2511,79885.07
2025-09-30,2512,153441.66
2025-09-30,2513,103987.48
2025-09-30,2514,49036.78
2025-09-30,2515,105488.42
2025-09-30,2516,101916.56
2025-09-30,2517,31427.98
2025-09-30,2518,81412.31
2025-09-30,2519,195660.24
2025-09-30,2520,101268.36
2025-09-30,2521,307458.14
2025-09-30,2522,66594.26
2025-09-30,2523,45258.4
2025-09-30,2524,42027.43
2025-09-30,2525,210833.5
2025-09-30,2526,19053.53
2025-09-30,2527,21430.33
2025-09-30,2528,19084.8
2025-09-30,2529,29795.18
2025-09-30,2530,82399.2
2025-09-30,2531,76793.82
2025-09-30,2532,97341.26
2025-09-30,2533,493889.91
2025-09-30,2534,80944.38
2025-09-30,2535,55917.44
2025-09-30,2536,193546.35
2025-09-30,2537,17978.31
2025-09-30,2538,77765.96
2025-09-30,2539,215284.41
2025-09-30,2540,400483.39
2025-09-30,2541,109499.39
2025-09-30,2542,212051.45
2025-09-30,2543,38939.04
2025-09-30,2544,149815.79
2025-09-30,2545,162415.78
2025-09-30,2546,131578.41
2025-09-30,2547,132255.3
2025-09-30,2548,18203.72
2025-09-30,2549,177596.25
2025-09-30,2550,523161.63
2025-09-30,2551,199306.21
2025-09-30,2552,66427.49
2025-09-30,2553,76329.9
2025-09-30,2554,53774.55
2025-09-30,2555,297865.02
2025-09-30,2556,257251.25
2025-09-30,2557,227629.97
2025-09-30,2558,52667.23
2025-09-30,2559,121698.28
2025-09-30,2560,192220.63
2025-09-30,2561,25934.43
2025-09-30,2562,27745.36
2025-09-30,2563,300252.74
2025-09-30,2564,433430.41
2025-09-30,2565,35335.27
2025-09-30,2566,210128.1
2025-09-30,2567,49126.45
2025-09-30,2568,137829.02
2025-09-30,2569,62145.36
2025-09-30,2570,114555.95
2025-09-30,2571,176661.08
2025-09-30,2572,211827.74
2025-09-30,2573,83311.08
2025-09-30,2574,172892.87
2025-09-30,2575,46219.72
2025-09-30,2576,181600.74
2025-09-30,2577,66199.63
2025-09-30,2578,17477.37
2025-09-30,2579,34703.7
2025-09-30,2580,79059.24
2025-09-30,2581,121554.33
2025-09-30,2582,134416.82
2025-09-30,2583,81587.45
2025-09-30,2584,151183.17
2025-09-30,2585,273264.45
2025-09-30,2586,30519.16
2025-09-30,2587,41625.32
2025-09-30,2588,155817.78
2025-09-30,2589,437883.42
2025-09-30,2590,103721.0
2025-09-30,2591,48672.99
2025-09-30,2592,153389.29
2025-09-30,2593,158376.7
2025-09-30,2594,99161.7
2025-09-30,2595,87919.84
2025-09-30,2596,157270.76
2025-09-30,2597,189585.84
2025-09-30,2598,1104082.56
2025-09-30,2599,59468.3
2025-09-30,2600,165026.35
2025-09-30,2601,174745.66
2025-09-30,2602,125799.45
2025-09-30,2603,138228.5
2025-09-30,2604,74125.87
2025-09-30,2605,161283.74
2025-09-30,2606,156322.48
2025-09-30,2607,45600.07
2025-09-30,2608,55752.8
2025-09-30,2609,125440.95
2025-09-30,2610,102357.99
2025-09-30,2611,217613.42
2025-09-30,2612,75091.58
2025-09-30,2613,79472.05
2025-09-30,2614,236793.68
2025-09-30,2615,405631.79
2025-09-30,2616,89964.73
2025-09-30,2617,170557.61
2025-09-30,2618,144021.86
2025-09-30,2619,73524.42
2025-09-30,2620,76991.98
2025-09-30,2621,173311.78
2025-09-30,2622,79407.97
2025-09-30,2623,194360.06
2025-09-30,2624,402188.75
2025-09-30,2625,75294.89
2025-09-30,2626,44752.77
2025-09-30,2627,278809.16
2025-09-30,2628,402219.37
2025-09-30,2629,79206.44
2025-09-30,2630,224999.8
2025-09-30,2631,88256.06
2025-09-30,2632,85343.39
2025-09-30,2633,480021.58
2025-09-30,2634,144690.61
2025-09-30,2635,142305.1
2025-09-30,2636,395744.09
2025-09-30,2637,93460.51
2025-09-30,2638,174294.2
2025-09-30,2639,208685.4
2025-09-30,2640,52526.73
2025-09-30,2641,72248.0
2025-09-30,2642,191691.6
2025-09-30,2643,206816.59
2025-09-30,2644,75353.2
2025-09-30,2645,72371.63
2025-09-30,2646,165476.62
2025-09-30,2647,276821.73
2025-09-30,2648,134965.15
2025-09-30,2649,185604.21
2025-09-30,2650,183161.94
2025-09-30,2651,146046.11
2025-09-30,2652,322129.19
2025-09-30,2653,71226.84
2025-09-30,2654,174552.38
2025-09-30,2655,85504.18
2025-09-30,2656,81904.95
2025-09-30,2657,20800.6
2025-09-30,2658,126741.56
2025-09-30,2659,125505.8
2025-09-30,2660,161664.09
2025-09-30,2661,210395.47
2025-09-30,2662,45035.93
2025-09-30,2663,73536.04
2025-09-30,2664,130062.15
2025-09-30,2665,127585.92
2025-09-30,2666,311037.73
2025-09-30,2667,172859.38
2025-09-30,2668,39721.33
2025-09-30,2669,100218.38
2025-09-30,2670,284328.83
2025-09-30,2671,62581.6
2025-09-30,2672,59682.76
2025-09-30,2673,178519.31
2025-09-30,2674,278076.6
2025-09-30,2675,113434.69
2025-09-30,2676,92996.19
2025-09-30,2677,300380.25
2025-09-30,2678,163281.21
2025-09-30,2679,285673.33
2025-09-30,2680,64565.99
2025-09-30,2681,70487.96
2025-09-30,2682,140982.63
2025-09-30,2683,177309.63
2025-09-30,2684,336933.9
2025-09-30,2685,126442.76
2025-09-30,2686,225999.03
2025-09-30,2687,295129.38
2025-09-30,2688,169240.81
2025-09-30,2689,127042.71
2025-09-30,2690,110411.84
2025-09-30,2691,90918.8
2025-09-30,2692,242223.9
2025-09-30,2693,242001.17
2025-09-30,2694,83647.05
2025-09-30,2695,161269.66
2025-09-30,2696,166470.32
2025-09-30,2697,131379.65
2025-09-30,2698,227176.7
2025-09-30,2699,187349.41
2025-09-30,2700,92589.01
2025-09-30,2701,74921.65
2025-09-30,2702,125890.83
2025-09-30,2703,493105.52
2025-09-30,2704,146639.44
2025-09-30,2705,95208.15
2025-09-30,2706,90176.79
2025-09-30,2707,261569.6
2025-09-30,2708,455043.99
2025-09-30,2709,48419.39
2025-09-30,2710,95686.33
2025-09-30,2711,498296.15
2025-09-30,2712,211321.67
2025-09-30,2713,71020.12
2025-09-30,2714,103780.2
2025-09-30,2715,628041.47
2025-09-30,2716,146732.84
2025-09-30,2717,132790.13
2025-09-30,2718,76878.59
2025-09-30,2719,118855.16
2025-09-30,2720,83413.39
2025-09-30,2721,443865.91
2025-09-30,2722,458789.32
2025-09-30,2723,216554.73
2025-09-30,2724,197460.68
2025-09-30,2725,33482.87
2025-09-30,2726,73796.37
2025-09-30,2727,30226.56
2025-09-30,2728,225987.36
2025-09-30,2729,363007.88
2025-09-30,2730,279172.13
2025-09-30,2731,149669.08
2025-09-30,2732,125965.96
2025-09-30,2733,310261.9
2025-09-30,2734,161560.47
2025-09-30,2735,186593.2
2025-09-30,2736,247605.72
2025-09-30,2737,363473.97
2025-09-30,2738,35909.0
2025-09-30,2739,527205.76
2025-09-30,2740,309235.02
2025-09-30,2741,251091.62
2025-09-30,2742,81172.81
2025-09-30,2743,158708.02
2025-09-30,2744,64569.2
2025-09-30,2745,112536.84
2025-09-30,2746,122260.67
2025-09-30,2747,62951.69
2025-09-30,2748,198055.79
2025-09-30,2749,556619.6
2025-09-30,2750,197667.93
2025-09-30,2751,254107.19
2025-09-30,2752,132157.83
2025-09-30,2753,337578.34
2025-09-30,2754,154830.92
2025-09-30,2755,145649.21
2025-09-30,2756,329888.41
2025-09-30,2757,155619.34
2025-09-30,2758,94581.73
2025-09-30,2759,39857.79
2025-09-30,2760,20523.34
2025-09-30,2761,293527.18
2025-09-30,2762,177719.14
2025-09-30,2763,101088.57
2025-09-30,2764,259755.98
2025-09-30,2765,107134.67
2025-09-30,2766,146575.35
2025-09-30,2767,129361.96
2025-09-30,2768,114591.89
2025-09-30,2769,134621.99
2025-09-30,2770,686953.62
2025-09-30,2771,35238.73
2025-09-30,2772,113634.28
2025-09-30,2773,317274.61
2025-09-30,2774,28944.59
2025-09-30,2775,172745.24
2025-09-30,2776,130374.34
2025-09-30,2777,63773.55
2025-09-30,2778,92303.13
2025-09-30,2779,256044.56
2025-09-30,2780,59117.0
2025-09-30,2781,200398.58
2025-09-30,2782,80604.26
2025-09-30,2783,269818.11
2025-09-30,2784,90044.29
2025-09-30,2785,44958.58
2025-09-30,2786,136692.14
2025-09-30,2787,106651.48
2025-09-30,2788,123888.51
2025-09-30,2789,100295.27
2025-09-30,2790,139462.22
2025-09-30,2791,243924.46
2025-09-30,2792,93569.14
2025-09-30,2793,279684.07
2025-09-30,2794,330472.26
2025-09-30,2795,134148.62
2025-09-30,2796,136426.78
2025-09-30,2797,133777.31
2025-09-30,2798,148942.33
2025-09-30,2799,543262.85
2025-09-30,2800,200254.96
2025-09-30,2801,274175.08
2025-09-30,2802,113536.38
2025-09-30,2803,99489.99
2025-09-30,2804,15419.17
2025-09-30,2805,153205.92
2025-09-30,2806,68458.3
2025-09-30,2807,58428.97
2025-09-30,2808,186353.52
2025-09-30,2809,963393.96
2025-09-30,2810,121919.91
2025-09-30,2811,88443.17
2025-09-30,2812,157407.52
2025-09-30,2813,131777.89
2025-09-30,2814,38383.77
2025-09-30,2815,111811.3
2025-09-30,2816,110539.49
2025-09-30,2817,305740.59
2025-09-30,2818,51703.24
2025-09-30,2819,105003.25
2025-09-30,2820,59321.55
2025-09-30,2821,93075.39
2025-09-30,2822,190139.85
2025-09-30,2823,31624.86
2025-09-30,2824,75621.89
2025-09-30,2825,114739.21
2025-09-30,2826,181484.53
2025-09-30,2827,24788.24
2025-09-30,2828,187193.86
2025-09-30,2829,75659.2
2025-09-30,2830,141111.63
2025-09-30,2831,333235.88
2025-09-30,2832,364063.74
2025-09-30,2833,111634.51
2025-09-30,2834,691548.16
2025-09-30,2835,277001.12
2025-09-30,2836,290437.32
2025-09-30,2837,38951.55
2025-09-30,2838,107987.65
2025-09-30,2839,151723.8
2025-09-30,2840,84285.72
2025-09-30,2841,131345.45
2025-09-30,2842,35024.28
2025-09-30,2843,190487.48
2025-09-30,2844,364085.38
2025-09-30,2845,266316.48
2025-09-30,2846,286977.19
2025-09-30,2847,153402.36
2025-09-30,2848,157780.3
2025-09-30,2849,35784.7
2025-09-30,2850,159283.4
2025-09-30,2851,491129.36
2025-09-30,2852,36348.62
2025-09-30,2853,106990.23
2025-09-30,2854,456476.91
2025-09-30,2855,270858.19
2025-09-30,2856,230716.95
2025-09-30,2857,136791.79
2025-09-30,2858,332527.45
2025-09-30,2859,93239.03
2025-09-30,2860,74876.05
2025-09-30,2861,77717.1
2025-09-30,2862,208947.43
2025-09-30,2863,97299.4
2025-09-30,2864,99369.87
2025-09-30,2865,73209.07
2025-09-30,2866,83159.03
2025-09-30,2867,83016.74
2025-09-30,2868,160941.76
2025-09-30,2869,113453.34
2025-09-30,2870,233617.2
2025-09-30,2871,191821.52
2025-09-30,2872,189326.01
2025-09-30,2873,370199.63
2025-09-30,2874,150473.1
2025-09-30,2875,93388.46
2025-09-30,2876,68736.01
2025-09-30,2877,54675.88
2025-09-30,2878,153431.54
2025-09-30,2879,117264.09
2025-09-30,2880,98081.26
2025-09-30,2881,95862.88
2025-09-30,2882,78367.55
2025-09-30,2883,97924.99
2025-09-30,2884,110278.33
2025-09-30,2885,104646.72
2025-09-30,2886,450411.26
2025-09-30,2887,67442.77
2025-09-30,2888,103855.36
2025-09-30,2889,187168.97
2025-09-30,2890,46563.05
2025-09-30,2891,37536.47
2025-09-30,2892,102629.09
2025-09-30,2893,109666.16
2025-09-30,2894,185299.85
2025-09-30,2895,84933.54
2025-09-30,2896,58474.28
2025-09-30,2897,23403.48
2025-09-30,2898,105109.25
2025-09-30,2899,81687.04
2025-09-30,2900,203818.77
2025-09-30,2901,290933.01
2025-09-30,2902,74409.38
2025-09-30,2903,145249.25
2025-09-30,2904,120502.44
2025-09-30,2905,108533.96
2025-09-30,2906,44116.62
2025-09-30,2907,182794.69
2025-09-30,2908,75889.95
2025-09-30,2909,74999.43
2025-09-30,2910,224647.0
2025-09-30,2911,262267.88
2025-09-30,2912,145251.45
2025-09-30,2913,126377.76
2025-09-30,2914,37562.8
2025-09-30,2915,24164.37
2025-09-30,2916,94378.63
2025-09-30,2917,62487.85
2025-09-30,2918,254575.04
2025-09-30,2919,146168.99
2025-09-30,2920,97664.45
2025-09-30,2921,242508.48
2025-09-30,2922,77413.3
2025-09-30,2923,104407.65
2025-09-30,2924,70850.95
2025-09-30,2925,227636.4
2025-09-30,2926,182637.53
2025-09-30,2927,98081.49
2025-09-30,2928,94037.74
2025-09-30,2929,106577.63
2025-09-30,2930,80545.55
2025-09-30,2931,42769.62
2025-09-30,2932,98879.14
2025-09-30,2933,95909.04
2025-09-30,2934,53913.2
2025-09-30,2935,38784.34
2025-09-30,2936,103850.48
2025-09-30,2937,24085.1
2025-09-30,2938,167207.3
2025-09-30,2939,199849.47
2025-09-30,2940,257853.12
2025-09-30,2941,482946.57
2025-09-30,2942,110616.34
2025-09-30,2943,171471.94
2025-09-30,2944,231349.49
2025-09-30,2945,287536.11
2025-09-30,2946,334826.28
2025-09-30,2947,120151.4
2025-09-30,2948,112573.95
2025-09-30,2949,75555.85
2025-09-30,2950,152058.29
2025-09-30,2951,630476.65
2025-09-30,2952,123082.89
2025-09-30,2953,95632.72
2025-09-30,2954,223010.33
2025-09-30,2955,154050.31
2025-09-30,2956,258293.66
2025-09-30,2957,85477.25
2025-09-30,2958,174264.98
2025-09-30,2959,101018.47
2025-09-30,2960,77155.72
2025-09-30,2961,51714.98
2025-09-30,2962,291507.05
2025-09-30,2963,208765.11
2025-09-30,2964,77977.64
2025-09-30,2965,222089.79
2025-09-30,2966,2465.65
2025-09-30,2967,108985.94
2025-09-30,2968,182995.39
2025-09-30,2969,114516.4
2025-09-30,2970,139059.48
2025-09-30,2971,158735.05
2025-09-30,2972,1249794.22
2025-09-30,2973,173207.79
2025-09-30,2974,134039.62
2025-09-30,2975,176020.51
2025-09-30,2976,152828.29
2025-09-30,2977,163328.82
2025-09-30,2978,65203.66
2025-09-30,2979,133296.09
2025-09-30,2980,89131.06
2025-09-30,2981,120908.87
2025-09-30,2982,229463.63
2025-09-30,2983,119827.74
2025-09-30,2984,164862.64
2025-09-30,2985,90650.32
2025-09-30,2986,112002.34
2025-09-30,2987,150792.97
2025-09-30,2988,172129.87
2025-09-30,2989,35751.2
2025-09-30,2990,91464.8
2025-09-30,2991,175759.64
2025-09-30,2992,243986.5
2025-09-30,2993,59696.48
2025-09-30,2994,122220.08
2025-09-30,2995,167269.81
2025-09-30,2996,192864.16
2025-09-30,2997,117542.47
2025-09-30,2998,74635.23
2025-09-30,2999,225329.49
2025-09-30,3000,183668.09
2025-09-30,3001,55899.16
2025-09-30,3002,136892.88
2025-09-30,3003,82249.78
2025-09-30,3004,29371.22
2025-09-30,3005,74518.83
2025-09-30,3006,104161.52
2025-09-30,3007,228760.61
2025-09-30,3008,502060.11
2025-09-30,3009,387036.15
2025-09-30,3010,77046.46
2025-09-30,3011,141981.44
2025-09-30,3012,379278.04
2025-09-30,3013,372450.68
2025-09-30,3014,96152.58
2025-09-30,3015,90229.77
2025-09-30,3016,158675.01
2025-09-30,3017,297564.96
2025-09-30,3018,253345.93
2025-09-30,3019,270364.5
2025-09-30,3020,545111.58
2025-09-30,3021,295349.76
2025-09-30,3022,119664.58
2025-09-30,3023,187863.28
2025-09-30,3024,5730.72
2025-09-30,3025,84642.9
2025-09-30,3026,188329.91
2025-09-30,3027,147759.38
2025-09-30,3028,89040.44
2025-09-30,3029,103691.83
2025-09-30,3030,112369.84
2025-09-30,3031,88499.2
2025-09-30,3032,70629.04
2025-09-30,3033,47881.79
2025-09-30,3034,91163.45
2025-09-30,3035,188522.62
2025-09-30,3036,169678.34
2025-09-30,3037,224634.77
2025-09-30,3038,233946.18
2025-09-30,3039,1316142.11
2025-09-30,3040,94042.79
2025-09-30,3041,90454.91
2025-09-30,3042,264171.83
2025-09-30,3043,77896.31
2025-09-30,3044,377353.69
2025-09-30,3045,188074.54
2025-09-30,3046,180156.85
2025-09-30,3047,248908.66
2025-09-30,3048,99920.9
2025-09-30,3049,82068.09
2025-09-30,3050,261824.4
2025-09-30,3051,37462.99
2025-09-30,3052,78880.91
2025-09-30,3053,137779.5
2025-09-30,3054,59959.74
2025-09-30,3055,161070.1
2025-09-30,3056,255898.12
2025-09-30,3057,261878.47
2025-09-30,3058,97451.33
2025-09-30,3059,358719.67
2025-09-30,3060,110473.01
2025-09-30,3061,152183.49
2025-09-30,3062,39414.42
2025-09-30,3063,260367.46
2025-09-30,3064,40903.55
2025-09-30,3065,143919.47
2025-09-30,3066,83556.53
2025-09-30,3067,81805.48
2025-09-30,3068,217667.17
2025-09-30,3069,48456.69
2025-09-30,3070,26012.56
2025-09-30,3071,112631.17
2025-09-30,3072,124934.97
2025-09-30,3073,310839.41
2025-09-30,3074,6269.78
2025-09-30,3075,78228.55
2025-09-30,3076,131122.27
2025-09-30,3077,143153.0
2025-09-30,3078,129705.71
2025-09-30,3079,81707.05
2025-09-30,3080,42877.13
2025-09-30,3081,94549.72
2025-09-30,3082,138323.15
2025-09-30,3083,218119.96
2025-09-30,3084,81362.18
2025-09-30,3085,69101.16
2025-09-30,3086,117285.82
2025-09-30,3087,111185.45
2025-09-30,3088,45081.59
2025-09-30,3089,76700.82
2025-09-30,3090,87474.56
2025-09-30,3091,260864.24
2025-09-30,3092,152461.23
2025-09-30,3093,830242.39
2025-09-30,3094,237821.88
2025-09-30,3095,476229.75
2025-09-30,3096,116836.25
2025-09-30,3097,114101.71
2025-09-30,3098,187870.28
2025-09-30,3099,93973.53
2025-09-30,3100,174266.75
2025-09-30,3101,118403.45
2025-09-30,3102,367374.23
2025-09-30,3103,162659.86
2025-09-30,3104,225564.15
2025-09-30,3105,124404.98
2025-09-30,3106,123057.1
2025-09-30,3107,361958.65
2025-09-30,3108,49546.43
2025-09-30,3109,78273.78
2025-09-30,3110,29785.56
2025-09-30,3111,76967.49
2025-09-30,3112,61687.84
2025-09-30,3113,212280.05
2025-09-30,3114,146232.75
2025-09-30,3115,153792.33
2025-09-30,3116,174216.04
2025-09-30,3117,208345.8
2025-09-30,3118,102388.4
2025-09-30,3119,86599.78
2025-09-30,3120,414307.89
2025-09-30,3121,51211.73
2025-09-30,3122,16906.91
2025-09-30,3123,149780.32
2025-09-30,3124,175084.23
2025-09-30,3125,142738.46
2025-09-30,3126,124823.28
2025-09-30,3127,50274.87
2025-09-30,3128,48724.68
2025-09-30,3129,183974.23
2025-09-30,3130,228124.21
2025-09-30,3131,13777.87
2025-09-30,3132,397786.32
2025-09-30,3133,392176.99
2025-09-30,3134,388367.08
2025-09-30,3135,152923.84
2025-09-30,3136,261630.54
2025-09-30,3137,109153.73
2025-09-30,3138,166568.93
2025-09-30,3139,176666.6
2025-09-30,3140,65722.92
2025-09-30,3141,117596.99
2025-09-30,3142,95786.47
2025-09-30,3143,144774.45
2025-09-30,3144,128119.01
2025-09-30,3145,132491.74
2025-09-30,3146,118817.04
2025-09-30,3147,232098.53
2025-09-30,3148,107400.87
2025-09-30,3149,111035.63
2025-09-30,3150,296259.84
2025-09-30,3151,205135.7
2025-09-30,3152,62910.55
2025-09-30,3153,293035.54
2025-09-30,3154,85607.91
2025-09-30,3155,284555.23
2025-09-30,3156,229950.94
2025-09-30,3157,678865.9
2025-09-30,3158,206018.21
2025-09-30,3159,44447.54
2025-09-30,3160,436625.19
2025-09-30,3161,273186.11
2025-09-30,3162,101324.09
2025-09-30,3163,173776.13
2025-09-30,3164,173340.68
2025-09-30,3165,223043.73
2025-09-30,3166,63431.05
2025-09-30,3167,141026.86
2025-09-30,3168,207214.28
2025-09-30,3169,63361.41
2025-09-30,3170,61667.28
2025-09-30,3171,12978.34
2025-09-30,3172,139117.4
2025-09-30,3173,159119.77
2025-09-30,3174,99066.91
2025-09-30,3175,140504.28
2025-09-30,3176,470493.85
2025-09-30,3177,90544.76
2025-09-30,3178,230009.13
2025-09-30,3179,134019.19
2025-09-30,3180,181262.35
2025-09-30,3181,306554.59
2025-09-30,3182,5524.64
2025-09-30,3183,78918.23
2025-09-30,3184,94190.78
2025-09-30,3185,116581.9
2025-09-30,3186,130663.99
2025-09-30,3187,252546.47
2025-09-30,3188,273828.36
2025-09-30,3189,398972.92
2025-09-30,3190,23325.16
2025-09-30,3191,182538.11
2025-09-30,3192,99129.65
2025-09-30,3193,113534.7
2025-09-30,3194,181873.37
2025-09-30,3195,578234.69
2025-09-30,3196,268275.08
2025-09-30,3197,207137.37
2025-09-30,3198,388785.92
2025-09-30,3199,216950.58
2025-09-30,3200,150875.02
2025-10-31,1,211014.23
2025-10-31,2,69879.03
2025-10-31,3,91772.4
2025-10-31,4,65252.93
2025-10-31,5,200370.3
2025-10-31,6,126798.06
2025-10-31,7,113737.78
2025-10-31,8,90024.75
2025-10-31,9,86282.24
2025-10-31,10,31725.29
2025-10-31,11,58410.89
2025-10-31,12,135045.6
2025-10-31,13,108910.61
2025-10-31,14,141899.46
2025-10-31,15,51246.34
2025-10-31,16,93186.44
2025-10-31,17,125954.05
2025-10-31,18,170783.74
2025-10-31,19,442496.46
2025-10-31,20,21539.62
2025-10-31,21,33215.84
2025-10-31,22,81685.11
2025-10-31,23,110335.89
2025-10-31,24,111975.36
2025-10-31,25,118713.18
2025-10-31,26,153609.32
2025-10-31,27,312217.44
2025-10-31,28,113928.76
2025-10-31,29,114390.13
2025-10-31,30,178532.17
2025-10-31,31,273428.97
2025-10-31,32,23238.67
2025-10-31,33,266395.49
2025-10-31,34,109588.01
2025-10-31,35,76348.46
2025-10-31,36,86792.32
2025-10-31,37,163256.83
2025-10-31,38,175359.42
2025-10-31,39,876601.62
2025-10-31,40,44822.16
2025-10-31,41,355668.84
2025-10-31,42,52618.37
2025-10-31,43,50745.25
2025-10-31,44,175417.95
2025-10-31,45,119399.66
2025-10-31,46,100683.2
2025-10-31,47,296640.49
2025-10-31,48,78288.84
2025-10-31,49,191698.31
2025-10-31,50,130741.3
2025-10-31,51,129751.89
2025-10-31,52,189629.64
2025-10-31,53,499569.91
2025-10-31,54,336168.02
2025-10-31,55,148869.64
2025-10-31,56,68310.26
2025-10-31,57,482912.67
2025-10-31,58,236216.68
2025-10-31,59,257421.94
2025-10-31,60,192702.17
2025-10-31,61,62775.15
2025-10-31,62,207830.42
2025-10-31,63,70556.44
2025-10-31,64,147054.51
2025-10-31,65,402962.06
2025-10-31,66,210363.37
2025-10-31,67,149742.5
2025-10-31,68,118855.95
2025-10-31,69,248058.3
2025-10-31,70,239192.34
2025-10-31,71,52500.41
2025-10-31,72,134012.96
2025-10-31,73,156596.34
2025-10-31,74,3430.95
2025-10-31,75,84733.45
2025-10-31,76,109008.53
2025-10-31,77,171883.47
2025-10-31,78,47745.05
2025-10-31,79,161561.46
2025-10-31,80,285692.82
2025-10-31,81,217735.16
2025-10-31,82,164912.28
2025-10-31,83,189772.79
2025-10-31,84,58161.8
2025-10-31,85,13774.71
2025-10-31,86,132562.66
2025-10-31,87,23082.87
2025-10-31,88,212925.4
2025-10-31,89,25038.49
2025-10-31,90,147248.52
2025-10-31,91,128316.21
2025-10-31,92,155757.83
2025-10-31,93,264175.16
2025-10-31,94,390951.65
2025-10-31,95,187673.03
2025-10-31,96,124006.64
2025-10-31,97,186734.45
2025-10-31,98,49001.24
2025-10-31,99,212959.51
2025-10-31,100,75707.24
2025-10-31,101,639367.61
2025-10-31,102,179466.02
2025-10-31,103,42942.74
2025-10-31,104,110824.2
2025-10-31,105,468453.22
2025-10-31,106,280868.19
2025-10-31,107,62987.89
2025-10-31,108,52116.2
2025-10-31,109,68587.7
2025-10-31,110,64873.22
2025-10-31,111,412375.94
2025-10-31,112,88081.5
2025-10-31,113,48099.17
2025-10-31,114,292631.53
2025-10-31,115,178676.93
2025-10-31,116,18080.6
2025-10-31,117,205902.77
2025-10-31,118,219284.82
2025-10-31,119,233189.45
2025-10-31,120,148328.96
2025-10-31,121,142296.22
2025-10-31,122,69813.11
2025-10-31,123,88587.69
2025-10-31,124,157748.32
2025-10-31,125,71028.85
2025-10-31,126,196824.78
2025-10-31,127,58253.61
2025-10-31,128,177765.69
2025-10-31,129,115940.15
2025-10-31,130,70647.84
2025-10-31,131,43199.1
2025-10-31,132,91596.45
2025-10-31,133,85442.0
2025-10-31,134,170687.61
2025-10-31,135,73527.93
2025-10-31,136,5535.04
2025-10-31,137,150132.12
2025-10-31,138,81125.28
2025-10-31,139,172382.35
2025-10-31,140,160767.87
2025-10-31,141,339294.39
2025-10-31,142,249219.29
2025-10-31,143,82275.86
2025-10-31,144,137626.06
2025-10-31,145,145250.74
2025-10-31,146,296095.78
2025-10-31,147,103341.13
2025-10-31,148,52514.03
2025-10-31,149,348110.04
2025-10-31,150,106920.95
2025-10-31,151,56090.92
2025-10-31,152,619588.5
2025-10-31,153,117837.48
2025-10-31,154,93093.78
2025-10-31,155,68100.11
2025-10-31,156,134823.2
2025-10-31,157,101503.98
2025-10-31,158,109266.81
2025-10-31,159,85756.34
2025-10-31,160,82501.81
2025-10-31,161,187744.59
2025-10-31,162,176675.92
2025-10-31,163,239369.73
2025-10-31,164,204081.55
2025-10-31,165,167772.02
2025-10-31,166,3932.11
2025-10-31,167,425297.69
2025-10-31,168,134691.68
2025-10-31,169,191124.35
2025-10-31,170,361199.45
2025-10-31,171,238523.21
2025-10-31,172,84818.13
2025-10-31,173,63422.54
2025-10-31,174,432989.82
2025-10-31,175,207279.0
2025-10-31,176,84092.22
2025-10-31,177,58868.54
2025-10-31,178,167709.07
2025-10-31,179,332265.94
2025-10-31,180,173401.72
2025-10-31,181,243564.16
2025-10-31,182,49332.76
2025-10-31,183,66494.94
2025-10-31,184,51342.59
2025-10-31,185,149199.49
2025-10-31,186,265415.19
2025-10-31,187,79173.93
2025-10-31,188,207569.17
2025-10-31,189,19334.87
2025-10-31,190,184042.7
2025-10-31,191,39435.58
2025-10-31,192,68617.84
2025-10-31,193,137381.52
2025-10-31,194,145628.38
2025-10-31,195,80933.63
2025-10-31,196,241785.45
2025-10-31,197,306090.01
2025-10-31,198,451637.68
2025-10-31,199,38851.79
2025-10-31,200,71152.58
2025-10-31,201,29405.64
2025-10-31,202,255884.73
2025-10-31,203,90897.32
2025-10-31,204,309894.39
2025-10-31,205,89876.4
2025-10-31,206,84945.6
2025-10-31,207,208900.06
2025-10-31,208,309062.69
2025-10-31,209,272462.57
2025-10-31,210,146228.0
2025-10-31,211,197958.58
2025-10-31,212,518130.18
2025-10-31,213,113764.53
2025-10-31,214,174079.69
2025-10-31,215,186329.08
2025-10-31,216,433344.73
2025-10-31,217,112590.86
2025-10-31,218,189177.95
2025-10-31,219,180493.75
2025-10-31,220,221227.38
2025-10-31,221,84155.36
2025-10-31,222,107037.47
2025-10-31,223,104594.28
2025-10-31,224,171263.67
2025-10-31,225,305934.0
2025-10-31,226,197378.27
2025-10-31,227,22260.7
2025-10-31,228,71643.47
2025-10-31,229,176775.32
2025-10-31,230,333651.34
2025-10-31,231,262009.22
2025-10-31,232,110533.73
2025-10-31,233,159663.16
2025-10-31,234,168619.62
2025-10-31,235,228549.67
2025-10-31,236,65690.22
2025-10-31,237,313751.3
2025-10-31,238,31260.43
2025-10-31,239,71069.34
2025-10-31,240,235812.49
2025-10-31,241,171699.06
2025-10-31,242,414361.72
2025-10-31,243,75295.93
2025-10-31,244,87664.91
2025-10-31,245,203728.51
2025-10-31,246,16641.19
2025-10-31,247,24360.35
2025-10-31,248,37929.48
2025-10-31,249,87272.56
2025-10-31,250,142001.33
2025-10-31,251,45770.52
2025-10-31,252,124806.25
2025-10-31,253,76385.79
2025-10-31,254,220748.52
2025-10-31,255,152662.67
2025-10-31,256,132172.72
2025-10-31,257,91137.43
2025-10-31,258,37538.34
2025-10-31,259,163242.57
2025-10-31,260,165779.76
2025-10-31,261,121570.95
2025-10-31,262,238131.55
2025-10-31,263,136980.04
2025-10-31,264,65649.34
2025-10-31,265,196734.01
2025-10-31,266,95346.38
2025-10-31,267,72894.87
2025-10-31,268,23297.42
2025-10-31,269,162883.14
2025-10-31,270,75161.67
2025-10-31,271,120021.82
2025-10-31,272,226730.34
2025-10-31,273,148440.64
2025-10-31,274,172398.95
2025-10-31,275,510074.98
2025-10-31,276,177741.22
2025-10-31,277,172239.83
2025-10-31,278,328278.67
2025-10-31,279,320852.49
2025-10-31,280,63124.94
2025-10-31,281,95834.95
2025-10-31,282,172242.76
2025-10-31,283,46232.14
2025-10-31,284,6910.24
2025-10-31,285,212630.3
2025-10-31,286,347475.82
2025-10-31,287,594116.81
2025-10-31,288,72966.8
2025-10-31,289,144918.62
2025-10-31,290,70764.9
2025-10-31,291,341751.99
2025-10-31,292,169894.76
2025-10-31,293,184910.92
2025-10-31,294,81301.74
2025-10-31,295,275837.5
2025-10-31,296,136106.52
2025-10-31,297,244554.75
2025-10-31,298,417101.28
2025-10-31,299,149941.74
2025-10-31,300,70484.26
2025-10-31,301,83503.23
2025-10-31,302,209367.55
2025-10-31,303,89527.58
2025-10-31,304,205338.03
2025-10-31,305,243906.92
2025-10-31,306,281525.43
2025-10-31,307,223533.74
2025-10-31,308,25281.21
2025-10-31,309,129917.61
2025-10-31,310,153868.35
2025-10-31,311,29843.68
2025-10-31,312,110708.58
2025-10-31,313,137645.2
2025-10-31,314,106857.09
2025-10-31,315,213526.24
2025-10-31,316,94431.62
2025-10-31,317,85802.21
2025-10-31,318,57047.97
2025-10-31,319,112597.45
2025-10-31,320,74497.82
2025-10-31,321,261081.84
2025-10-31,322,56883.2
2025-10-31,323,314245.41
2025-10-31,324,268543.55
2025-10-31,325,175337.34
2025-10-31,326,228504.45
2025-10-31,327,189476.06
2025-10-31,328,69217.89
2025-10-31,329,278479.81
2025-10-31,330,84724.45
2025-10-31,331,7100.55
2025-10-31,332,131795.31
2025-10-31,333,195942.86
2025-10-31,334,144685.9
2025-10-31,335,48274.65
2025-10-31,336,343856.12
2025-10-31,337,262205.74
2025-10-31,338,35445.1
2025-10-31,339,53074.34
2025-10-31,340,307680.64
2025-10-31,341,117464.46
2025-10-31,342,212336.17
2025-10-31,343,211040.66
2025-10-31,344,81740.25
2025-10-31,345,123386.52
2025-10-31,346,271910.96
2025-10-31,347,186140.89
2025-10-31,348,71708.07
2025-10-31,349,98889.34
2025-10-31,350,121355.67
2025-10-31,351,352855.48
2025-10-31,352,194756.65
2025-10-31,353,117227.38
2025-10-31,354,180082.11
2025-10-31,355,109983.28
2025-10-31,356,119933.28
2025-10-31,357,39334.75
2025-10-31,358,98273.8
2025-10-31,359,95055.11
2025-10-31,360,161428.58
2025-10-31,361,160025.22
2025-10-31,362,91791.36
2025-10-31,363,14504.59
2025-10-31,364,242898.59
2025-10-31,365,383485.27
2025-10-31,366,39470.35
2025-10-31,367,227793.34
2025-10-31,368,194519.46
2025-10-31,369,160831.72
2025-10-31,370,119636.0
2025-10-31,371,195613.28
2025-10-31,372,119833.95
2025-10-31,373,95161.56
2025-10-31,374,249230.06
2025-10-31,375,143780.43
2025-10-31,376,44996.96
2025-10-31,377,489946.27
2025-10-31,378,109605.42
2025-10-31,379,175255.4
2025-10-31,380,72125.53
2025-10-31,381,56484.47
2025-10-31,382,203624.87
2025-10-31,383,98166.39
2025-10-31,384,156633.86
2025-10-31,385,69790.22
2025-10-31,386,41943.17
2025-10-31,387,339276.27
2025-10-31,388,206129.89
2025-10-31,389,323860.93
2025-10-31,390,231047.28
2025-10-31,391,564690.17
2025-10-31,392,163751.31
2025-10-31,393,314662.24
2025-10-31,394,295732.88
2025-10-31,395,176304.25
2025-10-31,396,174580.12
2025-10-31,397,138043.98
2025-10-31,398,562177.32
2025-10-31,399,93291.89
2025-10-31,400,237864.5
2025-10-31,401,183359.91
2025-10-31,402,144692.27
2025-10-31,403,191239.64
2025-10-31,404,218417.68
2025-10-31,405,204605.1
2025-10-31,406,129028.27
2025-10-31,407,63536.26
2025-10-31,408,106437.25
2025-10-31,409,113596.11
2025-10-31,410,194106.38
2025-10-31,411,115092.52
2025-10-31,412,341154.22
2025-10-31,413,78822.01
2025-10-31,414,540999.45
2025-10-31,415,82384.31
2025-10-31,416,179735.16
2025-10-31,417,55650.77
2025-10-31,418,430301.25
2025-10-31,419,55209.42
2025-10-31,420,158820.39
2025-10-31,421,10068.61
2025-10-31,422,8869.77
2025-10-31,423,59682.57
2025-10-31,424,436149.29
2025-10-31,425,305667.6
2025-10-31,426,198404.87
2025-10-31,427,111571.4
2025-10-31,428,68650.62
2025-10-31,429,66230.39
2025-10-31,430,290992.58
2025-10-31,431,187039.7
2025-10-31,432,168421.55
2025-10-31,433,35339.61
2025-10-31,434,147244.12
2025-10-31,435,24040.41
2025-10-31,436,343079.24
2025-10-31,437,108315.73
2025-10-31,438,86423.96
2025-10-31,439,154700.41
2025-10-31,440,192587.98
2025-10-31,441,216596.11
2025-10-31,442,233834.32
2025-10-31,443,323904.29
2025-10-31,444,74183.06
2025-10-31,445,457517.63
2025-10-31,446,471060.11
2025-10-31,447,85258.2
2025-10-31,448,38562.64
2025-10-31,449,375871.28
2025-10-31,450,85961.42
2025-10-31,451,133557.6
2025-10-31,452,232287.31
2025-10-31,453,163337.08
2025-10-31,454,65668.91
2025-10-31,455,73455.39
2025-10-31,456,135399.73
2025-10-31,457,53207.79
2025-10-31,458,352184.24
2025-10-31,459,285836.17
2025-10-31,460,91829.79
2025-10-31,461,129903.69
2025-10-31,462,4249.89
2025-10-31,463,457977.11
2025-10-31,464,53617.0
2025-10-31,465,70030.66
2025-10-31,466,304257.29
2025-10-31,467,166068.97
2025-10-31,468,74416.04
2025-10-31,469,409786.32
2025-10-31,470,36591.62
2025-10-31,471,298396.03
2025-10-31,472,95187.57
2025-10-31,473,124669.56
2025-10-31,474,144210.44
2025-10-31,475,121198.88
2025-10-31,476,105901.27
2025-10-31,477,355341.2
2025-10-31,478,78030.45
2025-10-31,479,126260.91
2025-10-31,480,122541.03
2025-10-31,481,16120.94
2025-10-31,482,272513.51
2025-10-31,483,436647.95
2025-10-31,484,25654.51
2025-10-31,485,157181.61
2025-10-31,486,53458.49
2025-10-31,487,42014.42
2025-10-31,488,49267.79
2025-10-31,489,302335.21
2025-10-31,490,65984.83
2025-10-31,491,179781.93
2025-10-31,492,75329.01
2025-10-31,493,63974.95
2025-10-31,494,163947.09
2025-10-31,495,166616.85
2025-10-31,496,177844.32
2025-10-31,497,563736.52
2025-10-31,498,51223.77
2025-10-31,499,520614.91
2025-10-31,500,119780.63
2025-10-31,501,198323.84
2025-10-31,502,333293.76
2025-10-31,503,72087.15
2025-10-31,504,136349.34
2025-10-31,505,147285.68
2025-10-31,506,186782.54
2025-10-31,507,194497.43
2025-10-31,508,197899.39
2025-10-31,509,158204.54
2025-10-31,510,84514.21
2025-10-31,511,112274.59
2025-10-31,512,95764.02
2025-10-31,513,361436.81
2025-10-31,514,146819.49
2025-10-31,515,144540.01
2025-10-31,516,266935.61
2025-10-31,517,109330.91
2025-10-31,518,568556.73
2025-10-31,519,207248.21
2025-10-31,520,215243.52
2025-10-31,521,59208.53
2025-10-31,522,29930.27
2025-10-31,523,68368.04
2025-10-31,524,93069.26
2025-10-31,525,182530.31
2025-10-31,526,208.89
2025-10-31,527,74599.47
2025-10-31,528,166481.1
2025-10-31,529,430703.8
2025-10-31,530,102890.19
2025-10-31,531,248686.39
2025-10-31,532,205891.19
2025-10-31,533,83257.1
2025-10-31,534,143790.98
2025-10-31,535,6225.7
2025-10-31,536,142306.32
2025-10-31,537,96605.65
2025-10-31,538,110450.5
2025-10-31,539,93528.57
2025-10-31,540,252320.88
2025-10-31,541,85497.26
2025-10-31,542,201611.59
2025-10-31,543,259655.57
2025-10-31,544,251688.67
2025-10-31,545,289374.6
2025-10-31,546,194846.78
2025-10-31,547,77580.05
2025-10-31,548,52807.68
2025-10-31,549,94738.89
2025-10-31,550,165686.58
2025-10-31,551,121292.46
2025-10-31,552,53396.12
2025-10-31,553,63204.26
2025-10-31,554,162212.53
2025-10-31,555,115768.6
2025-10-31,556,323763.65
2025-10-31,557,42824.81
2025-10-31,558,211198.73
2025-10-31,559,113284.69
2025-10-31,560,48739.8
2025-10-31,561,299205.79
2025-10-31,562,200727.07
2025-10-31,563,114042.54
2025-10-31,564,201516.66
2025-10-31,565,71937.66
2025-10-31,566,123058.52
2025-10-31,567,262376.79
2025-10-31,568,171783.7
2025-10-31,569,224120.32
2025-10-31,570,47987.51
2025-10-31,571,202390.69
2025-10-31,572,129152.36
2025-10-31,573,178743.71
2025-10-31,574,147770.63
2025-10-31,575,70402.51
2025-10-31,576,101990.24
2025-10-31,577,137376.19
2025-10-31,578,243845.89
2025-10-31,579,230040.63
2025-10-31,580,71505.7
2025-10-31,581,340290.84
2025-10-31,582,237242.0
2025-10-31,583,196791.75
2025-10-31,584,34007.58
2025-10-31,585,12543.07
2025-10-31,586,107285.56
2025-10-31,587,374916.84
2025-10-31,588,68878.17
2025-10-31,589,288169.73
2025-10-31,590,47681.77
2025-10-31,591,136111.03
2025-10-31,592,95918.32
2025-10-31,593,156507.06
2025-10-31,594,334795.69
2025-10-31,595,84256.46
2025-10-31,596,109353.02
2025-10-31,597,48967.69
2025-10-31,598,279862.41
2025-10-31,599,35869.09
2025-10-31,600,166396.52
2025-10-31,601,111382.01
2025-10-31,602,788799.39
2025-10-31,603,239545.36
2025-10-31,604,40339.15
2025-10-31,605,150678.68
2025-10-31,606,118507.29
2025-10-31,607,517633.0
2025-10-31,608,63866.85
2025-10-31,609,75336.75
2025-10-31,610,60281.43
2025-10-31,611,25153.82
2025-10-31,612,246959.83
2025-10-31,613,132972.47
2025-10-31,614,262336.75
2025-10-31,615,143810.06
2025-10-31,616,66435.56
2025-10-31,617,191042.91
2025-10-31,618,281388.3
2025-10-31,619,307945.55
2025-10-31,620,75254.08
2025-10-31,621,239150.56
2025-10-31,622,27367.16
2025-10-31,623,160002.99
2025-10-31,624,198983.39
2025-10-31,625,219325.47
2025-10-31,626,97172.54
2025-10-31,627,192887.71
2025-10-31,628,174149.45
2025-10-31,629,106517.95
2025-10-31,630,153352.38
2025-10-31,631,35944.6
2025-10-31,632,65376.36
2025-10-31,633,125565.66
2025-10-31,634,118971.44
2025-10-31,635,101515.71
2025-10-31,636,58448.45
2025-10-31,637,1042029.62
2025-10-31,638,56227.3
2025-10-31,639,123972.85
2025-10-31,640,209630.68
2025-10-31,641,34340.5
2025-10-31,642,143134.7
2025-10-31,643,66646.44
2025-10-31,644,169520.97
2025-10-31,645,477496.93
2025-10-31,646,97956.38
2025-10-31,647,86802.66
2025-10-31,648,175581.7
2025-10-31,649,169379.19
2025-10-31,650,151385.51
2025-10-31,651,99993.07
2025-10-31,652,136844.57
2025-10-31,653,71090.5
2025-10-31,654,617927.55
2025-10-31,655,218230.44
2025-10-31,656,113212.94
2025-10-31,657,79415.13
2025-10-31,658,164911.1
2025-10-31,659,225187.71
2025-10-31,660,117436.33
2025-10-31,661,59047.81
2025-10-31,662,62774.58
2025-10-31,663,126189.09
2025-10-31,664,101645.71
2025-10-31,665,128958.61
2025-10-31,666,245431.95
2025-10-31,667,24110.56
2025-10-31,668,86093.68
2025-10-31,669,10714.89
2025-10-31,670,181623.63
2025-10-31,671,43273.77
2025-10-31,672,126972.72
2025-10-31,673,87566.08
2025-10-31,674,173738.73
2025-10-31,675,102161.97
2025-10-31,676,424190.08
2025-10-31,677,101390.85
2025-10-31,678,99427.28
2025-10-31,679,34511.22
2025-10-31,680,108327.5
2025-10-31,681,52191.01
2025-10-31,682,115503.94
2025-10-31,683,22015.37
2025-10-31,684,97645.72
2025-10-31,685,203235.75
2025-10-31,686,130800.93
2025-10-31,687,134806.96
2025-10-31,688,109215.08
2025-10-31,689,160631.35
2025-10-31,690,153833.26
2025-10-31,691,149408.37
2025-10-31,692,50548.19
2025-10-31,693,82317.25
2025-10-31,694,146907.23
2025-10-31,695,426315.19
2025-10-31,696,41279.86
2025-10-31,697,171936.25
2025-10-31,698,46284.02
2025-10-31,699,191223.41
2025-10-31,700,119334.48
2025-10-31,701,44779.5
2025-10-31,702,67157.17
2025-10-31,703,64060.8
2025-10-31,704,118074.95
2025-10-31,705,121900.43
2025-10-31,706,486672.64
2025-10-31,707,103790.86
2025-10-31,708,314293.02
2025-10-31,709,21801.63
2025-10-31,710,197566.25
2025-10-31,711,213022.33
2025-10-31,712,114119.92
2025-10-31,713,108562.29
2025-10-31,714,802798.56
2025-10-31,715,280651.71
2025-10-31,716,121999.89
2025-10-31,717,149797.93
2025-10-31,718,358580.95
2025-10-31,719,21020.03
2025-10-31,720,82203.06
2025-10-31,721,13075.43
2025-10-31,722,193879.27
2025-10-31,723,322220.18
2025-10-31,724,10665.27
2025-10-31,725,157242.38
2025-10-31,726,187529.47
2025-10-31,727,130405.83
2025-10-31,728,75262.03
2025-10-31,729,250981.59
2025-10-31,730,96321.74
2025-10-31,731,97726.7
2025-10-31,732,115781.57
2025-10-31,733,256441.16
2025-10-31,734,110435.0
2025-10-31,735,107487.45
2025-10-31,736,521729.96
2025-10-31,737,76409.89
2025-10-31,738,162793.09
2025-10-31,739,59125.75
2025-10-31,740,150960.66
2025-10-31,741,349854.84
2025-10-31,742,100371.43
2025-10-31,743,41889.01
2025-10-31,744,56204.96
2025-10-31,745,169875.55
2025-10-31,746,195568.71
2025-10-31,747,159123.87
2025-10-31,748,76601.69
2025-10-31,749,84682.13
2025-10-31,750,94160.27
2025-10-31,751,173859.35
2025-10-31,752,128363.93
2025-10-31,753,46070.84
2025-10-31,754,116656.77
2025-10-31,755,71345.13
2025-10-31,756,120958.6
2025-10-31,757,336619.13
2025-10-31,758,395938.04
2025-10-31,759,25829.46
2025-10-31,760,231273.65
2025-10-31,761,111704.15
2025-10-31,762,93530.49
2025-10-31,763,128711.18
2025-10-31,764,69522.1
2025-10-31,765,69197.2
2025-10-31,766,140263.31
2025-10-31,767,98793.55
2025-10-31,768,83062.53
2025-10-31,769,229558.43
2025-10-31,770,184985.36
2025-10-31,771,288243.15
2025-10-31,772,90472.05
2025-10-31,773,112173.56
2025-10-31,774,62583.21
2025-10-31,775,121344.83
2025-10-31,776,156374.68
2025-10-31,777,536056.72
2025-10-31,778,43291.54
2025-10-31,779,348492.17
2025-10-31,780,337505.11
2025-10-31,781,27995.86
2025-10-31,782,137125.86
2025-10-31,783,76716.69
2025-10-31,784,87438.07
2025-10-31,785,4314.08
2025-10-31,786,217968.98
2025-10-31,787,246956.4
2025-10-31,788,287719.75
2025-10-31,789,45061.53
2025-10-31,790,146699.81
2025-10-31,791,84429.65
2025-10-31,792,60878.16
2025-10-31,793,320583.84
2025-10-31,794,80228.3
2025-10-31,795,133009.74
2025-10-31,796,525984.37
2025-10-31,797,42164.47
2025-10-31,798,190301.72
2025-10-31,799,492076.88
2025-10-31,800,134628.96
2025-10-31,801,269026.87
2025-10-31,802,51183.36
2025-10-31,803,178695.97
2025-10-31,804,102810.93
2025-10-31,805,86298.07
2025-10-31,806,139615.04
2025-10-31,807,88631.44
2025-10-31,808,206354.45
2025-10-31,809,84723.08
2025-10-31,810,169145.78
2025-10-31,811,95305.64
2025-10-31,812,114846.82
2025-10-31,813,41349.0
2025-10-31,814,510509.48
2025-10-31,815,251338.08
2025-10-31,816,422788.15
2025-10-31,817,94864.22
2025-10-31,818,154661.92
2025-10-31,819,111900.38
2025-10-31,820,194700.11
2025-10-31,821,111571.41
2025-10-31,822,253885.95
2025-10-31,823,212006.17
2025-10-31,824,171560.09
2025-10-31,825,238905.01
2025-10-31,826,274641.53
2025-10-31,827,267312.28
2025-10-31,828,101080.57
2025-10-31,829,370122.22
2025-10-31,830,159572.16
2025-10-31,831,210252.66
2025-10-31,832,79907.4
2025-10-31,833,438266.81
2025-10-31,834,182518.16
2025-10-31,835,88244.76
2025-10-31,836,319036.04
2025-10-31,837,156315.36
2025-10-31,838,336940.25
2025-10-31,839,170412.35
2025-10-31,840,58483.0
2025-10-31,841,481590.71
2025-10-31,842,92875.29
2025-10-31,843,38575.81
2025-10-31,844,62711.63
2025-10-31,845,238915.1
2025-10-31,846,260508.4
2025-10-31,847,139869.81
2025-10-31,848,77504.6
2025-10-31,849,90628.93
2025-10-31,850,96839.13
2025-10-31,851,34842.18
2025-10-31,852,631181.44
2025-10-31,853,62617.41
2025-10-31,854,66311.37
2025-10-31,855,148805.37
2025-10-31,856,100303.39
2025-10-31,857,126879.54
2025-10-31,858,124196.14
2025-10-31,859,205194.13
2025-10-31,860,45530.33
2025-10-31,861,193575.16
2025-10-31,862,105968.63
2025-10-31,863,186507.63
2025-10-31,864,976204.72
2025-10-31,865,96303.42
2025-10-31,866,78029.41
2025-10-31,867,95940.01
2025-10-31,868,128600.33
2025-10-31,869,145084.1
2025-10-31,870,82731.08
2025-10-31,871,90591.76
2025-10-31,872,95584.27
2025-10-31,873,78792.01
2025-10-31,874,87696.74
2025-10-31,875,53672.11
2025-10-31,876,384152.22
2025-10-31,877,223609.2
2025-10-31,878,51196.06
2025-10-31,879,155099.53
2025-10-31,880,63938.74
2025-10-31,881,130152.54
2025-10-31,882,231711.45
2025-10-31,883,235132.31
2025-10-31,884,386898.96
2025-10-31,885,128025.65
2025-10-31,886,37808.39
2025-10-31,887,41155.28
2025-10-31,888,111145.27
2025-10-31,889,384637.07
2025-10-31,890,192523.29
2025-10-31,891,198470.8
2025-10-31,892,305563.14
2025-10-31,893,237799.31
2025-10-31,894,186274.87
2025-10-31,895,188140.99
2025-10-31,896,344476.19
2025-10-31,897,276332.03
2025-10-31,898,98808.78
2025-10-31,899,57984.09
2025-10-31,900,205214.81
2025-10-31,901,100208.33
2025-10-31,902,348940.2
2025-10-31,903,371220.49
2025-10-31,904,38607.07
2025-10-31,905,257735.03
2025-10-31,906,55128.89
2025-10-31,907,139158.5
2025-10-31,908,86096.89
2025-10-31,909,49409.25
2025-10-31,910,127540.75
2025-10-31,911,54057.03
2025-10-31,912,280014.58
2025-10-31,913,522040.67
2025-10-31,914,98495.48
2025-10-31,915,128579.03
2025-10-31,916,99292.78
2025-10-31,917,136755.5
2025-10-31,918,102051.98
2025-10-31,919,49545.51
2025-10-31,920,225887.15
2025-10-31,921,107981.47
2025-10-31,922,111477.06
2025-10-31,923,129263.45
2025-10-31,924,41468.47
2025-10-31,925,92949.98
2025-10-31,926,116138.19
2025-10-31,927,115217.96
2025-10-31,928,221195.53
2025-10-31,929,308629.48
2025-10-31,930,324260.92
2025-10-31,931,166273.87
2025-10-31,932,150108.61
2025-10-31,933,63601.13
2025-10-31,934,77526.14
2025-10-31,935,276480.81
2025-10-31,936,281137.7
2025-10-31,937,72106.66
2025-10-31,938,158403.23
2025-10-31,939,96484.53
2025-10-31,940,189100.95
2025-10-31,941,103290.72
2025-10-31,942,229562.74
2025-10-31,943,134208.07
2025-10-31,944,120035.69
2025-10-31,945,111443.14
2025-10-31,946,137941.04
2025-10-31,947,794017.12
2025-10-31,948,188218.32
2025-10-31,949,70440.37
2025-10-31,950,259461.73
2025-10-31,951,333033.43
2025-10-31,952,79565.94
2025-10-31,953,76611.58
2025-10-31,954,261458.4
2025-10-31,955,112929.55
2025-10-31,956,114160.11
2025-10-31,957,262119.41
2025-10-31,958,191451.49
2025-10-31,959,306165.21
2025-10-31,960,259691.39
2025-10-31,961,243931.53
2025-10-31,962,142181.48
2025-10-31,963,70369.32
2025-10-31,964,114238.04
2025-10-31,965,172733.67
2025-10-31,966,281441.56
2025-10-31,967,161953.08
2025-10-31,968,240805.08
2025-10-31,969,264678.71
2025-10-31,970,187739.13
2025-10-31,971,104860.97
2025-10-31,972,136628.69
2025-10-31,973,57067.2
2025-10-31,974,113702.14
2025-10-31,975,25019.1
2025-10-31,976,356236.31
2025-10-31,977,140369.88
2025-10-31,978,138566.25
2025-10-31,979,56677.01
2025-10-31,980,66838.9
2025-10-31,981,81730.27
2025-10-31,982,86634.33
2025-10-31,983,163996.56
2025-10-31,984,80516.99
2025-10-31,985,36173.02
2025-10-31,986,95062.88
2025-10-31,987,74380.78
2025-10-31,988,194206.87
2025-10-31,989,84127.92
2025-10-31,990,228724.79
2025-10-31,991,233665.59
2025-10-31,992,64536.03
2025-10-31,993,138888.54
2025-10-31,994,169307.56
2025-10-31,995,35643.02
2025-10-31,996,774513.14
2025-10-31,997,514998.85
2025-10-31,998,176922.69
2025-10-31,999,94563.39
2025-10-31,1000,68172.11
2025-10-31,1001,106336.85
2025-10-31,1002,277022.72
2025-10-31,1003,163992.24
2025-10-31,1004,152140.09
2025-10-31,1005,178389.17
2025-10-31,1006,38106.78
2025-10-31,1007,95833.91
2025-10-31,1008,204821.8
2025-10-31,1009,172480.12
2025-10-31,1010,110991.85
2025-10-31,1011,157883.26
2025-10-31,1012,16390.96
2025-10-31,1013,106144.01
2025-10-31,1014,39854.72
2025-10-31,1015,136482.21
2025-10-31,1016,308094.31
2025-10-31,1017,153223.05
2025-10-31,1018,129282.68
2025-10-31,1019,118325.49
2025-10-31,1020,113333.87
2025-10-31,1021,20930.24
2025-10-31,1022,417785.24
2025-10-31,1023,120395.08
2025-10-31,1024,26960.58
2025-10-31,1025,144340.38
2025-10-31,1026,57346.03
2025-10-31,1027,51632.12
2025-10-31,1028,213133.08
2025-10-31,1029,205963.97
2025-10-31,1030,111001.09
2025-10-31,1031,271995.64
2025-10-31,1032,338050.63
2025-10-31,1033,137433.31
2025-10-31,1034,315962.51
2025-10-31,1035,111755.11
2025-10-31,1036,223960.96
2025-10-31,1037,137972.21
2025-10-31,1038,360671.32
2025-10-31,1039,71748.34
2025-10-31,1040,120871.76
2025-10-31,1041,115766.09
2025-10-31,1042,145387.54
2025-10-31,1043,104553.46
2025-10-31,1044,181796.89
2025-10-31,1045,141345.28
2025-10-31,1046,404498.3
2025-10-31,1047,116744.94
2025-10-31,1048,210155.32
2025-10-31,1049,508684.99
2025-10-31,1050,80022.97
2025-10-31,1051,63996.57
2025-10-31,1052,675835.03
2025-10-31,1053,80625.86
2025-10-31,1054,378389.04
2025-10-31,1055,77521.85
2025-10-31,1056,156691.56
2025-10-31,1057,141730.94
2025-10-31,1058,164483.59
2025-10-31,1059,84494.28
2025-10-31,1060,103511.7
2025-10-31,1061,287074.16
2025-10-31,1062,383763.62
2025-10-31,1063,81854.83
2025-10-31,1064,155425.5
2025-10-31,1065,50038.97
2025-10-31,1066,267651.62
2025-10-31,1067,367639.58
2025-10-31,1068,106372.32
2025-10-31,1069,268842.21
2025-10-31,1070,156279.83
2025-10-31,1071,211757.28
2025-10-31,1072,63156.85
2025-10-31,1073,252879.0
2025-10-31,1074,491343.46
2025-10-31,1075,182705.5
2025-10-31,1076,62383.34
2025-10-31,1077,103464.71
2025-10-31,1078,223844.07
2025-10-31,1079,145902.11
2025-10-31,1080,206792.4
2025-10-31,1081,360937.75
2025-10-31,1082,161028.74
2025-10-31,1083,6188.68
2025-10-31,1084,85939.9
2025-10-31,1085,120036.5
2025-10-31,1086,157760.08
2025-10-31,1087,314415.26
2025-10-31,1088,139122.58
2025-10-31,1089,121870.34
2025-10-31,1090,116613.15
2025-10-31,1091,80872.96
2025-10-31,1092,61848.1
2025-10-31,1093,80878.81
2025-10-31,1094,410636.71
2025-10-31,1095,85909.55
2025-10-31,1096,36507.87
2025-10-31,1097,117324.32
2025-10-31,1098,176905.06
2025-10-31,1099,94890.35
2025-10-31,1100,195434.17
2025-10-31,1101,64339.64
2025-10-31,1102,194931.94
2025-10-31,1103,106915.14
2025-10-31,1104,43097.09
2025-10-31,1105,232880.1
2025-10-31,1106,109591.69
2025-10-31,1107,64741.62
2025-10-31,1108,377289.65
2025-10-31,1109,131492.3
2025-10-31,1110,106785.12
2025-10-31,1111,124819.06
2025-10-31,1112,98620.46
2025-10-31,1113,121321.92
2025-10-31,1114,419349.27
2025-10-31,1115,175420.31
2025-10-31,1116,129839.41
2025-10-31,1117,128861.91
2025-10-31,1118,278693.78
2025-10-31,1119,324387.22
2025-10-31,1120,122599.86
2025-10-31,1121,178143.49
2025-10-31,1122,86323.78
2025-10-31,1123,136988.5
2025-10-31,1124,213324.54
2025-10-31,1125,168037.21
2025-10-31,1126,31458.73
2025-10-31,1127,169473.08
2025-10-31,1128,314042.53
2025-10-31,1129,134900.11
2025-10-31,1130,162949.33
2025-10-31,1131,169097.45
2025-10-31,1132,95677.57
2025-10-31,1133,72266.71
2025-10-31,1134,124125.06
2025-10-31,1135,92964.69
2025-10-31,1136,238516.28
2025-10-31,1137,106651.14
2025-10-31,1138,58467.69
2025-10-31,1139,239960.46
2025-10-31,1140,2510.97
2025-10-31,1141,151589.16
2025-10-31,1142,450066.24
2025-10-31,1143,361305.15
2025-10-31,1144,170051.29
2025-10-31,1145,43703.22
2025-10-31,1146,66820.69
2025-10-31,1147,72208.52
2025-10-31,1148,78059.45
2025-10-31,1149,212044.9
2025-10-31,1150,112402.91
2025-10-31,1151,695880.45
2025-10-31,1152,148475.55
2025-10-31,1153,252034.18
2025-10-31,1154,135821.88
2025-10-31,1155,71784.99
2025-10-31,1156,68614.87
2025-10-31,1157,311764.95
2025-10-31,1158,115596.11
2025-10-31,1159,119847.52
2025-10-31,1160,55693.5
2025-10-31,1161,25689.92
2025-10-31,1162,299834.8
2025-10-31,1163,118236.7
2025-10-31,1164,183583.22
2025-10-31,1165,326186.07
2025-10-31,1166,80387.49
2025-10-31,1167,139718.2
2025-10-31,1168,206114.59
2025-10-31,1169,42161.24
2025-10-31,1170,96022.61
2025-10-31,1171,119202.87
2025-10-31,1172,70445.87
2025-10-31,1173,368909.44
2025-10-31,1174,169894.41
2025-10-31,1175,75562.55
2025-10-31,1176,96766.35
2025-10-31,1177,72067.55
2025-10-31,1178,684105.58
2025-10-31,1179,110046.4
2025-10-31,1180,289202.28
2025-10-31,1181,333321.82
2025-10-31,1182,373637.06
2025-10-31,1183,161477.26
2025-10-31,1184,104016.04
2025-10-31,1185,44390.91
2025-10-31,1186,101351.55
2025-10-31,1187,76203.52
2025-10-31,1188,113812.86
2025-10-31,1189,96922.98
2025-10-31,1190,126679.91
2025-10-31,1191,265036.64
2025-10-31,1192,128901.86
2025-10-31,1193,84396.03
2025-10-31,1194,189287.92
2025-10-31,1195,254659.4
2025-10-31,1196,138500.18
2025-10-31,1197,214879.02
2025-10-31,1198,62818.25
2025-10-31,1199,159125.78
2025-10-31,1200,78846.05
2025-10-31,1201,233446.94
2025-10-31,1202,336874.1
2025-10-31,1203,115410.23
2025-10-31,1204,205735.08
2025-10-31,1205,86360.92
2025-10-31,1206,50907.42
2025-10-31,1207,81868.07
2025-10-31,1208,140101.14
2025-10-31,1209,148840.5
2025-10-31,1210,189417.85
2025-10-31,1211,41103.88
2025-10-31,1212,433441.98
2025-10-31,1213,67565.5
2025-10-31,1214,161518.55
2025-10-31,1215,260308.85
2025-10-31,1216,122340.88
2025-10-31,1217,24923.6
2025-10-31,1218,58035.04
2025-10-31,1219,146786.53
2025-10-31,1220,478924.74
2025-10-31,1221,215953.9
2025-10-31,1222,107970.73
2025-10-31,1223,157616.44
2025-10-31,1224,230194.86
2025-10-31,1225,103437.91
2025-10-31,1226,18658.01
2025-10-31,1227,31276.07
2025-10-31,1228,120785.27
2025-10-31,1229,120130.01
2025-10-31,1230,217003.17
2025-10-31,1231,631738.48
2025-10-31,1232,85144.21
2025-10-31,1233,205990.16
2025-10-31,1234,162632.76
2025-10-31,1235,442236.35
2025-10-31,1236,168005.37
2025-10-31,1237,268313.35
2025-10-31,1238,113435.21
2025-10-31,1239,225671.91
2025-10-31,1240,118932.35
2025-10-31,1241,66074.96
2025-10-31,1242,144770.56
2025-10-31,1243,203720.36
2025-10-31,1244,175426.0
2025-10-31,1245,49424.35
2025-10-31,1246,190725.43
2025-10-31,1247,111999.1
2025-10-31,1248,179197.39
2025-10-31,1249,294933.42
2025-10-31,1250,320525.73
2025-10-31,1251,125490.52
2025-10-31,1252,187657.51
2025-10-31,1253,286465.48
2025-10-31,1254,76670.64
2025-10-31,1255,23052.67
2025-10-31,1256,126160.44
2025-10-31,1257,21367.0
2025-10-31,1258,21933.48
2025-10-31,1259,222850.55
2025-10-31,1260,153257.09
2025-10-31,1261,223740.72
2025-10-31,1262,123708.07
2025-10-31,1263,329236.89
2025-10-31,1264,49337.75
2025-10-31,1265,337657.09
2025-10-31,1266,287750.65
2025-10-31,1267,102836.54
2025-10-31,1268,128856.78
2025-10-31,1269,14679.35
2025-10-31,1270,76386.36
2025-10-31,1271,117133.47
2025-10-31,1272,181733.79
2025-10-31,1273,153634.69
2025-10-31,1274,253804.12
2025-10-31,1275,172764.06
2025-10-31,1276,57906.75
2025-10-31,1277,58066.75
2025-10-31,1278,724963.63
2025-10-31,1279,353473.98
2025-10-31,1280,270540.28
2025-10-31,1281,240944.18
2025-10-31,1282,140096.91
2025-10-31,1283,96004.07
2025-10-31,1284,108274.44
2025-10-31,1285,170868.56
2025-10-31,1286,170553.29
2025-10-31,1287,341933.68
2025-10-31,1288,75520.31
2025-10-31,1289,70831.2
2025-10-31,1290,172198.51
2025-10-31,1291,302632.34
2025-10-31,1292,296164.83
2025-10-31,1293,8359.34
2025-10-31,1294,135037.94
2025-10-31,1295,276831.02
2025-10-31,1296,71007.99
2025-10-31,1297,44978.18
2025-10-31,1298,122672.57
2025-10-31,1299,292101.1
2025-10-31,1300,146320.62
2025-10-31,1301,78151.01
2025-10-31,1302,129820.23
2025-10-31,1303,467457.34
2025-10-31,1304,126411.24
2025-10-31,1305,257396.95
2025-10-31,1306,50753.2
2025-10-31,1307,214318.42
2025-10-31,1308,115751.29
2025-10-31,1309,80449.23
2025-10-31,1310,106831.44
2025-10-31,1311,198438.7
2025-10-31,1312,130792.68
2025-10-31,1313,177456.3
2025-10-31,1314,69589.01
2025-10-31,1315,95752.41
2025-10-31,1316,106712.17
2025-10-31,1317,161650.26
2025-10-31,1318,69306.53
2025-10-31,1319,74108.56
2025-10-31,1320,156328.61
2025-10-31,1321,67937.85
2025-10-31,1322,72193.21
2025-10-31,1323,376762.59
2025-10-31,1324,263494.35
2025-10-31,1325,97641.81
2025-10-31,1326,126117.62
2025-10-31,1327,298520.76
2025-10-31,1328,320252.47
2025-10-31,1329,54118.88
2025-10-31,1330,195393.11
2025-10-31,1331,130346.19
2025-10-31,1332,70345.48
2025-10-31,1333,97976.14
2025-10-31,1334,65691.68
2025-10-31,1335,117836.49
2025-10-31,1336,72662.42
2025-10-31,1337,67453.07
2025-10-31,1338,177664.95
2025-10-31,1339,208042.03
2025-10-31,1340,70234.07
2025-10-31,1341,149046.85
2025-10-31,1342,171337.16
2025-10-31,1343,203189.32
2025-10-31,1344,217045.34
2025-10-31,1345,116495.77
2025-10-31,1346,125533.63
2025-10-31,1347,187256.6
2025-10-31,1348,78336.17
2025-10-31,1349,52872.49
2025-10-31,1350,109684.98
2025-10-31,1351,150916.99
2025-10-31,1352,323550.77
2025-10-31,1353,216182.08
2025-10-31,1354,51293.13
2025-10-31,1355,160437.38
2025-10-31,1356,186174.49
2025-10-31,1357,92834.17
2025-10-31,1358,193687.43
2025-10-31,1359,150837.93
2025-10-31,1360,174871.1
2025-10-31,1361,100776.83
2025-10-31,1362,200671.47
2025-10-31,1363,108992.06
2025-10-31,1364,241745.06
2025-10-31,1365,306112.61
2025-10-31,1366,110116.04
2025-10-31,1367,70169.79
2025-10-31,1368,254274.94
2025-10-31,1369,224834.0
2025-10-31,1370,97725.44
2025-10-31,1371,152483.24
2025-10-31,1372,321713.96
2025-10-31,1373,236542.27
2025-10-31,1374,211341.06
2025-10-31,1375,37002.08
2025-10-31,1376,177843.83
2025-10-31,1377,46356.43
2025-10-31,1378,194052.82
2025-10-31,1379,161553.91
2025-10-31,1380,197560.07
2025-10-31,1381,208082.57
2025-10-31,1382,160076.55
2025-10-31,1383,23975.95
2025-10-31,1384,41038.61
2025-10-31,1385,56754.18
2025-10-31,1386,57712.5
2025-10-31,1387,635309.59
2025-10-31,1388,302601.09
2025-10-31,1389,488840.93
2025-10-31,1390,60480.49
2025-10-31,1391,86254.74
2025-10-31,1392,387066.27
2025-10-31,1393,219025.21
2025-10-31,1394,72897.32
2025-10-31,1395,55470.37
2025-10-31,1396,109629.26
2025-10-31,1397,141101.25
2025-10-31,1398,70288.04
2025-10-31,1399,199694.6
2025-10-31,1400,81124.64
2025-10-31,1401,272753.48
2025-10-31,1402,167265.29
2025-10-31,1403,168735.56
2025-10-31,1404,56336.03
2025-10-31,1405,80236.13
2025-10-31,1406,56665.39
2025-10-31,1407,265524.12
2025-10-31,1408,152755.32
2025-10-31,1409,80670.42
2025-10-31,1410,84179.05
2025-10-31,1411,75177.67
2025-10-31,1412,162647.48
2025-10-31,1413,208468.98
2025-10-31,1414,41239.84
2025-10-31,1415,115100.12
2025-10-31,1416,149817.02
2025-10-31,1417,151319.37
2025-10-31,1418,528044.07
2025-10-31,1419,39354.57
2025-10-31,1420,169543.37
2025-10-31,1421,190118.5
2025-10-31,1422,66804.12
2025-10-31,1423,226046.42
2025-10-31,1424,236762.69
2025-10-31,1425,69672.48
2025-10-31,1426,46270.09
2025-10-31,1427,26913.86
2025-10-31,1428,58688.16
2025-10-31,1429,67780.87
2025-10-31,1430,91196.1
2025-10-31,1431,157168.37
2025-10-31,1432,177651.66
2025-10-31,1433,73515.22
2025-10-31,1434,51253.01
2025-10-31,1435,454470.62
2025-10-31,1436,423959.42
2025-10-31,1437,77789.59
2025-10-31,1438,168962.41
2025-10-31,1439,170132.71
2025-10-31,1440,120014.14
2025-10-31,1441,88991.64
2025-10-31,1442,129713.38
2025-10-31,1443,89242.25
2025-10-31,1444,257291.96
2025-10-31,1445,99568.46
2025-10-31,1446,134674.28
2025-10-31,1447,61090.72
2025-10-31,1448,111916.11
2025-10-31,1449,14070.62
2025-10-31,1450,142561.03
2025-10-31,1451,27073.85
2025-10-31,1452,184685.29
2025-10-31,1453,84776.11
2025-10-31,1454,63448.72
2025-10-31,1455,167222.18
2025-10-31,1456,33131.55
2025-10-31,1457,346956.37
2025-10-31,1458,261673.71
2025-10-31,1459,235847.45
2025-10-31,1460,151314.26
2025-10-31,1461,110296.85
2025-10-31,1462,234189.09
2025-10-31,1463,337696.08
2025-10-31,1464,649225.35
2025-10-31,1465,79218.28
2025-10-31,1466,209977.86
2025-10-31,1467,105159.06
2025-10-31,1468,84731.85
2025-10-31,1469,33250.35
2025-10-31,1470,268847.45
2025-10-31,1471,114533.4
2025-10-31,1472,67021.18
2025-10-31,1473,197583.29
2025-10-31,1474,183619.65
2025-10-31,1475,94819.56
2025-10-31,1476,38370.01
2025-10-31,1477,385130.56
2025-10-31,1478,185089.52
2025-10-31,1479,133348.28
2025-10-31,1480,240471.18
2025-10-31,1481,238344.66
2025-10-31,1482,123038.6
2025-10-31,1483,285528.04
2025-10-31,1484,394390.68
2025-10-31,1485,61396.61
2025-10-31,1486,111720.88
2025-10-31,1487,252423.57
2025-10-31,1488,126613.89
2025-10-31,1489,248877.94
2025-10-31,1490,313215.76
2025-10-31,1491,207117.11
2025-10-31,1492,160189.96
2025-10-31,1493,456172.48
2025-10-31,1494,17847.69
2025-10-31,1495,127349.98
2025-10-31,1496,29695.92
2025-10-31,1497,103896.15
2025-10-31,1498,220516.93
2025-10-31,1499,185422.66
2025-10-31,1500,278518.8
2025-10-31,1501,87553.72
2025-10-31,1502,38757.69
2025-10-31,1503,43158.34
2025-10-31,1504,167320.28
2025-10-31,1505,240783.27
2025-10-31,1506,110159.48
2025-10-31,1507,158639.79
2025-10-31,1508,41328.37
2025-10-31,1509,223450.4
2025-10-31,1510,77778.82
2025-10-31,1511,67142.4
2025-10-31,1512,133055.49
2025-10-31,1513,177528.05
2025-10-31,1514,114017.61
2025-10-31,1515,62038.14
2025-10-31,1516,225517.86
2025-10-31,1517,167289.87
2025-10-31,1518,294566.13
2025-10-31,1519,133633.17
2025-10-31,1520,82476.64
2025-10-31,1521,141456.02
2025-10-31,1522,101918.27
2025-10-31,1523,48454.95
2025-10-31,1524,96684.28
2025-10-31,1525,57738.85
2025-10-31,1526,112436.21
2025-10-31,1527,56094.43
2025-10-31,1528,346537.94
2025-10-31,1529,97492.73
2025-10-31,1530,255595.85
2025-10-31,1531,177396.06
2025-10-31,1532,176051.77
2025-10-31,1533,112239.65
2025-10-31,1534,113360.6
2025-10-31,1535,75625.81
2025-10-31,1536,309105.01
2025-10-31,1537,191827.71
2025-10-31,1538,215186.09
2025-10-31,1539,197724.67
2025-10-31,1540,290497.26
2025-10-31,1541,113328.05
2025-10-31,1542,168005.25
2025-10-31,1543,87438.74
2025-10-31,1544,187333.18
2025-10-31,1545,159404.56
2025-10-31,1546,117631.37
2025-10-31,1547,890488.69
2025-10-31,1548,166111.43
2025-10-31,1549,471378.22
2025-10-31,1550,371779.3
2025-10-31,1551,61723.78
2025-10-31,1552,451020.67
2025-10-31,1553,107239.08
2025-10-31,1554,82860.28
2025-10-31,1555,230033.44
2025-10-31,1556,202805.15
2025-10-31,1557,191632.09
2025-10-31,1558,143579.06
2025-10-31,1559,93808.31
2025-10-31,1560,41036.3
2025-10-31,1561,253921.37
2025-10-31,1562,99962.63
2025-10-31,1563,79612.27
2025-10-31,1564,128796.86
2025-10-31,1565,56969.88
2025-10-31,1566,270120.91
2025-10-31,1567,188121.69
2025-10-31,1568,115307.17
2025-10-31,1569,242677.2
2025-10-31,1570,204138.9
2025-10-31,1571,63519.14
2025-10-31,1572,132022.46
2025-10-31,1573,52098.63
2025-10-31,1574,83227.17
2025-10-31,1575,91635.48
2025-10-31,1576,75261.69
2025-10-31,1577,88351.96
2025-10-31,1578,212268.88
2025-10-31,1579,143981.77
2025-10-31,1580,144266.72
2025-10-31,1581,417106.88
2025-10-31,1582,54438.16
2025-10-31,1583,22562.64
2025-10-31,1584,40566.19
2025-10-31,1585,101732.29
2025-10-31,1586,152026.36
2025-10-31,1587,223761.34
2025-10-31,1588,52501.59
2025-10-31,1589,186475.76
2025-10-31,1590,123308.38
2025-10-31,1591,281427.66
2025-10-31,1592,136066.7
2025-10-31,1593,174800.63
2025-10-31,1594,116415.22
2025-10-31,1595,142366.81
2025-10-31,1596,117485.5
2025-10-31,1597,108932.36
2025-10-31,1598,191923.72
2025-10-31,1599,226558.01
2025-10-31,1600,434159.35
2025-10-31,1601,85515.17
2025-10-31,1602,324957.97
2025-10-31,1603,161294.47
2025-10-31,1604,377165.21
2025-10-31,1605,145954.02
2025-10-31,1606,203500.64
2025-10-31,1607,342686.94
2025-10-31,1608,312805.52
2025-10-31,1609,187619.79
2025-10-31,1610,51070.6
2025-10-31,1611,99888.01
2025-10-31,1612,118573.7
2025-10-31,1613,203947.39
2025-10-31,1614,167602.26
2025-10-31,1615,262094.82
2025-10-31,1616,146219.44
2025-10-31,1617,114644.68
2025-10-31,1618,12090.53
2025-10-31,1619,55844.06
2025-10-31,1620,27874.56
2025-10-31,1621,43192.59
2025-10-31,1622,129697.83
2025-10-31,1623,263386.7
2025-10-31,1624,130295.96
2025-10-31,1625,113048.94
2025-10-31,1626,119998.86
2025-10-31,1627,134019.35
2025-10-31,1628,68362.04
2025-10-31,1629,19542.56
2025-10-31,1630,139892.44
2025-10-31,1631,124624.47
2025-10-31,1632,86735.25
2025-10-31,1633,127899.78
2025-10-31,1634,50658.09
2025-10-31,1635,227743.41
2025-10-31,1636,98237.02
2025-10-31,1637,90207.73
2025-10-31,1638,183473.4
2025-10-31,1639,56800.56
2025-10-31,1640,192944.32
2025-10-31,1641,154570.71
2025-10-31,1642,191912.69
2025-10-31,1643,92670.99
2025-10-31,1644,214617.57
2025-10-31,1645,60641.43
2025-10-31,1646,230880.69
2025-10-31,1647,243748.76
2025-10-31,1648,57068.95
2025-10-31,1649,82118.03
2025-10-31,1650,65402.87
2025-10-31,1651,275866.75
2025-10-31,1652,192545.53
2025-10-31,1653,60687.58
2025-10-31,1654,25703.6
2025-10-31,1655,3667.52
2025-10-31,1656,182289.28
2025-10-31,1657,263633.87
2025-10-31,1658,65293.73
2025-10-31,1659,148329.09
2025-10-31,1660,25455.26
2025-10-31,1661,128271.44
2025-10-31,1662,59469.29
2025-10-31,1663,9794.1
2025-10-31,1664,268901.16
2025-10-31,1665,285631.24
2025-10-31,1666,224801.13
2025-10-31,1667,45607.56
2025-10-31,1668,103751.98
2025-10-31,1669,159101.32
2025-10-31,1670,114664.06
2025-10-31,1671,31197.59
2025-10-31,1672,413230.4
2025-10-31,1673,24793.6
2025-10-31,1674,950386.62
2025-10-31,1675,566342.1
2025-10-31,1676,26251.69
2025-10-31,1677,165323.72
2025-10-31,1678,148350.17
2025-10-31,1679,54329.25
2025-10-31,1680,177677.47
2025-10-31,1681,176882.19
2025-10-31,1682,244954.75
2025-10-31,1683,125754.04
2025-10-31,1684,114495.01
2025-10-31,1685,114844.13
2025-10-31,1686,120739.43
2025-10-31,1687,62069.79
2025-10-31,1688,118207.95
2025-10-31,1689,78405.87
2025-10-31,1690,271241.72
2025-10-31,1691,150643.18
2025-10-31,1692,122487.84
2025-10-31,1693,548842.71
2025-10-31,1694,44734.83
2025-10-31,1695,49557.0
2025-10-31,1696,43830.72
2025-10-31,1697,228735.79
2025-10-31,1698,245810.36
2025-10-31,1699,80245.53
2025-10-31,1700,25655.95
2025-10-31,1701,98246.73
2025-10-31,1702,79080.68
2025-10-31,1703,134307.36
2025-10-31,1704,161722.9
2025-10-31,1705,96095.59
2025-10-31,1706,168548.43
2025-10-31,1707,191010.54
2025-10-31,1708,84592.84
2025-10-31,1709,148946.14
2025-10-31,1710,45277.94
2025-10-31,1711,113578.6
2025-10-31,1712,76756.6
2025-10-31,1713,109591.63
2025-10-31,1714,292159.86
2025-10-31,1715,181095.92
2025-10-31,1716,219444.4
2025-10-31,1717,202847.77
2025-10-31,1718,172291.36
2025-10-31,1719,76341.85
2025-10-31,1720,335941.9
2025-10-31,1721,218864.07
2025-10-31,1722,107476.3
2025-10-31,1723,135950.78
2025-10-31,1724,235061.34
2025-10-31,1725,132440.42
2025-10-31,1726,21549.26
2025-10-31,1727,60915.65
2025-10-31,1728,39371.79
2025-10-31,1729,147982.98
2025-10-31,1730,190339.88
2025-10-31,1731,271599.71
2025-10-31,1732,226263.56
2025-10-31,1733,49572.41
2025-10-31,1734,76263.69
2025-10-31,1735,28039.42
2025-10-31,1736,115081.6
2025-10-31,1737,349375.78
2025-10-31,1738,34860.1
2025-10-31,1739,161236.84
2025-10-31,1740,242408.44
2025-10-31,1741,298255.77
2025-10-31,1742,204272.49
2025-10-31,1743,36005.32
2025-10-31,1744,225158.34
2025-10-31,1745,28088.55
2025-10-31,1746,180882.08
2025-10-31,1747,61906.76
2025-10-31,1748,128010.36
2025-10-31,1749,76845.03
2025-10-31,1750,72444.69
2025-10-31,1751,62729.2
2025-10-31,1752,49529.57
2025-10-31,1753,51705.83
2025-10-31,1754,212677.6
2025-10-31,1755,170401.04
2025-10-31,1756,46008.66
2025-10-31,1757,29819.4
2025-10-31,1758,199346.76
2025-10-31,1759,123234.65
2025-10-31,1760,115943.6
2025-10-31,1761,263726.41
2025-10-31,1762,120934.06
2025-10-31,1763,40781.92
2025-10-31,1764,110095.85
2025-10-31,1765,47489.01
2025-10-31,1766,140894.29
2025-10-31,1767,200169.32
2025-10-31,1768,154166.26
2025-10-31,1769,90116.83
2025-10-31,1770,187962.26
2025-10-31,1771,100318.2
2025-10-31,1772,809883.52
2025-10-31,1773,210988.4
2025-10-31,1774,190012.58
2025-10-31,1775,45676.86
2025-10-31,1776,336534.96
2025-10-31,1777,58336.39
2025-10-31,1778,117901.77
2025-10-31,1779,39292.36
2025-10-31,1780,114755.13
2025-10-31,1781,200071.53
2025-10-31,1782,76983.57
2025-10-31,1783,33078.22
2025-10-31,1784,241229.76
2025-10-31,1785,379913.6
2025-10-31,1786,131199.57
2025-10-31,1787,39042.24
2025-10-31,1788,24998.6
2025-10-31,1789,251324.59
2025-10-31,1790,66876.43
2025-10-31,1791,279272.34
2025-10-31,1792,226093.71
2025-10-31,1793,197893.35
2025-10-31,1794,589325.24
2025-10-31,1795,141554.6
2025-10-31,1796,294752.54
2025-10-31,1797,418973.74
2025-10-31,1798,131472.82
2025-10-31,1799,190877.99
2025-10-31,1800,334211.68
2025-10-31,1801,82553.78
2025-10-31,1802,171183.99
2025-10-31,1803,75324.4
2025-10-31,1804,263043.37
2025-10-31,1805,57801.49
2025-10-31,1806,81819.76
2025-10-31,1807,295063.52
2025-10-31,1808,133213.16
2025-10-31,1809,42264.74
2025-10-31,1810,419144.3
2025-10-31,1811,100497.19
2025-10-31,1812,298778.6
2025-10-31,1813,132032.67
2025-10-31,1814,78058.34
2025-10-31,1815,98617.07
2025-10-31,1816,81003.57
2025-10-31,1817,103094.03
2025-10-31,1818,40622.1
2025-10-31,1819,134073.05
2025-10-31,1820,81343.27
2025-10-31,1821,225741.0
2025-10-31,1822,120741.94
2025-10-31,1823,23625.7
2025-10-31,1824,157644.37
2025-10-31,1825,247327.88
2025-10-31,1826,131018.26
2025-10-31,1827,87883.14
2025-10-31,1828,117873.25
2025-10-31,1829,188027.4
2025-10-31,1830,167223.98
2025-10-31,1831,210243.19
2025-10-31,1832,68476.32
2025-10-31,1833,158409.24
2025-10-31,1834,153590.32
2025-10-31,1835,147250.27
2025-10-31,1836,136612.4
2025-10-31,1837,303874.49
2025-10-31,1838,71501.61
2025-10-31,1839,132059.47
2025-10-31,1840,166962.13
2025-10-31,1841,53982.43
2025-10-31,1842,345458.44
2025-10-31,1843,118466.19
2025-10-31,1844,46281.57
2025-10-31,1845,296045.98
2025-10-31,1846,74326.03
2025-10-31,1847,60161.42
2025-10-31,1848,72539.52
2025-10-31,1849,16687.53
2025-10-31,1850,152374.47
2025-10-31,1851,189316.5
2025-10-31,1852,134577.53
2025-10-31,1853,134610.92
2025-10-31,1854,46453.19
2025-10-31,1855,26758.23
2025-10-31,1856,151207.1
2025-10-31,1857,117211.24
2025-10-31,1858,136771.92
2025-10-31,1859,162316.47
2025-10-31,1860,162105.3
2025-10-31,1861,463474.72
2025-10-31,1862,88638.2
2025-10-31,1863,63275.57
2025-10-31,1864,38767.01
2025-10-31,1865,55102.54
2025-10-31,1866,67568.79
2025-10-31,1867,148639.0
2025-10-31,1868,149581.69
2025-10-31,1869,66043.88
2025-10-31,1870,602000.77
2025-10-31,1871,136434.6
2025-10-31,1872,232107.56
2025-10-31,1873,95885.42
2025-10-31,1874,82113.12
2025-10-31,1875,38942.74
2025-10-31,1876,113727.33
2025-10-31,1877,228200.28
2025-10-31,1878,59949.75
2025-10-31,1879,66477.89
2025-10-31,1880,512216.64
2025-10-31,1881,62761.97
2025-10-31,1882,110120.91
2025-10-31,1883,148234.95
2025-10-31,1884,79004.42
2025-10-31,1885,156668.49
2025-10-31,1886,204961.8
2025-10-31,1887,139147.27
2025-10-31,1888,104127.82
2025-10-31,1889,87435.22
2025-10-31,1890,113850.48
2025-10-31,1891,104228.08
2025-10-31,1892,140245.3
2025-10-31,1893,163197.85
2025-10-31,1894,68988.19
2025-10-31,1895,34627.01
2025-10-31,1896,140259.52
2025-10-31,1897,70801.37
2025-10-31,1898,89210.94
2025-10-31,1899,108912.76
2025-10-31,1900,212723.47
2025-10-31,1901,173918.83
2025-10-31,1902,268752.11
2025-10-31,1903,87784.62
2025-10-31,1904,62644.33
2025-10-31,1905,100971.84
2025-10-31,1906,198169.72
2025-10-31,1907,411778.69
2025-10-31,1908,151212.71
2025-10-31,1909,187687.85
2025-10-31,1910,139572.21
2025-10-31,1911,98393.64
2025-10-31,1912,110712.4
2025-10-31,1913,199915.22
2025-10-31,1914,79141.57
2025-10-31,1915,104765.66
2025-10-31,1916,70864.46
2025-10-31,1917,435867.27
2025-10-31,1918,190024.8
2025-10-31,1919,140889.32
2025-10-31,1920,61525.93
2025-10-31,1921,280120.63
2025-10-31,1922,144829.04
2025-10-31,1923,181656.9
2025-10-31,1924,128619.1
2025-10-31,1925,225106.65
2025-10-31,1926,57676.24
2025-10-31,1927,314638.12
2025-10-31,1928,69933.9
2025-10-31,1929,138740.29
2025-10-31,1930,33385.97
2025-10-31,1931,275454.75
2025-10-31,1932,142770.48
2025-10-31,1933,151734.59
2025-10-31,1934,377694.5
2025-10-31,1935,124130.65
2025-10-31,1936,160365.87
2025-10-31,1937,292428.54
2025-10-31,1938,186463.29
2025-10-31,1939,140465.03
2025-10-31,1940,98598.0
2025-10-31,1941,131213.46
2025-10-31,1942,99218.84
2025-10-31,1943,332206.06
2025-10-31,1944,166467.12
2025-10-31,1945,234765.44
2025-10-31,1946,187378.52
2025-10-31,1947,229507.63
2025-10-31,1948,41589.62
2025-10-31,1949,166057.45
2025-10-31,1950,1230102.87
2025-10-31,1951,178734.1
2025-10-31,1952,160850.92
2025-10-31,1953,231536.89
2025-10-31,1954,287479.87
2025-10-31,1955,111443.29
2025-10-31,1956,308784.29
2025-10-31,1957,124577.64
2025-10-31,1958,71310.05
2025-10-31,1959,37282.64
2025-10-31,1960,198785.49
2025-10-31,1961,347167.46
2025-10-31,1962,5451.44
2025-10-31,1963,213795.73
2025-10-31,1964,230372.59
2025-10-31,1965,36733.11
2025-10-31,1966,251609.13
2025-10-31,1967,16180.81
2025-10-31,1968,96442.61
2025-10-31,1969,161861.35
2025-10-31,1970,99151.19
2025-10-31,1971,41392.66
2025-10-31,1972,51134.33
2025-10-31,1973,183670.15
2025-10-31,1974,460365.09
2025-10-31,1975,197211.12
2025-10-31,1976,103344.42
2025-10-31,1977,65015.76
2025-10-31,1978,160008.46
2025-10-31,1979,72230.4
2025-10-31,1980,114240.12
2025-10-31,1981,45550.26
2025-10-31,1982,113700.96
2025-10-31,1983,132836.93
2025-10-31,1984,89920.14
2025-10-31,1985,168990.61
2025-10-31,1986,202214.7
2025-10-31,1987,161828.29
2025-10-31,1988,398637.26
2025-10-31,1989,30966.88
2025-10-31,1990,44827.46
2025-10-31,1991,126957.66
2025-10-31,1992,34220.66
2025-10-31,1993,315276.57
2025-10-31,1994,59959.67
2025-10-31,1995,2084.07
2025-10-31,1996,146056.71
2025-10-31,1997,282609.01
2025-10-31,1998,290840.85
2025-10-31,1999,22734.18
2025-10-31,2000,117532.9
2025-10-31,2001,282601.77
2025-10-31,2002,228079.04
2025-10-31,2003,223995.06
2025-10-31,2004,108638.72
2025-10-31,2005,242168.15
2025-10-31,2006,83604.55
2025-10-31,2007,130958.74
2025-10-31,2008,169067.94
2025-10-31,2009,86223.98
2025-10-31,2010,1577.56
2025-10-31,2011,185614.41
2025-10-31,2012,369331.64
2025-10-31,2013,199406.58
2025-10-31,2014,290423.71
2025-10-31,2015,183720.94
2025-10-31,2016,22588.49
2025-10-31,2017,271868.79
2025-10-31,2018,52956.28
2025-10-31,2019,13923.7
2025-10-31,2020,45457.43
2025-10-31,2021,164294.22
2025-10-31,2022,134806.74
2025-10-31,2023,89712.79
2025-10-31,2024,387190.38
2025-10-31,2025,78253.49
2025-10-31,2026,128376.66
2025-10-31,2027,200288.57
2025-10-31,2028,42114.07
2025-10-31,2029,62159.48
2025-10-31,2030,1822.9
2025-10-31,2031,277571.25
2025-10-31,2032,43087.11
2025-10-31,2033,62242.98
2025-10-31,2034,74401.61
2025-10-31,2035,262574.71
2025-10-31,2036,178158.09
2025-10-31,2037,78816.86
2025-10-31,2038,58870.3
2025-10-31,2039,235739.21
2025-10-31,2040,605708.22
2025-10-31,2041,7398.57
2025-10-31,2042,220637.59
2025-10-31,2043,225576.7
2025-10-31,2044,44799.57
2025-10-31,2045,153650.92
2025-10-31,2046,91090.32
2025-10-31,2047,202683.48
2025-10-31,2048,174863.92
2025-10-31,2049,120903.65
2025-10-31,2050,30123.45
2025-10-31,2051,85927.94
2025-10-31,2052,60219.3
2025-10-31,2053,138271.83
2025-10-31,2054,251033.95
2025-10-31,2055,159486.08
2025-10-31,2056,9639.31
2025-10-31,2057,57009.83
2025-10-31,2058,19103.68
2025-10-31,2059,222267.56
2025-10-31,2060,245838.66
2025-10-31,2061,92824.67
2025-10-31,2062,207946.65
2025-10-31,2063,132210.21
2025-10-31,2064,330965.7
2025-10-31,2065,207864.68
2025-10-31,2066,146575.55
2025-10-31,2067,68035.99
2025-10-31,2068,74068.38
2025-10-31,2069,128512.94
2025-10-31,2070,64539.15
2025-10-31,2071,93307.48
2025-10-31,2072,172149.92
2025-10-31,2073,120013.77
2025-10-31,2074,333955.59
2025-10-31,2075,100763.69
2025-10-31,2076,100317.96
2025-10-31,2077,158549.63
2025-10-31,2078,278204.45
2025-10-31,2079,149685.02
2025-10-31,2080,41747.33
2025-10-31,2081,62070.98
2025-10-31,2082,171041.63
2025-10-31,2083,23590.72
2025-10-31,2084,121713.13
2025-10-31,2085,89436.37
2025-10-31,2086,162347.57
2025-10-31,2087,246758.0
2025-10-31,2088,18295.5
2025-10-31,2089,305388.32
2025-10-31,2090,84112.28
2025-10-31,2091,340676.6
2025-10-31,2092,306651.24
2025-10-31,2093,175603.57
2025-10-31,2094,100216.31
2025-10-31,2095,188973.7
2025-10-31,2096,311725.22
2025-10-31,2097,97249.85
2025-10-31,2098,59509.99
2025-10-31,2099,115571.69
2025-10-31,2100,132391.25
2025-10-31,2101,212235.5
2025-10-31,2102,127109.15
2025-10-31,2103,14932.44
2025-10-31,2104,151577.98
2025-10-31,2105,49911.31
2025-10-31,2106,737760.21
2025-10-31,2107,99084.49
2025-10-31,2108,129461.21
2025-10-31,2109,183614.59
2025-10-31,2110,33734.63
2025-10-31,2111,146441.75
2025-10-31,2112,71162.3
2025-10-31,2113,441510.72
2025-10-31,2114,250671.53
2025-10-31,2115,7218.77
2025-10-31,2116,138925.61
2025-10-31,2117,92119.58
2025-10-31,2118,177805.29
2025-10-31,2119,62433.65
2025-10-31,2120,55661.5
2025-10-31,2121,82995.45
2025-10-31,2122,168815.13
2025-10-31,2123,89835.05
2025-10-31,2124,86856.03
2025-10-31,2125,55131.04
2025-10-31,2126,45594.69
2025-10-31,2127,130196.64
2025-10-31,2128,16799.99
2025-10-31,2129,281592.92
2025-10-31,2130,160627.42
2025-10-31,2131,240563.27
2025-10-31,2132,80278.28
2025-10-31,2133,163289.86
2025-10-31,2134,379792.42
2025-10-31,2135,105544.71
2025-10-31,2136,149647.13
2025-10-31,2137,342042.65
2025-10-31,2138,174480.71
2025-10-31,2139,363714.06
2025-10-31,2140,96759.61
2025-10-31,2141,65806.79
2025-10-31,2142,203295.81
2025-10-31,2143,116155.11
2025-10-31,2144,70038.15
2025-10-31,2145,219485.35
2025-10-31,2146,94508.91
2025-10-31,2147,162947.34
2025-10-31,2148,30284.87
2025-10-31,2149,165283.71
2025-10-31,2150,253500.77
2025-10-31,2151,135150.26
2025-10-31,2152,153649.73
2025-10-31,2153,294203.15
2025-10-31,2154,231226.34
2025-10-31,2155,164104.61
2025-10-31,2156,426804.13
2025-10-31,2157,46871.56
2025-10-31,2158,168254.58
2025-10-31,2159,101277.91
2025-10-31,2160,26604.66
2025-10-31,2161,73482.9
2025-10-31,2162,110507.97
2025-10-31,2163,88175.16
2025-10-31,2164,213550.38
2025-10-31,2165,325618.17
2025-10-31,2166,169447.17
2025-10-31,2167,59830.44
2025-10-31,2168,52844.51
2025-10-31,2169,246420.6
2025-10-31,2170,12594.09
2025-10-31,2171,157509.67
2025-10-31,2172,119360.4
2025-10-31,2173,480827.18
2025-10-31,2174,70895.52
2025-10-31,2175,113595.38
2025-10-31,2176,163588.25
2025-10-31,2177,85333.23
2025-10-31,2178,132870.97
2025-10-31,2179,121871.07
2025-10-31,2180,306254.45
2025-10-31,2181,254711.8
2025-10-31,2182,127364.63
2025-10-31,2183,139002.42
2025-10-31,2184,67570.84
2025-10-31,2185,124585.44
2025-10-31,2186,202809.08
2025-10-31,2187,89858.2
2025-10-31,2188,339388.36
2025-10-31,2189,75594.65
2025-10-31,2190,118298.46
2025-10-31,2191,373545.19
2025-10-31,2192,188883.17
2025-10-31,2193,242448.1
2025-10-31,2194,122785.09
2025-10-31,2195,136410.68
2025-10-31,2196,43508.01
2025-10-31,2197,49638.39
2025-10-31,2198,108438.15
2025-10-31,2199,175562.99
2025-10-31,2200,55880.16
2025-10-31,2201,147577.28
2025-10-31,2202,98196.32
2025-10-31,2203,43496.5
2025-10-31,2204,249134.66
2025-10-31,2205,87414.85
2025-10-31,2206,76659.93
2025-10-31,2207,245734.87
2025-10-31,2208,312270.76
2025-10-31,2209,382944.22
2025-10-31,2210,292702.31
2025-10-31,2211,185482.85
2025-10-31,2212,38496.76
2025-10-31,2213,29595.53
2025-10-31,2214,322836.67
2025-10-31,2215,227029.65
2025-10-31,2216,192370.38
2025-10-31,2217,156333.38
2025-10-31,2218,82704.58
2025-10-31,2219,110302.17
2025-10-31,2220,156582.04
2025-10-31,2221,155497.57
2025-10-31,2222,136795.86
2025-10-31,2223,398957.37
2025-10-31,2224,257031.49
2025-10-31,2225,62385.25
2025-10-31,2226,45888.21
2025-10-31,2227,246305.92
2025-10-31,2228,199229.87
2025-10-31,2229,370977.2
2025-10-31,2230,248711.34
2025-10-31,2231,458225.54
2025-10-31,2232,171523.52
2025-10-31,2233,180687.04
2025-10-31,2234,31919.99
2025-10-31,2235,61645.64
2025-10-31,2236,39258.1
2025-10-31,2237,64477.46
2025-10-31,2238,237699.53
2025-10-31,2239,104581.76
2025-10-31,2240,154372.01
2025-10-31,2241,155538.91
2025-10-31,2242,134316.98
2025-10-31,2243,512000.93
2025-10-31,2244,376015.2
2025-10-31,2245,289508.26
2025-10-31,2246,232972.92
2025-10-31,2247,137234.61
2025-10-31,2248,127351.47
2025-10-31,2249,30903.23
2025-10-31,2250,79934.07
2025-10-31,2251,97428.95
2025-10-31,2252,200848.14
2025-10-31,2253,195455.77
2025-10-31,2254,132109.32
2025-10-31,2255,198104.25
2025-10-31,2256,104702.29
2025-10-31,2257,105210.58
2025-10-31,2258,240976.11
2025-10-31,2259,86325.55
2025-10-31,2260,162504.51
2025-10-31,2261,284233.64
2025-10-31,2262,51478.19
2025-10-31,2263,445387.77
2025-10-31,2264,154975.51
2025-10-31,2265,32289.1
2025-10-31,2266,206003.0
2025-10-31,2267,126805.01
2025-10-31,2268,172463.83
2025-10-31,2269,54989.45
2025-10-31,2270,251863.1
2025-10-31,2271,221466.39
2025-10-31,2272,37448.22
2025-10-31,2273,225844.12
2025-10-31,2274,137227.21
2025-10-31,2275,111036.78
2025-10-31,2276,361154.96
2025-10-31,2277,167398.23
2025-10-31,2278,200266.02
2025-10-31,2279,166758.75
2025-10-31,2280,290492.45
2025-10-31,2281,112210.38
2025-10-31,2282,68299.05
2025-10-31,2283,156053.37
2025-10-31,2284,41813.05
2025-10-31,2285,130093.46
2025-10-31,2286,125308.92
2025-10-31,2287,75339.2
2025-10-31,2288,49703.2
2025-10-31,2289,132592.85
2025-10-31,2290,250300.18
2025-10-31,2291,136408.76
2025-10-31,2292,111594.05
2025-10-31,2293,172821.01
2025-10-31,2294,289504.25
2025-10-31,2295,222740.89
2025-10-31,2296,136063.06
2025-10-31,2297,75329.93
2025-10-31,2298,92608.68
2025-10-31,2299,144219.92
2025-10-31,2300,60634.98
2025-10-31,2301,100336.39
2025-10-31,2302,70720.03
2025-10-31,2303,449052.77
2025-10-31,2304,125419.44
2025-10-31,2305,105684.64
2025-10-31,2306,78785.1
2025-10-31,2307,267860.6
2025-10-31,2308,144919.51
2025-10-31,2309,271529.16
2025-10-31,2310,112864.05
2025-10-31,2311,139540.63
2025-10-31,2312,92939.63
2025-10-31,2313,188711.93
2025-10-31,2314,76305.26
2025-10-31,2315,63435.23
2025-10-31,2316,91729.56
2025-10-31,2317,252989.85
2025-10-31,2318,42787.44
2025-10-31,2319,332882.56
2025-10-31,2320,136223.79
2025-10-31,2321,119400.8
2025-10-31,2322,63848.21
2025-10-31,2323,190174.66
2025-10-31,2324,273970.43
2025-10-31,2325,172354.28
2025-10-31,2326,135666.54
2025-10-31,2327,202874.69
2025-10-31,2328,35761.77
2025-10-31,2329,85471.58
2025-10-31,2330,203784.74
2025-10-31,2331,75632.19
2025-10-31,2332,312031.81
2025-10-31,2333,132333.1
2025-10-31,2334,182009.43
2025-10-31,2335,166076.24
2025-10-31,2336,98929.09
2025-10-31,2337,87336.26
2025-10-31,2338,178664.96
2025-10-31,2339,80350.18
2025-10-31,2340,320443.98
2025-10-31,2341,40847.71
2025-10-31,2342,23189.46
2025-10-31,2343,156657.76
2025-10-31,2344,153519.9
2025-10-31,2345,288995.75
2025-10-31,2346,167155.52
2025-10-31,2347,118591.34
2025-10-31,2348,94080.25
2025-10-31,2349,124478.65
2025-10-31,2350,155029.21
2025-10-31,2351,7062.21
2025-10-31,2352,170022.36
2025-10-31,2353,94160.51
2025-10-31,2354,148166.78
2025-10-31,2355,399658.6
2025-10-31,2356,148477.69
2025-10-31,2357,100174.39
2025-10-31,2358,63350.63
2025-10-31,2359,102921.03
2025-10-31,2360,154013.8
2025-10-31,2361,25247.32
2025-10-31,2362,84579.2
2025-10-31,2363,267961.15
2025-10-31,2364,220848.94
2025-10-31,2365,236613.57
2025-10-31,2366,46639.4
2025-10-31,2367,64253.97
2025-10-31,2368,44649.7
2025-10-31,2369,421716.17
2025-10-31,2370,143606.13
2025-10-31,2371,803767.47
2025-10-31,2372,74630.54
2025-10-31,2373,122138.43
2025-10-31,2374,197462.28
2025-10-31,2375,1982.95
2025-10-31,2376,149887.05
2025-10-31,2377,143310.01
2025-10-31,2378,313141.54
2025-10-31,2379,153765.61
2025-10-31,2380,197765.05
2025-10-31,2381,202434.01
2025-10-31,2382,446380.2
2025-10-31,2383,40156.28
2025-10-31,2384,12761.7
2025-10-31,2385,54240.07
2025-10-31,2386,190478.17
2025-10-31,2387,63262.3
2025-10-31,2388,74839.68
2025-10-31,2389,124898.24
2025-10-31,2390,65701.43
2025-10-31,2391,350012.07
2025-10-31,2392,241155.66
2025-10-31,2393,184054.46
2025-10-31,2394,186301.66
2025-10-31,2395,95779.43
2025-10-31,2396,603757.71
2025-10-31,2397,81393.79
2025-10-31,2398,21734.35
2025-10-31,2399,297970.71
2025-10-31,2400,220212.14
2025-10-31,2401,90304.92
2025-10-31,2402,78826.14
2025-10-31,2403,29656.71
2025-10-31,2404,86506.36
2025-10-31,2405,129546.66
2025-10-31,2406,160997.9
2025-10-31,2407,146605.94
2025-10-31,2408,167010.88
2025-10-31,2409,80408.07
2025-10-31,2410,386536.71
2025-10-31,2411,399494.12
2025-10-31,2412,92328.96
2025-10-31,2413,121937.14
2025-10-31,2414,148432.24
2025-10-31,2415,305795.86
2025-10-31,2416,203988.58
2025-10-31,2417,162216.49
2025-10-31,2418,84569.79
2025-10-31,2419,85381.75
2025-10-31,2420,6152.57
2025-10-31,2421,104211.32
2025-10-31,2422,73608.25
2025-10-31,2423,166932.25
2025-10-31,2424,283443.17
2025-10-31,2425,191034.68
2025-10-31,2426,33544.7
2025-10-31,2427,185587.82
2025-10-31,2428,50346.92
2025-10-31,2429,261245.38
2025-10-31,2430,73496.44
2025-10-31,2431,276058.11
2025-10-31,2432,355676.02
2025-10-31,2433,546782.0
2025-10-31,2434,70849.85
2025-10-31,2435,160930.0
2025-10-31,2436,193821.85
2025-10-31,2437,93446.67
2025-10-31,2438,143723.74
2025-10-31,2439,156876.87
2025-10-31,2440,49725.85
2025-10-31,2441,148257.9
2025-10-31,2442,165704.37
2025-10-31,2443,53712.36
2025-10-31,2444,25333.76
2025-10-31,2445,132822.89
2025-10-31,2446,126423.17
2025-10-31,2447,14835.36
2025-10-31,2448,173156.69
2025-10-31,2449,31440.87
2025-10-31,2450,236708.62
2025-10-31,2451,88833.54
2025-10-31,2452,226910.61
2025-10-31,2453,500942.72
2025-10-31,2454,124268.09
2025-10-31,2455,114256.91
2025-10-31,2456,60378.72
2025-10-31,2457,67135.3
2025-10-31,2458,288029.32
2025-10-31,2459,214724.34
2025-10-31,2460,37442.97
2025-10-31,2461,111674.77
2025-10-31,2462,55667.21
2025-10-31,2463,89322.37
2025-10-31,2464,62267.92
2025-10-31,2465,87346.11
2025-10-31,2466,817454.18
2025-10-31,2467,68580.71
2025-10-31,2468,490725.53
2025-10-31,2469,209656.52
2025-10-31,2470,281959.97
2025-10-31,2471,240051.04
2025-10-31,2472,202601.2
2025-10-31,2473,106262.31
2025-10-31,2474,91659.6
2025-10-31,2475,148249.51
2025-10-31,2476,137550.36
2025-10-31,2477,91948.85
2025-10-31,2478,130121.59
2025-10-31,2479,195015.69
2025-10-31,2480,247178.29
2025-10-31,2481,26006.41
2025-10-31,2482,106414.92
2025-10-31,2483,21782.42
2025-10-31,2484,132566.68
2025-10-31,2485,63964.93
2025-10-31,2486,184903.06
2025-10-31,2487,72711.56
2025-10-31,2488,125203.74
2025-10-31,2489,204881.67
2025-10-31,2490,281239.37
2025-10-31,2491,164033.74
2025-10-31,2492,181350.19
2025-10-31,2493,172121.33
2025-10-31,2494,59865.67
2025-10-31,2495,182254.23
2025-10-31,2496,179074.6
2025-10-31,2497,124319.2
2025-10-31,2498,156044.24
2025-10-31,2499,375671.82
2025-10-31,2500,130663.88
2025-10-31,2501,120975.0
2025-10-31,2502,202748.08
2025-10-31,2503,53823.97
2025-10-31,2504,146690.92
2025-10-31,2505,72557.94
2025-10-31,2506,104244.23
2025-10-31,2507,28747.19
2025-10-31,2508,159263.94
2025-10-31,2509,229522.69
2025-10-31,2510,4223.15
2025-10-31,2511,79885.07
2025-10-31,2512,158417.01
2025-10-31,2513,103987.48
2025-10-31,2514,49036.78
2025-10-31,2515,109965.86
2025-10-31,2516,95293.54
2025-10-31,2517,40876.38
2025-10-31,2518,101441.53
2025-10-31,2519,191288.51
2025-10-31,2520,101268.36
2025-10-31,2521,308697.87
2025-10-31,2522,60508.43
2025-10-31,2523,43542.68
2025-10-31,2524,42027.43
2025-10-31,2525,209111.2
2025-10-31,2526,31290.44
2025-10-31,2527,55103.06
2025-10-31,2528,19084.8
2025-10-31,2529,29795.18
2025-10-31,2530,109491.78
2025-10-31,2531,76793.82
2025-10-31,2532,97341.26
2025-10-31,2533,492373.84
2025-10-31,2534,110597.09
2025-10-31,2535,45549.44
2025-10-31,2536,200494.44
2025-10-31,2537,15599.13
2025-10-31,2538,81173.36
2025-10-31,2539,218926.82
2025-10-31,2540,400483.39
2025-10-31,2541,109499.39
2025-10-31,2542,220670.08
2025-10-31,2543,42982.15
2025-10-31,2544,152491.1
2025-10-31,2545,178121.32
2025-10-31,2546,122768.4
2025-10-31,2547,132255.3
2025-10-31,2548,15629.39
2025-10-31,2549,175295.07
2025-10-31,2550,524878.95
2025-10-31,2551,199306.21
2025-10-31,2552,44680.65
2025-10-31,2553,79173.83
2025-10-31,2554,53774.55
2025-10-31,2555,297865.02
2025-10-31,2556,257251.25
2025-10-31,2557,219646.97
2025-10-31,2558,52667.23
2025-10-31,2559,121698.28
2025-10-31,2560,192220.63
2025-10-31,2561,9782.73
2025-10-31,2562,27745.36
2025-10-31,2563,299809.35
2025-10-31,2564,433430.41
2025-10-31,2565,47845.14
2025-10-31,2566,210128.1
2025-10-31,2567,14773.9
2025-10-31,2568,148491.89
2025-10-31,2569,62145.36
2025-10-31,2570,108308.43
2025-10-31,2571,177972.2
2025-10-31,2572,211827.74
2025-10-31,2573,124014.67
2025-10-31,2574,174552.17
2025-10-31,2575,52330.47
2025-10-31,2576,181600.74
2025-10-31,2577,69782.3
2025-10-31,2578,7917.16
2025-10-31,2579,30406.06
2025-10-31,2580,68645.69
2025-10-31,2581,126865.2
2025-10-31,2582,134266.11
2025-10-31,2583,81587.45
2025-10-31,2584,151183.17
2025-10-31,2585,273264.45
2025-10-31,2586,44836.13
2025-10-31,2587,41625.32
2025-10-31,2588,166710.59
2025-10-31,2589,443416.74
2025-10-31,2590,98201.56
2025-10-31,2591,48672.99
2025-10-31,2592,155799.98
2025-10-31,2593,158376.7
2025-10-31,2594,102589.69
2025-10-31,2595,87919.84
2025-10-31,2596,163109.6
2025-10-31,2597,174476.69
2025-10-31,2598,1107697.72
2025-10-31,2599,62951.16
2025-10-31,2600,169734.76
2025-10-31,2601,174745.66
2025-10-31,2602,146709.28
2025-10-31,2603,136822.57
2025-10-31,2604,82242.8
2025-10-31,2605,175098.89
2025-10-31,2606,158090.59
2025-10-31,2607,37436.32
2025-10-31,2608,57717.28
2025-10-31,2609,119947.78
2025-10-31,2610,90466.82
2025-10-31,2611,209835.51
2025-10-31,2612,67379.19
2025-10-31,2613,63319.45
2025-10-31,2614,236793.68
2025-10-31,2615,411654.62
2025-10-31,2616,89964.73
2025-10-31,2617,166714.46
2025-10-31,2618,144021.86
2025-10-31,2619,73524.42
2025-10-31,2620,123725.53
2025-10-31,2621,159763.27
2025-10-31,2622,64916.43
2025-10-31,2623,191268.59
2025-10-31,2624,389340.76
2025-10-31,2625,87929.73
2025-10-31,2626,44752.77
2025-10-31,2627,269138.96
2025-10-31,2628,410133.38
2025-10-31,2629,77320.83
2025-10-31,2630,224999.8
2025-10-31,2631,84094.49
2025-10-31,2632,85343.39
2025-10-31,2633,503469.23
2025-10-31,2634,148759.84
2025-10-31,2635,134559.57
2025-10-31,2636,391949.51
2025-10-31,2637,93460.51
2025-10-31,2638,174294.2
2025-10-31,2639,208685.4
2025-10-31,2640,55447.85
2025-10-31,2641,72248.0
2025-10-31,2642,191691.6
2025-10-31,2643,210505.1
2025-10-31,2644,72281.66
2025-10-31,2645,85102.67
2025-10-31,2646,165476.62
2025-10-31,2647,283531.79
2025-10-31,2648,134965.15
2025-10-31,2649,182391.15
2025-10-31,2650,161525.76
2025-10-31,2651,137940.38
2025-10-31,2652,322129.19
2025-10-31,2653,64463.23
2025-10-31,2654,179530.21
2025-10-31,2655,116153.1
2025-10-31,2656,81904.95
2025-10-31,2657,48940.46
2025-10-31,2658,115831.46
2025-10-31,2659,102652.57
2025-10-31,2660,161664.09
2025-10-31,2661,210395.47
2025-10-31,2662,29437.36
2025-10-31,2663,74435.62
2025-10-31,2664,109654.91
2025-10-31,2665,135573.3
2025-10-31,2666,311037.73
2025-10-31,2667,172859.38
2025-10-31,2668,49208.19
2025-10-31,2669,85232.03
2025-10-31,2670,278535.74
2025-10-31,2671,41255.85
2025-10-31,2672,68480.32
2025-10-31,2673,178519.31
2025-10-31,2674,292101.33
2025-10-31,2675,109712.51
2025-10-31,2676,92996.19
2025-10-31,2677,292009.67
2025-10-31,2678,165344.06
2025-10-31,2679,287513.46
2025-10-31,2680,74678.61
2025-10-31,2681,68010.68
2025-10-31,2682,168999.07
2025-10-31,2683,177309.63
2025-10-31,2684,337989.28
2025-10-31,2685,126442.76
2025-10-31,2686,225999.03
2025-10-31,2687,295129.38
2025-10-31,2688,181138.04
2025-10-31,2689,127042.71
2025-10-31,2690,101195.59
2025-10-31,2691,80811.86
2025-10-31,2692,242223.9
2025-10-31,2693,242001.17
2025-10-31,2694,97091.28
2025-10-31,2695,166084.68
2025-10-31,2696,161810.04
2025-10-31,2697,131379.65
2025-10-31,2698,228988.28
2025-10-31,2699,188906.11
2025-10-31,2700,96087.97
2025-10-31,2701,74921.65
2025-10-31,2702,68604.12
2025-10-31,2703,493105.52
2025-10-31,2704,146639.44
2025-10-31,2705,93559.23
2025-10-31,2706,80710.95
2025-10-31,2707,261569.6
2025-10-31,2708,459966.41
2025-10-31,2709,48419.39
2025-10-31,2710,83989.38
2025-10-31,2711,500434.05
2025-10-31,2712,211321.67
2025-10-31,2713,70795.29
2025-10-31,2714,110105.87
2025-10-31,2715,628041.47
2025-10-31,2716,156061.76
2025-10-31,2717,128052.86
2025-10-31,2718,77394.75
2025-10-31,2719,118855.16
2025-10-31,2720,83413.39
2025-10-31,2721,443865.91
2025-10-31,2722,464853.46
2025-10-31,2723,216554.73
2025-10-31,2724,220759.57
2025-10-31,2725,33482.87
2025-10-31,2726,65242.64
2025-10-31,2727,30226.56
2025-10-31,2728,225311.03
2025-10-31,2729,363007.88
2025-10-31,2730,279172.13
2025-10-31,2731,149669.08
2025-10-31,2732,125965.96
2025-10-31,2733,310261.9
2025-10-31,2734,163800.58
2025-10-31,2735,174667.24
2025-10-31,2736,259626.84
2025-10-31,2737,363473.97
2025-10-31,2738,41472.23
2025-10-31,2739,520219.28
2025-10-31,2740,309900.16
2025-10-31,2741,247752.58
2025-10-31,2742,85320.98
2025-10-31,2743,158708.02
2025-10-31,2744,64569.2
2025-10-31,2745,112536.84
2025-10-31,2746,133607.02
2025-10-31,2747,75412.18
2025-10-31,2748,198055.79
2025-10-31,2749,556619.6
2025-10-31,2750,199026.03
2025-10-31,2751,269137.54
2025-10-31,2752,99475.17
2025-10-31,2753,337578.34
2025-10-31,2754,151292.94
2025-10-31,2755,145649.21
2025-10-31,2756,329888.41
2025-10-31,2757,173444.26
2025-10-31,2758,110093.12
2025-10-31,2759,39733.09
2025-10-31,2760,20523.34
2025-10-31,2761,285160.25
2025-10-31,2762,174445.06
2025-10-31,2763,95382.46
2025-10-31,2764,251081.55
2025-10-31,2765,107134.67
2025-10-31,2766,142338.72
2025-10-31,2767,129361.96
2025-10-31,2768,114591.89
2025-10-31,2769,95913.28
2025-10-31,2770,682126.24
2025-10-31,2771,22492.55
2025-10-31,2772,131054.13
2025-10-31,2773,321840.26
2025-10-31,2774,30496.18
2025-10-31,2775,172745.24
2025-10-31,2776,130374.34
2025-10-31,2777,66579.55
2025-10-31,2778,93597.92
2025-10-31,2779,263897.47
2025-10-31,2780,55861.34
2025-10-31,2781,200398.58
2025-10-31,2782,82565.99
2025-10-31,2783,269818.11
2025-10-31,2784,90044.29
2025-10-31,2785,48683.67
2025-10-31,2786,143938.71
2025-10-31,2787,102004.51
2025-10-31,2788,123888.51
2025-10-31,2789,100295.27
2025-10-31,2790,139462.22
2025-10-31,2791,230934.17
2025-10-31,2792,86369.29
2025-10-31,2793,279684.07
2025-10-31,2794,330472.26
2025-10-31,2795,131526.02
2025-10-31,2796,145917.02
2025-10-31,2797,126085.6
2025-10-31,2798,140409.55
2025-10-31,2799,540070.57
2025-10-31,2800,192358.37
2025-10-31,2801,274175.08
2025-10-31,2802,116478.09
2025-10-31,2803,86710.67
2025-10-31,2804,13012.64
2025-10-31,2805,141782.52
2025-10-31,2806,67268.2
2025-10-31,2807,47325.14
2025-10-31,2808,184774.57
2025-10-31,2809,965088.2
2025-10-31,2810,113195.09
2025-10-31,2811,79935.81
2025-10-31,2812,160020.6
2025-10-31,2813,131777.89
2025-10-31,2814,38383.77
2025-10-31,2815,113973.36
2025-10-31,2816,110539.49
2025-10-31,2817,307820.77
2025-10-31,2818,44449.86
2025-10-31,2819,105003.25
2025-10-31,2820,57400.76
2025-10-31,2821,93123.39
2025-10-31,2822,166828.68
2025-10-31,2823,39050.49
2025-10-31,2824,76428.89
2025-10-31,2825,117139.68
2025-10-31,2826,181484.53
2025-10-31,2827,11082.51
2025-10-31,2828,157274.24
2025-10-31,2829,74877.76
2025-10-31,2830,141111.63
2025-10-31,2831,324798.84
2025-10-31,2832,364063.74
2025-10-31,2833,120120.63
2025-10-31,2834,681031.55
2025-10-31,2835,277001.12
2025-10-31,2836,291729.13
2025-10-31,2837,38951.55
2025-10-31,2838,107987.65
2025-10-31,2839,151723.8
2025-10-31,2840,88813.87
2025-10-31,2841,125134.85
2025-10-31,2842,31966.57
2025-10-31,2843,198182.58
2025-10-31,2844,371278.92
2025-10-31,2845,274114.64
2025-10-31,2846,286977.19
2025-10-31,2847,143494.47
2025-10-31,2848,153322.89
2025-10-31,2849,35784.7
2025-10-31,2850,149651.88
2025-10-31,2851,494987.17
2025-10-31,2852,31556.77
2025-10-31,2853,105780.95
2025-10-31,2854,448947.38
2025-10-31,2855,251381.16
2025-10-31,2856,242413.99
2025-10-31,2857,151205.95
2025-10-31,2858,332527.45
2025-10-31,2859,109083.33
2025-10-31,2860,76654.38
2025-10-31,2861,77717.1
2025-10-31,2862,200677.03
2025-10-31,2863,98442.27
2025-10-31,2864,88522.09
2025-10-31,2865,66390.1
2025-10-31,2866,83159.03
2025-10-31,2867,73072.15
2025-10-31,2868,161157.68
2025-10-31,2869,113453.34
2025-10-31,2870,230603.23
2025-10-31,2871,191821.52
2025-10-31,2872,177704.74
2025-10-31,2873,354008.21
2025-10-31,2874,164035.98
2025-10-31,2875,93446.06
2025-10-31,2876,72945.5
2025-10-31,2877,51172.94
2025-10-31,2878,153431.54
2025-10-31,2879,114106.41
2025-10-31,2880,90353.93
2025-10-31,2881,97990.14
2025-10-31,2882,85575.65
2025-10-31,2883,102885.66
2025-10-31,2884,158220.08
2025-10-31,2885,71260.09
2025-10-31,2886,445900.86
2025-10-31,2887,62272.55
2025-10-31,2888,103855.36
2025-10-31,2889,187168.97
2025-10-31,2890,46563.05
2025-10-31,2891,38758.92
2025-10-31,2892,125199.82
2025-10-31,2893,109666.16
2025-10-31,2894,168474.29
2025-10-31,2895,84933.54
2025-10-31,2896,55390.15
2025-10-31,2897,35210.85
2025-10-31,2898,112880.15
2025-10-31,2899,82349.54
2025-10-31,2900,208245.15
2025-10-31,2901,289861.95
2025-10-31,2902,63714.24
2025-10-31,2903,145249.25
2025-10-31,2904,114660.66
2025-10-31,2905,108533.96
2025-10-31,2906,44116.62
2025-10-31,2907,183978.35
2025-10-31,2908,85130.83
2025-10-31,2909,74999.43
2025-10-31,2910,224647.0
2025-10-31,2911,262267.88
2025-10-31,2912,147219.25
2025-10-31,2913,134135.69
2025-10-31,2914,33815.08
2025-10-31,2915,14492.91
2025-10-31,2916,94378.63
2025-10-31,2917,68263.44
2025-10-31,2918,253315.96
2025-10-31,2919,132245.82
2025-10-31,2920,95503.46
2025-10-31,2921,239814.32
2025-10-31,2922,77413.3
2025-10-31,2923,97984.42
2025-10-31,2924,70850.95
2025-10-31,2925,242984.26
2025-10-31,2926,180424.34
2025-10-31,2927,92720.52
2025-10-31,2928,94037.74
2025-10-31,2929,106577.63
2025-10-31,2930,84634.85
2025-10-31,2931,44920.63
2025-10-31,2932,100933.04
2025-10-31,2933,99688.11
2025-10-31,2934,53913.2
2025-10-31,2935,3479.43
2025-10-31,2936,106938.99
2025-10-31,2937,24085.1
2025-10-31,2938,162667.84
2025-10-31,2939,185570.93
2025-10-31,2940,242074.9
2025-10-31,2941,482946.57
2025-10-31,2942,110474.3
2025-10-31,2943,174131.38
2025-10-31,2944,190589.45
2025-10-31,2945,291446.0
2025-10-31,2946,334826.28
2025-10-31,2947,120151.4
2025-10-31,2948,106049.72
2025-10-31,2949,75555.85
2025-10-31,2950,161419.56
2025-10-31,2951,634463.09
2025-10-31,2952,123082.89
2025-10-31,2953,94076.36
2025-10-31,2954,222225.95
2025-10-31,2955,154050.31
2025-10-31,2956,256164.17
2025-10-31,2957,88738.11
2025-10-31,2958,171735.26
2025-10-31,2959,130975.98
2025-10-31,2960,76203.93
2025-10-31,2961,50724.67
2025-10-31,2962,297990.81
2025-10-31,2963,209562.05
2025-10-31,2964,71604.52
2025-10-31,2965,211328.01
2025-10-31,2966,9166.84
2025-10-31,2967,107677.71
2025-10-31,2968,196949.49
2025-10-31,2969,110459.54
2025-10-31,2970,148190.86
2025-10-31,2971,166651.66
2025-10-31,2972,1249794.22
2025-10-31,2973,173207.79
2025-10-31,2974,128913.69
2025-10-31,2975,170122.65
2025-10-31,2976,152828.29
2025-10-31,2977,163328.82
2025-10-31,2978,65203.66
2025-10-31,2979,133296.09
2025-10-31,2980,86516.35
2025-10-31,2981,120908.87
2025-10-31,2982,229463.63
2025-10-31,2983,100808.18
2025-10-31,2984,164862.64
2025-10-31,2985,90650.32
2025-10-31,2986,112002.34
2025-10-31,2987,150792.97
2025-10-31,2988,168704.99
2025-10-31,2989,37498.05
2025-10-31,2990,107871.5
2025-10-31,2991,177320.09
2025-10-31,2992,243241.97
2025-10-31,2993,57715.92
2025-10-31,2994,127222.35
2025-10-31,2995,168882.99
2025-10-31,2996,218090.52
2025-10-31,2997,112306.43
2025-10-31,2998,74635.23
2025-10-31,2999,225329.49
2025-10-31,3000,183668.09
2025-10-31,3001,31206.39
2025-10-31,3002,136892.88
2025-10-31,3003,82249.78
2025-10-31,3004,40222.38
2025-10-31,3005,72864.28
2025-10-31,3006,112818.09
2025-10-31,3007,221306.28
2025-10-31,3008,486665.98
2025-10-31,3009,387036.15
2025-10-31,3010,85627.24
2025-10-31,3011,141981.44
2025-10-31,3012,379278.04
2025-10-31,3013,372450.68
2025-10-31,3014,69800.04
2025-10-31,3015,90229.77
2025-10-31,3016,158675.01
2025-10-31,3017,301468.25
2025-10-31,3018,253345.93
2025-10-31,3019,264844.03
2025-10-31,3020,541305.53
2025-10-31,3021,295349.76
2025-10-31,3022,119664.58
2025-10-31,3023,187863.28
2025-10-31,3024,23056.36
2025-10-31,3025,87600.25
2025-10-31,3026,183311.08
2025-10-31,3027,147008.67
2025-10-31,3028,84893.78
2025-10-31,3029,103691.83
2025-10-31,3030,110166.46
2025-10-31,3031,81238.97
2025-10-31,3032,67089.79
2025-10-31,3033,47881.79
2025-10-31,3034,97810.15
2025-10-31,3035,194275.34
2025-10-31,3036,186847.84
2025-10-31,3037,230043.86
2025-10-31,3038,233946.18
2025-10-31,3039,1319387.88
2025-10-31,3040,94042.79
2025-10-31,3041,90454.91
2025-10-31,3042,258936.97
2025-10-31,3043,77896.31
2025-10-31,3044,345315.3
2025-10-31,3045,178748.21
2025-10-31,3046,180156.85
2025-10-31,3047,248908.66
2025-10-31,3048,99920.9
2025-10-31,3049,82068.09
2025-10-31,3050,257700.54
2025-10-31,3051,37462.99
2025-10-31,3052,77010.03
2025-10-31,3053,136762.12
2025-10-31,3054,17205.19
2025-10-31,3055,165082.89
2025-10-31,3056,255898.12
2025-10-31,3057,263187.97
2025-10-31,3058,98704.37
2025-10-31,3059,353357.31
2025-10-31,3060,111269.13
2025-10-31,3061,142634.78
2025-10-31,3062,34911.35
2025-10-31,3063,260367.46
2025-10-31,3064,40903.55
2025-10-31,3065,137181.41
2025-10-31,3066,83556.53
2025-10-31,3067,81805.48
2025-10-31,3068,217667.17
2025-10-31,3069,53220.1
2025-10-31,3070,14736.16
2025-10-31,3071,110866.97
2025-10-31,3072,117413.26
2025-10-31,3073,307122.62
2025-10-31,3074,6269.78
2025-10-31,3075,68448.41
2025-10-31,3076,123232.09
2025-10-31,3077,143153.0
2025-10-31,3078,131565.78
2025-10-31,3079,81707.05
2025-10-31,3080,42877.13
2025-10-31,3081,94549.72
2025-10-31,3082,138323.15
2025-10-31,3083,210450.96
2025-10-31,3084,81362.18
2025-10-31,3085,69441.72
2025-10-31,3086,117285.82
2025-10-31,3087,111185.45
2025-10-31,3088,46345.96
2025-10-31,3089,85224.73
2025-10-31,3090,87474.56
2025-10-31,3091,260864.24
2025-10-31,3092,162670.92
2025-10-31,3093,833716.32
2025-10-31,3094,229843.9
2025-10-31,3095,476229.75
2025-10-31,3096,111895.43
2025-10-31,3097,114840.35
2025-10-31,3098,184479.2
2025-10-31,3099,87813.67
2025-10-31,3100,174266.75
2025-10-31,3101,118607.59
2025-10-31,3102,367374.23
2025-10-31,3103,154146.47
2025-10-31,3104,232620.04
2025-10-31,3105,124404.98
2025-10-31,3106,131541.04
2025-10-31,3107,361958.65
2025-10-31,3108,36547.24
2025-10-31,3109,78273.78
2025-10-31,3110,40630.55
2025-10-31,3111,76967.49
2025-10-31,3112,55646.04
2025-10-31,3113,232254.85
2025-10-31,3114,150068.6
2025-10-31,3115,172207.21
2025-10-31,3116,175211.2
2025-10-31,3117,208345.8
2025-10-31,3118,68322.33
2025-10-31,3119,75010.93
2025-10-31,3120,416603.27
2025-10-31,3121,49257.81
2025-10-31,3122,16906.91
2025-10-31,3123,149494.21
2025-10-31,3124,185108.75
2025-10-31,3125,139493.91
2025-10-31,3126,128978.69
2025-10-31,3127,39118.39
2025-10-31,3128,27586.77
2025-10-31,3129,179912.53
2025-10-31,3130,222380.67
2025-10-31,3131,14841.13
2025-10-31,3132,397786.32
2025-10-31,3133,403990.62
2025-10-31,3134,383376.79
2025-10-31,3135,98140.92
2025-10-31,3136,261630.54
2025-10-31,3137,109153.73
2025-10-31,3138,186209.08
2025-10-31,3139,153765.99
2025-10-31,3140,65722.92
2025-10-31,3141,117596.99
2025-10-31,3142,65358.02
2025-10-31,3143,137106.92
2025-10-31,3144,129402.72
2025-10-31,3145,132491.74
2025-10-31,3146,102187.67
2025-10-31,3147,232098.53
2025-10-31,3148,100036.49
2025-10-31,3149,94627.89
2025-10-31,3150,286258.2
2025-10-31,3151,205135.7
2025-10-31,3152,86268.27
2025-10-31,3153,342848.2
2025-10-31,3154,85607.91
2025-10-31,3155,284555.23
2025-10-31,3156,229950.94
2025-10-31,3157,689601.51
2025-10-31,3158,206018.21
2025-10-31,3159,51023.29
2025-10-31,3160,432372.88
2025-10-31,3161,273186.11
2025-10-31,3162,101324.09
2025-10-31,3163,173776.13
2025-10-31,3164,168553.27
2025-10-31,3165,223043.73
2025-10-31,3166,48800.73
2025-10-31,3167,141026.86
2025-10-31,3168,207214.28
2025-10-31,3169,63361.41
2025-10-31,3170,54797.8
2025-10-31,3171,12978.34
2025-10-31,3172,139117.4
2025-10-31,3173,161536.78
2025-10-31,3174,99066.91
2025-10-31,3175,161407.2
2025-10-31,3176,462976.37
2025-10-31,3177,90544.76
2025-10-31,3178,230009.13
2025-10-31,3179,136444.15
2025-10-31,3180,176735.71
2025-10-31,3181,303404.37
2025-10-31,3182,5524.64
2025-10-31,3183,80696.66
2025-10-31,3184,94190.78
2025-10-31,3185,120485.83
2025-10-31,3186,130663.99
2025-10-31,3187,250177.26
2025-10-31,3188,280135.99
2025-10-31,3189,398972.92
2025-10-31,3190,23325.16
2025-10-31,3191,177421.55
2025-10-31,3192,99839.91
2025-10-31,3193,113534.7
2025-10-31,3194,206546.27
2025-10-31,3195,578234.69
2025-10-31,3196,276784.18
2025-10-31,3197,207137.37
2025-10-31,3198,383134.48
2025-10-31,3199,221397.4
2025-10-31,3200,142969.03
2025-11-30,1,212525.51
2025-11-30,2,42491.42
2025-11-30,3,85851.63
2025-11-30,4,60338.26
2025-11-30,5,187375.62
2025-11-30,6,126798.06
2025-11-30,7,108730.72
2025-11-30,8,94196.37
2025-11-30,9,85362.77
2025-11-30,10,32139.05
2025-11-30,11,46871.27
2025-11-30,12,129559.5
2025-11-30,13,77519.53
2025-11-30,14,139756.24
2025-11-30,15,38320.34
2025-11-30,16,104266.73
2025-11-30,17,123997.89
2025-11-30,18,170783.74
2025-11-30,19,444929.33
2025-11-30,20,24243.55
2025-11-30,21,38908.34
2025-11-30,22,94318.39
2025-11-30,23,109720.54
2025-11-30,24,88161.87
2025-11-30,25,118713.18
2025-11-30,26,153609.32
2025-11-30,27,301677.57
2025-11-30,28,113928.76
2025-11-30,29,114390.13
2025-11-30,30,183655.6
2025-11-30,31,278966.41
2025-11-30,32,23238.67
2025-11-30,33,266395.49
2025-11-30,34,109588.01
2025-11-30,35,76348.46
2025-11-30,36,90101.42
2025-11-30,37,169090.24
2025-11-30,38,162379.05
2025-11-30,39,874908.93
2025-11-30,40,44822.16
2025-11-30,41,339703.77
2025-11-30,42,52618.37
2025-11-30,43,60723.29
2025-11-30,44,175417.95
2025-11-30,45,125802.86
2025-11-30,46,100683.2
2025-11-30,47,289631.57
2025-11-30,48,78288.84
2025-11-30,49,193951.8
2025-11-30,50,130741.3
2025-11-30,51,125929.18
2025-11-30,52,189629.64
2025-11-30,53,504304.43
2025-11-30,54,333545.22
2025-11-30,55,156581.97
2025-11-30,56,64207.86
2025-11-30,57,478084.88
2025-11-30,58,232192.11
2025-11-30,59,251652.12
2025-11-30,60,190199.93
2025-11-30,61,52585.93
2025-11-30,62,207830.42
2025-11-30,63,70556.44
2025-11-30,64,145501.71
2025-11-30,65,401875.76
2025-11-30,66,210363.37
2025-11-30,67,143842.23
2025-11-30,68,117104.0
2025-11-30,69,251994.52
2025-11-30,70,248631.93
2025-11-30,71,52500.41
2025-11-30,72,130703.43
2025-11-30,73,156596.34
2025-11-30,74,9218.25
2025-11-30,75,89228.7
2025-11-30,76,99335.43
2025-11-30,77,194156.67
2025-11-30,78,38811.81
2025-11-30,79,159196.42
2025-11-30,80,261365.67
2025-11-30,81,219157.87
2025-11-30,82,164912.28
2025-11-30,83,183247.88
2025-11-30,84,60775.16
2025-11-30,85,12965.37
2025-11-30,86,151774.77
2025-11-30,87,23082.87
2025-11-30,88,212925.4
2025-11-30,89,19608.71
2025-11-30,90,143277.19
2025-11-30,91,128316.21
2025-11-30,92,157319.69
2025-11-30,93,264175.16
2025-11-30,94,391310.6
2025-11-30,95,191509.62
2025-11-30,96,133846.13
2025-11-30,97,192795.26
2025-11-30,98,49001.24
2025-11-30,99,214587.41
2025-11-30,100,61672.68
2025-11-30,101,639367.61
2025-11-30,102,179466.02
2025-11-30,103,36042.59
2025-11-30,104,114287.07
2025-11-30,105,466821.06
2025-11-30,106,269861.52
2025-11-30,107,72201.92
2025-11-30,108,29722.39
2025-11-30,109,61888.23
2025-11-30,110,76458.22
2025-11-30,111,412375.94
2025-11-30,112,79485.03
2025-11-30,113,40982.77
2025-11-30,114,314478.03
2025-11-30,115,191403.02
2025-11-30,116,7274.55
2025-11-30,117,205902.77
2025-11-30,118,219284.82
2025-11-30,119,233189.45
2025-11-30,120,142378.88
2025-11-30,121,142296.22
2025-11-30,122,76172.1
2025-11-30,123,91861.4
2025-11-30,124,156611.19
2025-11-30,125,71622.79
2025-11-30,126,185860.29
2025-11-30,127,58253.61
2025-11-30,128,139467.5
2025-11-30,129,124456.98
2025-11-30,130,66968.89
2025-11-30,131,85791.34
2025-11-30,132,91596.45
2025-11-30,133,84114.22
2025-11-30,134,167820.38
2025-11-30,135,95196.49
2025-11-30,136,13023.27
2025-11-30,137,151400.19
2025-11-30,138,78421.64
2025-11-30,139,156198.98
2025-11-30,140,159445.42
2025-11-30,141,339294.39
2025-11-30,142,241392.78
2025-11-30,143,75399.33
2025-11-30,144,137626.06
2025-11-30,145,145250.74
2025-11-30,146,298280.6
2025-11-30,147,93213.48
2025-11-30,148,52514.03
2025-11-30,149,348110.04
2025-11-30,150,114735.32
2025-11-30,151,58251.37
2025-11-30,152,626348.41
2025-11-30,153,129556.07
2025-11-30,154,93093.78
2025-11-30,155,68100.11
2025-11-30,156,142965.18
2025-11-30,157,104468.41
2025-11-30,158,109266.81
2025-11-30,159,90023.62
2025-11-30,160,82501.81
2025-11-30,161,182229.82
2025-11-30,162,176675.92
2025-11-30,163,233200.71
2025-11-30,164,204081.55
2025-11-30,165,171323.29
2025-11-30,166,517.02
2025-11-30,167,431851.87
2025-11-30,168,129423.51
2025-11-30,169,191124.35
2025-11-30,170,354393.29
2025-11-30,171,234585.46
2025-11-30,172,84818.13
2025-11-30,173,57542.14
2025-11-30,174,438544.74
2025-11-30,175,212801.56
2025-11-30,176,66552.49
2025-11-30,177,79110.46
2025-11-30,178,164137.4
2025-11-30,179,332265.94
2025-11-30,180,173401.72
2025-11-30,181,230012.76
2025-11-30,182,30851.99
2025-11-30,183,62280.53
2025-11-30,184,51342.59
2025-11-30,185,155123.85
2025-11-30,186,265415.19
2025-11-30,187,79173.93
2025-11-30,188,207569.17
2025-11-30,189,42648.86
2025-11-30,190,184042.7
2025-11-30,191,39435.58
2025-11-30,192,74169.29
2025-11-30,193,137381.52
2025-11-30,194,147058.53
2025-11-30,195,80933.63
2025-11-30,196,248830.83
2025-11-30,197,310785.04
2025-11-30,198,451637.68
2025-11-30,199,51456.61
2025-11-30,200,64160.54
2025-11-30,201,29405.64
2025-11-30,202,262913.92
2025-11-30,203,90897.32
2025-11-30,204,320050.81
2025-11-30,205,77159.21
2025-11-30,206,82603.05
2025-11-30,207,231376.64
2025-11-30,208,309062.69
2025-11-30,209,272462.57
2025-11-30,210,170873.21
2025-11-30,211,202366.8
2025-11-30,212,520984.98
2025-11-30,213,107196.89
2025-11-30,214,170938.31
2025-11-30,215,195585.76
2025-11-30,216,422285.61
2025-11-30,217,106576.07
2025-11-30,218,189177.95
2025-11-30,219,179110.51
2025-11-30,220,209627.97
2025-11-30,221,84155.36
2025-11-30,222,110438.99
2025-11-30,223,104594.28
2025-11-30,224,174988.4
2025-11-30,225,303028.41
2025-11-30,226,201059.8
2025-11-30,227,17330.59
2025-11-30,228,77513.49
2025-11-30,229,169396.57
2025-11-30,230,333651.34
2025-11-30,231,265181.11
2025-11-30,232,97248.89
2025-11-30,233,159663.16
2025-11-30,234,168619.62
2025-11-30,235,211312.61
2025-11-30,236,76422.89
2025-11-30,237,312867.52
2025-11-30,238,31260.43
2025-11-30,239,66374.81
2025-11-30,240,250164.72
2025-11-30,241,178869.65
2025-11-30,242,419238.3
2025-11-30,243,76447.75
2025-11-30,244,87664.91
2025-11-30,245,203728.51
2025-11-30,246,19289.26
2025-11-30,247,22660.43
2025-11-30,248,37929.48
2025-11-30,249,82069.31
2025-11-30,250,151084.97
2025-11-30,251,50561.88
2025-11-30,252,118212.71
2025-11-30,253,76385.79
2025-11-30,254,206402.59
2025-11-30,255,150544.32
2025-11-30,256,132172.72
2025-11-30,257,97239.63
2025-11-30,258,37538.34
2025-11-30,259,163242.57
2025-11-30,260,163656.28
2025-11-30,261,124290.13
2025-11-30,262,240831.86
2025-11-30,263,136980.04
2025-11-30,264,65649.34
2025-11-30,265,205781.04
2025-11-30,266,95346.38
2025-11-30,267,67683.85
2025-11-30,268,23297.42
2025-11-30,269,199200.65
2025-11-30,270,75161.67
2025-11-30,271,120021.82
2025-11-30,272,226730.34
2025-11-30,273,148440.64
2025-11-30,274,168955.54
2025-11-30,275,515183.47
2025-11-30,276,177741.22
2025-11-30,277,174170.91
2025-11-30,278,323125.61
2025-11-30,279,316762.85
2025-11-30,280,65398.29
2025-11-30,281,94639.15
2025-11-30,282,162306.65
2025-11-30,283,38055.16
2025-11-30,284,9881.8
2025-11-30,285,212630.3
2025-11-30,286,347475.82
2025-11-30,287,596019.02
2025-11-30,288,72966.8
2025-11-30,289,123009.0
2025-11-30,290,65120.88
2025-11-30,291,333519.78
2025-11-30,292,169894.76
2025-11-30,293,189991.88
2025-11-30,294,85328.53
2025-11-30,295,267006.46
2025-11-30,296,141419.81
2025-11-30,297,261345.59
2025-11-30,298,401552.45
2025-11-30,299,149941.74
2025-11-30,300,70998.57
2025-11-30,301,84519.56
2025-11-30,302,177091.92
2025-11-30,303,77123.63
2025-11-30,304,215688.39
2025-11-30,305,239215.78
2025-11-30,306,281525.43
2025-11-30,307,226205.4
2025-11-30,308,42058.45
2025-11-30,309,144978.03
2025-11-30,310,153868.35
2025-11-30,311,14680.06
2025-11-30,312,116472.3
2025-11-30,313,137645.2
2025-11-30,314,106857.09
2025-11-30,315,212268.14
2025-11-30,316,89532.49
2025-11-30,317,85802.21
2025-11-30,318,57047.97
2025-11-30,319,112597.45
2025-11-30,320,74497.82
2025-11-30,321,264164.94
2025-11-30,322,46996.61
2025-11-30,323,314245.41
2025-11-30,324,268543.55
2025-11-30,325,166318.92
2025-11-30,326,213552.19
2025-11-30,327,189476.06
2025-11-30,328,70617.43
2025-11-30,329,276980.47
2025-11-30,330,89552.65
2025-11-30,331,20453.01
2025-11-30,332,131795.31
2025-11-30,333,195942.86
2025-11-30,334,149863.23
2025-11-30,335,42727.1
2025-11-30,336,343856.12
2025-11-30,337,261457.98
2025-11-30,338,35445.1
2025-11-30,339,55145.38
2025-11-30,340,310821.25
2025-11-30,341,116018.11
2025-11-30,342,218910.33
2025-11-30,343,211894.4
2025-11-30,344,81740.25
2025-11-30,345,123386.52
2025-11-30,346,266065.13
2025-11-30,347,185130.01
2025-11-30,348,67325.56
2025-11-30,349,115397.35
2025-11-30,350,121355.67
2025-11-30,351,361995.38
2025-11-30,352,204125.45
2025-11-30,353,130202.53
2025-11-30,354,180082.11
2025-11-30,355,109983.28
2025-11-30,356,119933.28
2025-11-30,357,32935.4
2025-11-30,358,90639.89
2025-11-30,359,95055.11
2025-11-30,360,161428.58
2025-11-30,361,163874.55
2025-11-30,362,91791.36
2025-11-30,363,117002.96
2025-11-30,364,242898.59
2025-11-30,365,386217.72
2025-11-30,366,37006.85
2025-11-30,367,222372.21
2025-11-30,368,194519.46
2025-11-30,369,160831.72
2025-11-30,370,132730.89
2025-11-30,371,198390.33
2025-11-30,372,115071.18
2025-11-30,373,93599.73
2025-11-30,374,227722.11
2025-11-30,375,139113.02
2025-11-30,376,93560.33
2025-11-30,377,489946.27
2025-11-30,378,109605.42
2025-11-30,379,175255.4
2025-11-30,380,72125.53
2025-11-30,381,56484.47
2025-11-30,382,205941.51
2025-11-30,383,98166.39
2025-11-30,384,176475.41
2025-11-30,385,82600.19
2025-11-30,386,41943.17
2025-11-30,387,352635.92
2025-11-30,388,206706.88
2025-11-30,389,323860.93
2025-11-30,390,231524.69
2025-11-30,391,564690.17
2025-11-30,392,160315.26
2025-11-30,393,313274.12
2025-11-30,394,296702.63
2025-11-30,395,176304.25
2025-11-30,396,174580.12
2025-11-30,397,138043.98
2025-11-30,398,568228.8
2025-11-30,399,96681.59
2025-11-30,400,243441.2
2025-11-30,401,183359.91
2025-11-30,402,121382.62
2025-11-30,403,207461.82
2025-11-30,404,218417.68
2025-11-30,405,199557.73
2025-11-30,406,129028.27
2025-11-30,407,66881.45
2025-11-30,408,117532.47
2025-11-30,409,113596.11
2025-11-30,410,199214.8
2025-11-30,411,111415.79
2025-11-30,412,352480.27
2025-11-30,413,67146.73
2025-11-30,414,524834.36
2025-11-30,415,82384.31
2025-11-30,416,149213.97
2025-11-30,417,55650.77
2025-11-30,418,434159.96
2025-11-30,419,50660.91
2025-11-30,420,160579.32
2025-11-30,421,10068.61
2025-11-30,422,13682.42
2025-11-30,423,59682.57
2025-11-30,424,410527.39
2025-11-30,425,315423.95
2025-11-30,426,201291.3
2025-11-30,427,102704.04
2025-11-30,428,68650.62
2025-11-30,429,66230.39
2025-11-30,430,290992.58
2025-11-30,431,187039.7
2025-11-30,432,168421.55
2025-11-30,433,23132.63
2025-11-30,434,156212.81
2025-11-30,435,24040.41
2025-11-30,436,348200.46
2025-11-30,437,114672.6
2025-11-30,438,81635.75
2025-11-30,439,154700.41
2025-11-30,440,196906.16
2025-11-30,441,216596.11
2025-11-30,442,252094.34
2025-11-30,443,315644.48
2025-11-30,444,74183.06
2025-11-30,445,457517.63
2025-11-30,446,471060.11
2025-11-30,447,81254.61
2025-11-30,448,16443.94
2025-11-30,449,365388.09
2025-11-30,450,90961.61
2025-11-30,451,133557.6
2025-11-30,452,232287.31
2025-11-30,453,159927.59
2025-11-30,454,55858.98
2025-11-30,455,69991.64
2025-11-30,456,134764.63
2025-11-30,457,53207.79
2025-11-30,458,342969.3
2025-11-30,459,291173.18
2025-11-30,460,91829.79
2025-11-30,461,113639.05
2025-11-30,462,2671.21
2025-11-30,463,457977.11
2025-11-30,464,53617.0
2025-11-30,465,62234.79
2025-11-30,466,301764.13
2025-11-30,467,166068.97
2025-11-30,468,74416.04
2025-11-30,469,414060.6
2025-11-30,470,35024.09
2025-11-30,471,298396.03
2025-11-30,472,104672.27
2025-11-30,473,127825.91
2025-11-30,474,146056.52
2025-11-30,475,122769.2
2025-11-30,476,105901.27
2025-11-30,477,355341.2
2025-11-30,478,78030.45
2025-11-30,479,137910.32
2025-11-30,480,122541.03
2025-11-30,481,12530.69
2025-11-30,482,275965.97
2025-11-30,483,426982.19
2025-11-30,484,22764.09
2025-11-30,485,113583.18
2025-11-30,486,53458.49
2025-11-30,487,42014.42
2025-11-30,488,72505.15
2025-11-30,489,295668.23
2025-11-30,490,65984.83
2025-11-30,491,179781.93
2025-11-30,492,77604.12
2025-11-30,493,56106.11
2025-11-30,494,163947.09
2025-11-30,495,166616.85
2025-11-30,496,192359.27
2025-11-30,497,572666.18
2025-11-30,498,49917.79
2025-11-30,499,519201.24
2025-11-30,500,116686.98
2025-11-30,501,206483.45
2025-11-30,502,340273.55
2025-11-30,503,53422.9
2025-11-30,504,136349.34
2025-11-30,505,147285.68
2025-11-30,506,187524.44
2025-11-30,507,202547.29
2025-11-30,508,197899.39
2025-11-30,509,157123.85
2025-11-30,510,72590.53
2025-11-30,511,113048.22
2025-11-30,512,104103.4
2025-11-30,513,361436.81
2025-11-30,514,127694.21
2025-11-30,515,144540.01
2025-11-30,516,263831.7
2025-11-30,517,109133.31
2025-11-30,518,568556.73
2025-11-30,519,206473.09
2025-11-30,520,215243.52
2025-11-30,521,64029.41
2025-11-30,522,28869.04
2025-11-30,523,70137.18
2025-11-30,524,93069.26
2025-11-30,525,182530.31
2025-11-30,526,208.89
2025-11-30,527,74599.47
2025-11-30,528,163850.75
2025-11-30,529,433567.73
2025-11-30,530,109051.59
2025-11-30,531,261464.83
2025-11-30,532,211738.47
2025-11-30,533,81514.71
2025-11-30,534,143790.98
2025-11-30,535,4495.61
2025-11-30,536,142306.32
2025-11-30,537,96605.65
2025-11-30,538,119484.23
2025-11-30,539,113858.92
2025-11-30,540,252320.88
2025-11-30,541,85497.26
2025-11-30,542,199695.6
2025-11-30,543,252993.46
2025-11-30,544,251688.67
2025-11-30,545,285803.99
2025-11-30,546,194846.78
2025-11-30,547,73462.14
2025-11-30,548,52807.68
2025-11-30,549,93141.33
2025-11-30,550,119419.87
2025-11-30,551,106718.95
2025-11-30,552,53396.12
2025-11-30,553,37081.39
2025-11-30,554,164154.17
2025-11-30,555,115768.6
2025-11-30,556,323431.33
2025-11-30,557,50537.44
2025-11-30,558,211198.73
2025-11-30,559,117699.45
2025-11-30,560,43965.28
2025-11-30,561,293774.87
2025-11-30,562,200727.07
2025-11-30,563,113122.24
2025-11-30,564,199081.93
2025-11-30,565,71937.66
2025-11-30,566,128771.01
2025-11-30,567,258671.74
2025-11-30,568,165363.12
2025-11-30,569,226108.09
2025-11-30,570,8186.15
2025-11-30,571,202390.69
2025-11-30,572,120750.69
2025-11-30,573,165023.42
2025-11-30,574,147770.63
2025-11-30,575,70402.51
2025-11-30,576,101990.24
2025-11-30,577,139406.49
2025-11-30,578,232595.67
2025-11-30,579,214566.78
2025-11-30,580,71505.7
2025-11-30,581,340290.84
2025-11-30,582,239363.89
2025-11-30,583,171731.42
2025-11-30,584,35030.08
2025-11-30,585,13546.01
2025-11-30,586,107285.56
2025-11-30,587,381483.93
2025-11-30,588,68878.17
2025-11-30,589,288169.73
2025-11-30,590,43170.77
2025-11-30,591,137913.73
2025-11-30,592,95918.32
2025-11-30,593,161570.83
2025-11-30,594,326539.2
2025-11-30,595,87438.83
2025-11-30,596,114889.73
2025-11-30,597,60482.14
2025-11-30,598,279862.41
2025-11-30,599,33602.24
2025-11-30,600,168210.34
2025-11-30,601,103465.3
2025-11-30,602,786126.88
2025-11-30,603,239545.36
2025-11-30,604,40339.15
2025-11-30,605,150678.68
2025-11-30,606,125912.41
2025-11-30,607,510880.92
2025-11-30,608,69233.14
2025-11-30,609,83936.58
2025-11-30,610,60281.43
2025-11-30,611,33589.03
2025-11-30,612,246959.83
2025-11-30,613,137556.56
2025-11-30,614,267008.27
2025-11-30,615,144860.43
2025-11-30,616,75844.7
2025-11-30,617,199852.63
2025-11-30,618,279014.89
2025-11-30,619,294891.53
2025-11-30,620,79753.41
2025-11-30,621,232819.4
2025-11-30,622,27367.16
2025-11-30,623,162788.13
2025-11-30,624,198983.39
2025-11-30,625,219325.47
2025-11-30,626,97172.54
2025-11-30,627,198458.2
2025-11-30,628,176631.93
2025-11-30,629,113232.03
2025-11-30,630,174346.41
2025-11-30,631,37548.48
2025-11-30,632,80753.65
2025-11-30,633,125565.66
2025-11-30,634,127575.61
2025-11-30,635,106122.32
2025-11-30,636,58448.45
2025-11-30,637,1037947.09
2025-11-30,638,56227.3
2025-11-30,639,123972.85
2025-11-30,640,205440.25
2025-11-30,641,35664.18
2025-11-30,642,136767.27
2025-11-30,643,66646.44
2025-11-30,644,169520.97
2025-11-30,645,477496.93
2025-11-30,646,94776.62
2025-11-30,647,86802.66
2025-11-30,648,174650.19
2025-11-30,649,171053.86
2025-11-30,650,151385.51
2025-11-30,651,102595.62
2025-11-30,652,136844.57
2025-11-30,653,83225.16
2025-11-30,654,617927.55
2025-11-30,655,223250.11
2025-11-30,656,93079.11
2025-11-30,657,79415.13
2025-11-30,658,164911.1
2025-11-30,659,225187.71
2025-11-30,660,125107.46
2025-11-30,661,84599.89
2025-11-30,662,55661.58
2025-11-30,663,126189.09
2025-11-30,664,122646.18
2025-11-30,665,138240.4
2025-11-30,666,243016.37
2025-11-30,667,24110.56
2025-11-30,668,93308.14
2025-11-30,669,13601.93
2025-11-30,670,183119.48
2025-11-30,671,58474.59
2025-11-30,672,126972.72
2025-11-30,673,87566.08
2025-11-30,674,173219.07
2025-11-30,675,102161.97
2025-11-30,676,451244.47
2025-11-30,677,101390.85
2025-11-30,678,99427.28
2025-11-30,679,29706.38
2025-11-30,680,108327.5
2025-11-30,681,59627.49
2025-11-30,682,115503.94
2025-11-30,683,23356.62
2025-11-30,684,82195.87
2025-11-30,685,203235.75
2025-11-30,686,107328.22
2025-11-30,687,134806.96
2025-11-30,688,109215.08
2025-11-30,689,160631.35
2025-11-30,690,153833.26
2025-11-30,691,149408.37
2025-11-30,692,64590.48
2025-11-30,693,66209.85
2025-11-30,694,146907.23
2025-11-30,695,422427.04
2025-11-30,696,41279.86
2025-11-30,697,192088.98
2025-11-30,698,44595.99
2025-11-30,699,193474.71
2025-11-30,700,124252.93
2025-11-30,701,47309.23
2025-11-30,702,67157.17
2025-11-30,703,61121.93
2025-11-30,704,99922.53
2025-11-30,705,111254.89
2025-11-30,706,483234.04
2025-11-30,707,109973.13
2025-11-30,708,314293.02
2025-11-30,709,39356.43
2025-11-30,710,207455.85
2025-11-30,711,215425.81
2025-11-30,712,114119.92
2025-11-30,713,110146.25
2025-11-30,714,800373.86
2025-11-30,715,280124.34
2025-11-30,716,136869.86
2025-11-30,717,144252.25
2025-11-30,718,358580.95
2025-11-30,719,28524.02
2025-11-30,720,93662.9
2025-11-30,721,17620.96
2025-11-30,722,175864.52
2025-11-30,723,322220.18
2025-11-30,724,24820.34
2025-11-30,725,157242.38
2025-11-30,726,178482.03
2025-11-30,727,130405.83
2025-11-30,728,66850.14
2025-11-30,729,262779.51
2025-11-30,730,96321.74
2025-11-30,731,97999.18
2025-11-30,732,122653.66
2025-11-30,733,266963.95
2025-11-30,734,109446.21
2025-11-30,735,139264.6
2025-11-30,736,518671.94
2025-11-30,737,92846.67
2025-11-30,738,166259.77
2025-11-30,739,66792.16
2025-11-30,740,151330.76
2025-11-30,741,345321.0
2025-11-30,742,98025.74
2025-11-30,743,41889.01
2025-11-30,744,57970.11
2025-11-30,745,169875.55
2025-11-30,746,195568.71
2025-11-30,747,159123.87
2025-11-30,748,76601.69
2025-11-30,749,88083.98
2025-11-30,750,123250.76
2025-11-30,751,173859.35
2025-11-30,752,127235.19
2025-11-30,753,51757.25
2025-11-30,754,115389.38
2025-11-30,755,75080.23
2025-11-30,756,113019.57
2025-11-30,757,336619.13
2025-11-30,758,395938.04
2025-11-30,759,25829.46
2025-11-30,760,220271.31
2025-11-30,761,98722.16
2025-11-30,762,93873.07
2025-11-30,763,122849.91
2025-11-30,764,116041.97
2025-11-30,765,72057.23
2025-11-30,766,140263.31
2025-11-30,767,97926.89
2025-11-30,768,86837.63
2025-11-30,769,252635.75
2025-11-30,770,184985.36
2025-11-30,771,287713.57
2025-11-30,772,90472.05
2025-11-30,773,112173.56
2025-11-30,774,54090.95
2025-11-30,775,121344.83
2025-11-30,776,141631.46
2025-11-30,777,535637.81
2025-11-30,778,43934.23
2025-11-30,779,348492.17
2025-11-30,780,337505.11
2025-11-30,781,27995.86
2025-11-30,782,131447.83
2025-11-30,783,76716.69
2025-11-30,784,87438.07
2025-11-30,785,4314.08
2025-11-30,786,217968.98
2025-11-30,787,232492.17
2025-11-30,788,287719.75
2025-11-30,789,45061.53
2025-11-30,790,148025.31
2025-11-30,791,92261.98
2025-11-30,792,60878.16
2025-11-30,793,308684.31
2025-11-30,794,84237.04
2025-11-30,795,126795.61
2025-11-30,796,525984.37
2025-11-30,797,39240.21
2025-11-30,798,189059.13
2025-11-30,799,492258.52
2025-11-30,800,116909.34
2025-11-30,801,266349.1
2025-11-30,802,29912.11
2025-11-30,803,175372.59
2025-11-30,804,102810.93
2025-11-30,805,86298.07
2025-11-30,806,143850.73
2025-11-30,807,86815.71
2025-11-30,808,206354.45
2025-11-30,809,86062.62
2025-11-30,810,155541.76
2025-11-30,811,89538.29
2025-11-30,812,110261.33
2025-11-30,813,37046.45
2025-11-30,814,510509.48
2025-11-30,815,251338.08
2025-11-30,816,422788.15
2025-11-30,817,98137.11
2025-11-30,818,158017.68
2025-11-30,819,101460.3
2025-11-30,820,193767.24
2025-11-30,821,98599.82
2025-11-30,822,245946.5
2025-11-30,823,212006.17
2025-11-30,824,174188.75
2025-11-30,825,238905.01
2025-11-30,826,275916.57
2025-11-30,827,261560.67
2025-11-30,828,101080.57
2025-11-30,829,370122.22
2025-11-30,830,159572.16
2025-11-30,831,210252.66
2025-11-30,832,75286.34
2025-11-30,833,442176.74
2025-11-30,834,182518.16
2025-11-30,835,87307.71
2025-11-30,836,319036.04
2025-11-30,837,160085.57
2025-11-30,838,336940.25
2025-11-30,839,159732.48
2025-11-30,840,54571.2
2025-11-30,841,466079.21
2025-11-30,842,90821.67
2025-11-30,843,38575.81
2025-11-30,844,63939.02
2025-11-30,845,248210.81
2025-11-30,846,262780.08
2025-11-30,847,140994.22
2025-11-30,848,77504.6
2025-11-30,849,90628.93
2025-11-30,850,90580.59
2025-11-30,851,95722.24
2025-11-30,852,618554.79
2025-11-30,853,65255.44
2025-11-30,854,54175.97
2025-11-30,855,139131.98
2025-11-30,856,91018.31
2025-11-30,857,143175.0
2025-11-30,858,121730.26
2025-11-30,859,205194.13
2025-11-30,860,54109.13
2025-11-30,861,191312.87
2025-11-30,862,108784.57
2025-11-30,863,191143.07
2025-11-30,864,980119.12
2025-11-30,865,96303.42
2025-11-30,866,72059.92
2025-11-30,867,109887.75
2025-11-30,868,124825.04
2025-11-30,869,145084.1
2025-11-30,870,82731.08
2025-11-30,871,90591.76
2025-11-30,872,95584.27
2025-11-30,873,71876.34
2025-11-30,874,87696.74
2025-11-30,875,51254.54
2025-11-30,876,377521.54
2025-11-30,877,219043.63
2025-11-30,878,51196.06
2025-11-30,879,157597.95
2025-11-30,880,57141.81
2025-11-30,881,129149.77
2025-11-30,882,226174.25
2025-11-30,883,241732.11
2025-11-30,884,386898.96
2025-11-30,885,130652.38
2025-11-30,886,57729.84
2025-11-30,887,45655.71
2025-11-30,888,111145.27
2025-11-30,889,386074.37
2025-11-30,890,209141.81
2025-11-30,891,184467.32
2025-11-30,892,289639.84
2025-11-30,893,237799.31
2025-11-30,894,193653.89
2025-11-30,895,190415.49
2025-11-30,896,335640.39
2025-11-30,897,284083.89
2025-11-30,898,98174.59
2025-11-30,899,57984.09
2025-11-30,900,212561.45
2025-11-30,901,122663.77
2025-11-30,902,327299.72
2025-11-30,903,353418.81
2025-11-30,904,38607.07
2025-11-30,905,257735.03
2025-11-30,906,48064.36
2025-11-30,907,139158.5
2025-11-30,908,86096.89
2025-11-30,909,49409.25
2025-11-30,910,127540.75
2025-11-30,911,54762.23
2025-11-30,912,303265.97
2025-11-30,913,522040.67
2025-11-30,914,103759.71
2025-11-30,915,125566.1
2025-11-30,916,96081.76
2025-11-30,917,137555.92
2025-11-30,918,105027.23
2025-11-30,919,46264.7
2025-11-30,920,214070.83
2025-11-30,921,96179.15
2025-11-30,922,99101.54
2025-11-30,923,142154.49
2025-11-30,924,41468.47
2025-11-30,925,92949.98
2025-11-30,926,116138.19
2025-11-30,927,103743.77
2025-11-30,928,237512.76
2025-11-30,929,308629.48
2025-11-30,930,327116.88
2025-11-30,931,164784.7
2025-11-30,932,150108.61
2025-11-30,933,75712.44
2025-11-30,934,77526.14
2025-11-30,935,278684.02
2025-11-30,936,281137.7
2025-11-30,937,72106.66
2025-11-30,938,155907.83
2025-11-30,939,94560.3
2025-11-30,940,200519.54
2025-11-30,941,109864.62
2025-11-30,942,227027.27
2025-11-30,943,134208.07
2025-11-30,944,120035.69
2025-11-30,945,103297.45
2025-11-30,946,156620.37
2025-11-30,947,798243.61
2025-11-30,948,176228.57
2025-11-30,949,68758.23
2025-11-30,950,259461.73
2025-11-30,951,341125.29
2025-11-30,952,78528.3
2025-11-30,953,76611.58
2025-11-30,954,261458.4
2025-11-30,955,100531.64
2025-11-30,956,114910.19
2025-11-30,957,262119.41
2025-11-30,958,196365.22
2025-11-30,959,306165.21
2025-11-30,960,259691.39
2025-11-30,961,252798.2
2025-11-30,962,85344.51
2025-11-30,963,63351.02
2025-11-30,964,114238.04
2025-11-30,965,172733.67
2025-11-30,966,282626.52
2025-11-30,967,161953.08
2025-11-30,968,253861.49
2025-11-30,969,271417.58
2025-11-30,970,185803.6
2025-11-30,971,104860.97
2025-11-30,972,184090.12
2025-11-30,973,57067.2
2025-11-30,974,113702.14
2025-11-30,975,25019.1
2025-11-30,976,358946.52
2025-11-30,977,135866.27
2025-11-30,978,138566.25
2025-11-30,979,59465.41
2025-11-30,980,74443.59
2025-11-30,981,81730.27
2025-11-30,982,88754.87
2025-11-30,983,163996.56
2025-11-30,984,80516.99
2025-11-30,985,46237.18
2025-11-30,986,95062.88
2025-11-30,987,65923.96
2025-11-30,988,194206.87
2025-11-30,989,84127.92
2025-11-30,990,225357.79
2025-11-30,991,233665.59
2025-11-30,992,64536.03
2025-11-30,993,138888.54
2025-11-30,994,172470.81
2025-11-30,995,35643.02
2025-11-30,996,770714.25
2025-11-30,997,516879.53
2025-11-30,998,178174.61
2025-11-30,999,94563.39
2025-11-30,1000,68172.11
2025-11-30,1001,106336.85
2025-11-30,1002,277805.16
2025-11-30,1003,163992.24
2025-11-30,1004,154931.33
2025-11-30,1005,178389.17
2025-11-30,1006,38106.78
2025-11-30,1007,79372.88
2025-11-30,1008,212862.29
2025-11-30,1009,172480.12
2025-11-30,1010,110991.85
2025-11-30,1011,162845.64
2025-11-30,1012,35964.31
2025-11-30,1013,106144.01
2025-11-30,1014,39854.72
2025-11-30,1015,136482.21
2025-11-30,1016,306890.05
2025-11-30,1017,166646.82
2025-11-30,1018,131801.64
2025-11-30,1019,103579.81
2025-11-30,1020,125239.38
2025-11-30,1021,20930.24
2025-11-30,1022,419420.75
2025-11-30,1023,120395.08
2025-11-30,1024,26960.58
2025-11-30,1025,141456.42
2025-11-30,1026,60161.27
2025-11-30,1027,41883.67
2025-11-30,1028,221142.5
2025-11-30,1029,215015.63
2025-11-30,1030,111001.09
2025-11-30,1031,277740.99
2025-11-30,1032,338050.63
2025-11-30,1033,137433.31
2025-11-30,1034,322320.32
2025-11-30,1035,93298.24
2025-11-30,1036,218957.41
2025-11-30,1037,131907.06
2025-11-30,1038,376009.67
2025-11-30,1039,74063.97
2025-11-30,1040,114102.49
2025-11-30,1041,105804.94
2025-11-30,1042,146692.67
2025-11-30,1043,102609.12
2025-11-30,1044,181796.89
2025-11-30,1045,142248.06
2025-11-30,1046,404498.3
2025-11-30,1047,117859.81
2025-11-30,1048,216357.24
2025-11-30,1049,510867.18
2025-11-30,1050,80022.97
2025-11-30,1051,44135.53
2025-11-30,1052,684673.44
2025-11-30,1053,84240.9
2025-11-30,1054,333697.73
2025-11-30,1055,77521.85
2025-11-30,1056,188738.28
2025-11-30,1057,137810.42
2025-11-30,1058,164483.59
2025-11-30,1059,78732.81
2025-11-30,1060,103511.7
2025-11-30,1061,295376.59
2025-11-30,1062,380731.69
2025-11-30,1063,79732.47
2025-11-30,1064,155425.5
2025-11-30,1065,57788.85
2025-11-30,1066,281228.31
2025-11-30,1067,354126.02
2025-11-30,1068,106372.32
2025-11-30,1069,268842.21
2025-11-30,1070,137830.05
2025-11-30,1071,206437.41
2025-11-30,1072,63156.85
2025-11-30,1073,252879.0
2025-11-30,1074,482470.23
2025-11-30,1075,172970.31
2025-11-30,1076,62383.34
2025-11-30,1077,103464.71
2025-11-30,1078,223844.07
2025-11-30,1079,143637.69
2025-11-30,1080,206792.4
2025-11-30,1081,352866.06
2025-11-30,1082,139554.13
2025-11-30,1083,1736.18
2025-11-30,1084,85939.9
2025-11-30,1085,113628.54
2025-11-30,1086,157760.08
2025-11-30,1087,303172.67
2025-11-30,1088,138178.88
2025-11-30,1089,122774.1
2025-11-30,1090,96924.91
2025-11-30,1091,63475.35
2025-11-30,1092,49368.63
2025-11-30,1093,80878.81
2025-11-30,1094,408709.72
2025-11-30,1095,82368.39
2025-11-30,1096,36507.87
2025-11-30,1097,117324.32
2025-11-30,1098,194739.9
2025-11-30,1099,94890.35
2025-11-30,1100,153276.94
2025-11-30,1101,40694.68
2025-11-30,1102,194931.94
2025-11-30,1103,116666.61
2025-11-30,1104,46181.93
2025-11-30,1105,151757.91
2025-11-30,1106,109291.44
2025-11-30,1107,63296.27
2025-11-30,1108,378591.21
2025-11-30,1109,131492.3
2025-11-30,1110,106785.12
2025-11-30,1111,124819.06
2025-11-30,1112,102151.15
2025-11-30,1113,131280.52
2025-11-30,1114,419349.27
2025-11-30,1115,175420.31
2025-11-30,1116,129839.41
2025-11-30,1117,147410.31
2025-11-30,1118,278693.78
2025-11-30,1119,324387.22
2025-11-30,1120,127907.07
2025-11-30,1121,175992.8
2025-11-30,1122,79342.33
2025-11-30,1123,136988.5
2025-11-30,1124,214532.84
2025-11-30,1125,168037.21
2025-11-30,1126,26761.29
2025-11-30,1127,166875.75
2025-11-30,1128,314042.53
2025-11-30,1129,117604.58
2025-11-30,1130,159363.6
2025-11-30,1131,173051.06
2025-11-30,1132,95677.57
2025-11-30,1133,69043.5
2025-11-30,1134,122028.75
2025-11-30,1135,95774.13
2025-11-30,1136,240857.68
2025-11-30,1137,90871.91
2025-11-30,1138,58467.69
2025-11-30,1139,249618.86
2025-11-30,1140,8264.31
2025-11-30,1141,163590.08
2025-11-30,1142,451053.21
2025-11-30,1143,360887.25
2025-11-30,1144,162958.17
2025-11-30,1145,43703.22
2025-11-30,1146,72441.67
2025-11-30,1147,79022.77
2025-11-30,1148,79933.05
2025-11-30,1149,222237.23
2025-11-30,1150,112402.91
2025-11-30,1151,701173.55
2025-11-30,1152,161838.13
2025-11-30,1153,262138.78
2025-11-30,1154,135821.88
2025-11-30,1155,70794.77
2025-11-30,1156,68614.87
2025-11-30,1157,315024.94
2025-11-30,1158,111078.89
2025-11-30,1159,125322.57
2025-11-30,1160,60581.51
2025-11-30,1161,25689.92
2025-11-30,1162,299834.8
2025-11-30,1163,118236.7
2025-11-30,1164,184552.66
2025-11-30,1165,326186.07
2025-11-30,1166,111894.36
2025-11-30,1167,139718.2
2025-11-30,1168,206114.59
2025-11-30,1169,42161.24
2025-11-30,1170,98777.57
2025-11-30,1171,138911.12
2025-11-30,1172,70445.87
2025-11-30,1173,367012.12
2025-11-30,1174,169894.41
2025-11-30,1175,75562.55
2025-11-30,1176,100839.18
2025-11-30,1177,72067.55
2025-11-30,1178,684105.58
2025-11-30,1179,101906.92
2025-11-30,1180,289202.28
2025-11-30,1181,333321.82
2025-11-30,1182,376836.64
2025-11-30,1183,168563.13
2025-11-30,1184,97516.29
2025-11-30,1185,38219.14
2025-11-30,1186,101148.08
2025-11-30,1187,76203.52
2025-11-30,1188,120827.79
2025-11-30,1189,91308.67
2025-11-30,1190,117716.74
2025-11-30,1191,265036.64
2025-11-30,1192,128901.86
2025-11-30,1193,99257.35
2025-11-30,1194,189287.92
2025-11-30,1195,257992.79
2025-11-30,1196,138500.18
2025-11-30,1197,214879.02
2025-11-30,1198,69309.53
2025-11-30,1199,159125.78
2025-11-30,1200,78846.05
2025-11-30,1201,231098.8
2025-11-30,1202,336874.1
2025-11-30,1203,115410.23
2025-11-30,1204,207026.79
2025-11-30,1205,90306.68
2025-11-30,1206,50907.42
2025-11-30,1207,80247.95
2025-11-30,1208,125694.54
2025-11-30,1209,148840.5
2025-11-30,1210,180209.49
2025-11-30,1211,45339.68
2025-11-30,1212,433441.98
2025-11-30,1213,64232.55
2025-11-30,1214,153485.72
2025-11-30,1215,260308.85
2025-11-30,1216,134125.43
2025-11-30,1217,24923.6
2025-11-30,1218,59033.16
2025-11-30,1219,146786.53
2025-11-30,1220,485117.98
2025-11-30,1221,215953.9
2025-11-30,1222,96964.38
2025-11-30,1223,162725.46
2025-11-30,1224,230194.86
2025-11-30,1225,99109.52
2025-11-30,1226,18658.01
2025-11-30,1227,23907.64
2025-11-30,1228,120785.27
2025-11-30,1229,121801.39
2025-11-30,1230,217003.17
2025-11-30,1231,631738.48
2025-11-30,1232,80863.74
2025-11-30,1233,197085.86
2025-11-30,1234,162632.76
2025-11-30,1235,465039.05
2025-11-30,1236,168005.37
2025-11-30,1237,268313.35
2025-11-30,1238,107316.36
2025-11-30,1239,228380.6
2025-11-30,1240,118932.35
2025-11-30,1241,66074.96
2025-11-30,1242,147801.83
2025-11-30,1243,206604.12
2025-11-30,1244,175426.0
2025-11-30,1245,44507.29
2025-11-30,1246,194445.17
2025-11-30,1247,111999.1
2025-11-30,1248,179197.39
2025-11-30,1249,294933.42
2025-11-30,1250,320525.73
2025-11-30,1251,127869.93
2025-11-30,1252,163855.98
2025-11-30,1253,278754.14
2025-11-30,1254,76670.64
2025-11-30,1255,34358.11
2025-11-30,1256,128644.51
2025-11-30,1257,21367.0
2025-11-30,1258,18506.72
2025-11-30,1259,222850.55
2025-11-30,1260,153257.09
2025-11-30,1261,220321.48
2025-11-30,1262,126041.31
2025-11-30,1263,329236.89
2025-11-30,1264,51210.64
2025-11-30,1265,338788.81
2025-11-30,1266,287750.65
2025-11-30,1267,109872.88
2025-11-30,1268,121448.09
2025-11-30,1269,18438.13
2025-11-30,1270,88450.38
2025-11-30,1271,119448.97
2025-11-30,1272,181733.79
2025-11-30,1273,153634.69
2025-11-30,1274,260101.59
2025-11-30,1275,172764.06
2025-11-30,1276,53266.29
2025-11-30,1277,58066.75
2025-11-30,1278,734688.99
2025-11-30,1279,357362.06
2025-11-30,1280,272318.42
2025-11-30,1281,244260.49
2025-11-30,1282,146857.32
2025-11-30,1283,88299.3
2025-11-30,1284,108274.44
2025-11-30,1285,170868.56
2025-11-30,1286,170553.29
2025-11-30,1287,356775.43
2025-11-30,1288,75520.31
2025-11-30,1289,73059.85
2025-11-30,1290,168890.64
2025-11-30,1291,296699.34
2025-11-30,1292,292124.45
2025-11-30,1293,8359.34
2025-11-30,1294,116921.08
2025-11-30,1295,276831.02
2025-11-30,1296,67082.85
2025-11-30,1297,32018.1
2025-11-30,1298,122672.57
2025-11-30,1299,296127.3
2025-11-30,1300,139575.34
2025-11-30,1301,79921.07
2025-11-30,1302,129820.23
2025-11-30,1303,465421.01
2025-11-30,1304,126411.24
2025-11-30,1305,263862.0
2025-11-30,1306,48968.92
2025-11-30,1307,219004.61
2025-11-30,1308,128245.89
2025-11-30,1309,80449.23
2025-11-30,1310,121978.02
2025-11-30,1311,199867.61
2025-11-30,1312,149600.01
2025-11-30,1313,177456.3
2025-11-30,1314,69589.01
2025-11-30,1315,95752.41
2025-11-30,1316,106712.17
2025-11-30,1317,161650.26
2025-11-30,1318,68271.12
2025-11-30,1319,76556.42
2025-11-30,1320,156328.61
2025-11-30,1321,64236.47
2025-11-30,1322,72727.18
2025-11-30,1323,372294.59
2025-11-30,1324,256799.14
2025-11-30,1325,101633.48
2025-11-30,1326,121703.27
2025-11-30,1327,298520.76
2025-11-30,1328,320252.47
2025-11-30,1329,49519.21
2025-11-30,1330,195393.11
2025-11-30,1331,128921.43
2025-11-30,1332,70345.48
2025-11-30,1333,98223.43
2025-11-30,1334,77502.26
2025-11-30,1335,123268.69
2025-11-30,1336,71850.56
2025-11-30,1337,53602.72
2025-11-30,1338,177664.95
2025-11-30,1339,204436.55
2025-11-30,1340,89494.22
2025-11-30,1341,137411.9
2025-11-30,1342,174388.49
2025-11-30,1343,203189.32
2025-11-30,1344,217045.34
2025-11-30,1345,121622.75
2025-11-30,1346,131097.89
2025-11-30,1347,187256.6
2025-11-30,1348,81722.77
2025-11-30,1349,55325.48
2025-11-30,1350,109684.98
2025-11-30,1351,150916.99
2025-11-30,1352,318350.35
2025-11-30,1353,215091.91
2025-11-30,1354,51293.13
2025-11-30,1355,150768.28
2025-11-30,1356,186174.49
2025-11-30,1357,92900.45
2025-11-30,1358,193271.79
2025-11-30,1359,150837.93
2025-11-30,1360,157430.0
2025-11-30,1361,94348.6
2025-11-30,1362,209644.83
2025-11-30,1363,108459.7
2025-11-30,1364,227218.96
2025-11-30,1365,291962.61
2025-11-30,1366,110116.04
2025-11-30,1367,82461.32
2025-11-30,1368,268694.56
2025-11-30,1369,221082.71
2025-11-30,1370,109708.9
2025-11-30,1371,152483.24
2025-11-30,1372,305304.48
2025-11-30,1373,236542.27
2025-11-30,1374,198004.4
2025-11-30,1375,51986.75
2025-11-30,1376,175601.19
2025-11-30,1377,32528.44
2025-11-30,1378,194052.82
2025-11-30,1379,168116.34
2025-11-30,1380,197560.07
2025-11-30,1381,208082.57
2025-11-30,1382,160076.55
2025-11-30,1383,23975.95
2025-11-30,1384,27209.03
2025-11-30,1385,56754.18
2025-11-30,1386,63524.03
2025-11-30,1387,635309.59
2025-11-30,1388,301061.24
2025-11-30,1389,484405.03
2025-11-30,1390,60480.49
2025-11-30,1391,86254.74
2025-11-30,1392,388451.96
2025-11-30,1393,219025.21
2025-11-30,1394,72913.43
2025-11-30,1395,55470.37
2025-11-30,1396,109629.26
2025-11-30,1397,119391.44
2025-11-30,1398,72261.92
2025-11-30,1399,210814.31
2025-11-30,1400,81124.64
2025-11-30,1401,268823.87
2025-11-30,1402,163593.3
2025-11-30,1403,168735.56
2025-11-30,1404,56336.03
2025-11-30,1405,80236.13
2025-11-30,1406,59222.25
2025-11-30,1407,265524.12
2025-11-30,1408,155370.39
2025-11-30,1409,63799.55
2025-11-30,1410,84179.05
2025-11-30,1411,75177.67
2025-11-30,1412,162647.48
2025-11-30,1413,205457.11
2025-11-30,1414,43521.4
2025-11-30,1415,111895.77
2025-11-30,1416,149817.02
2025-11-30,1417,151319.37
2025-11-30,1418,528044.07
2025-11-30,1419,39354.57
2025-11-30,1420,172197.18
2025-11-30,1421,188386.26
2025-11-30,1422,66804.12
2025-11-30,1423,207144.08
2025-11-30,1424,233547.69
2025-11-30,1425,69672.48
2025-11-30,1426,46270.09
2025-11-30,1427,26913.86
2025-11-30,1428,58688.16
2025-11-30,1429,64563.64
2025-11-30,1430,90748.78
2025-11-30,1431,155861.19
2025-11-30,1432,177651.66
2025-11-30,1433,75245.03
2025-11-30,1434,51253.01
2025-11-30,1435,459249.06
2025-11-30,1436,411156.92
2025-11-30,1437,85221.31
2025-11-30,1438,166259.92
2025-11-30,1439,171855.78
2025-11-30,1440,118862.18
2025-11-30,1441,86847.52
2025-11-30,1442,125008.16
2025-11-30,1443,92457.86
2025-11-30,1444,256458.18
2025-11-30,1445,99568.46
2025-11-30,1446,134674.28
2025-11-30,1447,54965.18
2025-11-30,1448,114743.46
2025-11-30,1449,13876.07
2025-11-30,1450,139077.39
2025-11-30,1451,21839.2
2025-11-30,1452,184685.29
2025-11-30,1453,83295.35
2025-11-30,1454,53419.75
2025-11-30,1455,173133.01
2025-11-30,1456,38671.24
2025-11-30,1457,346956.37
2025-11-30,1458,266064.1
2025-11-30,1459,226797.12
2025-11-30,1460,145719.46
2025-11-30,1461,103599.25
2025-11-30,1462,234189.09
2025-11-30,1463,339868.7
2025-11-30,1464,669339.09
2025-11-30,1465,81534.98
2025-11-30,1466,224875.73
2025-11-30,1467,110853.66
2025-11-30,1468,95935.68
2025-11-30,1469,29589.48
2025-11-30,1470,268847.45
2025-11-30,1471,114827.68
2025-11-30,1472,67796.04
2025-11-30,1473,198172.3
2025-11-30,1474,185871.6
2025-11-30,1475,93469.21
2025-11-30,1476,38370.01
2025-11-30,1477,383763.54
2025-11-30,1478,185089.52
2025-11-30,1479,134199.28
2025-11-30,1480,240471.18
2025-11-30,1481,233802.84
2025-11-30,1482,123038.6
2025-11-30,1483,279606.46
2025-11-30,1484,390041.04
2025-11-30,1485,58644.71
2025-11-30,1486,106480.88
2025-11-30,1487,248894.29
2025-11-30,1488,120248.42
2025-11-30,1489,248877.94
2025-11-30,1490,314795.53
2025-11-30,1491,207117.11
2025-11-30,1492,150989.07
2025-11-30,1493,467538.42
2025-11-30,1494,23955.57
2025-11-30,1495,166221.75
2025-11-30,1496,31505.94
2025-11-30,1497,92949.01
2025-11-30,1498,214523.29
2025-11-30,1499,178813.41
2025-11-30,1500,278518.8
2025-11-30,1501,84676.38
2025-11-30,1502,38757.69
2025-11-30,1503,43158.34
2025-11-30,1504,156528.78
2025-11-30,1505,241379.59
2025-11-30,1506,117218.25
2025-11-30,1507,163473.04
2025-11-30,1508,41328.37
2025-11-30,1509,223450.4
2025-11-30,1510,75714.03
2025-11-30,1511,60724.54
2025-11-30,1512,133055.49
2025-11-30,1513,180941.69
2025-11-30,1514,114017.61
2025-11-30,1515,62038.14
2025-11-30,1516,212736.25
2025-11-30,1517,167289.87
2025-11-30,1518,294566.13
2025-11-30,1519,141995.72
2025-11-30,1520,82476.64
2025-11-30,1521,137590.85
2025-11-30,1522,103035.27
2025-11-30,1523,53367.18
2025-11-30,1524,96684.28
2025-11-30,1525,68143.34
2025-11-30,1526,141145.21
2025-11-30,1527,63090.71
2025-11-30,1528,356375.73
2025-11-30,1529,92977.26
2025-11-30,1530,251311.93
2025-11-30,1531,177396.06
2025-11-30,1532,174524.48
2025-11-30,1533,112239.65
2025-11-30,1534,107507.92
2025-11-30,1535,76332.99
2025-11-30,1536,315225.35
2025-11-30,1537,186955.86
2025-11-30,1538,215186.09
2025-11-30,1539,197724.67
2025-11-30,1540,293575.79
2025-11-30,1541,165443.89
2025-11-30,1542,168005.25
2025-11-30,1543,97603.85
2025-11-30,1544,187333.18
2025-11-30,1545,163089.8
2025-11-30,1546,121156.58
2025-11-30,1547,885629.32
2025-11-30,1548,171007.46
2025-11-30,1549,471378.22
2025-11-30,1550,365955.72
2025-11-30,1551,61723.78
2025-11-30,1552,451020.67
2025-11-30,1553,94117.36
2025-11-30,1554,78018.57
2025-11-30,1555,224395.36
2025-11-30,1556,202613.82
2025-11-30,1557,185099.91
2025-11-30,1558,145537.38
2025-11-30,1559,102902.33
2025-11-30,1560,59929.89
2025-11-30,1561,238576.93
2025-11-30,1562,114851.39
2025-11-30,1563,79612.27
2025-11-30,1564,126643.7
2025-11-30,1565,57510.09
2025-11-30,1566,268389.82
2025-11-30,1567,188113.21
2025-11-30,1568,115307.17
2025-11-30,1569,243027.52
2025-11-30,1570,218237.06
2025-11-30,1571,62038.46
2025-11-30,1572,130697.79
2025-11-30,1573,38989.83
2025-11-30,1574,83227.17
2025-11-30,1575,91131.35
2025-11-30,1576,75261.69
2025-11-30,1577,92757.77
2025-11-30,1578,217298.89
2025-11-30,1579,146728.48
2025-11-30,1580,144266.72
2025-11-30,1581,415987.94
2025-11-30,1582,52174.32
2025-11-30,1583,14551.27
2025-11-30,1584,37528.73
2025-11-30,1585,101732.29
2025-11-30,1586,153433.79
2025-11-30,1587,223761.34
2025-11-30,1588,51042.51
2025-11-30,1589,186475.76
2025-11-30,1590,111215.94
2025-11-30,1591,242037.41
2025-11-30,1592,128393.13
2025-11-30,1593,181142.31
2025-11-30,1594,116415.22
2025-11-30,1595,153862.91
2025-11-30,1596,105298.04
2025-11-30,1597,105537.77
2025-11-30,1598,188987.05
2025-11-30,1599,226558.01
2025-11-30,1600,443648.29
2025-11-30,1601,68427.85
2025-11-30,1602,324957.97
2025-11-30,1603,170358.75
2025-11-30,1604,368801.52
2025-11-30,1605,139329.96
2025-11-30,1606,203500.64
2025-11-30,1607,339462.11
2025-11-30,1608,319041.18
2025-11-30,1609,191999.77
2025-11-30,1610,53452.81
2025-11-30,1611,99888.01
2025-11-30,1612,121232.7
2025-11-30,1613,196286.02
2025-11-30,1614,165794.31
2025-11-30,1615,268295.77
2025-11-30,1616,146219.44
2025-11-30,1617,113641.34
2025-11-30,1618,3791.07
2025-11-30,1619,71519.42
2025-11-30,1620,27874.56
2025-11-30,1621,24354.97
2025-11-30,1622,130923.01
2025-11-30,1623,262377.93
2025-11-30,1624,123321.61
2025-11-30,1625,113048.94
2025-11-30,1626,119998.86
2025-11-30,1627,134019.35
2025-11-30,1628,68362.04
2025-11-30,1629,8013.26
2025-11-30,1630,138467.8
2025-11-30,1631,124624.47
2025-11-30,1632,83253.81
2025-11-30,1633,128439.21
2025-11-30,1634,51602.74
2025-11-30,1635,242925.44
2025-11-30,1636,103184.64
2025-11-30,1637,90207.73
2025-11-30,1638,180050.35
2025-11-30,1639,64685.94
2025-11-30,1640,186124.98
2025-11-30,1641,154570.71
2025-11-30,1642,190985.84
2025-11-30,1643,94646.61
2025-11-30,1644,216206.04
2025-11-30,1645,60641.43
2025-11-30,1646,218852.2
2025-11-30,1647,239731.68
2025-11-30,1648,60124.66
2025-11-30,1649,82118.03
2025-11-30,1650,65402.87
2025-11-30,1651,321131.45
2025-11-30,1652,192545.53
2025-11-30,1653,60687.58
2025-11-30,1654,25703.6
2025-11-30,1655,7212.09
2025-11-30,1656,182289.28
2025-11-30,1657,263633.87
2025-11-30,1658,133205.45
2025-11-30,1659,148329.09
2025-11-30,1660,33073.38
2025-11-30,1661,125646.21
2025-11-30,1662,55749.94
2025-11-30,1663,5877.74
2025-11-30,1664,268901.16
2025-11-30,1665,283002.82
2025-11-30,1666,234729.05
2025-11-30,1667,47371.14
2025-11-30,1668,103751.98
2025-11-30,1669,159101.32
2025-11-30,1670,117366.14
2025-11-30,1671,23335.03
2025-11-30,1672,413230.4
2025-11-30,1673,24793.6
2025-11-30,1674,944134.18
2025-11-30,1675,567978.48
2025-11-30,1676,26251.69
2025-11-30,1677,165323.72
2025-11-30,1678,148350.17
2025-11-30,1679,54329.25
2025-11-30,1680,173493.87
2025-11-30,1681,162163.52
2025-11-30,1682,247405.83
2025-11-30,1683,125754.04
2025-11-30,1684,114495.01
2025-11-30,1685,114844.13
2025-11-30,1686,119265.42
2025-11-30,1687,62410.63
2025-11-30,1688,118207.95
2025-11-30,1689,81216.69
2025-11-30,1690,271241.72
2025-11-30,1691,150643.18
2025-11-30,1692,122487.84
2025-11-30,1693,548842.71
2025-11-30,1694,59284.71
2025-11-30,1695,43561.96
2025-11-30,1696,37096.6
2025-11-30,1697,239108.03
2025-11-30,1698,245810.36
2025-11-30,1699,64359.63
2025-11-30,1700,29459.74
2025-11-30,1701,101990.36
2025-11-30,1702,80281.16
2025-11-30,1703,126769.92
2025-11-30,1704,137232.99
2025-11-30,1705,96095.59
2025-11-30,1706,168548.43
2025-11-30,1707,191010.54
2025-11-30,1708,73899.49
2025-11-30,1709,141357.84
2025-11-30,1710,41938.27
2025-11-30,1711,67966.8
2025-11-30,1712,98307.52
2025-11-30,1713,109591.63
2025-11-30,1714,300587.47
2025-11-30,1715,182636.37
2025-11-30,1716,213522.58
2025-11-30,1717,202847.77
2025-11-30,1718,162634.58
2025-11-30,1719,72446.25
2025-11-30,1720,335941.9
2025-11-30,1721,218864.07
2025-11-30,1722,107476.3
2025-11-30,1723,140520.92
2025-11-30,1724,229602.29
2025-11-30,1725,132440.42
2025-11-30,1726,18482.51
2025-11-30,1727,60915.65
2025-11-30,1728,39371.79
2025-11-30,1729,147982.98
2025-11-30,1730,190339.88
2025-11-30,1731,271599.71
2025-11-30,1732,232768.78
2025-11-30,1733,44779.17
2025-11-30,1734,71033.17
2025-11-30,1735,28039.42
2025-11-30,1736,122327.14
2025-11-30,1737,349375.78
2025-11-30,1738,81923.57
2025-11-30,1739,149426.55
2025-11-30,1740,242408.44
2025-11-30,1741,298255.77
2025-11-30,1742,219604.39
2025-11-30,1743,36005.32
2025-11-30,1744,220483.51
2025-11-30,1745,28088.55
2025-11-30,1746,179852.65
2025-11-30,1747,65333.22
2025-11-30,1748,122494.6
2025-11-30,1749,78121.52
2025-11-30,1750,72444.69
2025-11-30,1751,38488.55
2025-11-30,1752,49529.57
2025-11-30,1753,51705.83
2025-11-30,1754,212677.6
2025-11-30,1755,175641.54
2025-11-30,1756,38572.5
2025-11-30,1757,29819.4
2025-11-30,1758,185791.8
2025-11-30,1759,126294.35
2025-11-30,1760,109061.95
2025-11-30,1761,256747.83
2025-11-30,1762,124615.31
2025-11-30,1763,39261.54
2025-11-30,1764,99748.7
2025-11-30,1765,40017.9
2025-11-30,1766,140894.29
2025-11-30,1767,195625.25
2025-11-30,1768,154166.26
2025-11-30,1769,88742.64
2025-11-30,1770,187962.26
2025-11-30,1771,100318.2
2025-11-30,1772,809883.52
2025-11-30,1773,210988.4
2025-11-30,1774,185986.28
2025-11-30,1775,52858.33
2025-11-30,1776,336534.96
2025-11-30,1777,64682.59
2025-11-30,1778,107353.53
2025-11-30,1779,39292.36
2025-11-30,1780,111556.78
2025-11-30,1781,191428.31
2025-11-30,1782,140130.19
2025-11-30,1783,52804.91
2025-11-30,1784,249164.43
2025-11-30,1785,387565.49
2025-11-30,1786,129672.14
2025-11-30,1787,55963.66
2025-11-30,1788,24998.6
2025-11-30,1789,251324.59
2025-11-30,1790,64228.56
2025-11-30,1791,279272.34
2025-11-30,1792,224435.42
2025-11-30,1793,197893.35
2025-11-30,1794,589325.24
2025-11-30,1795,142976.1
2025-11-30,1796,294752.54
2025-11-30,1797,423138.14
2025-11-30,1798,139319.79
2025-11-30,1799,184727.9
2025-11-30,1800,321384.68
2025-11-30,1801,82553.78
2025-11-30,1802,163956.28
2025-11-30,1803,75324.4
2025-11-30,1804,263043.37
2025-11-30,1805,52045.68
2025-11-30,1806,85561.3
2025-11-30,1807,290802.2
2025-11-30,1808,133213.16
2025-11-30,1809,42264.74
2025-11-30,1810,419144.3
2025-11-30,1811,100497.19
2025-11-30,1812,313942.86
2025-11-30,1813,116011.23
2025-11-30,1814,69289.55
2025-11-30,1815,98617.07
2025-11-30,1816,84735.11
2025-11-30,1817,103094.03
2025-11-30,1818,40622.1
2025-11-30,1819,126775.23
2025-11-30,1820,86046.52
2025-11-30,1821,222844.71
2025-11-30,1822,119210.26
2025-11-30,1823,21035.81
2025-11-30,1824,156361.88
2025-11-30,1825,240233.03
2025-11-30,1826,125745.64
2025-11-30,1827,88960.01
2025-11-30,1828,144510.74
2025-11-30,1829,177919.45
2025-11-30,1830,164966.2
2025-11-30,1831,210243.19
2025-11-30,1832,74285.62
2025-11-30,1833,159842.74
2025-11-30,1834,153590.32
2025-11-30,1835,148350.56
2025-11-30,1836,130661.3
2025-11-30,1837,292291.14
2025-11-30,1838,76920.63
2025-11-30,1839,132059.47
2025-11-30,1840,166962.13
2025-11-30,1841,53982.43
2025-11-30,1842,345458.44
2025-11-30,1843,116924.05
2025-11-30,1844,46281.57
2025-11-30,1845,293808.05
2025-11-30,1846,71824.89
2025-11-30,1847,60161.42
2025-11-30,1848,72539.52
2025-11-30,1849,17519.33
2025-11-30,1850,152374.47
2025-11-30,1851,198585.4
2025-11-30,1852,133850.63
2025-11-30,1853,158755.27
2025-11-30,1854,42526.95
2025-11-30,1855,32918.73
2025-11-30,1856,155074.66
2025-11-30,1857,101570.86
2025-11-30,1858,136771.92
2025-11-30,1859,166419.91
2025-11-30,1860,154252.01
2025-11-30,1861,472519.87
2025-11-30,1862,86521.52
2025-11-30,1863,69829.11
2025-11-30,1864,33913.37
2025-11-30,1865,55102.54
2025-11-30,1866,67568.79
2025-11-30,1867,152617.06
2025-11-30,1868,149581.69
2025-11-30,1869,76435.64
2025-11-30,1870,603887.92
2025-11-30,1871,134133.8
2025-11-30,1872,232107.56
2025-11-30,1873,115608.55
2025-11-30,1874,94308.97
2025-11-30,1875,36280.27
2025-11-30,1876,113727.33
2025-11-30,1877,238056.21
2025-11-30,1878,35182.68
2025-11-30,1879,69744.37
2025-11-30,1880,509751.46
2025-11-30,1881,60524.13
2025-11-30,1882,115498.34
2025-11-30,1883,168075.08
2025-11-30,1884,65529.8
2025-11-30,1885,156668.49
2025-11-30,1886,204961.8
2025-11-30,1887,129801.1
2025-11-30,1888,110305.17
2025-11-30,1889,90170.71
2025-11-30,1890,115545.16
2025-11-30,1891,104228.08
2025-11-30,1892,141495.96
2025-11-30,1893,158023.86
2025-11-30,1894,67410.62
2025-11-30,1895,27449.21
2025-11-30,1896,140259.52
2025-11-30,1897,54250.44
2025-11-30,1898,83672.59
2025-11-30,1899,92613.3
2025-11-30,1900,212723.47
2025-11-30,1901,173918.83
2025-11-30,1902,268752.11
2025-11-30,1903,93732.55
2025-11-30,1904,62644.33
2025-11-30,1905,104845.51
2025-11-30,1906,185375.74
2025-11-30,1907,411778.69
2025-11-30,1908,132414.34
2025-11-30,1909,187687.85
2025-11-30,1910,155080.01
2025-11-30,1911,95160.33
2025-11-30,1912,113666.18
2025-11-30,1913,203624.51
2025-11-30,1914,40390.73
2025-11-30,1915,104765.66
2025-11-30,1916,39281.13
2025-11-30,1917,435867.27
2025-11-30,1918,201205.6
2025-11-30,1919,140889.32
2025-11-30,1920,51013.99
2025-11-30,1921,290303.2
2025-11-30,1922,149630.62
2025-11-30,1923,177342.94
2025-11-30,1924,128619.1
2025-11-30,1925,225106.65
2025-11-30,1926,57676.24
2025-11-30,1927,319126.61
2025-11-30,1928,69933.9
2025-11-30,1929,130727.46
2025-11-30,1930,33385.97
2025-11-30,1931,282063.43
2025-11-30,1932,142770.48
2025-11-30,1933,145132.47
2025-11-30,1934,377694.5
2025-11-30,1935,124130.65
2025-11-30,1936,151861.68
2025-11-30,1937,291520.68
2025-11-30,1938,188025.25
2025-11-30,1939,141928.3
2025-11-30,1940,98598.0
2025-11-30,1941,131213.46
2025-11-30,1942,268849.66
2025-11-30,1943,337978.55
2025-11-30,1944,166467.12
2025-11-30,1945,236934.93
2025-11-30,1946,186645.53
2025-11-30,1947,232578.9
2025-11-30,1948,50162.74
2025-11-30,1949,166057.45
2025-11-30,1950,1238467.75
2025-11-30,1951,176628.96
2025-11-30,1952,160850.92
2025-11-30,1953,231536.89
2025-11-30,1954,287479.87
2025-11-30,1955,108439.38
2025-11-30,1956,311587.06
2025-11-30,1957,134754.36
2025-11-30,1958,72635.68
2025-11-30,1959,37282.64
2025-11-30,1960,195995.19
2025-11-30,1961,347167.46
2025-11-30,1962,23370.31
2025-11-30,1963,220642.89
2025-11-30,1964,230297.81
2025-11-30,1965,53099.29
2025-11-30,1966,248889.64
2025-11-30,1967,8950.45
2025-11-30,1968,74328.97
2025-11-30,1969,161861.35
2025-11-30,1970,99151.19
2025-11-30,1971,40077.92
2025-11-30,1972,46389.35
2025-11-30,1973,212451.34
2025-11-30,1974,460365.09
2025-11-30,1975,197211.12
2025-11-30,1976,98894.13
2025-11-30,1977,54178.92
2025-11-30,1978,160008.46
2025-11-30,1979,75087.81
2025-11-30,1980,114240.12
2025-11-30,1981,35421.83
2025-11-30,1982,113700.96
2025-11-30,1983,131469.22
2025-11-30,1984,89920.14
2025-11-30,1985,163493.71
2025-11-30,1986,202214.7
2025-11-30,1987,153485.48
2025-11-30,1988,385821.22
2025-11-30,1989,44017.04
2025-11-30,1990,60907.75
2025-11-30,1991,121933.72
2025-11-30,1992,33567.69
2025-11-30,1993,300321.94
2025-11-30,1994,61219.97
2025-11-30,1995,2084.07
2025-11-30,1996,157838.18
2025-11-30,1997,282368.42
2025-11-30,1998,290840.85
2025-11-30,1999,46965.83
2025-11-30,2000,113729.69
2025-11-30,2001,278046.39
2025-11-30,2002,228079.04
2025-11-30,2003,241431.28
2025-11-30,2004,108969.13
2025-11-30,2005,242168.15
2025-11-30,2006,84844.52
2025-11-30,2007,127127.93
2025-11-30,2008,172320.15
2025-11-30,2009,95187.74
2025-11-30,2010,7505.62
2025-11-30,2011,213775.39
2025-11-30,2012,358173.04
2025-11-30,2013,197110.89
2025-11-30,2014,280762.63
2025-11-30,2015,184745.81
2025-11-30,2016,31502.79
2025-11-30,2017,250148.52
2025-11-30,2018,42217.31
2025-11-30,2019,28415.56
2025-11-30,2020,45457.43
2025-11-30,2021,173553.65
2025-11-30,2022,134806.74
2025-11-30,2023,109705.05
2025-11-30,2024,395871.54
2025-11-30,2025,75152.98
2025-11-30,2026,128376.66
2025-11-30,2027,195044.06
2025-11-30,2028,39770.61
2025-11-30,2029,52526.38
2025-11-30,2030,2052.97
2025-11-30,2031,269443.36
2025-11-30,2032,50336.26
2025-11-30,2033,62242.98
2025-11-30,2034,83547.51
2025-11-30,2035,267385.52
2025-11-30,2036,172871.46
2025-11-30,2037,80790.08
2025-11-30,2038,61929.89
2025-11-30,2039,233912.57
2025-11-30,2040,605708.22
2025-11-30,2041,7398.57
2025-11-30,2042,228559.43
2025-11-30,2043,225576.7
2025-11-30,2044,46897.47
2025-11-30,2045,153650.92
2025-11-30,2046,99771.55
2025-11-30,2047,202683.48
2025-11-30,2048,177531.89
2025-11-30,2049,120903.65
2025-11-30,2050,49271.28
2025-11-30,2051,85927.94
2025-11-30,2052,60219.3
2025-11-30,2053,139403.63
2025-11-30,2054,248182.4
2025-11-30,2055,159486.08
2025-11-30,2056,16619.37
2025-11-30,2057,76013.16
2025-11-30,2058,13027.83
2025-11-30,2059,222267.56
2025-11-30,2060,238794.74
2025-11-30,2061,98108.38
2025-11-30,2062,207946.65
2025-11-30,2063,134336.14
2025-11-30,2064,333883.44
2025-11-30,2065,205874.28
2025-11-30,2066,134669.99
2025-11-30,2067,68035.99
2025-11-30,2068,70494.63
2025-11-30,2069,128512.94
2025-11-30,2070,76094.08
2025-11-30,2071,89531.33
2025-11-30,2072,172149.92
2025-11-30,2073,120013.77
2025-11-30,2074,333955.59
2025-11-30,2075,98868.71
2025-11-30,2076,100317.96
2025-11-30,2077,158549.63
2025-11-30,2078,278204.45
2025-11-30,2079,149685.02
2025-11-30,2080,40846.57
2025-11-30,2081,54553.15
2025-11-30,2082,171041.63
2025-11-30,2083,23590.72
2025-11-30,2084,117979.83
2025-11-30,2085,89436.37
2025-11-30,2086,147563.97
2025-11-30,2087,240047.96
2025-11-30,2088,43959.92
2025-11-30,2089,297865.9
2025-11-30,2090,83551.53
2025-11-30,2091,340676.6
2025-11-30,2092,306651.24
2025-11-30,2093,175603.57
2025-11-30,2094,110500.56
2025-11-30,2095,195970.31
2025-11-30,2096,311725.22
2025-11-30,2097,97249.85
2025-11-30,2098,66645.73
2025-11-30,2099,115571.69
2025-11-30,2100,132394.17
2025-11-30,2101,212235.5
2025-11-30,2102,125245.77
2025-11-30,2103,10130.2
2025-11-30,2104,143847.5
2025-11-30,2105,49911.31
2025-11-30,2106,737760.21
2025-11-30,2107,91328.93
2025-11-30,2108,120930.55
2025-11-30,2109,185000.53
2025-11-30,2110,33734.63
2025-11-30,2111,159445.98
2025-11-30,2112,71162.3
2025-11-30,2113,462434.74
2025-11-30,2114,250671.53
2025-11-30,2115,7218.77
2025-11-30,2116,138925.61
2025-11-30,2117,92119.58
2025-11-30,2118,177805.29
2025-11-30,2119,55060.51
2025-11-30,2120,48424.17
2025-11-30,2121,82995.45
2025-11-30,2122,168815.13
2025-11-30,2123,79548.29
2025-11-30,2124,85888.54
2025-11-30,2125,55131.04
2025-11-30,2126,45594.69
2025-11-30,2127,116743.96
2025-11-30,2128,16799.99
2025-11-30,2129,286952.95
2025-11-30,2130,155362.98
2025-11-30,2131,241896.3
2025-11-30,2132,80278.28
2025-11-30,2133,161349.73
2025-11-30,2134,382234.44
2025-11-30,2135,102535.83
2025-11-30,2136,153594.25
2025-11-30,2137,344050.94
2025-11-30,2138,166200.94
2025-11-30,2139,363714.06
2025-11-30,2140,96759.61
2025-11-30,2141,68052.64
2025-11-30,2142,218319.0
2025-11-30,2143,109122.7
2025-11-30,2144,72679.4
2025-11-30,2145,219485.35
2025-11-30,2146,129596.26
2025-11-30,2147,161417.08
2025-11-30,2148,31053.5
2025-11-30,2149,160756.24
2025-11-30,2150,257571.48
2025-11-30,2151,138134.69
2025-11-30,2152,145788.57
2025-11-30,2153,311564.63
2025-11-30,2154,233479.53
2025-11-30,2155,164104.61
2025-11-30,2156,425627.36
2025-11-30,2157,46871.56
2025-11-30,2158,174651.14
2025-11-30,2159,102654.04
2025-11-30,2160,18547.63
2025-11-30,2161,51306.66
2025-11-30,2162,119554.77
2025-11-30,2163,88175.16
2025-11-30,2164,211926.53
2025-11-30,2165,325618.17
2025-11-30,2166,169447.17
2025-11-30,2167,81283.85
2025-11-30,2168,52844.51
2025-11-30,2169,239963.73
2025-11-30,2170,16933.95
2025-11-30,2171,156397.92
2025-11-30,2172,121877.14
2025-11-30,2173,480827.18
2025-11-30,2174,72409.58
2025-11-30,2175,98998.26
2025-11-30,2176,163588.25
2025-11-30,2177,79666.64
2025-11-30,2178,126158.39
2025-11-30,2179,121871.07
2025-11-30,2180,302843.13
2025-11-30,2181,255754.58
2025-11-30,2182,127364.63
2025-11-30,2183,139002.42
2025-11-30,2184,67130.3
2025-11-30,2185,117338.8
2025-11-30,2186,205719.76
2025-11-30,2187,87214.44
2025-11-30,2188,339388.36
2025-11-30,2189,80438.59
2025-11-30,2190,118298.46
2025-11-30,2191,345749.49
2025-11-30,2192,188883.17
2025-11-30,2193,244510.34
2025-11-30,2194,119780.34
2025-11-30,2195,136410.68
2025-11-30,2196,38430.53
2025-11-30,2197,30005.84
2025-11-30,2198,108438.15
2025-11-30,2199,175562.99
2025-11-30,2200,52223.94
2025-11-30,2201,141358.74
2025-11-30,2202,98103.3
2025-11-30,2203,43496.5
2025-11-30,2204,246340.56
2025-11-30,2205,82689.47
2025-11-30,2206,76659.93
2025-11-30,2207,244118.27
2025-11-30,2208,312270.76
2025-11-30,2209,382944.22
2025-11-30,2210,290173.49
2025-11-30,2211,185482.85
2025-11-30,2212,42800.28
2025-11-30,2213,29595.53
2025-11-30,2214,322836.67
2025-11-30,2215,229346.15
2025-11-30,2216,196397.1
2025-11-30,2217,177463.99
2025-11-30,2218,76655.19
2025-11-30,2219,116308.32
2025-11-30,2220,156582.04
2025-11-30,2221,155497.57
2025-11-30,2222,122717.16
2025-11-30,2223,409956.58
2025-11-30,2224,256078.19
2025-11-30,2225,64423.18
2025-11-30,2226,45888.21
2025-11-30,2227,234737.48
2025-11-30,2228,210840.8
2025-11-30,2229,370977.2
2025-11-30,2230,245711.78
2025-11-30,2231,458225.54
2025-11-30,2232,174334.39
2025-11-30,2233,178979.35
2025-11-30,2234,31979.51
2025-11-30,2235,61645.64
2025-11-30,2236,38667.0
2025-11-30,2237,72762.62
2025-11-30,2238,235871.4
2025-11-30,2239,101073.19
2025-11-30,2240,195884.6
2025-11-30,2241,155538.91
2025-11-30,2242,134316.98
2025-11-30,2243,506689.72
2025-11-30,2244,376015.2
2025-11-30,2245,289508.26
2025-11-30,2246,232972.92
2025-11-30,2247,137234.61
2025-11-30,2248,131361.29
2025-11-30,2249,25551.85
2025-11-30,2250,83402.45
2025-11-30,2251,97112.16
2025-11-30,2252,213522.87
2025-11-30,2253,195455.77
2025-11-30,2254,132109.32
2025-11-30,2255,201194.39
2025-11-30,2256,91706.16
2025-11-30,2257,99458.42
2025-11-30,2258,240976.11
2025-11-30,2259,91307.91
2025-11-30,2260,165153.17
2025-11-30,2261,284233.64
2025-11-30,2262,43780.19
2025-11-30,2263,445387.77
2025-11-30,2264,154975.51
2025-11-30,2265,32289.1
2025-11-30,2266,211003.43
2025-11-30,2267,126805.01
2025-11-30,2268,169965.06
2025-11-30,2269,37469.43
2025-11-30,2270,253852.12
2025-11-30,2271,239299.78
2025-11-30,2272,36203.63
2025-11-30,2273,175399.21
2025-11-30,2274,145718.93
2025-11-30,2275,111036.78
2025-11-30,2276,359879.34
2025-11-30,2277,182346.84
2025-11-30,2278,194710.4
2025-11-30,2279,166758.75
2025-11-30,2280,290492.45
2025-11-30,2281,112210.38
2025-11-30,2282,77457.62
2025-11-30,2283,156053.37
2025-11-30,2284,43465.42
2025-11-30,2285,125582.21
2025-11-30,2286,125308.92
2025-11-30,2287,72999.14
2025-11-30,2288,57232.19
2025-11-30,2289,117187.96
2025-11-30,2290,271483.72
2025-11-30,2291,140181.17
2025-11-30,2292,111594.05
2025-11-30,2293,172821.01
2025-11-30,2294,289504.25
2025-11-30,2295,226879.46
2025-11-30,2296,136063.06
2025-11-30,2297,75329.93
2025-11-30,2298,92608.68
2025-11-30,2299,144219.92
2025-11-30,2300,60634.98
2025-11-30,2301,80365.05
2025-11-30,2302,68424.87
2025-11-30,2303,451721.81
2025-11-30,2304,134866.39
2025-11-30,2305,117963.28
2025-11-30,2306,85445.63
2025-11-30,2307,264053.74
2025-11-30,2308,158417.4
2025-11-30,2309,269587.07
2025-11-30,2310,112864.05
2025-11-30,2311,139540.63
2025-11-30,2312,92939.63
2025-11-30,2313,188711.93
2025-11-30,2314,76305.26
2025-11-30,2315,63435.23
2025-11-30,2316,119678.47
2025-11-30,2317,252989.85
2025-11-30,2318,51876.2
2025-11-30,2319,332882.56
2025-11-30,2320,119931.48
2025-11-30,2321,130418.7
2025-11-30,2322,59202.28
2025-11-30,2323,190174.66
2025-11-30,2324,271917.94
2025-11-30,2325,172354.28
2025-11-30,2326,141031.89
2025-11-30,2327,221208.63
2025-11-30,2328,39569.76
2025-11-30,2329,92109.41
2025-11-30,2330,203784.74
2025-11-30,2331,77802.68
2025-11-30,2332,308196.15
2025-11-30,2333,132960.42
2025-11-30,2334,185037.05
2025-11-30,2335,183439.51
2025-11-30,2336,86937.99
2025-11-30,2337,94970.6
2025-11-30,2338,182892.3
2025-11-30,2339,80350.18
2025-11-30,2340,320443.98
2025-11-30,2341,36886.06
2025-11-30,2342,23189.46
2025-11-30,2343,166081.0
2025-11-30,2344,107603.18
2025-11-30,2345,284996.43
2025-11-30,2346,166947.89
2025-11-30,2347,126144.7
2025-11-30,2348,89175.59
2025-11-30,2349,118484.44
2025-11-30,2350,173021.61
2025-11-30,2351,7062.21
2025-11-30,2352,160202.47
2025-11-30,2353,81011.49
2025-11-30,2354,174426.92
2025-11-30,2355,394764.9
2025-11-30,2356,148477.69
2025-11-30,2357,95978.56
2025-11-30,2358,59705.79
2025-11-30,2359,97101.74
2025-11-30,2360,140416.88
2025-11-30,2361,25247.32
2025-11-30,2362,87443.21
2025-11-30,2363,267961.15
2025-11-30,2364,223990.12
2025-11-30,2365,236613.57
2025-11-30,2366,46060.75
2025-11-30,2367,76215.21
2025-11-30,2368,40352.97
2025-11-30,2369,421716.17
2025-11-30,2370,138650.17
2025-11-30,2371,803767.47
2025-11-30,2372,78739.35
2025-11-30,2373,125591.18
2025-11-30,2374,192956.75
2025-11-30,2375,8637.65
2025-11-30,2376,145706.25
2025-11-30,2377,143310.01
2025-11-30,2378,313141.54
2025-11-30,2379,153765.61
2025-11-30,2380,197765.05
2025-11-30,2381,202434.01
2025-11-30,2382,446380.2
2025-11-30,2383,41185.78
2025-11-30,2384,50418.73
2025-11-30,2385,54240.07
2025-11-30,2386,167151.71
2025-11-30,2387,63262.3
2025-11-30,2388,88548.11
2025-11-30,2389,124898.24
2025-11-30,2390,72418.83
2025-11-30,2391,350012.07
2025-11-30,2392,234974.4
2025-11-30,2393,190257.09
2025-11-30,2394,186301.66
2025-11-30,2395,95779.43
2025-11-30,2396,605246.93
2025-11-30,2397,74581.43
2025-11-30,2398,21734.35
2025-11-30,2399,292082.04
2025-11-30,2400,233573.38
2025-11-30,2401,93138.31
2025-11-30,2402,68840.42
2025-11-30,2403,24581.2
2025-11-30,2404,72517.61
2025-11-30,2405,129546.66
2025-11-30,2406,167527.53
2025-11-30,2407,150845.27
2025-11-30,2408,167010.88
2025-11-30,2409,77279.57
2025-11-30,2410,386536.71
2025-11-30,2411,399887.57
2025-11-30,2412,92328.96
2025-11-30,2413,137752.53
2025-11-30,2414,155154.19
2025-11-30,2415,301168.75
2025-11-30,2416,203401.39
2025-11-30,2417,165947.51
2025-11-30,2418,80621.14
2025-11-30,2419,85381.75
2025-11-30,2420,2472.55
2025-11-30,2421,104211.32
2025-11-30,2422,73608.25
2025-11-30,2423,166932.25
2025-11-30,2424,294181.62
2025-11-30,2425,191034.68
2025-11-30,2426,33544.7
2025-11-30,2427,164034.96
2025-11-30,2428,57825.57
2025-11-30,2429,271510.6
2025-11-30,2430,76069.64
2025-11-30,2431,258529.32
2025-11-30,2432,356690.32
2025-11-30,2433,550466.23
2025-11-30,2434,70849.85
2025-11-30,2435,160930.0
2025-11-30,2436,193821.85
2025-11-30,2437,93446.67
2025-11-30,2438,149762.4
2025-11-30,2439,156876.87
2025-11-30,2440,55578.52
2025-11-30,2441,159163.45
2025-11-30,2442,171056.31
2025-11-30,2443,55405.62
2025-11-30,2444,25333.76
2025-11-30,2445,132822.89
2025-11-30,2446,141919.37
2025-11-30,2447,10564.33
2025-11-30,2448,168529.61
2025-11-30,2449,31440.87
2025-11-30,2450,202274.51
2025-11-30,2451,88303.22
2025-11-30,2452,226910.61
2025-11-30,2453,500942.72
2025-11-30,2454,124268.09
2025-11-30,2455,114256.91
2025-11-30,2456,51629.64
2025-11-30,2457,57312.77
2025-11-30,2458,282537.21
2025-11-30,2459,220948.2
2025-11-30,2460,37442.97
2025-11-30,2461,123354.42
2025-11-30,2462,57262.11
2025-11-30,2463,89322.37
2025-11-30,2464,68013.56
2025-11-30,2465,76471.23
2025-11-30,2466,813766.78
2025-11-30,2467,55377.08
2025-11-30,2468,499506.22
2025-11-30,2469,208161.23
2025-11-30,2470,281959.97
2025-11-30,2471,240051.04
2025-11-30,2472,202601.2
2025-11-30,2473,95927.04
2025-11-30,2474,91659.6
2025-11-30,2475,148249.51
2025-11-30,2476,137550.36
2025-11-30,2477,91948.85
2025-11-30,2478,127533.87
2025-11-30,2479,195015.69
2025-11-30,2480,245446.39
2025-11-30,2481,46763.34
2025-11-30,2482,106414.92
2025-11-30,2483,21782.42
2025-11-30,2484,132566.68
2025-11-30,2485,63964.93
2025-11-30,2486,194967.3
2025-11-30,2487,78333.01
2025-11-30,2488,128436.95
2025-11-30,2489,204881.67
2025-11-30,2490,285286.66
2025-11-30,2491,153387.1
2025-11-30,2492,179713.02
2025-11-30,2493,178413.09
2025-11-30,2494,65670.71
2025-11-30,2495,182254.23
2025-11-30,2496,179074.6
2025-11-30,2497,124319.2
2025-11-30,2498,153093.41
2025-11-30,2499,401570.0
2025-11-30,2500,155266.64
2025-11-30,2501,115252.94
2025-11-30,2502,197900.29
2025-11-30,2503,49987.25
2025-11-30,2504,155961.73
2025-11-30,2505,84748.57
2025-11-30,2506,104244.23
2025-11-30,2507,12791.41
2025-11-30,2508,159263.94
2025-11-30,2509,229522.69
2025-11-30,2510,3628.23
2025-11-30,2511,80564.78
2025-11-30,2512,158417.01
2025-11-30,2513,103606.58
2025-11-30,2514,55765.26
2025-11-30,2515,109965.86
2025-11-30,2516,94132.85
2025-11-30,2517,40668.6
2025-11-30,2518,97324.82
2025-11-30,2519,190690.2
2025-11-30,2520,103474.26
2025-11-30,2521,308697.87
2025-11-30,2522,60508.43
2025-11-30,2523,47063.32
2025-11-30,2524,31088.45
2025-11-30,2525,202657.37
2025-11-30,2526,22232.35
2025-11-30,2527,96734.5
2025-11-30,2528,19084.8
2025-11-30,2529,29795.18
2025-11-30,2530,75490.74
2025-11-30,2531,76793.82
2025-11-30,2532,97341.26
2025-11-30,2533,499047.53
2025-11-30,2534,68981.95
2025-11-30,2535,34904.9
2025-11-30,2536,199069.77
2025-11-30,2537,15599.13
2025-11-30,2538,82521.64
2025-11-30,2539,217186.58
2025-11-30,2540,396007.29
2025-11-30,2541,97864.69
2025-11-30,2542,260895.6
2025-11-30,2543,42982.15
2025-11-30,2544,152491.1
2025-11-30,2545,178121.32
2025-11-30,2546,122768.4
2025-11-30,2547,132255.3
2025-11-30,2548,9563.8
2025-11-30,2549,164053.18
2025-11-30,2550,529039.33
2025-11-30,2551,187445.05
2025-11-30,2552,38716.63
2025-11-30,2553,79173.83
2025-11-30,2554,60982.16
2025-11-30,2555,274596.44
2025-11-30,2556,247609.65
2025-11-30,2557,218627.66
2025-11-30,2558,52667.23
2025-11-30,2559,121698.28
2025-11-30,2560,192220.63
2025-11-30,2561,16570.68
2025-11-30,2562,27745.36
2025-11-30,2563,299809.35
2025-11-30,2564,420803.55
2025-11-30,2565,34239.94
2025-11-30,2566,205016.15
2025-11-30,2567,19927.25
2025-11-30,2568,142810.73
2025-11-30,2569,59701.63
2025-11-30,2570,96897.17
2025-11-30,2571,177972.2
2025-11-30,2572,227118.19
2025-11-30,2573,115658.57
2025-11-30,2574,174552.17
2025-11-30,2575,39062.77
2025-11-30,2576,181600.74
2025-11-30,2577,95778.48
2025-11-30,2578,7917.16
2025-11-30,2579,30406.06
2025-11-30,2580,68645.69
2025-11-30,2581,122736.14
2025-11-30,2582,130604.89
2025-11-30,2583,83672.59
2025-11-30,2584,137115.98
2025-11-30,2585,269773.81
2025-11-30,2586,44836.13
2025-11-30,2587,41625.32
2025-11-30,2588,166710.59
2025-11-30,2589,439481.8
2025-11-30,2590,98201.56
2025-11-30,2591,42578.91
2025-11-30,2592,147389.27
2025-11-30,2593,155942.12
2025-11-30,2594,84468.31
2025-11-30,2595,77964.29
2025-11-30,2596,163109.6
2025-11-30,2597,168385.34
2025-11-30,2598,1109177.83
2025-11-30,2599,57519.75
2025-11-30,2600,168359.91
2025-11-30,2601,162002.62
2025-11-30,2602,145109.96
2025-11-30,2603,133783.95
2025-11-30,2604,98050.81
2025-11-30,2605,175098.89
2025-11-30,2606,158090.59
2025-11-30,2607,37436.32
2025-11-30,2608,57717.28
2025-11-30,2609,119947.78
2025-11-30,2610,90466.82
2025-11-30,2611,206025.53
2025-11-30,2612,67379.19
2025-11-30,2613,63319.45
2025-11-30,2614,225535.21
2025-11-30,2615,408985.73
2025-11-30,2616,94224.6
2025-11-30,2617,147629.84
2025-11-30,2618,144021.86
2025-11-30,2619,59853.03
2025-11-30,2620,117799.03
2025-11-30,2621,166799.05
2025-11-30,2622,69297.42
2025-11-30,2623,191268.59
2025-11-30,2624,375625.18
2025-11-30,2625,103648.84
2025-11-30,2626,36584.86
2025-11-30,2627,264549.2
2025-11-30,2628,412775.46
2025-11-30,2629,81431.69
2025-11-30,2630,218740.91
2025-11-30,2631,84094.49
2025-11-30,2632,84616.6
2025-11-30,2633,503469.23
2025-11-30,2634,148759.84
2025-11-30,2635,134559.57
2025-11-30,2636,391949.51
2025-11-30,2637,84594.97
2025-11-30,2638,148611.12
2025-11-30,2639,220962.7
2025-11-30,2640,55447.85
2025-11-30,2641,72248.0
2025-11-30,2642,191691.6
2025-11-30,2643,211575.19
2025-11-30,2644,53167.33
2025-11-30,2645,85102.67
2025-11-30,2646,165476.62
2025-11-30,2647,282920.66
2025-11-30,2648,139699.07
2025-11-30,2649,182391.15
2025-11-30,2650,169404.77
2025-11-30,2651,133631.02
2025-11-30,2652,322129.19
2025-11-30,2653,96695.43
2025-11-30,2654,179530.21
2025-11-30,2655,110668.04
2025-11-30,2656,81363.25
2025-11-30,2657,64522.63
2025-11-30,2658,125173.84
2025-11-30,2659,109416.07
2025-11-30,2660,161664.09
2025-11-30,2661,217299.95
2025-11-30,2662,16908.97
2025-11-30,2663,70978.73
2025-11-30,2664,105459.07
2025-11-30,2665,122567.56
2025-11-30,2666,316958.31
2025-11-30,2667,172859.38
2025-11-30,2668,49208.19
2025-11-30,2669,86779.26
2025-11-30,2670,278535.74
2025-11-30,2671,41255.85
2025-11-30,2672,68480.32
2025-11-30,2673,198555.42
2025-11-30,2674,292101.33
2025-11-30,2675,109712.51
2025-11-30,2676,92856.21
2025-11-30,2677,293163.6
2025-11-30,2678,166863.25
2025-11-30,2679,288140.59
2025-11-30,2680,74678.61
2025-11-30,2681,72496.3
2025-11-30,2682,164615.69
2025-11-30,2683,177309.63
2025-11-30,2684,329568.82
2025-11-30,2685,129457.58
2025-11-30,2686,223511.04
2025-11-30,2687,296022.94
2025-11-30,2688,164767.36
2025-11-30,2689,106322.83
2025-11-30,2690,99435.41
2025-11-30,2691,79888.19
2025-11-30,2692,238331.06
2025-11-30,2693,242001.17
2025-11-30,2694,97091.28
2025-11-30,2695,166084.68
2025-11-30,2696,170859.5
2025-11-30,2697,130098.53
2025-11-30,2698,220939.49
2025-11-30,2699,197669.27
2025-11-30,2700,87751.98
2025-11-30,2701,85600.9
2025-11-30,2702,81877.3
2025-11-30,2703,493105.52
2025-11-30,2704,146639.44
2025-11-30,2705,80247.99
2025-11-30,2706,101157.61
2025-11-30,2707,258195.19
2025-11-30,2708,463588.96
2025-11-30,2709,50574.89
2025-11-30,2710,83989.38
2025-11-30,2711,486513.24
2025-11-30,2712,215361.42
2025-11-30,2713,70795.29
2025-11-30,2714,114244.7
2025-11-30,2715,624639.84
2025-11-30,2716,153706.62
2025-11-30,2717,133675.44
2025-11-30,2718,77394.75
2025-11-30,2719,120175.59
2025-11-30,2720,70108.06
2025-11-30,2721,442995.04
2025-11-30,2722,459013.98
2025-11-30,2723,200518.92
2025-11-30,2724,220759.57
2025-11-30,2725,49099.9
2025-11-30,2726,65242.64
2025-11-30,2727,31767.27
2025-11-30,2728,225311.03
2025-11-30,2729,363007.88
2025-11-30,2730,279172.13
2025-11-30,2731,141125.01
2025-11-30,2732,125965.96
2025-11-30,2733,310261.9
2025-11-30,2734,164001.06
2025-11-30,2735,170862.02
2025-11-30,2736,265067.56
2025-11-30,2737,367614.71
2025-11-30,2738,45339.8
2025-11-30,2739,523344.41
2025-11-30,2740,309580.14
2025-11-30,2741,247752.58
2025-11-30,2742,85320.98
2025-11-30,2743,158708.02
2025-11-30,2744,62623.21
2025-11-30,2745,115601.79
2025-11-30,2746,133607.02
2025-11-30,2747,75412.18
2025-11-30,2748,207041.42
2025-11-30,2749,562322.44
2025-11-30,2750,199026.03
2025-11-30,2751,267117.82
2025-11-30,2752,103805.76
2025-11-30,2753,341022.43
2025-11-30,2754,139340.61
2025-11-30,2755,163605.66
2025-11-30,2756,323075.9
2025-11-30,2757,172240.62
2025-11-30,2758,109336.02
2025-11-30,2759,48912.93
2025-11-30,2760,20523.34
2025-11-30,2761,290754.67
2025-11-30,2762,180711.87
2025-11-30,2763,96145.07
2025-11-30,2764,254630.19
2025-11-30,2765,114167.65
2025-11-30,2766,137443.55
2025-11-30,2767,129361.96
2025-11-30,2768,113826.04
2025-11-30,2769,95913.28
2025-11-30,2770,673886.44
2025-11-30,2771,22492.55
2025-11-30,2772,123155.11
2025-11-30,2773,319630.4
2025-11-30,2774,30496.18
2025-11-30,2775,173819.79
2025-11-30,2776,127069.09
2025-11-30,2777,58964.11
2025-11-30,2778,128969.56
2025-11-30,2779,279719.99
2025-11-30,2780,58150.69
2025-11-30,2781,202724.37
2025-11-30,2782,70290.46
2025-11-30,2783,268143.54
2025-11-30,2784,72870.48
2025-11-30,2785,38034.18
2025-11-30,2786,143938.71
2025-11-30,2787,102004.51
2025-11-30,2788,94736.33
2025-11-30,2789,97496.38
2025-11-30,2790,136630.11
2025-11-30,2791,230934.17
2025-11-30,2792,86369.29
2025-11-30,2793,282167.99
2025-11-30,2794,343723.65
2025-11-30,2795,131526.02
2025-11-30,2796,145917.02
2025-11-30,2797,126085.6
2025-11-30,2798,100536.15
2025-11-30,2799,536264.63
2025-11-30,2800,195077.32
2025-11-30,2801,253021.48
2025-11-30,2802,116594.2
2025-11-30,2803,92497.7
2025-11-30,2804,1322.73
2025-11-30,2805,141782.52
2025-11-30,2806,44369.66
2025-11-30,2807,47325.14
2025-11-30,2808,180592.13
2025-11-30,2809,965088.2
2025-11-30,2810,114294.7
2025-11-30,2811,69407.47
2025-11-30,2812,157482.28
2025-11-30,2813,131777.89
2025-11-30,2814,38383.77
2025-11-30,2815,113973.36
2025-11-30,2816,103620.95
2025-11-30,2817,319742.01
2025-11-30,2818,35992.98
2025-11-30,2819,99930.83
2025-11-30,2820,55242.8
2025-11-30,2821,93123.39
2025-11-30,2822,162653.09
2025-11-30,2823,39050.49
2025-11-30,2824,76428.89
2025-11-30,2825,96562.57
2025-11-30,2826,176099.63
2025-11-30,2827,6365.68
2025-11-30,2828,167477.84
2025-11-30,2829,74877.76
2025-11-30,2830,141111.63
2025-11-30,2831,317390.97
2025-11-30,2832,364063.74
2025-11-30,2833,108588.29
2025-11-30,2834,683609.81
2025-11-30,2835,245481.57
2025-11-30,2836,290264.15
2025-11-30,2837,34700.61
2025-11-30,2838,106534.46
2025-11-30,2839,150570.91
2025-11-30,2840,88813.87
2025-11-30,2841,115614.86
2025-11-30,2842,31966.57
2025-11-30,2843,205867.04
2025-11-30,2844,382865.11
2025-11-30,2845,274114.64
2025-11-30,2846,286977.19
2025-11-30,2847,143494.47
2025-11-30,2848,146566.76
2025-11-30,2849,38940.64
2025-11-30,2850,174727.36
2025-11-30,2851,494987.17
2025-11-30,2852,35790.69
2025-11-30,2853,109701.75
2025-11-30,2854,448947.38
2025-11-30,2855,251381.16
2025-11-30,2856,268006.32
2025-11-30,2857,151205.95
2025-11-30,2858,332527.45
2025-11-30,2859,109083.33
2025-11-30,2860,105265.44
2025-11-30,2861,69835.06
2025-11-30,2862,200677.03
2025-11-30,2863,98442.27
2025-11-30,2864,88522.09
2025-11-30,2865,65552.39
2025-11-30,2866,83159.03
2025-11-30,2867,78981.88
2025-11-30,2868,156640.78
2025-11-30,2869,103112.77
2025-11-30,2870,257547.34
2025-11-30,2871,210869.13
2025-11-30,2872,187058.62
2025-11-30,2873,353796.06
2025-11-30,2874,164035.98
2025-11-30,2875,95431.33
2025-11-30,2876,72945.5
2025-11-30,2877,51172.94
2025-11-30,2878,153431.54
2025-11-30,2879,112400.96
2025-11-30,2880,104539.24
2025-11-30,2881,91692.13
2025-11-30,2882,75323.39
2025-11-30,2883,97343.44
2025-11-30,2884,158220.08
2025-11-30,2885,69106.5
2025-11-30,2886,462100.59
2025-11-30,2887,61563.23
2025-11-30,2888,103855.36
2025-11-30,2889,186485.63
2025-11-30,2890,46563.05
2025-11-30,2891,36413.1
2025-11-30,2892,125199.82
2025-11-30,2893,109666.16
2025-11-30,2894,168474.29
2025-11-30,2895,84933.54
2025-11-30,2896,25664.71
2025-11-30,2897,33949.83
2025-11-30,2898,112880.15
2025-11-30,2899,86226.36
2025-11-30,2900,207091.79
2025-11-30,2901,289861.95
2025-11-30,2902,61504.23
2025-11-30,2903,147030.89
2025-11-30,2904,111467.68
2025-11-30,2905,116319.96
2025-11-30,2906,44116.62
2025-11-30,2907,164731.36
2025-11-30,2908,86117.32
2025-11-30,2909,74999.43
2025-11-30,2910,224647.0
2025-11-30,2911,266798.49
2025-11-30,2912,159855.4
2025-11-30,2913,121429.34
2025-11-30,2914,36150.15
2025-11-30,2915,4338.52
2025-11-30,2916,103078.36
2025-11-30,2917,70294.96
2025-11-30,2918,249608.3
2025-11-30,2919,131090.61
2025-11-30,2920,83146.39
2025-11-30,2921,239814.32
2025-11-30,2922,74701.15
2025-11-30,2923,90991.7
2025-11-30,2924,70850.95
2025-11-30,2925,247321.29
2025-11-30,2926,180424.34
2025-11-30,2927,98721.87
2025-11-30,2928,105799.17
2025-11-30,2929,110529.43
2025-11-30,2930,80168.56
2025-11-30,2931,44920.63
2025-11-30,2932,94468.79
2025-11-30,2933,82448.16
2025-11-30,2934,53913.2
2025-11-30,2935,5598.39
2025-11-30,2936,115897.75
2025-11-30,2937,33021.47
2025-11-30,2938,162667.84
2025-11-30,2939,185570.93
2025-11-30,2940,252687.95
2025-11-30,2941,482946.57
2025-11-30,2942,108386.58
2025-11-30,2943,157029.44
2025-11-30,2944,190589.45
2025-11-30,2945,291446.0
2025-11-30,2946,337006.33
2025-11-30,2947,117819.3
2025-11-30,2948,101825.32
2025-11-30,2949,75555.85
2025-11-30,2950,161419.56
2025-11-30,2951,635274.35
2025-11-30,2952,123082.89
2025-11-30,2953,94076.36
2025-11-30,2954,222225.95
2025-11-30,2955,157110.59
2025-11-30,2956,256164.17
2025-11-30,2957,88738.11
2025-11-30,2958,171735.26
2025-11-30,2959,116241.22
2025-11-30,2960,78275.0
2025-11-30,2961,43816.43
2025-11-30,2962,300658.03
2025-11-30,2963,191249.91
2025-11-30,2964,71604.52
2025-11-30,2965,210032.09
2025-11-30,2966,9166.84
2025-11-30,2967,107677.71
2025-11-30,2968,196949.49
2025-11-30,2969,110459.54
2025-11-30,2970,139584.86
2025-11-30,2971,166651.66
2025-11-30,2972,1249794.22
2025-11-30,2973,173207.79
2025-11-30,2974,128913.69
2025-11-30,2975,182308.47
2025-11-30,2976,152828.29
2025-11-30,2977,163328.82
2025-11-30,2978,65203.66
2025-11-30,2979,133296.09
2025-11-30,2980,85568.23
2025-11-30,2981,120908.87
2025-11-30,2982,241165.58
2025-11-30,2983,100697.45
2025-11-30,2984,166429.29
2025-11-30,2985,96251.49
2025-11-30,2986,112002.34
2025-11-30,2987,150792.97
2025-11-30,2988,168704.99
2025-11-30,2989,37498.05
2025-11-30,2990,99026.26
2025-11-30,2991,175599.57
2025-11-30,2992,251141.05
2025-11-30,2993,57715.92
2025-11-30,2994,125268.89
2025-11-30,2995,168882.99
2025-11-30,2996,218090.52
2025-11-30,2997,96693.06
2025-11-30,2998,76261.96
2025-11-30,2999,222362.73
2025-11-30,3000,172735.27
2025-11-30,3001,31206.39
2025-11-30,3002,136892.88
2025-11-30,3003,80034.92
2025-11-30,3004,32286.89
2025-11-30,3005,72735.01
2025-11-30,3006,118014.96
2025-11-30,3007,221306.28
2025-11-30,3008,480725.02
2025-11-30,3009,384247.45
2025-11-30,3010,85627.24
2025-11-30,3011,141981.44
2025-11-30,3012,369724.38
2025-11-30,3013,374347.71
2025-11-30,3014,69800.04
2025-11-30,3015,93891.66
2025-11-30,3016,164620.37
2025-11-30,3017,299840.67
2025-11-30,3018,253345.93
2025-11-30,3019,263116.98
2025-11-30,3020,559829.8
2025-11-30,3021,295349.76
2025-11-30,3022,121392.78
2025-11-30,3023,173602.93
2025-11-30,3024,17651.29
2025-11-30,3025,88404.95
2025-11-30,3026,183311.08
2025-11-30,3027,157843.36
2025-11-30,3028,91325.8
2025-11-30,3029,103691.83
2025-11-30,3030,82063.77
2025-11-30,3031,80089.12
2025-11-30,3032,39415.77
2025-11-30,3033,47881.79
2025-11-30,3034,99692.88
2025-11-30,3035,194275.34
2025-11-30,3036,176439.97
2025-11-30,3037,231896.36
2025-11-30,3038,237964.05
2025-11-30,3039,1316007.75
2025-11-30,3040,86980.44
2025-11-30,3041,98863.3
2025-11-30,3042,258936.97
2025-11-30,3043,77896.31
2025-11-30,3044,350772.38
2025-11-30,3045,182742.56
2025-11-30,3046,180156.85
2025-11-30,3047,264420.94
2025-11-30,3048,70405.95
2025-11-30,3049,82068.09
2025-11-30,3050,257700.54
2025-11-30,3051,37462.99
2025-11-30,3052,77010.03
2025-11-30,3053,136762.12
2025-11-30,3054,14898.89
2025-11-30,3055,152470.96
2025-11-30,3056,258876.33
2025-11-30,3057,282879.22
2025-11-30,3058,95751.57
2025-11-30,3059,356439.98
2025-11-30,3060,127188.21
2025-11-30,3061,145879.48
2025-11-30,3062,34911.35
2025-11-30,3063,255231.5
2025-11-30,3064,103850.19
2025-11-30,3065,127361.1
2025-11-30,3066,76975.45
2025-11-30,3067,81805.48
2025-11-30,3068,218847.11
2025-11-30,3069,8872.38
2025-11-30,3070,14736.16
2025-11-30,3071,112333.13
2025-11-30,3072,123093.55
2025-11-30,3073,307122.62
2025-11-30,3074,12691.87
2025-11-30,3075,65397.19
2025-11-30,3076,110729.97
2025-11-30,3077,143153.0
2025-11-30,3078,130837.24
2025-11-30,3079,109016.09
2025-11-30,3080,60808.55
2025-11-30,3081,91854.36
2025-11-30,3082,138323.15
2025-11-30,3083,210450.96
2025-11-30,3084,77452.22
2025-11-30,3085,69441.72
2025-11-30,3086,114672.05
2025-11-30,3087,94395.0
2025-11-30,3088,42281.85
2025-11-30,3089,85224.73
2025-11-30,3090,97027.51
2025-11-30,3091,259584.26
2025-11-30,3092,170457.93
2025-11-30,3093,844016.15
2025-11-30,3094,235284.56
2025-11-30,3095,478762.8
2025-11-30,3096,128857.8
2025-11-30,3097,126889.9
2025-11-30,3098,184479.2
2025-11-30,3099,80713.19
2025-11-30,3100,186052.7
2025-11-30,3101,118607.59
2025-11-30,3102,370368.67
2025-11-30,3103,143915.78
2025-11-30,3104,219702.62
2025-11-30,3105,121687.43
2025-11-30,3106,118451.48
2025-11-30,3107,349342.04
2025-11-30,3108,28401.91
2025-11-30,3109,80646.72
2025-11-30,3110,25481.88
2025-11-30,3111,98414.04
2025-11-30,3112,25881.17
2025-11-30,3113,227487.25
2025-11-30,3114,150068.6
2025-11-30,3115,172207.21
2025-11-30,3116,183874.23
2025-11-30,3117,203858.61
2025-11-30,3118,66210.47
2025-11-30,3119,75010.93
2025-11-30,3120,399682.69
2025-11-30,3121,49257.81
2025-11-30,3122,20818.83
2025-11-30,3123,151934.64
2025-11-30,3124,180688.28
2025-11-30,3125,139493.91
2025-11-30,3126,124312.0
2025-11-30,3127,39118.39
2025-11-30,3128,27586.77
2025-11-30,3129,179912.53
2025-11-30,3130,222380.67
2025-11-30,3131,24408.54
2025-11-30,3132,401941.0
2025-11-30,3133,423438.78
2025-11-30,3134,388956.51
2025-11-30,3135,106930.3
2025-11-30,3136,261630.54
2025-11-30,3137,109153.73
2025-11-30,3138,193737.73
2025-11-30,3139,165687.84
2025-11-30,3140,65722.92
2025-11-30,3141,122815.29
2025-11-30,3142,65358.02
2025-11-30,3143,137106.92
2025-11-30,3144,131154.64
2025-11-30,3145,138016.13
2025-11-30,3146,102187.67
2025-11-30,3147,232098.53
2025-11-30,3148,100036.49
2025-11-30,3149,92675.37
2025-11-30,3150,284449.74
2025-11-30,3151,202941.79
2025-11-30,3152,86268.27
2025-11-30,3153,336601.19
2025-11-30,3154,85607.91
2025-11-30,3155,282576.6
2025-11-30,3156,231950.34
2025-11-30,3157,689601.51
2025-11-30,3158,186258.34
2025-11-30,3159,42762.21
2025-11-30,3160,427107.48
2025-11-30,3161,273186.11
2025-11-30,3162,123639.74
2025-11-30,3163,173776.13
2025-11-30,3164,166872.81
2025-11-30,3165,217867.27
2025-11-30,3166,48800.73
2025-11-30,3167,141026.86
2025-11-30,3168,207214.28
2025-11-30,3169,62114.17
2025-11-30,3170,60080.38
2025-11-30,3171,1903.05
2025-11-30,3172,139117.4
2025-11-30,3173,157772.92
2025-11-30,3174,99066.91
2025-11-30,3175,161407.2
2025-11-30,3176,456440.37
2025-11-30,3177,65473.31
2025-11-30,3178,230009.13
2025-11-30,3179,136444.15
2025-11-30,3180,183841.8
2025-11-30,3181,303038.6
2025-11-30,3182,20120.53
2025-11-30,3183,77182.75
2025-11-30,3184,94190.78
2025-11-30,3185,120485.83
2025-11-30,3186,130663.99
2025-11-30,3187,246275.23
2025-11-30,3188,277767.93
2025-11-30,3189,416114.84
2025-11-30,3190,9686.78
2025-11-30,3191,177421.55
2025-11-30,3192,99839.91
2025-11-30,3193,113534.7
2025-11-30,3194,206228.28
2025-11-30,3195,578177.54
2025-11-30,3196,276784.18
2025-11-30,3197,203712.28
2025-11-30,3198,383134.48
2025-11-30,3199,199327.66
2025-11-30,3200,85060.81
2025-12-31,1,192531.01
2025-12-31,2,48010.84
2025-12-31,3,85851.63
2025-12-31,4,60338.26
2025-12-31,5,192782.66
2025-12-31,6,126798.06
2025-12-31,7,108735.07
2025-12-31,8,94196.37
2025-12-31,9,85362.77
2025-12-31,10,18954.68
2025-12-31,11,46871.27
2025-12-31,12,133418.54
2025-12-31,13,74597.64
2025-12-31,14,139756.24
2025-12-31,15,23989.35
2025-12-31,16,107131.83
2025-12-31,17,123997.89
2025-12-31,18,166840.59
2025-12-31,19,444929.33
2025-12-31,20,19931.33
2025-12-31,21,26951.89
2025-12-31,22,67017.16
2025-12-31,23,107772.16
2025-12-31,24,89180.18
2025-12-31,25,120564.64
2025-12-31,26,158033.64
2025-12-31,27,295094.52
2025-12-31,28,113928.76
2025-12-31,29,114390.13
2025-12-31,30,183655.6
2025-12-31,31,284591.28
2025-12-31,32,21612.66
2025-12-31,33,269903.18
2025-12-31,34,109588.01
2025-12-31,35,94232.7
2025-12-31,36,63691.41
2025-12-31,37,175157.34
2025-12-31,38,160357.2
2025-12-31,39,874908.93
2025-12-31,40,44822.16
2025-12-31,41,343024.66
2025-12-31,42,52618.37
2025-12-31,43,62512.44
2025-12-31,44,175578.17
2025-12-31,45,125802.86
2025-12-31,46,113380.69
2025-12-31,47,289631.57
2025-12-31,48,75886.41
2025-12-31,49,191380.4
2025-12-31,50,132028.02
2025-12-31,51,119029.74
2025-12-31,52,189629.64
2025-12-31,53,504304.43
2025-12-31,54,336280.4
2025-12-31,55,156581.97
2025-12-31,56,64207.86
2025-12-31,57,470214.83
2025-12-31,58,237267.02
2025-12-31,59,227630.39
2025-12-31,60,194402.18
2025-12-31,61,52753.55
2025-12-31,62,207830.42
2025-12-31,63,70556.44
2025-12-31,64,145501.71
2025-12-31,65,403549.76
2025-12-31,66,210363.37
2025-12-31,67,137694.46
2025-12-31,68,120577.97
2025-12-31,69,251994.52
2025-12-31,70,252147.28
2025-12-31,71,52500.41
2025-12-31,72,130703.43
2025-12-31,73,156596.34
2025-12-31,74,25020.37
2025-12-31,75,90461.92
2025-12-31,76,99335.43
2025-12-31,77,199866.68
2025-12-31,78,32139.37
2025-12-31,79,161095.28
2025-12-31,80,278705.98
2025-12-31,81,219157.87
2025-12-31,82,188262.45
2025-12-31,83,185109.96
2025-12-31,84,56279.69
2025-12-31,85,38900.02
2025-12-31,86,143673.44
2025-12-31,87,23082.87
2025-12-31,88,212925.4
2025-12-31,89,26811.6
2025-12-31,90,143277.19
2025-12-31,91,128316.21
2025-12-31,92,175649.69
2025-12-31,93,264175.16
2025-12-31,94,380817.28
2025-12-31,95,225866.61
2025-12-31,96,137804.42
2025-12-31,97,192795.26
2025-12-31,98,49001.24
2025-12-31,99,209447.91
2025-12-31,100,53386.22
2025-12-31,101,638038.92
2025-12-31,102,183401.12
2025-12-31,103,36042.59
2025-12-31,104,117390.27
2025-12-31,105,467442.56
2025-12-31,106,279665.74
2025-12-31,107,68626.15
2025-12-31,108,28640.44
2025-12-31,109,61888.23
2025-12-31,110,60233.45
2025-12-31,111,412375.94
2025-12-31,112,64178.81
2025-12-31,113,42177.61
2025-12-31,114,314127.29
2025-12-31,115,185463.82
2025-12-31,116,51233.56
2025-12-31,117,201567.0
2025-12-31,118,217318.86
2025-12-31,119,252617.7
2025-12-31,120,146839.66
2025-12-31,121,141040.27
2025-12-31,122,70555.77
2025-12-31,123,91861.4
2025-12-31,124,153583.43
2025-12-31,125,67145.4
2025-12-31,126,186602.48
2025-12-31,127,58253.61
2025-12-31,128,141222.25
2025-12-31,129,140418.21
2025-12-31,130,69768.06
2025-12-31,131,85791.34
2025-12-31,132,133742.78
2025-12-31,133,80286.46
2025-12-31,134,168814.96
2025-12-31,135,95196.49
2025-12-31,136,6223.61
2025-12-31,137,151400.19
2025-12-31,138,78421.64
2025-12-31,139,162607.25
2025-12-31,140,159445.42
2025-12-31,141,345224.28
2025-12-31,142,264316.38
2025-12-31,143,49838.37
2025-12-31,144,137626.06
2025-12-31,145,145250.74
2025-12-31,146,298280.6
2025-12-31,147,93213.48
2025-12-31,148,54714.7
2025-12-31,149,354112.92
2025-12-31,150,107448.13
2025-12-31,151,67448.46
2025-12-31,152,604220.8
2025-12-31,153,137013.34
2025-12-31,154,87013.66
2025-12-31,155,68100.11
2025-12-31,156,142965.18
2025-12-31,157,88907.89
2025-12-31,158,109266.81
2025-12-31,159,76888.52
2025-12-31,160,86735.02
2025-12-31,161,182229.82
2025-12-31,162,176675.92
2025-12-31,163,238980.62
2025-12-31,164,204081.55
2025-12-31,165,127197.1
2025-12-31,166,9299.56
2025-12-31,167,444223.58
2025-12-31,168,129423.51
2025-12-31,169,191124.35
2025-12-31,170,357518.07
2025-12-31,171,233523.78
2025-12-31,172,82551.55
2025-12-31,173,57542.14
2025-12-31,174,438544.74
2025-12-31,175,213979.66
2025-12-31,176,62860.24
2025-12-31,177,76667.0
2025-12-31,178,134313.9
2025-12-31,179,325949.21
2025-12-31,180,186696.96
2025-12-31,181,232416.92
2025-12-31,182,38916.72
2025-12-31,183,58808.31
2025-12-31,184,51342.59
2025-12-31,185,155123.85
2025-12-31,186,265415.19
2025-12-31,187,76608.08
2025-12-31,188,204276.82
2025-12-31,189,59197.92
2025-12-31,190,181617.07
2025-12-31,191,19839.77
2025-12-31,192,61787.26
2025-12-31,193,137381.52
2025-12-31,194,137014.28
2025-12-31,195,80933.63
2025-12-31,196,247254.78
2025-12-31,197,310785.04
2025-12-31,198,461594.66
2025-12-31,199,43698.75
2025-12-31,200,64160.54
2025-12-31,201,27444.88
2025-12-31,202,262913.92
2025-12-31,203,95081.99
2025-12-31,204,318820.93
2025-12-31,205,77159.21
2025-12-31,206,82603.05
2025-12-31,207,210565.58
2025-12-31,208,305461.37
2025-12-31,209,272462.57
2025-12-31,210,186951.98
2025-12-31,211,200205.96
2025-12-31,212,520984.98
2025-12-31,213,120059.11
2025-12-31,214,170938.31
2025-12-31,215,198276.31
2025-12-31,216,423444.73
2025-12-31,217,114945.69
2025-12-31,218,189177.95
2025-12-31,219,177854.75
2025-12-31,220,205606.27
2025-12-31,221,84155.36
2025-12-31,222,112601.24
2025-12-31,223,104594.28
2025-12-31,224,177058.5
2025-12-31,225,310664.99
2025-12-31,226,201059.8
2025-12-31,227,31865.97
2025-12-31,228,77513.49
2025-12-31,229,166120.31
2025-12-31,230,340105.8
2025-12-31,231,239885.66
2025-12-31,232,98778.98
2025-12-31,233,157790.21
2025-12-31,234,174104.91
2025-12-31,235,212320.16
2025-12-31,236,76422.89
2025-12-31,237,305617.53
2025-12-31,238,31260.43
2025-12-31,239,72833.15
2025-12-31,240,235617.52
2025-12-31,241,183029.17
2025-12-31,242,419399.34
2025-12-31,243,75119.41
2025-12-31,244,89134.64
2025-12-31,245,186368.72
2025-12-31,246,17042.8
2025-12-31,247,31919.39
2025-12-31,248,37929.48
2025-12-31,249,47771.79
2025-12-31,250,143608.44
2025-12-31,251,53094.81
2025-12-31,252,118212.71
2025-12-31,253,69421.41
2025-12-31,254,213067.67
2025-12-31,255,136929.33
2025-12-31,256,132172.72
2025-12-31,257,97239.63
2025-12-31,258,37538.34
2025-12-31,259,155517.46
2025-12-31,260,163044.72
2025-12-31,261,102952.46
2025-12-31,262,210549.45
2025-12-31,263,136330.56
2025-12-31,264,61520.15
2025-12-31,265,204281.54
2025-12-31,266,98972.6
2025-12-31,267,67683.85
2025-12-31,268,19160.35
2025-12-31,269,199200.65
2025-12-31,270,83127.34
2025-12-31,271,120021.82
2025-12-31,272,222937.04
2025-12-31,273,148202.51
2025-12-31,274,168955.54
2025-12-31,275,515183.47
2025-12-31,276,208229.85
2025-12-31,277,174170.91
2025-12-31,278,323125.61
2025-12-31,279,316762.85
2025-12-31,280,67097.73
2025-12-31,281,81679.91
2025-12-31,282,159863.96
2025-12-31,283,36190.67
2025-12-31,284,16643.07
2025-12-31,285,212630.3
2025-12-31,286,347475.82
2025-12-31,287,596019.02
2025-12-31,288,103196.66
2025-12-31,289,123009.0
2025-12-31,290,87530.22
2025-12-31,291,334320.32
2025-12-31,292,164325.56
2025-12-31,293,189991.88
2025-12-31,294,91514.38
2025-12-31,295,279711.21
2025-12-31,296,145844.76
2025-12-31,297,268633.53
2025-12-31,298,400480.3
2025-12-31,299,147886.73
2025-12-31,300,92688.14
2025-12-31,301,93762.57
2025-12-31,302,172285.91
2025-12-31,303,79940.18
2025-12-31,304,215688.39
2025-12-31,305,246563.0
2025-12-31,306,281525.43
2025-12-31,307,207803.68
2025-12-31,308,39520.67
2025-12-31,309,144978.03
2025-12-31,310,171454.62
2025-12-31,311,24519.74
2025-12-31,312,116472.3
2025-12-31,313,137645.2
2025-12-31,314,106857.09
2025-12-31,315,218422.06
2025-12-31,316,88515.69
2025-12-31,317,44580.44
2025-12-31,318,57047.97
2025-12-31,319,112597.45
2025-12-31,320,76161.35
2025-12-31,321,267920.7
2025-12-31,322,41381.07
2025-12-31,323,314245.41
2025-12-31,324,263950.75
2025-12-31,325,166318.92
2025-12-31,326,207470.66
2025-12-31,327,185828.33
2025-12-31,328,71425.19
2025-12-31,329,283163.45
2025-12-31,330,87762.26
2025-12-31,331,14187.8
2025-12-31,332,134243.9
2025-12-31,333,201083.28
2025-12-31,334,149863.23
2025-12-31,335,50913.63
2025-12-31,336,343856.12
2025-12-31,337,269797.27
2025-12-31,338,30922.71
2025-12-31,339,75393.51
2025-12-31,340,314534.44
2025-12-31,341,114056.28
2025-12-31,342,212435.57
2025-12-31,343,211894.4
2025-12-31,344,75541.84
2025-12-31,345,123386.52
2025-12-31,346,266065.13
2025-12-31,347,185130.01
2025-12-31,348,59911.38
2025-12-31,349,115397.35
2025-12-31,350,118244.65
2025-12-31,351,361995.38
2025-12-31,352,216866.57
2025-12-31,353,125761.24
2025-12-31,354,172636.25
2025-12-31,355,109983.28
2025-12-31,356,125523.66
2025-12-31,357,31580.54
2025-12-31,358,105442.85
2025-12-31,359,95055.11
2025-12-31,360,156438.46
2025-12-31,361,161779.6
2025-12-31,362,95841.78
2025-12-31,363,117002.96
2025-12-31,364,242898.59
2025-12-31,365,386217.72
2025-12-31,366,37006.85
2025-12-31,367,230111.97
2025-12-31,368,194519.46
2025-12-31,369,159878.6
2025-12-31,370,128004.24
2025-12-31,371,198390.33
2025-12-31,372,115071.18
2025-12-31,373,87155.62
2025-12-31,374,227722.11
2025-12-31,375,139113.02
2025-12-31,376,96440.52
2025-12-31,377,489946.27
2025-12-31,378,109605.42
2025-12-31,379,175983.58
2025-12-31,380,89219.79
2025-12-31,381,56484.47
2025-12-31,382,260863.16
2025-12-31,383,98166.39
2025-12-31,384,176795.56
2025-12-31,385,87404.68
2025-12-31,386,35425.84
2025-12-31,387,352635.92
2025-12-31,388,200997.09
2025-12-31,389,330465.84
2025-12-31,390,231524.69
2025-12-31,391,567047.84
2025-12-31,392,145813.98
2025-12-31,393,305470.1
2025-12-31,394,296702.63
2025-12-31,395,168123.55
2025-12-31,396,174580.12
2025-12-31,397,131968.45
2025-12-31,398,565399.27
2025-12-31,399,96681.59
2025-12-31,400,240321.92
2025-12-31,401,183359.91
2025-12-31,402,153782.02
2025-12-31,403,207461.82
2025-12-31,404,218417.68
2025-12-31,405,199557.73
2025-12-31,406,131410.01
2025-12-31,407,66881.45
2025-12-31,408,117532.47
2025-12-31,409,113596.11
2025-12-31,410,199214.8
2025-12-31,411,105956.02
2025-12-31,412,352480.27
2025-12-31,413,72095.78
2025-12-31,414,501018.42
2025-12-31,415,74158.51
2025-12-31,416,150317.11
2025-12-31,417,59721.33
2025-12-31,418,434159.96
2025-12-31,419,50660.91
2025-12-31,420,160579.32
2025-12-31,421,12557.03
2025-12-31,422,13682.42
2025-12-31,423,59682.57
2025-12-31,424,425880.95
2025-12-31,425,323652.23
2025-12-31,426,190638.55
2025-12-31,427,102704.04
2025-12-31,428,68650.62
2025-12-31,429,66230.39
2025-12-31,430,286177.14
2025-12-31,431,187039.7
2025-12-31,432,183048.12
2025-12-31,433,39343.38
2025-12-31,434,156212.81
2025-12-31,435,26659.73
2025-12-31,436,330278.2
2025-12-31,437,114672.6
2025-12-31,438,84376.08
2025-12-31,439,155588.07
2025-12-31,440,180048.94
2025-12-31,441,227210.01
2025-12-31,442,255520.48
2025-12-31,443,293779.82
2025-12-31,444,74183.06
2025-12-31,445,490006.06
2025-12-31,446,471060.11
2025-12-31,447,95980.13
2025-12-31,448,16443.94
2025-12-31,449,373440.05
2025-12-31,450,77637.1
2025-12-31,451,133557.6
2025-12-31,452,219202.95
2025-12-31,453,139492.52
2025-12-31,454,47887.25
2025-12-31,455,60312.35
2025-12-31,456,136761.93
2025-12-31,457,49946.63
2025-12-31,458,347105.31
2025-12-31,459,291173.18
2025-12-31,460,91829.79
2025-12-31,461,91274.19
2025-12-31,462,12243.75
2025-12-31,463,458848.21
2025-12-31,464,53617.0
2025-12-31,465,61267.4
2025-12-31,466,290743.78
2025-12-31,467,166068.97
2025-12-31,468,80589.99
2025-12-31,469,414244.42
2025-12-31,470,35024.09
2025-12-31,471,298396.03
2025-12-31,472,104169.36
2025-12-31,473,130510.66
2025-12-31,474,146056.52
2025-12-31,475,101966.6
2025-12-31,476,105901.27
2025-12-31,477,342876.33
2025-12-31,478,78030.45
2025-12-31,479,142639.27
2025-12-31,480,128315.05
2025-12-31,481,24070.28
2025-12-31,482,276999.24
2025-12-31,483,426982.19
2025-12-31,484,63334.41
2025-12-31,485,98419.2
2025-12-31,486,86597.59
2025-12-31,487,20376.3
2025-12-31,488,78814.46
2025-12-31,489,304020.61
2025-12-31,490,53056.37
2025-12-31,491,184052.52
2025-12-31,492,82345.39
2025-12-31,493,56488.62
2025-12-31,494,163947.09
2025-12-31,495,166616.85
2025-12-31,496,190562.58
2025-12-31,497,572666.18
2025-12-31,498,52972.8
2025-12-31,499,496438.89
2025-12-31,500,116686.98
2025-12-31,501,206483.45
2025-12-31,502,362145.26
2025-12-31,503,53422.9
2025-12-31,504,143371.02
2025-12-31,505,147285.68
2025-12-31,506,187524.44
2025-12-31,507,202547.29
2025-12-31,508,197899.39
2025-12-31,509,157123.85
2025-12-31,510,75962.67
2025-12-31,511,115577.02
2025-12-31,512,106095.9
2025-12-31,513,361436.81
2025-12-31,514,127268.17
2025-12-31,515,147841.21
2025-12-31,516,263831.7
2025-12-31,517,111455.76
2025-12-31,518,568556.73
2025-12-31,519,211028.72
2025-12-31,520,208604.23
2025-12-31,521,64658.0
2025-12-31,522,17261.15
2025-12-31,523,84115.78
2025-12-31,524,100123.48
2025-12-31,525,182530.31
2025-12-31,526,11186.97
2025-12-31,527,74599.47
2025-12-31,528,162025.87
2025-12-31,529,428318.86
2025-12-31,530,86203.15
2025-12-31,531,264127.17
2025-12-31,532,211738.47
2025-12-31,533,83467.26
2025-12-31,534,138660.53
2025-12-31,535,4495.61
2025-12-31,536,137224.61
2025-12-31,537,96605.65
2025-12-31,538,119484.23
2025-12-31,539,110334.04
2025-12-31,540,254861.28
2025-12-31,541,85497.26
2025-12-31,542,199695.6
2025-12-31,543,264867.25
2025-12-31,544,280394.9
2025-12-31,545,284526.24
2025-12-31,546,194846.78
2025-12-31,547,118332.88
2025-12-31,548,56653.68
2025-12-31,549,121267.21
2025-12-31,550,125659.47
2025-12-31,551,106718.95
2025-12-31,552,30700.81
2025-12-31,553,37081.39
2025-12-31,554,173090.83
2025-12-31,555,109661.83
2025-12-31,556,308752.64
2025-12-31,557,53979.16
2025-12-31,558,211198.73
2025-12-31,559,117699.45
2025-12-31,560,43965.28
2025-12-31,561,289727.58
2025-12-31,562,210812.04
2025-12-31,563,109718.33
2025-12-31,564,199081.93
2025-12-31,565,71937.66
2025-12-31,566,142431.89
2025-12-31,567,258671.74
2025-12-31,568,154949.77
2025-12-31,569,226108.09
2025-12-31,570,8186.15
2025-12-31,571,207214.89
2025-12-31,572,119176.67
2025-12-31,573,149187.83
2025-12-31,574,103951.5
2025-12-31,575,75404.07
2025-12-31,576,104748.52
2025-12-31,577,135622.75
2025-12-31,578,232595.67
2025-12-31,579,208353.47
2025-12-31,580,74667.53
2025-12-31,581,345540.65
2025-12-31,582,231573.42
2025-12-31,583,166811.44
2025-12-31,584,36418.81
2025-12-31,585,2764.89
2025-12-31,586,102160.1
2025-12-31,587,363497.85
2025-12-31,588,66783.1
2025-12-31,589,278480.2
2025-12-31,590,43170.77
2025-12-31,591,137873.6
2025-12-31,592,77023.47
2025-12-31,593,154706.12
2025-12-31,594,268647.71
2025-12-31,595,70095.33
2025-12-31,596,112017.13
2025-12-31,597,60482.14
2025-12-31,598,279862.41
2025-12-31,599,72172.47
2025-12-31,600,168210.34
2025-12-31,601,118088.06
2025-12-31,602,775576.78
2025-12-31,603,240290.37
2025-12-31,604,40339.15
2025-12-31,605,150678.68
2025-12-31,606,125912.41
2025-12-31,607,493910.61
2025-12-31,608,69233.14
2025-12-31,609,83936.58
2025-12-31,610,60281.43
2025-12-31,611,25342.82
2025-12-31,612,240644.35
2025-12-31,613,137556.56
2025-12-31,614,267008.27
2025-12-31,615,140250.31
2025-12-31,616,78242.54
2025-12-31,617,185240.86
2025-12-31,618,280883.83
2025-12-31,619,303227.57
2025-12-31,620,81900.52
2025-12-31,621,240439.0
2025-12-31,622,10596.28
2025-12-31,623,157684.09
2025-12-31,624,204609.61
2025-12-31,625,219325.47
2025-12-31,626,97172.54
2025-12-31,627,205126.8
2025-12-31,628,176631.93
2025-12-31,629,124563.97
2025-12-31,630,170626.27
2025-12-31,631,54232.65
2025-12-31,632,80753.65
2025-12-31,633,124698.61
2025-12-31,634,127575.61
2025-12-31,635,106122.32
2025-12-31,636,50334.94
2025-12-31,637,1034496.92
2025-12-31,638,59130.78
2025-12-31,639,123972.85
2025-12-31,640,208658.55
2025-12-31,641,43910.3
2025-12-31,642,143703.33
2025-12-31,643,48241.12
2025-12-31,644,169520.97
2025-12-31,645,477496.93
2025-12-31,646,86460.8
2025-12-31,647,82166.33
2025-12-31,648,169529.0
2025-12-31,649,165218.91
2025-12-31,650,155506.14
2025-12-31,651,94261.28
2025-12-31,652,136844.57
2025-12-31,653,83225.16
2025-12-31,654,613021.64
2025-12-31,655,229468.85
2025-12-31,656,84184.9
2025-12-31,657,65627.62
2025-12-31,658,159999.16
2025-12-31,659,220830.94
2025-12-31,660,129238.27
2025-12-31,661,83123.65
2025-12-31,662,55510.93
2025-12-31,663,126189.09
2025-12-31,664,122646.18
2025-12-31,665,138240.4
2025-12-31,666,247971.37
2025-12-31,667,24110.56
2025-12-31,668,90674.9
2025-12-31,669,5864.3
2025-12-31,670,166547.13
2025-12-31,671,58474.59
2025-12-31,672,130551.29
2025-12-31,673,79472.67
2025-12-31,674,169717.3
2025-12-31,675,102161.97
2025-12-31,676,451244.47
2025-12-31,677,86050.41
2025-12-31,678,99427.28
2025-12-31,679,29706.38
2025-12-31,680,115031.67
2025-12-31,681,59627.49
2025-12-31,682,115503.94
2025-12-31,683,34072.14
2025-12-31,684,82195.87
2025-12-31,685,203235.75
2025-12-31,686,101156.15
2025-12-31,687,130176.63
2025-12-31,688,109215.08
2025-12-31,689,159705.65
2025-12-31,690,155483.25
2025-12-31,691,156257.72
2025-12-31,692,33955.51
2025-12-31,693,66209.85
2025-12-31,694,153022.89
2025-12-31,695,422427.04
2025-12-31,696,41279.86
2025-12-31,697,183721.81
2025-12-31,698,34511.15
2025-12-31,699,177285.31
2025-12-31,700,97814.75
2025-12-31,701,47309.23
2025-12-31,702,67157.17
2025-12-31,703,57642.03
2025-12-31,704,99922.53
2025-12-31,705,76371.36
2025-12-31,706,467478.89
2025-12-31,707,109973.13
2025-12-31,708,314293.02
2025-12-31,709,39356.43
2025-12-31,710,200515.63
2025-12-31,711,210300.28
2025-12-31,712,89027.33
2025-12-31,713,101145.68
2025-12-31,714,800373.86
2025-12-31,715,280124.34
2025-12-31,716,135203.59
2025-12-31,717,155521.79
2025-12-31,718,318096.81
2025-12-31,719,36263.5
2025-12-31,720,94897.97
2025-12-31,721,12593.86
2025-12-31,722,175864.52
2025-12-31,723,320866.72
2025-12-31,724,24820.34
2025-12-31,725,157242.38
2025-12-31,726,185363.04
2025-12-31,727,130405.83
2025-12-31,728,64927.54
2025-12-31,729,262779.51
2025-12-31,730,96321.74
2025-12-31,731,99399.69
2025-12-31,732,130870.93
2025-12-31,733,248275.85
2025-12-31,734,98658.46
2025-12-31,735,129227.51
2025-12-31,736,515729.27
2025-12-31,737,90711.64
2025-12-31,738,166259.77
2025-12-31,739,66792.16
2025-12-31,740,151330.76
2025-12-31,741,340913.16
2025-12-31,742,114089.89
2025-12-31,743,45340.75
2025-12-31,744,46553.68
2025-12-31,745,176586.69
2025-12-31,746,206243.01
2025-12-31,747,163042.45
2025-12-31,748,74783.42
2025-12-31,749,88083.98
2025-12-31,750,138936.11
2025-12-31,751,175620.79
2025-12-31,752,125903.77
2025-12-31,753,44403.59
2025-12-31,754,117579.48
2025-12-31,755,75080.23
2025-12-31,756,113019.57
2025-12-31,757,336619.13
2025-12-31,758,367076.5
2025-12-31,759,41571.5
2025-12-31,760,226376.31
2025-12-31,761,98722.16
2025-12-31,762,93873.07
2025-12-31,763,122849.91
2025-12-31,764,112409.31
2025-12-31,765,69430.51
2025-12-31,766,140263.31
2025-12-31,767,101622.29
2025-12-31,768,102178.58
2025-12-31,769,254160.97
2025-12-31,770,184985.36
2025-12-31,771,281483.45
2025-12-31,772,90472.05
2025-12-31,773,108127.65
2025-12-31,774,54090.95
2025-12-31,775,121344.83
2025-12-31,776,147799.42
2025-12-31,777,530687.57
2025-12-31,778,43934.23
2025-12-31,779,339202.72
2025-12-31,780,337505.11
2025-12-31,781,27995.86
2025-12-31,782,129306.72
2025-12-31,783,88037.0
2025-12-31,784,87438.07
2025-12-31,785,4314.08
2025-12-31,786,217968.98
2025-12-31,787,232492.17
2025-12-31,788,287719.75
2025-12-31,789,46493.59
2025-12-31,790,148025.31
2025-12-31,791,114767.11
2025-12-31,792,60878.16
2025-12-31,793,308684.31
2025-12-31,794,84893.63
2025-12-31,795,121762.86
2025-12-31,796,525984.37
2025-12-31,797,39240.21
2025-12-31,798,197339.62
2025-12-31,799,486874.74
2025-12-31,800,98411.07
2025-12-31,801,281312.23
2025-12-31,802,24647.95
2025-12-31,803,175372.59
2025-12-31,804,102810.93
2025-12-31,805,86298.07
2025-12-31,806,142141.47
2025-12-31,807,72098.05
2025-12-31,808,204929.72
2025-12-31,809,90485.93
2025-12-31,810,155541.76
2025-12-31,811,107463.72
2025-12-31,812,110261.33
2025-12-31,813,37046.45
2025-12-31,814,504561.28
2025-12-31,815,245052.77
2025-12-31,816,422788.15
2025-12-31,817,98137.11
2025-12-31,818,158017.68
2025-12-31,819,101460.3
2025-12-31,820,197022.88
2025-12-31,821,122898.07
2025-12-31,822,250285.64
2025-12-31,823,200252.68
2025-12-31,824,174188.75
2025-12-31,825,238905.01
2025-12-31,826,283420.97
2025-12-31,827,258812.97
2025-12-31,828,91105.09
2025-12-31,829,370122.22
2025-12-31,830,159572.16
2025-12-31,831,217744.02
2025-12-31,832,91186.34
2025-12-31,833,442176.74
2025-12-31,834,182518.16
2025-12-31,835,97137.82
2025-12-31,836,325580.22
2025-12-31,837,160085.57
2025-12-31,838,336940.25
2025-12-31,839,159732.48
2025-12-31,840,63707.06
2025-12-31,841,473911.11
2025-12-31,842,92133.69
2025-12-31,843,30715.34
2025-12-31,844,79543.22
2025-12-31,845,248210.81
2025-12-31,846,274302.14
2025-12-31,847,132486.85
2025-12-31,848,80515.44
2025-12-31,849,96099.46
2025-12-31,850,90580.59
2025-12-31,851,93335.05
2025-12-31,852,612723.57
2025-12-31,853,67098.33
2025-12-31,854,52544.62
2025-12-31,855,133485.56
2025-12-31,856,100798.77
2025-12-31,857,153392.78
2025-12-31,858,133788.48
2025-12-31,859,200958.13
2025-12-31,860,54109.13
2025-12-31,861,179200.7
2025-12-31,862,96361.3
2025-12-31,863,195528.28
2025-12-31,864,985605.09
2025-12-31,865,96303.42
2025-12-31,866,72059.92
2025-12-31,867,107754.33
2025-12-31,868,105514.41
2025-12-31,869,147635.87
2025-12-31,870,78202.41
2025-12-31,871,82064.45
2025-12-31,872,93148.65
2025-12-31,873,67530.27
2025-12-31,874,52383.6
2025-12-31,875,51254.54
2025-12-31,876,386465.69
2025-12-31,877,245152.58
2025-12-31,878,51196.06
2025-12-31,879,157597.95
2025-12-31,880,57141.81
2025-12-31,881,140085.98
2025-12-31,882,225225.89
2025-12-31,883,241732.11
2025-12-31,884,392900.68
2025-12-31,885,129208.83
2025-12-31,886,56446.04
2025-12-31,887,42463.27
2025-12-31,888,109691.57
2025-12-31,889,388012.65
2025-12-31,890,209141.81
2025-12-31,891,184467.32
2025-12-31,892,294662.46
2025-12-31,893,223734.93
2025-12-31,894,207692.69
2025-12-31,895,190415.49
2025-12-31,896,331067.13
2025-12-31,897,274055.8
2025-12-31,898,98174.59
2025-12-31,899,69378.9
2025-12-31,900,214850.61
2025-12-31,901,122663.77
2025-12-31,902,324835.28
2025-12-31,903,354973.0
2025-12-31,904,48508.36
2025-12-31,905,255209.89
2025-12-31,906,48064.36
2025-12-31,907,139158.5
2025-12-31,908,82416.16
2025-12-31,909,49409.25
2025-12-31,910,127540.75
2025-12-31,911,49043.09
2025-12-31,912,303900.05
2025-12-31,913,531022.68
2025-12-31,914,94112.51
2025-12-31,915,125566.1
2025-12-31,916,96081.76
2025-12-31,917,137555.92
2025-12-31,918,109019.49
2025-12-31,919,48413.01
2025-12-31,920,211847.45
2025-12-31,921,91182.62
2025-12-31,922,107555.55
2025-12-31,923,143893.26
2025-12-31,924,41468.47
2025-12-31,925,92949.98
2025-12-31,926,118884.74
2025-12-31,927,103743.77
2025-12-31,928,250209.25
2025-12-31,929,312970.47
2025-12-31,930,327116.88
2025-12-31,931,164784.7
2025-12-31,932,145050.9
2025-12-31,933,70083.33
2025-12-31,934,65857.94
2025-12-31,935,278684.02
2025-12-31,936,281137.7
2025-12-31,937,69263.93
2025-12-31,938,155907.83
2025-12-31,939,94560.3
2025-12-31,940,207654.04
2025-12-31,941,120057.22
2025-12-31,942,219729.31
2025-12-31,943,138130.2
2025-12-31,944,146899.22
2025-12-31,945,101832.36
2025-12-31,946,156837.61
2025-12-31,947,807756.6
2025-12-31,948,177488.99
2025-12-31,949,68758.23
2025-12-31,950,266446.4
2025-12-31,951,341125.29
2025-12-31,952,78528.3
2025-12-31,953,76611.58
2025-12-31,954,265666.06
2025-12-31,955,100531.64
2025-12-31,956,114910.19
2025-12-31,957,252679.89
2025-12-31,958,194341.18
2025-12-31,959,297389.53
2025-12-31,960,265985.83
2025-12-31,961,239849.93
2025-12-31,962,86443.16
2025-12-31,963,61352.61
2025-12-31,964,110089.91
2025-12-31,965,169867.48
2025-12-31,966,282297.07
2025-12-31,967,168444.41
2025-12-31,968,253227.81
2025-12-31,969,271417.58
2025-12-31,970,187176.01
2025-12-31,971,108038.66
2025-12-31,972,175966.07
2025-12-31,973,46958.77
2025-12-31,974,113702.14
2025-12-31,975,14341.74
2025-12-31,976,306188.74
2025-12-31,977,135866.27
2025-12-31,978,137960.16
2025-12-31,979,59465.41
2025-12-31,980,74443.59
2025-12-31,981,78490.88
2025-12-31,982,88046.43
2025-12-31,983,163120.56
2025-12-31,984,80516.99
2025-12-31,985,46237.18
2025-12-31,986,112218.74
2025-12-31,987,61170.29
2025-12-31,988,194206.87
2025-12-31,989,91311.46
2025-12-31,990,260632.22
2025-12-31,991,233665.59
2025-12-31,992,64536.03
2025-12-31,993,151796.26
2025-12-31,994,172470.81
2025-12-31,995,33973.86
2025-12-31,996,747766.63
2025-12-31,997,515796.5
2025-12-31,998,180560.29
2025-12-31,999,92182.69
2025-12-31,1000,65372.18
2025-12-31,1001,110706.99
2025-12-31,1002,276056.08
2025-12-31,1003,163067.64
2025-12-31,1004,154931.33
2025-12-31,1005,178389.17
2025-12-31,1006,42155.04
2025-12-31,1007,82467.06
2025-12-31,1008,216784.24
2025-12-31,1009,172480.12
2025-12-31,1010,106298.61
2025-12-31,1011,166499.54
2025-12-31,1012,35964.31
2025-12-31,1013,126417.92
2025-12-31,1014,44720.93
2025-12-31,1015,120706.58
2025-12-31,1016,308289.45
2025-12-31,1017,158077.02
2025-12-31,1018,143278.83
2025-12-31,1019,125837.96
2025-12-31,1020,131636.27
2025-12-31,1021,12920.77
2025-12-31,1022,415116.74
2025-12-31,1023,120395.08
2025-12-31,1024,26960.58
2025-12-31,1025,138308.63
2025-12-31,1026,80653.8
2025-12-31,1027,20359.14
2025-12-31,1028,221142.5
2025-12-31,1029,215015.63
2025-12-31,1030,107408.41
2025-12-31,1031,277740.99
2025-12-31,1032,329673.46
2025-12-31,1033,138048.88
2025-12-31,1034,322320.32
2025-12-31,1035,93298.24
2025-12-31,1036,212925.88
2025-12-31,1037,154964.0
2025-12-31,1038,376009.67
2025-12-31,1039,70732.32
2025-12-31,1040,109733.51
2025-12-31,1041,105804.94
2025-12-31,1042,146692.67
2025-12-31,1043,104805.65
2025-12-31,1044,181796.89
2025-12-31,1045,131565.83
2025-12-31,1046,404498.3
2025-12-31,1047,117859.81
2025-12-31,1048,216357.24
2025-12-31,1049,510867.18
2025-12-31,1050,67044.19
2025-12-31,1051,26940.54
2025-12-31,1052,677718.98
2025-12-31,1053,80793.33
2025-12-31,1054,333697.73
2025-12-31,1055,108521.37
2025-12-31,1056,188738.28
2025-12-31,1057,173407.64
2025-12-31,1058,163383.43
2025-12-31,1059,85448.07
2025-12-31,1060,99476.32
2025-12-31,1061,295376.59
2025-12-31,1062,380731.69
2025-12-31,1063,80006.88
2025-12-31,1064,155425.5
2025-12-31,1065,67467.84
2025-12-31,1066,284270.98
2025-12-31,1067,354126.02
2025-12-31,1068,97916.79
2025-12-31,1069,251792.16
2025-12-31,1070,137830.05
2025-12-31,1071,206437.41
2025-12-31,1072,62244.49
2025-12-31,1073,247997.22
2025-12-31,1074,482470.23
2025-12-31,1075,172970.31
2025-12-31,1076,73392.72
2025-12-31,1077,98961.41
2025-12-31,1078,228333.63
2025-12-31,1079,143637.69
2025-12-31,1080,212211.46
2025-12-31,1081,361545.25
2025-12-31,1082,127049.77
2025-12-31,1083,3821.08
2025-12-31,1084,89198.98
2025-12-31,1085,109192.14
2025-12-31,1086,162105.59
2025-12-31,1087,298608.9
2025-12-31,1088,140868.08
2025-12-31,1089,118272.47
2025-12-31,1090,95230.64
2025-12-31,1091,63475.35
2025-12-31,1092,49368.63
2025-12-31,1093,85638.25
2025-12-31,1094,412028.04
2025-12-31,1095,86888.47
2025-12-31,1096,32108.95
2025-12-31,1097,117324.32
2025-12-31,1098,195986.17
2025-12-31,1099,106435.91
2025-12-31,1100,153276.94
2025-12-31,1101,40694.68
2025-12-31,1102,201410.45
2025-12-31,1103,116666.61
2025-12-31,1104,63764.57
2025-12-31,1105,151757.91
2025-12-31,1106,109291.44
2025-12-31,1107,55781.89
2025-12-31,1108,362366.18
2025-12-31,1109,148383.81
2025-12-31,1110,77503.9
2025-12-31,1111,120057.44
2025-12-31,1112,111478.2
2025-12-31,1113,131280.52
2025-12-31,1114,415670.22
2025-12-31,1115,175420.31
2025-12-31,1116,128646.62
2025-12-31,1117,143117.4
2025-12-31,1118,278693.78
2025-12-31,1119,320560.69
2025-12-31,1120,122142.18
2025-12-31,1121,175992.8
2025-12-31,1122,79342.33
2025-12-31,1123,147852.63
2025-12-31,1124,214532.84
2025-12-31,1125,168037.21
2025-12-31,1126,26761.29
2025-12-31,1127,170382.89
2025-12-31,1128,318424.11
2025-12-31,1129,119858.22
2025-12-31,1130,162704.49
2025-12-31,1131,166146.13
2025-12-31,1132,99708.36
2025-12-31,1133,69043.5
2025-12-31,1134,116307.02
2025-12-31,1135,95774.13
2025-12-31,1136,248480.61
2025-12-31,1137,90871.91
2025-12-31,1138,61344.07
2025-12-31,1139,249618.86
2025-12-31,1140,8264.31
2025-12-31,1141,170783.1
2025-12-31,1142,452549.07
2025-12-31,1143,357508.19
2025-12-31,1144,156775.79
2025-12-31,1145,68804.01
2025-12-31,1146,75996.87
2025-12-31,1147,74360.55
2025-12-31,1148,83846.36
2025-12-31,1149,222237.23
2025-12-31,1150,108900.37
2025-12-31,1151,701173.55
2025-12-31,1152,161838.13
2025-12-31,1153,293038.63
2025-12-31,1154,133260.82
2025-12-31,1155,74460.98
2025-12-31,1156,82883.9
2025-12-31,1157,309076.32
2025-12-31,1158,111078.89
2025-12-31,1159,122802.9
2025-12-31,1160,53658.14
2025-12-31,1161,37470.87
2025-12-31,1162,299834.8
2025-12-31,1163,118236.7
2025-12-31,1164,184552.66
2025-12-31,1165,326335.88
2025-12-31,1166,95882.9
2025-12-31,1167,141895.56
2025-12-31,1168,211058.59
2025-12-31,1169,42161.24
2025-12-31,1170,99926.96
2025-12-31,1171,130580.66
2025-12-31,1172,70445.87
2025-12-31,1173,367012.12
2025-12-31,1174,169894.41
2025-12-31,1175,78524.14
2025-12-31,1176,92996.23
2025-12-31,1177,72067.55
2025-12-31,1178,677028.97
2025-12-31,1179,111750.26
2025-12-31,1180,303837.57
2025-12-31,1181,333321.82
2025-12-31,1182,376836.64
2025-12-31,1183,155593.47
2025-12-31,1184,89817.73
2025-12-31,1185,18356.47
2025-12-31,1186,112150.82
2025-12-31,1187,82534.89
2025-12-31,1188,130096.96
2025-12-31,1189,75790.5
2025-12-31,1190,107482.7
2025-12-31,1191,265036.64
2025-12-31,1192,138604.53
2025-12-31,1193,102791.45
2025-12-31,1194,194745.54
2025-12-31,1195,257992.79
2025-12-31,1196,138500.18
2025-12-31,1197,216753.34
2025-12-31,1198,69309.53
2025-12-31,1199,172099.82
2025-12-31,1200,78846.05
2025-12-31,1201,232598.24
2025-12-31,1202,336874.1
2025-12-31,1203,116905.98
2025-12-31,1204,205158.97
2025-12-31,1205,94622.42
2025-12-31,1206,50907.42
2025-12-31,1207,78408.38
2025-12-31,1208,125694.54
2025-12-31,1209,178905.16
2025-12-31,1210,181945.3
2025-12-31,1211,38996.99
2025-12-31,1212,434875.01
2025-12-31,1213,64908.84
2025-12-31,1214,153485.72
2025-12-31,1215,260308.85
2025-12-31,1216,143271.56
2025-12-31,1217,24923.6
2025-12-31,1218,58622.18
2025-12-31,1219,146786.53
2025-12-31,1220,485117.98
2025-12-31,1221,168400.8
2025-12-31,1222,96964.38
2025-12-31,1223,162725.46
2025-12-31,1224,230194.86
2025-12-31,1225,91050.11
2025-12-31,1226,29644.08
2025-12-31,1227,7145.68
2025-12-31,1228,120785.27
2025-12-31,1229,118264.14
2025-12-31,1230,219234.02
2025-12-31,1231,631738.48
2025-12-31,1232,80863.74
2025-12-31,1233,208553.04
2025-12-31,1234,168489.18
2025-12-31,1235,455096.02
2025-12-31,1236,173294.49
2025-12-31,1237,268313.35
2025-12-31,1238,107316.36
2025-12-31,1239,220098.28
2025-12-31,1240,127145.37
2025-12-31,1241,66074.96
2025-12-31,1242,142997.75
2025-12-31,1243,205467.62
2025-12-31,1244,175426.0
2025-12-31,1245,39829.87
2025-12-31,1246,194445.17
2025-12-31,1247,115487.0
2025-12-31,1248,157643.57
2025-12-31,1249,276369.83
2025-12-31,1250,320525.73
2025-12-31,1251,127788.9
2025-12-31,1252,163855.98
2025-12-31,1253,274903.21
2025-12-31,1254,78245.11
2025-12-31,1255,34358.11
2025-12-31,1256,128644.51
2025-12-31,1257,21367.0
2025-12-31,1258,18506.72
2025-12-31,1259,235357.72
2025-12-31,1260,151819.61
2025-12-31,1261,222664.05
2025-12-31,1262,110613.45
2025-12-31,1263,329236.89
2025-12-31,1264,42749.09
2025-12-31,1265,336804.4
2025-12-31,1266,287750.65
2025-12-31,1267,110644.4
2025-12-31,1268,123219.8
2025-12-31,1269,19950.01
2025-12-31,1270,88450.38
2025-12-31,1271,119448.97
2025-12-31,1272,204117.65
2025-12-31,1273,164225.85
2025-12-31,1274,247798.44
2025-12-31,1275,184758.87
2025-12-31,1276,53266.29
2025-12-31,1277,58066.75
2025-12-31,1278,732359.89
2025-12-31,1279,350820.24
2025-12-31,1280,270584.68
2025-12-31,1281,246215.7
2025-12-31,1282,132313.81
2025-12-31,1283,88299.3
2025-12-31,1284,108274.44
2025-12-31,1285,187340.85
2025-12-31,1286,175481.08
2025-12-31,1287,367710.95
2025-12-31,1288,69866.85
2025-12-31,1289,63102.44
2025-12-31,1290,158878.33
2025-12-31,1291,290628.79
2025-12-31,1292,236173.14
2025-12-31,1293,8359.34
2025-12-31,1294,127224.78
2025-12-31,1295,288062.5
2025-12-31,1296,67082.85
2025-12-31,1297,34522.61
2025-12-31,1298,122672.57
2025-12-31,1299,296127.3
2025-12-31,1300,139575.34
2025-12-31,1301,79921.07
2025-12-31,1302,129820.23
2025-12-31,1303,467438.01
2025-12-31,1304,129279.31
2025-12-31,1305,277921.89
2025-12-31,1306,53514.11
2025-12-31,1307,224599.01
2025-12-31,1308,94238.74
2025-12-31,1309,80449.23
2025-12-31,1310,117653.67
2025-12-31,1311,197967.15
2025-12-31,1312,127408.73
2025-12-31,1313,160905.92
2025-12-31,1314,62275.55
2025-12-31,1315,98408.55
2025-12-31,1316,99311.62
2025-12-31,1317,161650.26
2025-12-31,1318,68271.12
2025-12-31,1319,76556.42
2025-12-31,1320,150066.47
2025-12-31,1321,64236.47
2025-12-31,1322,72727.18
2025-12-31,1323,386079.68
2025-12-31,1324,266352.74
2025-12-31,1325,92659.99
2025-12-31,1326,115948.59
2025-12-31,1327,289297.44
2025-12-31,1328,324928.92
2025-12-31,1329,49519.21
2025-12-31,1330,198002.37
2025-12-31,1331,128921.43
2025-12-31,1332,74895.07
2025-12-31,1333,98223.43
2025-12-31,1334,77502.26
2025-12-31,1335,123268.69
2025-12-31,1336,70361.3
2025-12-31,1337,53602.72
2025-12-31,1338,177664.95
2025-12-31,1339,204436.55
2025-12-31,1340,81889.72
2025-12-31,1341,134752.85
2025-12-31,1342,174388.49
2025-12-31,1343,209355.5
2025-12-31,1344,225055.91
2025-12-31,1345,123300.04
2025-12-31,1346,133795.2
2025-12-31,1347,187256.6
2025-12-31,1348,91802.5
2025-12-31,1349,57874.44
2025-12-31,1350,107758.03
2025-12-31,1351,150916.99
2025-12-31,1352,326524.69
2025-12-31,1353,217331.18
2025-12-31,1354,15810.17
2025-12-31,1355,147507.33
2025-12-31,1356,184607.9
2025-12-31,1357,73753.31
2025-12-31,1358,193271.79
2025-12-31,1359,162434.12
2025-12-31,1360,156550.47
2025-12-31,1361,99120.85
2025-12-31,1362,217856.98
2025-12-31,1363,111839.09
2025-12-31,1364,224127.13
2025-12-31,1365,291962.61
2025-12-31,1366,110116.04
2025-12-31,1367,82461.32
2025-12-31,1368,268694.56
2025-12-31,1369,221082.71
2025-12-31,1370,108721.37
2025-12-31,1371,160917.87
2025-12-31,1372,312874.01
2025-12-31,1373,234068.97
2025-12-31,1374,198004.4
2025-12-31,1375,38646.49
2025-12-31,1376,175601.19
2025-12-31,1377,44729.81
2025-12-31,1378,193188.5
2025-12-31,1379,169221.86
2025-12-31,1380,195747.11
2025-12-31,1381,204268.99
2025-12-31,1382,140501.39
2025-12-31,1383,36625.78
2025-12-31,1384,23549.47
2025-12-31,1385,50699.62
2025-12-31,1386,61385.93
2025-12-31,1387,635796.67
2025-12-31,1388,304234.92
2025-12-31,1389,471409.26
2025-12-31,1390,60480.49
2025-12-31,1391,81106.27
2025-12-31,1392,383444.48
2025-12-31,1393,233113.75
2025-12-31,1394,65419.01
2025-12-31,1395,5027.24
2025-12-31,1396,110670.63
2025-12-31,1397,135992.73
2025-12-31,1398,72261.92
2025-12-31,1399,210814.31
2025-12-31,1400,79533.42
2025-12-31,1401,271025.61
2025-12-31,1402,170300.41
2025-12-31,1403,168735.56
2025-12-31,1404,62478.72
2025-12-31,1405,80236.13
2025-12-31,1406,45180.6
2025-12-31,1407,265524.12
2025-12-31,1408,157139.93
2025-12-31,1409,62178.0
2025-12-31,1410,86758.11
2025-12-31,1411,75177.67
2025-12-31,1412,162647.48
2025-12-31,1413,205457.11
2025-12-31,1414,43521.4
2025-12-31,1415,111895.77
2025-12-31,1416,164908.95
2025-12-31,1417,141966.81
2025-12-31,1418,525474.19
2025-12-31,1419,39354.57
2025-12-31,1420,179772.24
2025-12-31,1421,188386.26
2025-12-31,1422,66804.12
2025-12-31,1423,207144.08
2025-12-31,1424,229296.61
2025-12-31,1425,69672.48
2025-12-31,1426,28545.81
2025-12-31,1427,24010.57
2025-12-31,1428,54814.03
2025-12-31,1429,64563.64
2025-12-31,1430,91456.54
2025-12-31,1431,111652.42
2025-12-31,1432,179504.55
2025-12-31,1433,76568.35
2025-12-31,1434,48965.34
2025-12-31,1435,451052.62
2025-12-31,1436,411156.92
2025-12-31,1437,91498.17
2025-12-31,1438,166259.92
2025-12-31,1439,171855.78
2025-12-31,1440,142163.31
2025-12-31,1441,86847.52
2025-12-31,1442,125008.16
2025-12-31,1443,94994.17
2025-12-31,1444,256458.18
2025-12-31,1445,99568.46
2025-12-31,1446,142754.19
2025-12-31,1447,44952.23
2025-12-31,1448,119332.83
2025-12-31,1449,15692.5
2025-12-31,1450,141872.08
2025-12-31,1451,3982.33
2025-12-31,1452,186437.01
2025-12-31,1453,73253.23
2025-12-31,1454,53419.75
2025-12-31,1455,173133.01
2025-12-31,1456,38671.24
2025-12-31,1457,372551.17
2025-12-31,1458,266064.1
2025-12-31,1459,228185.15
2025-12-31,1460,144245.59
2025-12-31,1461,102399.12
2025-12-31,1462,234189.09
2025-12-31,1463,339868.7
2025-12-31,1464,665017.44
2025-12-31,1465,83288.18
2025-12-31,1466,231697.01
2025-12-31,1467,108894.43
2025-12-31,1468,97094.2
2025-12-31,1469,29589.48
2025-12-31,1470,265827.17
2025-12-31,1471,114827.68
2025-12-31,1472,67796.04
2025-12-31,1473,198825.3
2025-12-31,1474,185871.6
2025-12-31,1475,87832.36
2025-12-31,1476,37086.57
2025-12-31,1477,382582.93
2025-12-31,1478,173121.4
2025-12-31,1479,134199.28
2025-12-31,1480,240471.18
2025-12-31,1481,239861.26
2025-12-31,1482,123038.6
2025-12-31,1483,276121.37
2025-12-31,1484,382850.11
2025-12-31,1485,54263.69
2025-12-31,1486,106480.88
2025-12-31,1487,254485.42
2025-12-31,1488,120248.42
2025-12-31,1489,248877.94
2025-12-31,1490,313331.63
2025-12-31,1491,200859.67
2025-12-31,1492,150989.07
2025-12-31,1493,467538.42
2025-12-31,1494,23812.7
2025-12-31,1495,162614.39
2025-12-31,1496,31505.94
2025-12-31,1497,97712.64
2025-12-31,1498,209128.08
2025-12-31,1499,178813.41
2025-12-31,1500,279780.27
2025-12-31,1501,72330.06
2025-12-31,1502,42573.29
2025-12-31,1503,67940.25
2025-12-31,1504,151287.98
2025-12-31,1505,241379.59
2025-12-31,1506,117218.25
2025-12-31,1507,163473.04
2025-12-31,1508,41328.37
2025-12-31,1509,223450.4
2025-12-31,1510,74391.81
2025-12-31,1511,56994.04
2025-12-31,1512,133055.49
2025-12-31,1513,96710.2
2025-12-31,1514,114017.61
2025-12-31,1515,56166.67
2025-12-31,1516,214429.36
2025-12-31,1517,174779.37
2025-12-31,1518,294566.13
2025-12-31,1519,141995.72
2025-12-31,1520,76218.95
2025-12-31,1521,140493.36
2025-12-31,1522,97219.87
2025-12-31,1523,42122.32
2025-12-31,1524,96684.28
2025-12-31,1525,68143.34
2025-12-31,1526,147158.85
2025-12-31,1527,54731.0
2025-12-31,1528,356375.73
2025-12-31,1529,96041.1
2025-12-31,1530,249302.35
2025-12-31,1531,166681.51
2025-12-31,1532,150986.6
2025-12-31,1533,102291.83
2025-12-31,1534,110611.21
2025-12-31,1535,78777.61
2025-12-31,1536,315225.35
2025-12-31,1537,165316.4
2025-12-31,1538,211956.19
2025-12-31,1539,197724.67
2025-12-31,1540,293575.79
2025-12-31,1541,165443.89
2025-12-31,1542,162535.44
2025-12-31,1543,80064.23
2025-12-31,1544,175508.84
2025-12-31,1545,170131.85
2025-12-31,1546,117328.58
2025-12-31,1547,892676.46
2025-12-31,1548,151371.75
2025-12-31,1549,468957.63
2025-12-31,1550,350246.24
2025-12-31,1551,75083.28
2025-12-31,1552,459874.62
2025-12-31,1553,94117.36
2025-12-31,1554,81857.66
2025-12-31,1555,224395.36
2025-12-31,1556,192437.03
2025-12-31,1557,188721.17
2025-12-31,1558,145537.38
2025-12-31,1559,114191.67
2025-12-31,1560,42463.59
2025-12-31,1561,242332.31
2025-12-31,1562,114851.39
2025-12-31,1563,81520.4
2025-12-31,1564,126643.7
2025-12-31,1565,58925.41
2025-12-31,1566,268389.82
2025-12-31,1567,188113.21
2025-12-31,1568,115307.17
2025-12-31,1569,243027.52
2025-12-31,1570,214545.01
2025-12-31,1571,60251.53
2025-12-31,1572,138549.11
2025-12-31,1573,38989.83
2025-12-31,1574,83227.17
2025-12-31,1575,87839.63
2025-12-31,1576,75261.69
2025-12-31,1577,87092.56
2025-12-31,1578,202510.25
2025-12-31,1579,146728.48
2025-12-31,1580,144266.72
2025-12-31,1581,370449.57
2025-12-31,1582,52174.32
2025-12-31,1583,6737.33
2025-12-31,1584,37528.73
2025-12-31,1585,101732.29
2025-12-31,1586,169071.11
2025-12-31,1587,222863.85
2025-12-31,1588,51042.51
2025-12-31,1589,211976.32
2025-12-31,1590,114406.42
2025-12-31,1591,242037.41
2025-12-31,1592,120376.45
2025-12-31,1593,183516.37
2025-12-31,1594,118165.87
2025-12-31,1595,159819.96
2025-12-31,1596,109420.67
2025-12-31,1597,105537.77
2025-12-31,1598,178243.64
2025-12-31,1599,219328.87
2025-12-31,1600,447269.97
2025-12-31,1601,87148.08
2025-12-31,1602,324957.97
2025-12-31,1603,171330.11
2025-12-31,1604,376428.42
2025-12-31,1605,126909.91
2025-12-31,1606,203500.64
2025-12-31,1607,339462.11
2025-12-31,1608,323287.43
2025-12-31,1609,209468.32
2025-12-31,1610,55964.88
2025-12-31,1611,89052.97
2025-12-31,1612,120361.58
2025-12-31,1613,196286.02
2025-12-31,1614,165794.31
2025-12-31,1615,268295.77
2025-12-31,1616,141220.5
2025-12-31,1617,98826.09
2025-12-31,1618,3722.36
2025-12-31,1619,60229.24
2025-12-31,1620,31003.41
2025-12-31,1621,25660.6
2025-12-31,1622,116062.1
2025-12-31,1623,260991.88
2025-12-31,1624,123321.61
2025-12-31,1625,113048.94
2025-12-31,1626,119998.86
2025-12-31,1627,134019.35
2025-12-31,1628,62091.62
2025-12-31,1629,38351.95
2025-12-31,1630,142188.16
2025-12-31,1631,137107.01
2025-12-31,1632,83253.81
2025-12-31,1633,114341.16
2025-12-31,1634,40464.7
2025-12-31,1635,242925.44
2025-12-31,1636,110495.53
2025-12-31,1637,85642.85
2025-12-31,1638,180050.35
2025-12-31,1639,62681.5
2025-12-31,1640,184732.76
2025-12-31,1641,161626.81
2025-12-31,1642,185217.35
2025-12-31,1643,101430.63
2025-12-31,1644,220334.31
2025-12-31,1645,62939.75
2025-12-31,1646,234383.15
2025-12-31,1647,236643.49
2025-12-31,1648,54717.94
2025-12-31,1649,78140.58
2025-12-31,1650,63504.21
2025-12-31,1651,321131.45
2025-12-31,1652,194274.5
2025-12-31,1653,107175.84
2025-12-31,1654,27479.19
2025-12-31,1655,7212.09
2025-12-31,1656,161255.98
2025-12-31,1657,263633.87
2025-12-31,1658,120464.18
2025-12-31,1659,142501.79
2025-12-31,1660,33073.38
2025-12-31,1661,125646.21
2025-12-31,1662,54430.38
2025-12-31,1663,16699.4
2025-12-31,1664,245985.55
2025-12-31,1665,290124.58
2025-12-31,1666,240757.47
2025-12-31,1667,31556.77
2025-12-31,1668,103751.98
2025-12-31,1669,171744.73
2025-12-31,1670,121909.99
2025-12-31,1671,23335.03
2025-12-31,1672,429380.63
2025-12-31,1673,23750.04
2025-12-31,1674,944134.18
2025-12-31,1675,565829.76
2025-12-31,1676,46079.86
2025-12-31,1677,129974.11
2025-12-31,1678,148350.17
2025-12-31,1679,47172.0
2025-12-31,1680,164045.64
2025-12-31,1681,162163.52
2025-12-31,1682,263133.91
2025-12-31,1683,125754.04
2025-12-31,1684,118452.07
2025-12-31,1685,138287.16
2025-12-31,1686,119265.42
2025-12-31,1687,60444.54
2025-12-31,1688,119868.96
2025-12-31,1689,88040.54
2025-12-31,1690,271241.72
2025-12-31,1691,154898.01
2025-12-31,1692,122487.84
2025-12-31,1693,548842.71
2025-12-31,1694,59284.71
2025-12-31,1695,42533.2
2025-12-31,1696,36164.93
2025-12-31,1697,236376.53
2025-12-31,1698,247901.73
2025-12-31,1699,52287.6
2025-12-31,1700,32020.73
2025-12-31,1701,97167.82
2025-12-31,1702,55981.47
2025-12-31,1703,144082.42
2025-12-31,1704,128727.53
2025-12-31,1705,93662.7
2025-12-31,1706,163600.64
2025-12-31,1707,203358.51
2025-12-31,1708,74786.94
2025-12-31,1709,135068.81
2025-12-31,1710,41938.27
2025-12-31,1711,82094.51
2025-12-31,1712,85683.54
2025-12-31,1713,108831.85
2025-12-31,1714,300587.47
2025-12-31,1715,182636.37
2025-12-31,1716,208844.88
2025-12-31,1717,204941.2
2025-12-31,1718,156490.18
2025-12-31,1719,68773.97
2025-12-31,1720,333808.88
2025-12-31,1721,218864.07
2025-12-31,1722,107476.3
2025-12-31,1723,126845.44
2025-12-31,1724,235027.33
2025-12-31,1725,148060.62
2025-12-31,1726,15463.58
2025-12-31,1727,60915.65
2025-12-31,1728,48074.5
2025-12-31,1729,147982.98
2025-12-31,1730,190339.88
2025-12-31,1731,271599.71
2025-12-31,1732,232768.78
2025-12-31,1733,45615.12
2025-12-31,1734,77631.84
2025-12-31,1735,28946.81
2025-12-31,1736,107599.53
2025-12-31,1737,350343.28
2025-12-31,1738,80864.64
2025-12-31,1739,149629.76
2025-12-31,1740,242408.44
2025-12-31,1741,294531.16
2025-12-31,1742,226124.71
2025-12-31,1743,9327.28
2025-12-31,1744,219344.2
2025-12-31,1745,29099.37
2025-12-31,1746,176130.08
2025-12-31,1747,63038.81
2025-12-31,1748,141691.75
2025-12-31,1749,73939.64
2025-12-31,1750,72444.69
2025-12-31,1751,38488.55
2025-12-31,1752,47586.74
2025-12-31,1753,36615.63
2025-12-31,1754,212677.6
2025-12-31,1755,172519.45
2025-12-31,1756,38572.5
2025-12-31,1757,36528.02
2025-12-31,1758,191007.85
2025-12-31,1759,128377.29
2025-12-31,1760,99215.84
2025-12-31,1761,263200.12
2025-12-31,1762,118876.1
2025-12-31,1763,33684.48
2025-12-31,1764,107263.48
2025-12-31,1765,29193.75
2025-12-31,1766,140894.29
2025-12-31,1767,178326.87
2025-12-31,1768,143682.69
2025-12-31,1769,88847.49
2025-12-31,1770,195031.44
2025-12-31,1771,93136.22
2025-12-31,1772,800987.79
2025-12-31,1773,210988.4
2025-12-31,1774,179109.47
2025-12-31,1775,51840.87
2025-12-31,1776,336963.58
2025-12-31,1777,69952.94
2025-12-31,1778,114470.51
2025-12-31,1779,31149.44
2025-12-31,1780,125141.98
2025-12-31,1781,191428.31
2025-12-31,1782,126744.54
2025-12-31,1783,54679.14
2025-12-31,1784,249164.43
2025-12-31,1785,387565.49
2025-12-31,1786,127010.92
2025-12-31,1787,71328.75
2025-12-31,1788,24998.6
2025-12-31,1789,261088.33
2025-12-31,1790,69258.95
2025-12-31,1791,287446.94
2025-12-31,1792,221018.35
2025-12-31,1793,193395.25
2025-12-31,1794,589325.24
2025-12-31,1795,113624.21
2025-12-31,1796,279753.56
2025-12-31,1797,423138.14
2025-12-31,1798,125141.67
2025-12-31,1799,182032.77
2025-12-31,1800,352311.52
2025-12-31,1801,78822.06
2025-12-31,1802,166069.39
2025-12-31,1803,79438.25
2025-12-31,1804,255852.22
2025-12-31,1805,65439.11
2025-12-31,1806,82606.71
2025-12-31,1807,288890.58
2025-12-31,1808,136461.98
2025-12-31,1809,46063.41
2025-12-31,1810,419929.88
2025-12-31,1811,100497.19
2025-12-31,1812,327357.57
2025-12-31,1813,112669.73
2025-12-31,1814,124983.61
2025-12-31,1815,110625.03
2025-12-31,1816,84735.11
2025-12-31,1817,116229.52
2025-12-31,1818,40369.06
2025-12-31,1819,117334.38
2025-12-31,1820,86046.52
2025-12-31,1821,228512.52
2025-12-31,1822,119210.26
2025-12-31,1823,24665.97
2025-12-31,1824,156361.88
2025-12-31,1825,236737.04
2025-12-31,1826,127801.24
2025-12-31,1827,83990.52
2025-12-31,1828,144510.74
2025-12-31,1829,177919.45
2025-12-31,1830,164966.2
2025-12-31,1831,211548.03
2025-12-31,1832,92137.07
2025-12-31,1833,149170.96
2025-12-31,1834,153590.32
2025-12-31,1835,135576.79
2025-12-31,1836,127852.69
2025-12-31,1837,277485.3
2025-12-31,1838,72084.34
2025-12-31,1839,132059.47
2025-12-31,1840,165793.37
2025-12-31,1841,64667.07
2025-12-31,1842,329114.69
2025-12-31,1843,120529.0
2025-12-31,1844,46281.57
2025-12-31,1845,293808.05
2025-12-31,1846,71824.89
2025-12-31,1847,56361.56
2025-12-31,1848,78703.22
2025-12-31,1849,14028.64
2025-12-31,1850,161676.22
2025-12-31,1851,193034.11
2025-12-31,1852,128736.79
2025-12-31,1853,158755.27
2025-12-31,1854,42526.95
2025-12-31,1855,73114.65
2025-12-31,1856,151342.39
2025-12-31,1857,101570.86
2025-12-31,1858,120169.71
2025-12-31,1859,164840.02
2025-12-31,1860,148326.41
2025-12-31,1861,436036.91
2025-12-31,1862,91397.76
2025-12-31,1863,71755.09
2025-12-31,1864,33913.37
2025-12-31,1865,63811.1
2025-12-31,1866,66388.31
2025-12-31,1867,155445.99
2025-12-31,1868,151011.54
2025-12-31,1869,68700.3
2025-12-31,1870,603887.92
2025-12-31,1871,82889.18
2025-12-31,1872,232107.56
2025-12-31,1873,111975.2
2025-12-31,1874,94308.97
2025-12-31,1875,40113.21
2025-12-31,1876,113727.33
2025-12-31,1877,236471.46
2025-12-31,1878,41347.96
2025-12-31,1879,69744.37
2025-12-31,1880,509751.46
2025-12-31,1881,32628.23
2025-12-31,1882,134466.83
2025-12-31,1883,171645.92
2025-12-31,1884,65529.8
2025-12-31,1885,176745.84
2025-12-31,1886,204961.8
2025-12-31,1887,129801.1
2025-12-31,1888,110305.17
2025-12-31,1889,86777.32
2025-12-31,1890,115545.16
2025-12-31,1891,104228.08
2025-12-31,1892,141495.96
2025-12-31,1893,164396.45
2025-12-31,1894,74244.45
2025-12-31,1895,30527.33
2025-12-31,1896,134691.69
2025-12-31,1897,54250.44
2025-12-31,1898,83672.59
2025-12-31,1899,77971.98
2025-12-31,1900,215734.1
2025-12-31,1901,173918.83
2025-12-31,1902,268752.11
2025-12-31,1903,100106.88
2025-12-31,1904,136840.78
2025-12-31,1905,106184.69
2025-12-31,1906,185375.74
2025-12-31,1907,411778.69
2025-12-31,1908,132414.34
2025-12-31,1909,193086.49
2025-12-31,1910,161817.02
2025-12-31,1911,85410.98
2025-12-31,1912,116926.27
2025-12-31,1913,179273.71
2025-12-31,1914,42676.01
2025-12-31,1915,104143.75
2025-12-31,1916,35869.99
2025-12-31,1917,410252.73
2025-12-31,1918,201205.6
2025-12-31,1919,140040.04
2025-12-31,1920,51013.99
2025-12-31,1921,290303.2
2025-12-31,1922,141842.58
2025-12-31,1923,177342.94
2025-12-31,1924,130264.26
2025-12-31,1925,221458.88
2025-12-31,1926,57676.24
2025-12-31,1927,324367.38
2025-12-31,1928,69933.9
2025-12-31,1929,130727.46
2025-12-31,1930,26358.01
2025-12-31,1931,282063.43
2025-12-31,1932,145596.92
2025-12-31,1933,150494.49
2025-12-31,1934,372999.1
2025-12-31,1935,130640.38
2025-12-31,1936,151861.68
2025-12-31,1937,290776.96
2025-12-31,1938,189680.41
2025-12-31,1939,141928.3
2025-12-31,1940,98598.0
2025-12-31,1941,126623.59
2025-12-31,1942,270444.75
2025-12-31,1943,337978.55
2025-12-31,1944,167593.38
2025-12-31,1945,242020.76
2025-12-31,1946,179445.5
2025-12-31,1947,232578.9
2025-12-31,1948,26216.26
2025-12-31,1949,166057.45
2025-12-31,1950,1238467.75
2025-12-31,1951,164036.36
2025-12-31,1952,160850.92
2025-12-31,1953,225874.22
2025-12-31,1954,317144.84
2025-12-31,1955,108439.38
2025-12-31,1956,315172.22
2025-12-31,1957,134754.36
2025-12-31,1958,71195.54
2025-12-31,1959,37282.64
2025-12-31,1960,195995.19
2025-12-31,1961,363569.51
2025-12-31,1962,21555.84
2025-12-31,1963,222936.05
2025-12-31,1964,227261.76
2025-12-31,1965,55228.52
2025-12-31,1966,248889.64
2025-12-31,1967,4778.84
2025-12-31,1968,74328.97
2025-12-31,1969,161861.35
2025-12-31,1970,99151.19
2025-12-31,1971,40077.92
2025-12-31,1972,46389.35
2025-12-31,1973,189870.46
2025-12-31,1974,460365.09
2025-12-31,1975,197211.12
2025-12-31,1976,98894.13
2025-12-31,1977,54178.92
2025-12-31,1978,160008.46
2025-12-31,1979,85893.25
2025-12-31,1980,114240.12
2025-12-31,1981,35421.83
2025-12-31,1982,113700.96
2025-12-31,1983,131469.22
2025-12-31,1984,88270.02
2025-12-31,1985,163493.71
2025-12-31,1986,210569.1
2025-12-31,1987,153485.48
2025-12-31,1988,397760.47
2025-12-31,1989,44017.04
2025-12-31,1990,60326.24
2025-12-31,1991,153553.96
2025-12-31,1992,33567.69
2025-12-31,1993,303717.94
2025-12-31,1994,53258.24
2025-12-31,1995,9332.58
2025-12-31,1996,157838.18
2025-12-31,1997,282368.42
2025-12-31,1998,290840.85
2025-12-31,1999,47905.94
2025-12-31,2000,114491.0
2025-12-31,2001,278046.39
2025-12-31,2002,228079.04
2025-12-31,2003,242096.53
2025-12-31,2004,111257.35
2025-12-31,2005,242168.15
2025-12-31,2006,90836.28
2025-12-31,2007,127127.93
2025-12-31,2008,179928.29
2025-12-31,2009,94628.23
2025-12-31,2010,6241.47
2025-12-31,2011,213775.39
2025-12-31,2012,359752.42
2025-12-31,2013,196170.25
2025-12-31,2014,280762.63
2025-12-31,2015,184745.81
2025-12-31,2016,11979.08
2025-12-31,2017,253849.66
2025-12-31,2018,43725.34
2025-12-31,2019,26669.44
2025-12-31,2020,45457.43
2025-12-31,2021,182126.56
2025-12-31,2022,117994.69
2025-12-31,2023,109705.05
2025-12-31,2024,395871.54
2025-12-31,2025,72831.01
2025-12-31,2026,136089.28
2025-12-31,2027,162274.38
2025-12-31,2028,39770.61
2025-12-31,2029,52526.38
2025-12-31,2030,26076.2
2025-12-31,2031,234061.04
2025-12-31,2032,34778.81
2025-12-31,2033,83612.42
2025-12-31,2034,76262.26
2025-12-31,2035,260178.2
2025-12-31,2036,161545.25
2025-12-31,2037,74803.37
2025-12-31,2038,65131.24
2025-12-31,2039,247998.81
2025-12-31,2040,610658.79
2025-12-31,2041,9081.77
2025-12-31,2042,226853.84
2025-12-31,2043,225576.7
2025-12-31,2044,43457.52
2025-12-31,2045,154140.22
2025-12-31,2046,99771.55
2025-12-31,2047,208740.76
2025-12-31,2048,177531.89
2025-12-31,2049,120903.65
2025-12-31,2050,55745.36
2025-12-31,2051,85927.94
2025-12-31,2052,59308.98
2025-12-31,2053,139403.63
2025-12-31,2054,248182.4
2025-12-31,2055,157878.64
2025-12-31,2056,19949.68
2025-12-31,2057,76013.16
2025-12-31,2058,60341.56
2025-12-31,2059,218523.96
2025-12-31,2060,221813.94
2025-12-31,2061,98108.38
2025-12-31,2062,203858.96
2025-12-31,2063,129015.55
2025-12-31,2064,333883.44
2025-12-31,2065,205874.28
2025-12-31,2066,136849.11
2025-12-31,2067,57385.32
2025-12-31,2068,61402.16
2025-12-31,2069,130925.4
2025-12-31,2070,65295.0
2025-12-31,2071,85574.52
2025-12-31,2072,172149.92
2025-12-31,2073,120013.77
2025-12-31,2074,333955.59
2025-12-31,2075,99473.22
2025-12-31,2076,116332.02
2025-12-31,2077,156875.24
2025-12-31,2078,275209.1
2025-12-31,2079,157866.19
2025-12-31,2080,46903.29
2025-12-31,2081,54553.15
2025-12-31,2082,173848.18
2025-12-31,2083,27823.53
2025-12-31,2084,117979.83
2025-12-31,2085,89436.37
2025-12-31,2086,154831.73
2025-12-31,2087,241091.51
2025-12-31,2088,46775.36
2025-12-31,2089,289816.62
2025-12-31,2090,85510.12
2025-12-31,2091,338059.36
2025-12-31,2092,299171.68
2025-12-31,2093,191311.99
2025-12-31,2094,134169.0
2025-12-31,2095,197889.47
2025-12-31,2096,283526.36
2025-12-31,2097,95177.41
2025-12-31,2098,66645.73
2025-12-31,2099,114322.17
2025-12-31,2100,132394.17
2025-12-31,2101,212235.5
2025-12-31,2102,113807.21
2025-12-31,2103,14034.99
2025-12-31,2104,141695.6
2025-12-31,2105,58204.36
2025-12-31,2106,737760.21
2025-12-31,2107,81527.69
2025-12-31,2108,129091.82
2025-12-31,2109,185000.53
2025-12-31,2110,33734.63
2025-12-31,2111,150419.79
2025-12-31,2112,71162.3
2025-12-31,2113,462434.74
2025-12-31,2114,250671.53
2025-12-31,2115,7218.77
2025-12-31,2116,140054.34
2025-12-31,2117,88178.97
2025-12-31,2118,177805.29
2025-12-31,2119,59638.91
2025-12-31,2120,52308.73
2025-12-31,2121,83181.84
2025-12-31,2122,168815.13
2025-12-31,2123,65568.53
2025-12-31,2124,89887.12
2025-12-31,2125,56603.68
2025-12-31,2126,45594.69
2025-12-31,2127,106913.92
2025-12-31,2128,16556.38
2025-12-31,2129,281351.38
2025-12-31,2130,159448.03
2025-12-31,2131,246814.65
2025-12-31,2132,63480.18
2025-12-31,2133,161558.01
2025-12-31,2134,382234.44
2025-12-31,2135,102535.83
2025-12-31,2136,155189.86
2025-12-31,2137,347797.79
2025-12-31,2138,166200.94
2025-12-31,2139,375762.12
2025-12-31,2140,104193.61
2025-12-31,2141,77788.39
2025-12-31,2142,218319.0
2025-12-31,2143,109879.05
2025-12-31,2144,68808.56
2025-12-31,2145,201082.54
2025-12-31,2146,129596.26
2025-12-31,2147,161417.08
2025-12-31,2148,19811.51
2025-12-31,2149,156368.42
2025-12-31,2150,250897.08
2025-12-31,2151,138134.69
2025-12-31,2152,134623.15
2025-12-31,2153,305374.76
2025-12-31,2154,236668.47
2025-12-31,2155,158030.91
2025-12-31,2156,410678.18
2025-12-31,2157,46871.56
2025-12-31,2158,204020.17
2025-12-31,2159,114428.81
2025-12-31,2160,22215.95
2025-12-31,2161,53067.71
2025-12-31,2162,122352.53
2025-12-31,2163,49575.45
2025-12-31,2164,215187.98
2025-12-31,2165,332722.43
2025-12-31,2166,174439.77
2025-12-31,2167,81283.85
2025-12-31,2168,52844.51
2025-12-31,2169,249563.43
2025-12-31,2170,16933.95
2025-12-31,2171,154516.66
2025-12-31,2172,119821.09
2025-12-31,2173,480827.18
2025-12-31,2174,86633.61
2025-12-31,2175,18619.38
2025-12-31,2176,183190.78
2025-12-31,2177,79666.64
2025-12-31,2178,126687.36
2025-12-31,2179,121871.07
2025-12-31,2180,308266.43
2025-12-31,2181,257643.26
2025-12-31,2182,127364.63
2025-12-31,2183,139002.42
2025-12-31,2184,63434.32
2025-12-31,2185,121155.1
2025-12-31,2186,205719.76
2025-12-31,2187,88144.54
2025-12-31,2188,345143.4
2025-12-31,2189,91668.1
2025-12-31,2190,118298.46
2025-12-31,2191,345749.49
2025-12-31,2192,176235.19
2025-12-31,2193,244510.34
2025-12-31,2194,119780.34
2025-12-31,2195,135658.3
2025-12-31,2196,33836.94
2025-12-31,2197,33786.61
2025-12-31,2198,102422.33
2025-12-31,2199,179596.61
2025-12-31,2200,35812.56
2025-12-31,2201,141358.74
2025-12-31,2202,98103.3
2025-12-31,2203,43496.5
2025-12-31,2204,251122.0
2025-12-31,2205,86916.35
2025-12-31,2206,84113.83
2025-12-31,2207,230798.34
2025-12-31,2208,313934.25
2025-12-31,2209,386182.0
2025-12-31,2210,287902.41
2025-12-31,2211,183170.92
2025-12-31,2212,48230.95
2025-12-31,2213,29595.53
2025-12-31,2214,311547.82
2025-12-31,2215,226604.32
2025-12-31,2216,196397.1
2025-12-31,2217,172139.74
2025-12-31,2218,64428.32
2025-12-31,2219,116308.32
2025-12-31,2220,156582.04
2025-12-31,2221,167911.08
2025-12-31,2222,122717.16
2025-12-31,2223,417727.25
2025-12-31,2224,252301.98
2025-12-31,2225,31405.48
2025-12-31,2226,43997.59
2025-12-31,2227,235243.13
2025-12-31,2228,158363.44
2025-12-31,2229,383194.07
2025-12-31,2230,245711.78
2025-12-31,2231,458225.54
2025-12-31,2232,187026.55
2025-12-31,2233,178979.35
2025-12-31,2234,33476.09
2025-12-31,2235,75906.94
2025-12-31,2236,38667.0
2025-12-31,2237,72762.62
2025-12-31,2238,235871.4
2025-12-31,2239,96873.65
2025-12-31,2240,193706.68
2025-12-31,2241,155538.91
2025-12-31,2242,138781.81
2025-12-31,2243,500368.64
2025-12-31,2244,376015.2
2025-12-31,2245,283002.02
2025-12-31,2246,240181.49
2025-12-31,2247,132943.72
2025-12-31,2248,128385.75
2025-12-31,2249,31562.78
2025-12-31,2250,83402.45
2025-12-31,2251,97112.16
2025-12-31,2252,195572.02
2025-12-31,2253,195455.77
2025-12-31,2254,132109.32
2025-12-31,2255,202774.89
2025-12-31,2256,100230.51
2025-12-31,2257,120992.97
2025-12-31,2258,240976.11
2025-12-31,2259,92848.81
2025-12-31,2260,156326.81
2025-12-31,2261,291950.57
2025-12-31,2262,33893.74
2025-12-31,2263,445387.77
2025-12-31,2264,154975.51
2025-12-31,2265,29496.1
2025-12-31,2266,211003.43
2025-12-31,2267,124857.25
2025-12-31,2268,195802.37
2025-12-31,2269,54803.04
2025-12-31,2270,253852.12
2025-12-31,2271,239299.78
2025-12-31,2272,36203.63
2025-12-31,2273,176829.34
2025-12-31,2274,147500.56
2025-12-31,2275,97653.83
2025-12-31,2276,349062.98
2025-12-31,2277,180633.9
2025-12-31,2278,194710.4
2025-12-31,2279,166758.75
2025-12-31,2280,282623.16
2025-12-31,2281,112210.38
2025-12-31,2282,81542.77
2025-12-31,2283,141436.15
2025-12-31,2284,36780.69
2025-12-31,2285,125582.21
2025-12-31,2286,120871.6
2025-12-31,2287,72999.14
2025-12-31,2288,57232.19
2025-12-31,2289,117187.96
2025-12-31,2290,253383.52
2025-12-31,2291,144342.71
2025-12-31,2292,126987.98
2025-12-31,2293,172821.01
2025-12-31,2294,289504.25
2025-12-31,2295,226879.46
2025-12-31,2296,149451.65
2025-12-31,2297,96298.81
2025-12-31,2298,71207.36
2025-12-31,2299,152349.82
2025-12-31,2300,60634.98
2025-12-31,2301,86240.84
2025-12-31,2302,68424.87
2025-12-31,2303,451721.81
2025-12-31,2304,132682.08
2025-12-31,2305,113043.56
2025-12-31,2306,84018.29
2025-12-31,2307,264053.74
2025-12-31,2308,167157.83
2025-12-31,2309,284246.34
2025-12-31,2310,112864.05
2025-12-31,2311,150673.58
2025-12-31,2312,88348.08
2025-12-31,2313,185629.75
2025-12-31,2314,81424.21
2025-12-31,2315,67505.22
2025-12-31,2316,119678.47
2025-12-31,2317,252989.85
2025-12-31,2318,50680.24
2025-12-31,2319,332882.56
2025-12-31,2320,121594.58
2025-12-31,2321,125858.96
2025-12-31,2322,59202.28
2025-12-31,2323,198067.23
2025-12-31,2324,271917.94
2025-12-31,2325,180075.21
2025-12-31,2326,134332.18
2025-12-31,2327,221208.63
2025-12-31,2328,51268.47
2025-12-31,2329,85987.93
2025-12-31,2330,203784.74
2025-12-31,2331,77802.68
2025-12-31,2332,302255.78
2025-12-31,2333,142259.62
2025-12-31,2334,183602.41
2025-12-31,2335,204290.29
2025-12-31,2336,93869.12
2025-12-31,2337,94970.6
2025-12-31,2338,207053.95
2025-12-31,2339,73344.12
2025-12-31,2340,308638.02
2025-12-31,2341,42050.99
2025-12-31,2342,23189.46
2025-12-31,2343,163590.15
2025-12-31,2344,105437.37
2025-12-31,2345,280423.25
2025-12-31,2346,168910.61
2025-12-31,2347,126144.7
2025-12-31,2348,89175.59
2025-12-31,2349,129094.8
2025-12-31,2350,173021.61
2025-12-31,2351,9947.83
2025-12-31,2352,149106.98
2025-12-31,2353,91713.84
2025-12-31,2354,151878.63
2025-12-31,2355,394764.9
2025-12-31,2356,148477.69
2025-12-31,2357,101997.05
2025-12-31,2358,60011.14
2025-12-31,2359,97101.74
2025-12-31,2360,140416.88
2025-12-31,2361,26043.09
2025-12-31,2362,104416.85
2025-12-31,2363,267961.15
2025-12-31,2364,252185.56
2025-12-31,2365,240562.45
2025-12-31,2366,46060.75
2025-12-31,2367,73815.45
2025-12-31,2368,25758.57
2025-12-31,2369,424785.13
2025-12-31,2370,136066.71
2025-12-31,2371,803767.47
2025-12-31,2372,78739.35
2025-12-31,2373,134229.74
2025-12-31,2374,191174.68
2025-12-31,2375,8637.65
2025-12-31,2376,145706.25
2025-12-31,2377,131131.88
2025-12-31,2378,313141.54
2025-12-31,2379,158460.93
2025-12-31,2380,194042.84
2025-12-31,2381,206807.39
2025-12-31,2382,437025.0
2025-12-31,2383,39767.25
2025-12-31,2384,46296.52
2025-12-31,2385,65067.44
2025-12-31,2386,167151.71
2025-12-31,2387,57356.6
2025-12-31,2388,135877.13
2025-12-31,2389,124898.24
2025-12-31,2390,72418.83
2025-12-31,2391,350012.07
2025-12-31,2392,234974.4
2025-12-31,2393,194670.03
2025-12-31,2394,171366.61
2025-12-31,2395,95779.43
2025-12-31,2396,590062.19
2025-12-31,2397,76422.29
2025-12-31,2398,45773.61
2025-12-31,2399,290785.08
2025-12-31,2400,228066.38
2025-12-31,2401,70600.54
2025-12-31,2402,72143.68
2025-12-31,2403,20582.84
2025-12-31,2404,72517.61
2025-12-31,2405,129546.66
2025-12-31,2406,167527.53
2025-12-31,2407,148179.58
2025-12-31,2408,157322.93
2025-12-31,2409,77279.57
2025-12-31,2410,393691.78
2025-12-31,2411,399887.57
2025-12-31,2412,92328.96
2025-12-31,2413,137752.53
2025-12-31,2414,155154.19
2025-12-31,2415,301168.75
2025-12-31,2416,203401.39
2025-12-31,2417,187260.18
2025-12-31,2418,80621.14
2025-12-31,2419,96283.45
2025-12-31,2420,13529.85
2025-12-31,2421,104211.32
2025-12-31,2422,74984.76
2025-12-31,2423,175481.07
2025-12-31,2424,324690.48
2025-12-31,2425,186309.21
2025-12-31,2426,39832.26
2025-12-31,2427,166872.12
2025-12-31,2428,76489.41
2025-12-31,2429,272733.23
2025-12-31,2430,76069.64
2025-12-31,2431,258529.32
2025-12-31,2432,354936.59
2025-12-31,2433,524899.15
2025-12-31,2434,70849.85
2025-12-31,2435,154626.21
2025-12-31,2436,193821.85
2025-12-31,2437,90901.42
2025-12-31,2438,131150.5
2025-12-31,2439,156876.87
2025-12-31,2440,65121.92
2025-12-31,2441,170219.46
2025-12-31,2442,176585.03
2025-12-31,2443,54559.67
2025-12-31,2444,21959.43
2025-12-31,2445,132822.89
2025-12-31,2446,141919.37
2025-12-31,2447,10564.33
2025-12-31,2448,168529.61
2025-12-31,2449,31440.87
2025-12-31,2450,192851.39
2025-12-31,2451,86824.74
2025-12-31,2452,208609.4
2025-12-31,2453,495981.44
2025-12-31,2454,133892.81
2025-12-31,2455,119007.64
2025-12-31,2456,51629.64
2025-12-31,2457,43586.45
2025-12-31,2458,256703.88
2025-12-31,2459,220948.2
2025-12-31,2460,43260.86
2025-12-31,2461,123354.42
2025-12-31,2462,53055.8
2025-12-31,2463,90540.63
2025-12-31,2464,63944.2
2025-12-31,2465,78090.86
2025-12-31,2466,806617.94
2025-12-31,2467,57787.78
2025-12-31,2468,499506.22
2025-12-31,2469,218260.86
2025-12-31,2470,265801.51
2025-12-31,2471,238845.67
2025-12-31,2472,202601.2
2025-12-31,2473,95927.04
2025-12-31,2474,89869.69
2025-12-31,2475,152413.77
2025-12-31,2476,135500.57
2025-12-31,2477,100897.35
2025-12-31,2478,128653.17
2025-12-31,2479,198966.37
2025-12-31,2480,245446.39
2025-12-31,2481,12881.94
2025-12-31,2482,106414.92
2025-12-31,2483,26990.5
2025-12-31,2484,144575.79
2025-12-31,2485,63964.93
2025-12-31,2486,187420.6
2025-12-31,2487,78333.01
2025-12-31,2488,128436.95
2025-12-31,2489,200255.62
2025-12-31,2490,285286.66
2025-12-31,2491,148024.81
2025-12-31,2492,179713.02
2025-12-31,2493,178413.09
2025-12-31,2494,65670.71
2025-12-31,2495,162433.26
2025-12-31,2496,179074.6
2025-12-31,2497,124319.2
2025-12-31,2498,166029.27
2025-12-31,2499,401570.0
2025-12-31,2500,151249.39
2025-12-31,2501,115252.94
2025-12-31,2502,168304.08
2025-12-31,2503,49987.25
2025-12-31,2504,155961.73
2025-12-31,2505,84748.57
2025-12-31,2506,104244.23
2025-12-31,2507,12791.41
2025-12-31,2508,159263.94
2025-12-31,2509,228106.03
2025-12-31,2510,3628.23
2025-12-31,2511,65872.19
2025-12-31,2512,161553.95
2025-12-31,2513,106715.78
2025-12-31,2514,55765.26
2025-12-31,2515,111274.21
2025-12-31,2516,94132.85
2025-12-31,2517,40668.6
2025-12-31,2518,97324.82
2025-12-31,2519,198196.72
2025-12-31,2520,91875.76
2025-12-31,2521,308697.87
2025-12-31,2522,60508.43
2025-12-31,2523,49203.92
2025-12-31,2524,31088.45
2025-12-31,2525,202657.37
2025-12-31,2526,18421.36
2025-12-31,2527,96734.5
2025-12-31,2528,16403.07
2025-12-31,2529,30484.65
2025-12-31,2530,75490.74
2025-12-31,2531,76793.82
2025-12-31,2532,102294.18
2025-12-31,2533,486561.49
2025-12-31,2534,80731.0
2025-12-31,2535,47005.74
2025-12-31,2536,193403.66
2025-12-31,2537,31960.08
2025-12-31,2538,82521.64
2025-12-31,2539,216261.73
2025-12-31,2540,390861.03
2025-12-31,2541,83084.7
2025-12-31,2542,255040.41
2025-12-31,2543,40748.33
2025-12-31,2544,158161.24
2025-12-31,2545,178121.32
2025-12-31,2546,111436.99
2025-12-31,2547,134176.08
2025-12-31,2548,7619.84
2025-12-31,2549,164053.18
2025-12-31,2550,529039.33
2025-12-31,2551,166698.52
2025-12-31,2552,38716.63
2025-12-31,2553,77187.58
2025-12-31,2554,56347.64
2025-12-31,2555,274596.44
2025-12-31,2556,228508.16
2025-12-31,2557,268279.51
2025-12-31,2558,81735.92
2025-12-31,2559,121698.28
2025-12-31,2560,176328.16
2025-12-31,2561,8006.08
2025-12-31,2562,46159.37
2025-12-31,2563,303784.99
2025-12-31,2564,410909.5
2025-12-31,2565,34239.94
2025-12-31,2566,205016.15
2025-12-31,2567,2667.15
2025-12-31,2568,100695.42
2025-12-31,2569,54903.86
2025-12-31,2570,96897.17
2025-12-31,2571,175318.73
2025-12-31,2572,230591.67
2025-12-31,2573,113553.75
2025-12-31,2574,169810.52
2025-12-31,2575,39062.77
2025-12-31,2576,181600.74
2025-12-31,2577,106597.95
2025-12-31,2578,17966.79
2025-12-31,2579,34782.11
2025-12-31,2580,50601.05
2025-12-31,2581,112250.19
2025-12-31,2582,134927.39
2025-12-31,2583,84400.29
2025-12-31,2584,137115.98
2025-12-31,2585,254001.74
2025-12-31,2586,44836.13
2025-12-31,2587,41625.32
2025-12-31,2588,166710.59
2025-12-31,2589,439481.8
2025-12-31,2590,99963.4
2025-12-31,2591,38078.86
2025-12-31,2592,156008.81
2025-12-31,2593,149454.27
2025-12-31,2594,91836.76
2025-12-31,2595,67759.28
2025-12-31,2596,168193.55
2025-12-31,2597,159784.38
2025-12-31,2598,1106640.89
2025-12-31,2599,51437.24
2025-12-31,2600,180105.25
2025-12-31,2601,166757.79
2025-12-31,2602,145109.96
2025-12-31,2603,133912.37
2025-12-31,2604,98050.81
2025-12-31,2605,175098.89
2025-12-31,2606,161767.34
2025-12-31,2607,29715.31
2025-12-31,2608,60060.11
2025-12-31,2609,128929.47
2025-12-31,2610,93302.68
2025-12-31,2611,206025.53
2025-12-31,2612,106232.45
2025-12-31,2613,75355.79
2025-12-31,2614,225535.21
2025-12-31,2615,401302.23
2025-12-31,2616,107644.82
2025-12-31,2617,147629.84
2025-12-31,2618,144641.88
2025-12-31,2619,67045.29
2025-12-31,2620,123179.87
2025-12-31,2621,166799.05
2025-12-31,2622,73089.03
2025-12-31,2623,191268.59
2025-12-31,2624,371635.81
2025-12-31,2625,111458.13
2025-12-31,2626,57467.35
2025-12-31,2627,260934.59
2025-12-31,2628,412775.46
2025-12-31,2629,80262.39
2025-12-31,2630,223880.01
2025-12-31,2631,84094.49
2025-12-31,2632,72782.25
2025-12-31,2633,506542.38
2025-12-31,2634,148759.84
2025-12-31,2635,140554.6
2025-12-31,2636,391949.51
2025-12-31,2637,79870.27
2025-12-31,2638,148611.12
2025-12-31,2639,208681.45
2025-12-31,2640,55447.85
2025-12-31,2641,67533.22
2025-12-31,2642,198077.68
2025-12-31,2643,211575.19
2025-12-31,2644,55046.85
2025-12-31,2645,86803.41
2025-12-31,2646,156384.57
2025-12-31,2647,279439.46
2025-12-31,2648,139699.07
2025-12-31,2649,182391.15
2025-12-31,2650,171017.27
2025-12-31,2651,133631.02
2025-12-31,2652,321752.36
2025-12-31,2653,100933.09
2025-12-31,2654,179530.21
2025-12-31,2655,115697.32
2025-12-31,2656,81058.99
2025-12-31,2657,64522.63
2025-12-31,2658,125798.81
2025-12-31,2659,100950.69
2025-12-31,2660,161664.09
2025-12-31,2661,214861.73
2025-12-31,2662,16908.97
2025-12-31,2663,84524.47
2025-12-31,2664,104706.35
2025-12-31,2665,122567.56
2025-12-31,2666,316958.31
2025-12-31,2667,202902.11
2025-12-31,2668,50015.15
2025-12-31,2669,99409.48
2025-12-31,2670,312180.5
2025-12-31,2671,28381.68
2025-12-31,2672,56801.66
2025-12-31,2673,202345.82
2025-12-31,2674,225063.64
2025-12-31,2675,112399.86
2025-12-31,2676,92856.21
2025-12-31,2677,293163.6
2025-12-31,2678,162131.69
2025-12-31,2679,286768.07
2025-12-31,2680,65946.18
2025-12-31,2681,72496.3
2025-12-31,2682,164615.69
2025-12-31,2683,177309.63
2025-12-31,2684,329568.82
2025-12-31,2685,129457.58
2025-12-31,2686,223511.04
2025-12-31,2687,305538.31
2025-12-31,2688,163541.76
2025-12-31,2689,94115.69
2025-12-31,2690,105487.21
2025-12-31,2691,79888.19
2025-12-31,2692,239470.7
2025-12-31,2693,249374.89
2025-12-31,2694,105086.54
2025-12-31,2695,163983.64
2025-12-31,2696,185458.8
2025-12-31,2697,130098.53
2025-12-31,2698,232384.98
2025-12-31,2699,208990.44
2025-12-31,2700,80014.45
2025-12-31,2701,91955.46
2025-12-31,2702,81877.3
2025-12-31,2703,498891.9
2025-12-31,2704,132369.03
2025-12-31,2705,78673.27
2025-12-31,2706,101157.61
2025-12-31,2707,257413.03
2025-12-31,2708,454703.93
2025-12-31,2709,52526.44
2025-12-31,2710,83989.38
2025-12-31,2711,486513.24
2025-12-31,2712,215361.42
2025-12-31,2713,70795.29
2025-12-31,2714,120483.97
2025-12-31,2715,650863.39
2025-12-31,2716,170809.35
2025-12-31,2717,128719.78
2025-12-31,2718,74171.83
2025-12-31,2719,140253.85
2025-12-31,2720,65732.85
2025-12-31,2721,435034.01
2025-12-31,2722,470796.25
2025-12-31,2723,211684.69
2025-12-31,2724,226426.76
2025-12-31,2725,49099.9
2025-12-31,2726,61381.3
2025-12-31,2727,28830.24
2025-12-31,2728,228364.88
2025-12-31,2729,364450.51
2025-12-31,2730,291409.87
2025-12-31,2731,148173.21
2025-12-31,2732,126631.3
2025-12-31,2733,310261.9
2025-12-31,2734,164001.06
2025-12-31,2735,170862.02
2025-12-31,2736,265067.56
2025-12-31,2737,372335.3
2025-12-31,2738,53959.37
2025-12-31,2739,523344.41
2025-12-31,2740,309580.14
2025-12-31,2741,255109.79
2025-12-31,2742,71814.99
2025-12-31,2743,148293.87
2025-12-31,2744,77834.07
2025-12-31,2745,128808.35
2025-12-31,2746,119678.02
2025-12-31,2747,78196.58
2025-12-31,2748,188326.93
2025-12-31,2749,568748.79
2025-12-31,2750,198251.95
2025-12-31,2751,267117.82
2025-12-31,2752,103805.76
2025-12-31,2753,336781.9
2025-12-31,2754,139340.61
2025-12-31,2755,161905.3
2025-12-31,2756,323075.9
2025-12-31,2757,164855.47
2025-12-31,2758,108215.22
2025-12-31,2759,50732.07
2025-12-31,2760,20523.34
2025-12-31,2761,290754.67
2025-12-31,2762,180711.87
2025-12-31,2763,96145.07
2025-12-31,2764,256464.69
2025-12-31,2765,115450.16
2025-12-31,2766,137443.55
2025-12-31,2767,134054.54
2025-12-31,2768,130663.62
2025-12-31,2769,95913.28
2025-12-31,2770,675515.88
2025-12-31,2771,20808.82
2025-12-31,2772,123155.11
2025-12-31,2773,319630.4
2025-12-31,2774,30496.18
2025-12-31,2775,178143.4
2025-12-31,2776,131321.29
2025-12-31,2777,56414.95
2025-12-31,2778,128969.56
2025-12-31,2779,279719.99
2025-12-31,2780,58150.69
2025-12-31,2781,202724.37
2025-12-31,2782,78428.91
2025-12-31,2783,283186.05
2025-12-31,2784,75728.35
2025-12-31,2785,38034.18
2025-12-31,2786,144862.42
2025-12-31,2787,102004.51
2025-12-31,2788,93767.77
2025-12-31,2789,97496.38
2025-12-31,2790,136630.11
2025-12-31,2791,232512.1
2025-12-31,2792,86369.29
2025-12-31,2793,282167.99
2025-12-31,2794,343723.65
2025-12-31,2795,131526.02
2025-12-31,2796,145917.02
2025-12-31,2797,126085.6
2025-12-31,2798,81830.11
2025-12-31,2799,525989.93
2025-12-31,2800,178977.07
2025-12-31,2801,285341.83
2025-12-31,2802,116594.2
2025-12-31,2803,105887.05
2025-12-31,2804,29365.14
2025-12-31,2805,154899.26
2025-12-31,2806,46516.29
2025-12-31,2807,41292.83
2025-12-31,2808,171955.49
2025-12-31,2809,965092.45
2025-12-31,2810,116910.28
2025-12-31,2811,72654.98
2025-12-31,2812,157482.28
2025-12-31,2813,145997.43
2025-12-31,2814,43319.26
2025-12-31,2815,115269.02
2025-12-31,2816,95576.35
2025-12-31,2817,319742.01
2025-12-31,2818,37557.48
2025-12-31,2819,84733.77
2025-12-31,2820,49474.21
2025-12-31,2821,80026.87
2025-12-31,2822,161643.95
2025-12-31,2823,39050.49
2025-12-31,2824,78415.84
2025-12-31,2825,96562.57
2025-12-31,2826,177013.63
2025-12-31,2827,10435.9
2025-12-31,2828,167477.84
2025-12-31,2829,70314.89
2025-12-31,2830,143244.45
2025-12-31,2831,313650.04
2025-12-31,2832,364063.74
2025-12-31,2833,93847.48
2025-12-31,2834,683923.38
2025-12-31,2835,257329.16
2025-12-31,2836,282020.52
2025-12-31,2837,17754.28
2025-12-31,2838,106534.46
2025-12-31,2839,152358.35
2025-12-31,2840,90804.27
2025-12-31,2841,115614.86
2025-12-31,2842,30135.72
2025-12-31,2843,205867.04
2025-12-31,2844,400991.27
2025-12-31,2845,256626.76
2025-12-31,2846,286977.19
2025-12-31,2847,127351.85
2025-12-31,2848,146566.76
2025-12-31,2849,36230.62
2025-12-31,2850,161814.26
2025-12-31,2851,503695.03
2025-12-31,2852,23084.26
2025-12-31,2853,124993.32
2025-12-31,2854,469448.28
2025-12-31,2855,251381.16
2025-12-31,2856,268006.32
2025-12-31,2857,154842.14
2025-12-31,2858,332527.45
2025-12-31,2859,92211.19
2025-12-31,2860,108068.28
2025-12-31,2861,69835.06
2025-12-31,2862,188233.03
2025-12-31,2863,100803.75
2025-12-31,2864,88522.09
2025-12-31,2865,64518.36
2025-12-31,2866,99989.34
2025-12-31,2867,78981.88
2025-12-31,2868,163014.92
2025-12-31,2869,98575.5
2025-12-31,2870,242899.45
2025-12-31,2871,206211.43
2025-12-31,2872,176450.26
2025-12-31,2873,345302.52
2025-12-31,2874,168065.11
2025-12-31,2875,171703.23
2025-12-31,2876,80401.79
2025-12-31,2877,51172.94
2025-12-31,2878,153431.54
2025-12-31,2879,114866.53
2025-12-31,2880,104539.24
2025-12-31,2881,91692.13
2025-12-31,2882,80318.36
2025-12-31,2883,91633.56
2025-12-31,2884,158220.08
2025-12-31,2885,64858.56
2025-12-31,2886,462100.59
2025-12-31,2887,61563.23
2025-12-31,2888,106803.65
2025-12-31,2889,170907.09
2025-12-31,2890,46563.05
2025-12-31,2891,40581.26
2025-12-31,2892,125199.82
2025-12-31,2893,109666.16
2025-12-31,2894,164237.91
2025-12-31,2895,97488.22
2025-12-31,2896,25664.71
2025-12-31,2897,33949.83
2025-12-31,2898,93820.02
2025-12-31,2899,86226.36
2025-12-31,2900,214291.55
2025-12-31,2901,289861.95
2025-12-31,2902,65133.21
2025-12-31,2903,137814.43
2025-12-31,2904,112668.02
2025-12-31,2905,128798.78
2025-12-31,2906,53752.02
2025-12-31,2907,163216.39
2025-12-31,2908,86117.32
2025-12-31,2909,76367.28
2025-12-31,2910,224647.0
2025-12-31,2911,274695.71
2025-12-31,2912,158353.96
2025-12-31,2913,123467.66
2025-12-31,2914,36150.15
2025-12-31,2915,16533.69
2025-12-31,2916,78627.22
2025-12-31,2917,94735.62
2025-12-31,2918,248634.52
2025-12-31,2919,131090.61
2025-12-31,2920,60144.13
2025-12-31,2921,244438.66
2025-12-31,2922,63339.58
2025-12-31,2923,98188.9
2025-12-31,2924,70850.95
2025-12-31,2925,316008.03
2025-12-31,2926,180424.34
2025-12-31,2927,106842.67
2025-12-31,2928,105799.17
2025-12-31,2929,110529.43
2025-12-31,2930,80168.56
2025-12-31,2931,44920.63
2025-12-31,2932,115147.69
2025-12-31,2933,82448.16
2025-12-31,2934,51996.09
2025-12-31,2935,12691.88
2025-12-31,2936,108860.76
2025-12-31,2937,31766.03
2025-12-31,2938,162667.84
2025-12-31,2939,185570.93
2025-12-31,2940,244827.76
2025-12-31,2941,481372.99
2025-12-31,2942,105461.57
2025-12-31,2943,157029.44
2025-12-31,2944,191672.93
2025-12-31,2945,295451.81
2025-12-31,2946,337006.33
2025-12-31,2947,117819.3
2025-12-31,2948,101825.32
2025-12-31,2949,76804.62
2025-12-31,2950,174449.89
2025-12-31,2951,627188.85
2025-12-31,2952,120651.46
2025-12-31,2953,94076.36
2025-12-31,2954,245089.36
2025-12-31,2955,155370.18
2025-12-31,2956,256164.17
2025-12-31,2957,88738.11
2025-12-31,2958,163461.79
2025-12-31,2959,114005.11
2025-12-31,2960,103008.9
2025-12-31,2961,40626.86
2025-12-31,2962,315192.41
2025-12-31,2963,205860.04
2025-12-31,2964,76608.72
2025-12-31,2965,217132.82
2025-12-31,2966,5826.95
2025-12-31,2967,107677.71
2025-12-31,2968,189024.88
2025-12-31,2969,119479.15
2025-12-31,2970,143294.94
2025-12-31,2971,183462.86
2025-12-31,2972,1248200.91
2025-12-31,2973,169893.19
2025-12-31,2974,128913.69
2025-12-31,2975,168652.03
2025-12-31,2976,152828.29
2025-12-31,2977,163328.82
2025-12-31,2978,57737.6
2025-12-31,2979,133296.09
2025-12-31,2980,102082.47
2025-12-31,2981,120908.87
2025-12-31,2982,270097.57
2025-12-31,2983,99293.06
2025-12-31,2984,166429.29
2025-12-31,2985,96251.49
2025-12-31,2986,114149.24
2025-12-31,2987,168899.52
2025-12-31,2988,168704.99
2025-12-31,2989,40806.43
2025-12-31,2990,79871.03
2025-12-31,2991,171413.53
2025-12-31,2992,251141.05
2025-12-31,2993,50019.75
2025-12-31,2994,120000.74
2025-12-31,2995,165733.11
2025-12-31,2996,230711.55
2025-12-31,2997,102011.45
2025-12-31,2998,80186.72
2025-12-31,2999,215820.93
2025-12-31,3000,143706.09
2025-12-31,3001,31547.88
2025-12-31,3002,136892.88
2025-12-31,3003,70081.38
2025-12-31,3004,32286.89
2025-12-31,3005,72735.01
2025-12-31,3006,118014.96
2025-12-31,3007,198853.83
2025-12-31,3008,481451.99
2025-12-31,3009,376517.11
2025-12-31,3010,102787.89
2025-12-31,3011,141981.44
2025-12-31,3012,372951.37
2025-12-31,3013,373925.13
2025-12-31,3014,76097.53
2025-12-31,3015,93891.66
2025-12-31,3016,164620.37
2025-12-31,3017,299840.67
2025-12-31,3018,258188.57
2025-12-31,3019,184982.59
2025-12-31,3020,581997.15
2025-12-31,3021,292888.43
2025-12-31,3022,124845.24
2025-12-31,3023,168885.59
2025-12-31,3024,19627.51
2025-12-31,3025,88404.95
2025-12-31,3026,187454.43
2025-12-31,3027,157843.36
2025-12-31,3028,91325.8
2025-12-31,3029,103691.83
2025-12-31,3030,73412.07
2025-12-31,3031,90997.25
2025-12-31,3032,16823.97
2025-12-31,3033,16525.07
2025-12-31,3034,99692.88
2025-12-31,3035,191340.36
2025-12-31,3036,193630.56
2025-12-31,3037,221011.02
2025-12-31,3038,230132.72
2025-12-31,3039,1323515.93
2025-12-31,3040,85376.09
2025-12-31,3041,102708.02
2025-12-31,3042,258751.93
2025-12-31,3043,77896.31
2025-12-31,3044,350772.38
2025-12-31,3045,182742.56
2025-12-31,3046,180156.85
2025-12-31,3047,241949.66
2025-12-31,3048,75307.37
2025-12-31,3049,82068.09
2025-12-31,3050,263287.01
2025-12-31,3051,35808.02
2025-12-31,3052,75967.47
2025-12-31,3053,135600.27
2025-12-31,3054,13621.32
2025-12-31,3055,151686.57
2025-12-31,3056,264162.9
2025-12-31,3057,299283.35
2025-12-31,3058,98285.94
2025-12-31,3059,338367.53
2025-12-31,3060,128398.38
2025-12-31,3061,145879.48
2025-12-31,3062,36552.93
2025-12-31,3063,253959.47
2025-12-31,3064,105103.23
2025-12-31,3065,132575.66
2025-12-31,3066,46278.83
2025-12-31,3067,43504.31
2025-12-31,3068,211759.25
2025-12-31,3069,13974.49
2025-12-31,3070,43287.16
2025-12-31,3071,112333.13
2025-12-31,3072,123093.55
2025-12-31,3073,307122.62
2025-12-31,3074,13984.48
2025-12-31,3075,71658.88
2025-12-31,3076,99446.36
2025-12-31,3077,136420.98
2025-12-31,3078,138984.71
2025-12-31,3079,106716.97
2025-12-31,3080,75824.83
2025-12-31,3081,99359.52
2025-12-31,3082,138323.15
2025-12-31,3083,231643.11
2025-12-31,3084,79970.6
2025-12-31,3085,77031.56
2025-12-31,3086,112069.1
2025-12-31,3087,94395.0
2025-12-31,3088,39720.35
2025-12-31,3089,74470.09
2025-12-31,3090,112634.55
2025-12-31,3091,259584.26
2025-12-31,3092,170457.93
2025-12-31,3093,844016.15
2025-12-31,3094,235284.56
2025-12-31,3095,478762.8
2025-12-31,3096,123959.11
2025-12-31,3097,124910.57
2025-12-31,3098,186587.6
2025-12-31,3099,80713.19
2025-12-31,3100,186052.7
2025-12-31,3101,120778.22
2025-12-31,3102,370368.67
2025-12-31,3103,143915.78
2025-12-31,3104,219702.62
2025-12-31,3105,116067.45
2025-12-31,3106,118451.48
2025-12-31,3107,349342.04
2025-12-31,3108,47439.47
2025-12-31,3109,67402.27
2025-12-31,3110,12950.44
2025-12-31,3111,81156.3
2025-12-31,3112,25881.17
2025-12-31,3113,227487.25
2025-12-31,3114,160366.17
2025-12-31,3115,144254.83
2025-12-31,3116,175021.49
2025-12-31,3117,208062.6
2025-12-31,3118,66210.47
2025-12-31,3119,75010.93
2025-12-31,3120,393894.44
2025-12-31,3121,47506.51
2025-12-31,3122,42107.17
2025-12-31,3123,127880.59
2025-12-31,3124,175531.88
2025-12-31,3125,139493.91
2025-12-31,3126,128966.18
2025-12-31,3127,46720.15
2025-12-31,3128,15080.63
2025-12-31,3129,179912.53
2025-12-31,3130,216327.94
2025-12-31,3131,22991.09
2025-12-31,3132,395021.91
2025-12-31,3133,411821.68
2025-12-31,3134,382449.94
2025-12-31,3135,116896.29
2025-12-31,3136,263205.39
2025-12-31,3137,119248.06
2025-12-31,3138,193737.73
2025-12-31,3139,165687.84
2025-12-31,3140,67363.3
2025-12-31,3141,120598.81
2025-12-31,3142,68559.64
2025-12-31,3143,133946.65
2025-12-31,3144,145537.21
2025-12-31,3145,128831.82
2025-12-31,3146,102187.67
2025-12-31,3147,238730.73
2025-12-31,3148,100036.49
2025-12-31,3149,92675.37
2025-12-31,3150,282586.35
2025-12-31,3151,201011.44
2025-12-31,3152,78675.95
2025-12-31,3153,336601.19
2025-12-31,3154,82369.57
2025-12-31,3155,277582.72
2025-12-31,3156,219929.13
2025-12-31,3157,695084.0
2025-12-31,3158,186258.34
2025-12-31,3159,42762.21
2025-12-31,3160,427107.48
2025-12-31,3161,273186.11
2025-12-31,3162,128554.46
2025-12-31,3163,177049.19
2025-12-31,3164,166203.28
2025-12-31,3165,215162.59
2025-12-31,3166,49505.07
2025-12-31,3167,141026.86
2025-12-31,3168,208246.49
2025-12-31,3169,127579.43
2025-12-31,3170,65889.75
2025-12-31,3171,18597.53
2025-12-31,3172,148524.05
2025-12-31,3173,169214.72
2025-12-31,3174,103156.09
2025-12-31,3175,161407.2
2025-12-31,3176,461671.22
2025-12-31,3177,77389.53
2025-12-31,3178,232946.76
2025-12-31,3179,151864.9
2025-12-31,3180,184979.81
2025-12-31,3181,303038.6
2025-12-31,3182,416.18
2025-12-31,3183,84501.68
2025-12-31,3184,94190.78
2025-12-31,3185,120485.83
2025-12-31,3186,142605.24
2025-12-31,3187,246275.23
2025-12-31,3188,275562.25
2025-12-31,3189,407853.15
2025-12-31,3190,9686.78
2025-12-31,3191,169889.58
2025-12-31,3192,112433.48
2025-12-31,3193,118816.43
2025-12-31,3194,206228.28
2025-12-31,3195,570562.55
2025-12-31,3196,252277.17
2025-12-31,3197,203712.28
2025-12-31,3198,391200.92
2025-12-31,3199,209462.21
2025-12-31,3200,87128.57
