customer_id,customer_name,age,occupation,annual_income,credit_score,home_branch_id
1,Demo Customer 0001,23,Unknown,241830.85,651,4
2,Demo Customer 0002,42,Unknown,887123.45,771,5
3,Demo Customer 0003,22,Unknown,292548.97,771,3
4,Demo Customer 0004,31,Unknown,1249266.37,630,8
5,Demo Customer 0005,53,Unknown,443185.02,818,8
6,Demo Customer 0006,66,Unknown,351035.11,849,5
7,Demo Customer 0007,41,Unknown,324790.29,658,1
8,Demo Customer 0008,51,Unknown,1078802.36,709,7
9,Demo Customer 0009,29,Unknown,371902.18,707,7
10,Demo Customer 0010,43,Unknown,355337.49,660,2
11,Demo Customer 0011,45,Unknown,366134.83,704,8
12,Demo Customer 0012,46,Unknown,724162.81,791,1
13,Demo Customer 0013,32,Unknown,547696.79,753,5
14,Demo Customer 0014,44,Unknown,1012453.32,715,6
15,Demo Customer 0015,61,Unknown,511764.85,667,5
16,Demo Customer 0016,25,Unknown,1045967.08,644,4
17,Demo Customer 0017,49,Unknown,340623.42,741,3
18,Demo Customer 0018,34,Unknown,631833.55,761,7
19,Demo Customer 0019,67,Unknown,687886.97,750,4
20,Demo Customer 0020,23,Unknown,495685.45,663,2
21,Demo Customer 0021,25,Salaried,931974.73,743,6
22,Demo Customer 0022,66,Salaried,572966.53,690,3
23,Demo Customer 0023,32,Student,283709.14,593,4
24,Demo Customer 0024,56,Student,441912.87,656,1
25,Demo Customer 0025,21,Salaried,422996.02,732,4
26,Demo Customer 0026,41,Self-employed,1387744.46,698,3
27,Demo Customer 0027,26,Salaried,806738.98,707,1
28,Demo Customer 0028,70,Retired,610515.43,610,6
29,Demo Customer 0029,55,Salaried,1317231.19,735,8
30,Demo Customer 0030,37,Self-employed,754990.78,605,2
31,Demo Customer 0031,51,Salaried,1091323.62,807,8
32,Demo Customer 0032,55,Self-employed,258194.38,695,8
33,Demo Customer 0033,41,Salaried,416331.76,740,2
34,Demo Customer 0034,59,Retired,334659.69,757,1
35,Demo Customer 0035,56,Self-employed,379209.55,736,5
36,Demo Customer 0036,31,Salaried,198627.47,683,1
37,Demo Customer 0037,36,Salaried,292715.06,712,7
38,Demo Customer 0038,43,Salaried,665602.44,655,6
39,Demo Customer 0039,58,Salaried,284982.62,714,7
40,Demo Customer 0040,30,Self-employed,1107027.18,668,1
41,Demo Customer 0041,41,Salaried,564508.9,753,5
42,Demo Customer 0042,41,Salaried,743532.21,765,6
43,Demo Customer 0043,23,Salaried,757071.38,700,6
44,Demo Customer 0044,42,Retired,557097.52,720,3
45,Demo Customer 0045,21,Self-employed,791616.93,659,6
46,Demo Customer 0046,30,Salaried,451029.28,621,6
47,Demo Customer 0047,65,Salaried,387475.77,678,5
48,Demo Customer 0048,65,Self-employed,1116366.1,839,4
49,Demo Customer 0049,64,Salaried,893283.58,754,2
50,Demo Customer 0050,66,Student,475939.89,603,6
51,Demo Customer 0051,61,Student,547494.51,719,2
52,Demo Customer 0052,23,Retired,522581.5,744,3
53,Demo Customer 0053,62,Self-employed,819318.24,752,3
54,Demo Customer 0054,70,Self-employed,425878.12,597,8
55,Demo Customer 0055,46,Salaried,986615.37,777,4
56,Demo Customer 0056,22,Salaried,765606.17,798,6
57,Demo Customer 0057,68,Retired,1603244.38,717,1
58,Demo Customer 0058,66,Self-employed,561064.95,655,4
59,Demo Customer 0059,25,Salaried,702156.96,590,1
60,Demo Customer 0060,31,Salaried,736988.44,654,5
61,Demo Customer 0061,57,Salaried,742834.39,731,8
62,Demo Customer 0062,58,Salaried,255155.21,747,6
63,Demo Customer 0063,67,Salaried,792223.15,641,6
64,Demo Customer 0064,26,Salaried,438437.92,641,5
65,Demo Customer 0065,52,Salaried,584912.01,730,8
66,Demo Customer 0066,67,Retired,155932.59,526,3
67,Demo Customer 0067,29,Salaried,514941.63,683,8
68,Demo Customer 0068,35,Salaried,586854.64,713,8
69,Demo Customer 0069,36,Salaried,288598.73,714,5
70,Demo Customer 0070,34,Salaried,784708.22,624,8
71,Demo Customer 0071,58,Salaried,568584.47,633,6
72,Demo Customer 0072,37,Salaried,966213.37,622,3
73,Demo Customer 0073,62,Retired,405015.43,730,5
74,Demo Customer 0074,69,Salaried,517593.2,647,7
75,Demo Customer 0075,45,Salaried,799981.83,723,4
76,Demo Customer 0076,29,Salaried,278631.92,624,6
77,Demo Customer 0077,46,Salaried,1379184.07,743,5
78,Demo Customer 0078,27,Self-employed,408257.29,720,2
79,Demo Customer 0079,70,Salaried,1042231.65,885,3
80,Demo Customer 0080,36,Salaried,504975.34,643,6
81,Demo Customer 0081,55,Self-employed,574357.75,714,5
82,Demo Customer 0082,27,Salaried,872708.54,742,5
83,Demo Customer 0083,33,Student,1837704.89,677,5
84,Demo Customer 0084,59,Salaried,1118021.89,675,7
85,Demo Customer 0085,57,Self-employed,242429.51,851,1
86,Demo Customer 0086,67,Retired,764354.13,721,4
87,Demo Customer 0087,38,Salaried,1146156.22,732,7
88,Demo Customer 0088,59,Self-employed,142604.52,759,7
89,Demo Customer 0089,65,Salaried,1361614.39,690,3
90,Demo Customer 0090,67,Self-employed,824257.84,804,7
91,Demo Customer 0091,58,Salaried,721912.99,769,2
92,Demo Customer 0092,28,Student,998833.08,683,2
93,Demo Customer 0093,35,Salaried,1168666.39,663,3
94,Demo Customer 0094,35,Salaried,439008.73,867,4
95,Demo Customer 0095,29,Salaried,569656.63,625,6
96,Demo Customer 0096,33,Self-employed,430358.42,707,1
97,Demo Customer 0097,49,Retired,889359.62,733,4
98,Demo Customer 0098,59,Salaried,542229.95,612,3
99,Demo Customer 0099,60,Salaried,527301.16,562,1
100,Demo Customer 0100,35,Self-employed,880749.56,723,5
101,Demo Customer 0101,40,Self-employed,1017318.34,717,4
102,Demo Customer 0102,28,Self-employed,610864.55,744,2
103,Demo Customer 0103,50,Student,567866.5,577,6
104,Demo Customer 0104,21,Retired,760990.14,789,4
105,Demo Customer 0105,39,Self-employed,853933.38,747,8
106,Demo Customer 0106,25,Salaried,383767.95,775,8
107,Demo Customer 0107,25,Salaried,1160871.29,695,5
108,Demo Customer 0108,58,Self-employed,450234.98,768,5
109,Demo Customer 0109,43,Self-employed,145180.05,658,7
110,Demo Customer 0110,57,Salaried,695345.49,707,8
111,Demo Customer 0111,64,Salaried,524412.9,694,7
112,Demo Customer 0112,29,Self-employed,1059928.88,727,1
113,Demo Customer 0113,26,Student,204318.17,770,7
114,Demo Customer 0114,70,Self-employed,241745.63,806,3
115,Demo Customer 0115,64,Self-employed,244504.24,830,1
116,Demo Customer 0116,65,Retired,569425.3,750,5
117,Demo Customer 0117,26,Salaried,237795.24,738,5
118,Demo Customer 0118,57,Self-employed,985161.13,805,7
119,Demo Customer 0119,49,Salaried,460048.93,653,6
120,Demo Customer 0120,39,Self-employed,282294.92,666,3
121,Demo Customer 0121,29,Salaried,575222.68,778,2
122,Demo Customer 0122,48,Salaried,236137.3,650,1
123,Demo Customer 0123,29,Salaried,1009850.96,711,6
124,Demo Customer 0124,33,Retired,702444.93,841,6
125,Demo Customer 0125,58,Salaried,274258.27,602,7
126,Demo Customer 0126,67,Retired,895971.84,754,6
127,Demo Customer 0127,62,Salaried,650111.31,584,8
128,Demo Customer 0128,36,Salaried,862381.0,816,1
129,Demo Customer 0129,31,Salaried,820632.54,621,5
130,Demo Customer 0130,51,Retired,632905.85,578,2
131,Demo Customer 0131,47,Student,228179.87,632,8
132,Demo Customer 0132,37,Self-employed,489637.97,796,6
133,Demo Customer 0133,47,Student,172252.66,635,7
134,Demo Customer 0134,33,Salaried,441444.01,654,2
135,Demo Customer 0135,53,Salaried,410442.3,685,6
136,Demo Customer 0136,23,Salaried,557852.65,847,7
137,Demo Customer 0137,30,Salaried,464327.24,637,2
138,Demo Customer 0138,31,Salaried,637216.04,829,3
139,Demo Customer 0139,56,Salaried,325934.35,772,8
140,Demo Customer 0140,39,Self-employed,554859.76,766,2
141,Demo Customer 0141,32,Self-employed,377510.04,780,3
142,Demo Customer 0142,53,Self-employed,623765.27,707,8
143,Demo Customer 0143,69,Retired,693126.83,778,5
144,Demo Customer 0144,22,Self-employed,454504.24,632,3
145,Demo Customer 0145,44,Salaried,1065421.29,623,5
146,Demo Customer 0146,62,Salaried,670489.93,697,5
147,Demo Customer 0147,27,Salaried,521977.55,712,3
148,Demo Customer 0148,43,Salaried,349658.7,643,8
149,Demo Customer 0149,57,Self-employed,525434.73,643,4
150,Demo Customer 0150,70,Salaried,465070.79,743,4
151,Demo Customer 0151,56,Self-employed,805655.1,754,1
152,Demo Customer 0152,47,Salaried,1797159.87,683,6
153,Demo Customer 0153,64,Salaried,1044528.11,750,1
154,Demo Customer 0154,35,Salaried,776523.63,539,5
155,Demo Customer 0155,56,Retired,354520.33,738,1
156,Demo Customer 0156,59,Salaried,790936.29,659,3
157,Demo Customer 0157,63,Salaried,1158822.92,637,1
158,Demo Customer 0158,21,Salaried,361616.59,685,6
159,Demo Customer 0159,69,Salaried,632537.55,696,7
160,Demo Customer 0160,25,Salaried,935131.09,703,6
161,Demo Customer 0161,61,Salaried,523922.3,679,8
162,Demo Customer 0162,26,Salaried,375871.67,513,3
163,Demo Customer 0163,40,Salaried,361784.72,613,2
164,Demo Customer 0164,21,Salaried,540421.63,716,2
165,Demo Customer 0165,49,Retired,571776.64,847,3
166,Demo Customer 0166,64,Salaried,685101.08,811,4
167,Demo Customer 0167,39,Retired,1250288.12,654,6
168,Demo Customer 0168,33,Retired,1007220.6,698,2
169,Demo Customer 0169,66,Self-employed,765244.25,762,5
170,Demo Customer 0170,56,Self-employed,268921.5,900,5
171,Demo Customer 0171,63,Student,504323.74,740,3
172,Demo Customer 0172,21,Self-employed,1390317.32,842,7
173,Demo Customer 0173,57,Salaried,1198239.25,599,6
174,Demo Customer 0174,31,Self-employed,378191.87,853,6
175,Demo Customer 0175,42,Retired,2078596.97,807,5
176,Demo Customer 0176,48,Salaried,871780.47,738,5
177,Demo Customer 0177,23,Salaried,977637.26,677,3
178,Demo Customer 0178,53,Self-employed,569230.52,706,1
179,Demo Customer 0179,21,Salaried,617470.71,900,2
180,Demo Customer 0180,26,Self-employed,931005.91,718,6
181,Demo Customer 0181,34,Salaried,374325.61,794,7
182,Demo Customer 0182,28,Self-employed,535859.4,697,8
183,Demo Customer 0183,63,Salaried,806445.09,607,7
184,Demo Customer 0184,39,Salaried,342862.51,717,8
185,Demo Customer 0185,55,Self-employed,530018.85,794,8
186,Demo Customer 0186,51,Salaried,714111.35,594,6
187,Demo Customer 0187,47,Salaried,357274.45,718,8
188,Demo Customer 0188,39,Salaried,795043.37,648,8
189,Demo Customer 0189,24,Salaried,349172.62,741,4
190,Demo Customer 0190,22,Self-employed,349874.31,728,8
191,Demo Customer 0191,25,Salaried,2151093.81,741,4
192,Demo Customer 0192,54,Salaried,1158062.06,708,3
193,Demo Customer 0193,47,Self-employed,339166.5,867,4
194,Demo Customer 0194,57,Salaried,427868.84,761,4
195,Demo Customer 0195,29,Self-employed,1228063.76,546,8
196,Demo Customer 0196,36,Self-employed,694728.57,692,1
197,Demo Customer 0197,26,Self-employed,529975.91,767,2
198,Demo Customer 0198,59,Salaried,795182.27,701,6
199,Demo Customer 0199,67,Salaried,359671.69,799,6
200,Demo Customer 0200,35,Salaried,599853.35,684,8
201,Demo Customer 0201,40,Salaried,593732.24,695,4
202,Demo Customer 0202,41,Retired,300458.07,718,1
203,Demo Customer 0203,25,Self-employed,532130.38,490,7
204,Demo Customer 0204,36,Salaried,415419.43,647,6
205,Demo Customer 0205,65,Salaried,437616.72,594,6
206,Demo Customer 0206,23,Salaried,379152.47,728,4
207,Demo Customer 0207,45,Salaried,621255.91,628,5
208,Demo Customer 0208,44,Salaried,857999.02,671,8
209,Demo Customer 0209,64,Salaried,1172996.51,701,2
210,Demo Customer 0210,59,Salaried,610339.91,733,6
211,Demo Customer 0211,24,Salaried,977678.26,699,2
212,Demo Customer 0212,26,Salaried,663236.99,654,4
213,Demo Customer 0213,40,Self-employed,219522.58,668,2
214,Demo Customer 0214,50,Self-employed,424614.3,762,3
215,Demo Customer 0215,53,Salaried,697611.41,694,8
216,Demo Customer 0216,69,Salaried,284069.95,736,7
217,Demo Customer 0217,36,Salaried,1127317.46,732,3
218,Demo Customer 0218,30,Salaried,218148.19,624,3
219,Demo Customer 0219,41,Salaried,298220.63,584,8
220,Demo Customer 0220,36,Self-employed,897037.85,770,5
221,Demo Customer 0221,58,Salaried,1374230.5,706,1
222,Demo Customer 0222,34,Salaried,534899.86,801,1
223,Demo Customer 0223,65,Salaried,339688.85,559,8
224,Demo Customer 0224,57,Self-employed,485022.66,778,6
225,Demo Customer 0225,53,Salaried,566188.85,716,5
226,Demo Customer 0226,60,Salaried,793575.13,734,1
227,Demo Customer 0227,36,Salaried,334376.18,732,5
228,Demo Customer 0228,42,Student,238653.64,707,3
229,Demo Customer 0229,34,Salaried,447654.7,715,2
230,Demo Customer 0230,32,Salaried,1029757.39,706,2
231,Demo Customer 0231,25,Salaried,757034.68,617,8
232,Demo Customer 0232,41,Self-employed,397934.84,725,8
233,Demo Customer 0233,33,Salaried,867029.19,785,5
234,Demo Customer 0234,28,Self-employed,707414.61,788,4
235,Demo Customer 0235,63,Salaried,403822.06,808,6
236,Demo Customer 0236,48,Salaried,517104.22,642,7
237,Demo Customer 0237,48,Student,534664.75,682,1
238,Demo Customer 0238,31,Salaried,468327.41,610,3
239,Demo Customer 0239,35,Salaried,513376.21,660,5
240,Demo Customer 0240,43,Salaried,1032889.17,761,5
241,Demo Customer 0241,52,Self-employed,550393.61,704,7
242,Demo Customer 0242,35,Self-employed,784941.34,876,7
243,Demo Customer 0243,38,Salaried,798146.14,588,7
244,Demo Customer 0244,49,Self-employed,331062.38,650,4
245,Demo Customer 0245,44,Salaried,702498.94,819,4
246,Demo Customer 0246,56,Salaried,551333.48,654,7
247,Demo Customer 0247,22,Self-employed,533694.03,861,4
248,Demo Customer 0248,51,Retired,436912.9,610,6
249,Demo Customer 0249,68,Salaried,415059.03,580,7
250,Demo Customer 0250,23,Self-employed,1148903.38,711,5
251,Demo Customer 0251,53,Retired,824034.64,704,3
252,Demo Customer 0252,48,Self-employed,295222.81,621,6
253,Demo Customer 0253,60,Salaried,1292382.55,759,3
254,Demo Customer 0254,27,Self-employed,329730.43,696,6
255,Demo Customer 0255,62,Salaried,537982.15,822,2
256,Demo Customer 0256,29,Salaried,972565.51,634,6
257,Demo Customer 0257,59,Self-employed,589137.14,815,4
258,Demo Customer 0258,51,Salaried,383162.61,860,2
259,Demo Customer 0259,43,Self-employed,548373.69,795,1
260,Demo Customer 0260,53,Retired,301787.1,738,6
261,Demo Customer 0261,42,Salaried,377576.66,740,1
262,Demo Customer 0262,44,Salaried,352382.76,730,8
263,Demo Customer 0263,58,Self-employed,718983.36,680,5
264,Demo Customer 0264,39,Self-employed,798200.95,790,7
265,Demo Customer 0265,62,Salaried,418465.29,726,6
266,Demo Customer 0266,30,Salaried,1928183.7,703,4
267,Demo Customer 0267,52,Self-employed,533953.88,694,1
268,Demo Customer 0268,68,Salaried,917376.79,633,3
269,Demo Customer 0269,52,Student,157065.86,632,1
270,Demo Customer 0270,36,Salaried,815999.46,651,3
271,Demo Customer 0271,58,Salaried,432186.87,778,2
272,Demo Customer 0272,42,Salaried,392080.17,676,4
273,Demo Customer 0273,69,Retired,455317.51,840,5
274,Demo Customer 0274,59,Salaried,185111.45,696,3
275,Demo Customer 0275,34,Salaried,154299.16,669,2
276,Demo Customer 0276,49,Salaried,1334297.42,655,6
277,Demo Customer 0277,53,Salaried,1208364.0,695,7
278,Demo Customer 0278,24,Salaried,755917.86,858,8
279,Demo Customer 0279,31,Salaried,344413.41,613,5
280,Demo Customer 0280,39,Retired,1008422.73,491,4
281,Demo Customer 0281,56,Salaried,192880.89,769,2
282,Demo Customer 0282,30,Salaried,953178.99,744,4
283,Demo Customer 0283,64,Student,170974.48,689,3
284,Demo Customer 0284,26,Salaried,1400592.77,746,1
285,Demo Customer 0285,68,Self-employed,555052.12,584,4
286,Demo Customer 0286,26,Salaried,500168.8,650,2
287,Demo Customer 0287,22,Student,1577916.91,552,4
288,Demo Customer 0288,65,Salaried,1424044.62,684,3
289,Demo Customer 0289,33,Salaried,1402300.36,670,6
290,Demo Customer 0290,28,Salaried,1465585.01,752,6
291,Demo Customer 0291,59,Salaried,408221.7,705,8
292,Demo Customer 0292,65,Salaried,458402.31,702,3
293,Demo Customer 0293,22,Salaried,334635.7,578,6
294,Demo Customer 0294,52,Salaried,738520.21,768,6
295,Demo Customer 0295,23,Salaried,882706.54,851,6
296,Demo Customer 0296,52,Salaried,174137.14,741,6
297,Demo Customer 0297,55,Salaried,322939.82,728,6
298,Demo Customer 0298,53,Self-employed,543346.26,900,5
299,Demo Customer 0299,66,Salaried,409480.28,633,2
300,Demo Customer 0300,21,Salaried,1376786.03,568,2
301,Demo Customer 0301,40,Salaried,592635.68,851,7
302,Demo Customer 0302,35,Salaried,690768.09,682,3
303,Demo Customer 0303,58,Salaried,289010.41,716,5
304,Demo Customer 0304,67,Self-employed,397137.58,630,4
305,Demo Customer 0305,70,Retired,439539.25,805,7
306,Demo Customer 0306,50,Salaried,232268.21,700,7
307,Demo Customer 0307,38,Salaried,280433.25,846,7
308,Demo Customer 0308,60,Retired,860489.46,596,8
309,Demo Customer 0309,36,Self-employed,941168.31,710,3
310,Demo Customer 0310,46,Self-employed,344869.72,703,2
311,Demo Customer 0311,66,Self-employed,826215.84,626,5
312,Demo Customer 0312,28,Salaried,1332193.56,796,5
313,Demo Customer 0313,25,Salaried,287026.45,588,8
314,Demo Customer 0314,61,Self-employed,486905.47,772,5
315,Demo Customer 0315,50,Salaried,563259.03,722,4
316,Demo Customer 0316,57,Salaried,463426.04,641,4
317,Demo Customer 0317,48,Salaried,1114453.45,757,3
318,Demo Customer 0318,24,Self-employed,163851.79,841,8
319,Demo Customer 0319,22,Salaried,534971.36,767,1
320,Demo Customer 0320,64,Salaried,548533.49,864,3
321,Demo Customer 0321,29,Salaried,611844.34,787,3
322,Demo Customer 0322,53,Salaried,409322.17,717,7
323,Demo Customer 0323,51,Salaried,754602.54,700,5
324,Demo Customer 0324,36,Self-employed,699716.19,670,2
325,Demo Customer 0325,57,Salaried,696779.21,729,3
326,Demo Customer 0326,51,Salaried,1191255.43,703,2
327,Demo Customer 0327,26,Salaried,738655.5,641,7
328,Demo Customer 0328,56,Salaried,501224.14,658,3
329,Demo Customer 0329,65,Salaried,943643.52,609,3
330,Demo Customer 0330,36,Self-employed,956671.39,719,6
331,Demo Customer 0331,58,Salaried,505694.04,678,1
332,Demo Customer 0332,64,Self-employed,707276.85,678,5
333,Demo Customer 0333,35,Self-employed,394645.51,677,7
334,Demo Customer 0334,55,Self-employed,333807.47,803,5
335,Demo Customer 0335,54,Retired,331946.35,692,4
336,Demo Customer 0336,21,Self-employed,1582511.25,783,8
337,Demo Customer 0337,37,Retired,1160536.2,615,2
338,Demo Customer 0338,64,Salaried,481379.61,653,3
339,Demo Customer 0339,30,Retired,631939.05,661,8
340,Demo Customer 0340,62,Self-employed,1570411.19,631,2
341,Demo Customer 0341,56,Salaried,301578.8,786,8
342,Demo Customer 0342,53,Salaried,190646.14,681,5
343,Demo Customer 0343,49,Student,970866.44,771,3
344,Demo Customer 0344,35,Salaried,726539.98,755,5
345,Demo Customer 0345,55,Salaried,355748.05,704,5
346,Demo Customer 0346,70,Student,833902.73,700,4
347,Demo Customer 0347,69,Salaried,730387.06,737,1
348,Demo Customer 0348,30,Salaried,615376.12,590,8
349,Demo Customer 0349,22,Retired,704943.65,761,2
350,Demo Customer 0350,56,Self-employed,314686.12,674,2
351,Demo Customer 0351,23,Self-employed,295975.58,632,2
352,Demo Customer 0352,21,Self-employed,648035.4,768,2
353,Demo Customer 0353,21,Self-employed,271887.07,594,7
354,Demo Customer 0354,21,Self-employed,510188.22,678,6
355,Demo Customer 0355,47,Salaried,455609.61,753,7
356,Demo Customer 0356,29,Salaried,309552.77,874,8
357,Demo Customer 0357,27,Self-employed,821870.01,604,2
358,Demo Customer 0358,53,Salaried,497271.69,788,6
359,Demo Customer 0359,46,Salaried,885511.71,739,7
360,Demo Customer 0360,67,Salaried,441489.54,771,7
361,Demo Customer 0361,48,Self-employed,446616.76,677,4
362,Demo Customer 0362,50,Retired,338169.56,754,5
363,Demo Customer 0363,67,Retired,2211304.1,592,7
364,Demo Customer 0364,60,Salaried,332341.1,754,7
365,Demo Customer 0365,35,Salaried,476429.9,765,8
366,Demo Customer 0366,28,Salaried,244424.12,615,5
367,Demo Customer 0367,46,Self-employed,466532.81,809,2
368,Demo Customer 0368,67,Salaried,366336.65,696,5
369,Demo Customer 0369,49,Retired,389782.4,576,2
370,Demo Customer 0370,56,Salaried,1139976.6,789,4
371,Demo Customer 0371,47,Salaried,570565.14,760,3
372,Demo Customer 0372,32,Self-employed,306081.18,733,1
373,Demo Customer 0373,63,Student,1389102.98,654,7
374,Demo Customer 0374,25,Salaried,610747.45,644,8
375,Demo Customer 0375,64,Student,717263.32,763,2
376,Demo Customer 0376,64,Salaried,911963.84,737,3
377,Demo Customer 0377,47,Retired,472105.07,790,5
378,Demo Customer 0378,24,Salaried,738562.32,709,4
379,Demo Customer 0379,37,Retired,262840.78,536,1
380,Demo Customer 0380,42,Salaried,424506.6,671,7
381,Demo Customer 0381,51,Self-employed,692161.06,630,2
382,Demo Customer 0382,23,Self-employed,769999.96,726,5
383,Demo Customer 0383,45,Salaried,645997.03,738,3
384,Demo Customer 0384,32,Self-employed,958493.21,713,2
385,Demo Customer 0385,30,Salaried,437977.82,620,8
386,Demo Customer 0386,62,Salaried,123147.84,688,5
387,Demo Customer 0387,23,Salaried,504141.37,703,8
388,Demo Customer 0388,25,Self-employed,283237.61,770,8
389,Demo Customer 0389,37,Self-employed,396403.85,678,6
390,Demo Customer 0390,55,Retired,1624492.52,631,6
391,Demo Customer 0391,54,Student,261288.45,785,4
392,Demo Customer 0392,30,Self-employed,670157.12,723,5
393,Demo Customer 0393,33,Salaried,259791.71,690,4
394,Demo Customer 0394,25,Salaried,421762.36,697,3
395,Demo Customer 0395,36,Salaried,350249.94,736,2
396,Demo Customer 0396,28,Salaried,611237.93,772,7
397,Demo Customer 0397,52,Salaried,1020856.88,565,2
398,Demo Customer 0398,63,Salaried,546799.85,675,1
399,Demo Customer 0399,25,Salaried,306817.86,673,2
400,Demo Customer 0400,50,Salaried,1131807.44,775,3
401,Demo Customer 0401,28,Salaried,539893.17,637,6
402,Demo Customer 0402,44,Self-employed,574395.77,789,5
403,Demo Customer 0403,37,Self-employed,734768.74,690,3
404,Demo Customer 0404,62,Salaried,456565.18,689,2
405,Demo Customer 0405,52,Salaried,280560.44,805,4
406,Demo Customer 0406,62,Salaried,1233015.79,657,1
407,Demo Customer 0407,40,Salaried,973771.39,703,2
408,Demo Customer 0408,42,Retired,511587.66,725,2
409,Demo Customer 0409,27,Salaried,302449.43,627,4
410,Demo Customer 0410,57,Salaried,357428.67,818,8
411,Demo Customer 0411,52,Retired,406085.54,663,1
412,Demo Customer 0412,46,Self-employed,2320086.83,854,3
413,Demo Customer 0413,63,Salaried,938156.3,755,7
414,Demo Customer 0414,69,Self-employed,268831.22,560,3
415,Demo Customer 0415,26,Salaried,1217230.62,861,6
416,Demo Customer 0416,40,Self-employed,253356.37,567,4
417,Demo Customer 0417,27,Self-employed,935671.59,795,2
418,Demo Customer 0418,41,Salaried,109785.08,627,2
419,Demo Customer 0419,27,Self-employed,653119.47,792,6
420,Demo Customer 0420,66,Self-employed,743042.03,741,2
421,Demo Customer 0421,23,Self-employed,669496.17,648,8
422,Demo Customer 0422,64,Self-employed,149611.45,742,7
423,Demo Customer 0423,49,Self-employed,1002246.7,662,5
424,Demo Customer 0424,68,Retired,769092.35,715,1
425,Demo Customer 0425,29,Salaried,294653.32,620,4
426,Demo Customer 0426,35,Salaried,1232979.82,611,6
427,Demo Customer 0427,64,Salaried,606041.92,676,2
428,Demo Customer 0428,65,Salaried,2057045.16,787,5
429,Demo Customer 0429,48,Salaried,751551.5,650,5
430,Demo Customer 0430,46,Salaried,364040.36,797,8
431,Demo Customer 0431,65,Salaried,717937.96,549,5
432,Demo Customer 0432,33,Salaried,265847.4,838,1
433,Demo Customer 0433,68,Self-employed,569838.45,709,8
434,Demo Customer 0434,51,Salaried,204250.25,748,1
435,Demo Customer 0435,38,Self-employed,371695.2,756,5
436,Demo Customer 0436,44,Salaried,649102.25,811,3
437,Demo Customer 0437,34,Salaried,521681.32,525,3
438,Demo Customer 0438,52,Self-employed,677217.98,715,7
439,Demo Customer 0439,66,Self-employed,613028.29,741,1
440,Demo Customer 0440,65,Salaried,1763320.76,679,3
441,Demo Customer 0441,61,Self-employed,787025.24,697,2
442,Demo Customer 0442,53,Self-employed,534385.15,717,3
443,Demo Customer 0443,49,Salaried,313089.17,586,1
444,Demo Customer 0444,30,Salaried,753111.51,640,8
445,Demo Customer 0445,57,Retired,948524.04,759,7
446,Demo Customer 0446,24,Self-employed,589600.57,836,4
447,Demo Customer 0447,30,Salaried,212477.57,709,6
448,Demo Customer 0448,33,Salaried,445440.95,701,3
449,Demo Customer 0449,36,Self-employed,475832.17,760,7
450,Demo Customer 0450,45,Salaried,345476.67,733,4
451,Demo Customer 0451,35,Salaried,1316022.77,604,4
452,Demo Customer 0452,63,Retired,655184.69,650,8
453,Demo Customer 0453,55,Student,723035.98,647,4
454,Demo Customer 0454,52,Salaried,906568.88,799,6
455,Demo Customer 0455,56,Retired,743416.11,714,3
456,Demo Customer 0456,58,Self-employed,578178.12,679,6
457,Demo Customer 0457,64,Self-employed,430574.34,681,5
458,Demo Customer 0458,57,Salaried,374864.38,730,2
459,Demo Customer 0459,28,Retired,731301.85,790,4
460,Demo Customer 0460,55,Salaried,614667.65,845,4
461,Demo Customer 0461,61,Salaried,942181.72,774,2
462,Demo Customer 0462,27,Student,700898.34,757,6
463,Demo Customer 0463,30,Student,184151.22,682,1
464,Demo Customer 0464,39,Self-employed,1202885.97,811,6
465,Demo Customer 0465,67,Salaried,482145.25,734,3
466,Demo Customer 0466,56,Salaried,1023389.91,771,5
467,Demo Customer 0467,23,Retired,382356.3,789,2
468,Demo Customer 0468,26,Salaried,887616.52,836,1
469,Demo Customer 0469,57,Salaried,574008.27,658,8
470,Demo Customer 0470,21,Salaried,1424160.34,849,3
471,Demo Customer 0471,27,Self-employed,517426.61,708,4
472,Demo Customer 0472,52,Self-employed,465297.01,726,6
473,Demo Customer 0473,27,Student,1646635.56,692,8
474,Demo Customer 0474,39,Salaried,325571.82,615,7
475,Demo Customer 0475,58,Retired,1033461.95,719,4
476,Demo Customer 0476,48,Self-employed,348147.52,702,8
477,Demo Customer 0477,31,Self-employed,342555.29,774,6
478,Demo Customer 0478,59,Salaried,235914.09,739,4
479,Demo Customer 0479,29,Salaried,1340663.67,675,3
480,Demo Customer 0480,70,Self-employed,766696.04,483,1
481,Demo Customer 0481,38,Salaried,366434.71,818,2
482,Demo Customer 0482,37,Salaried,645672.88,673,6
483,Demo Customer 0483,37,Salaried,672909.02,626,8
484,Demo Customer 0484,21,Self-employed,1154177.05,661,5
485,Demo Customer 0485,24,Self-employed,684661.23,725,3
486,Demo Customer 0486,41,Salaried,942057.9,555,5
487,Demo Customer 0487,60,Salaried,1091827.44,807,1
488,Demo Customer 0488,52,Salaried,495781.83,668,7
489,Demo Customer 0489,36,Student,1331316.45,684,4
490,Demo Customer 0490,60,Self-employed,187636.11,711,6
491,Demo Customer 0491,25,Salaried,411909.44,704,2
492,Demo Customer 0492,54,Salaried,286179.65,784,1
493,Demo Customer 0493,69,Student,2176051.53,770,6
494,Demo Customer 0494,34,Self-employed,496171.7,671,3
495,Demo Customer 0495,41,Salaried,211895.29,797,1
496,Demo Customer 0496,34,Retired,963155.63,751,1
497,Demo Customer 0497,42,Retired,220762.55,642,6
498,Demo Customer 0498,33,Salaried,413442.35,716,1
499,Demo Customer 0499,45,Salaried,373492.61,559,5
500,Demo Customer 0500,50,Self-employed,447792.87,594,2
501,Demo Customer 0501,44,Salaried,668163.57,674,6
502,Demo Customer 0502,42,Retired,492189.36,789,7
503,Demo Customer 0503,47,Salaried,227695.04,660,7
504,Demo Customer 0504,56,Salaried,249096.33,746,1
505,Demo Customer 0505,50,Salaried,498944.33,697,2
506,Demo Customer 0506,22,Salaried,506685.0,681,2
507,Demo Customer 0507,51,Self-employed,551589.19,727,5
508,Demo Customer 0508,65,Self-employed,400530.11,734,8
509,Demo Customer 0509,44,Salaried,858885.64,705,3
510,Demo Customer 0510,51,Salaried,747091.37,757,5
511,Demo Customer 0511,56,Self-employed,1586873.4,660,6
512,Demo Customer 0512,67,Salaried,1162989.05,719,5
513,Demo Customer 0513,38,Salaried,918456.04,654,6
514,Demo Customer 0514,50,Self-employed,568629.46,680,8
515,Demo Customer 0515,39,Self-employed,550014.49,886,5
516,Demo Customer 0516,32,Salaried,1125857.05,808,2
517,Demo Customer 0517,38,Salaried,646912.67,706,1
518,Demo Customer 0518,54,Self-employed,350364.66,838,4
519,Demo Customer 0519,48,Salaried,516484.27,696,1
520,Demo Customer 0520,40,Salaried,816635.86,560,7
521,Demo Customer 0521,62,Salaried,904104.08,708,7
522,Demo Customer 0522,43,Student,507081.81,671,4
523,Demo Customer 0523,44,Salaried,900469.23,687,6
524,Demo Customer 0524,62,Salaried,243311.14,718,2
525,Demo Customer 0525,68,Salaried,467036.1,675,1
526,Demo Customer 0526,54,Salaried,562528.46,594,6
527,Demo Customer 0527,50,Salaried,640431.24,818,3
528,Demo Customer 0528,48,Self-employed,551010.51,611,8
529,Demo Customer 0529,56,Self-employed,1248175.56,637,7
530,Demo Customer 0530,26,Self-employed,297130.37,819,6
531,Demo Customer 0531,53,Self-employed,926237.91,761,1
532,Demo Customer 0532,38,Self-employed,627988.01,709,3
533,Demo Customer 0533,64,Salaried,377010.06,706,3
534,Demo Customer 0534,22,Student,733835.77,854,8
535,Demo Customer 0535,64,Student,867172.29,761,7
536,Demo Customer 0536,53,Self-employed,677548.46,689,4
537,Demo Customer 0537,40,Self-employed,689496.15,574,4
538,Demo Customer 0538,28,Self-employed,522362.56,813,6
539,Demo Customer 0539,32,Salaried,1229628.62,640,6
540,Demo Customer 0540,27,Self-employed,840885.51,719,8
541,Demo Customer 0541,37,Salaried,568689.38,804,2
542,Demo Customer 0542,40,Salaried,1107107.33,792,6
543,Demo Customer 0543,35,Salaried,1164607.1,585,1
544,Demo Customer 0544,63,Self-employed,806522.55,781,6
545,Demo Customer 0545,51,Salaried,260873.7,628,4
546,Demo Customer 0546,68,Salaried,361354.32,768,2
547,Demo Customer 0547,61,Salaried,416642.97,715,5
548,Demo Customer 0548,22,Salaried,465608.06,632,3
549,Demo Customer 0549,47,Salaried,908837.95,798,8
550,Demo Customer 0550,23,Salaried,290081.4,692,8
551,Demo Customer 0551,31,Salaried,640905.72,707,7
552,Demo Customer 0552,65,Retired,879458.69,835,7
553,Demo Customer 0553,38,Student,499026.32,712,8
554,Demo Customer 0554,57,Salaried,318467.35,632,5
555,Demo Customer 0555,43,Self-employed,693541.38,782,3
556,Demo Customer 0556,27,Salaried,158775.63,731,8
557,Demo Customer 0557,52,Salaried,711679.69,716,6
558,Demo Customer 0558,53,Self-employed,429127.58,651,5
559,Demo Customer 0559,26,Student,290698.28,759,6
560,Demo Customer 0560,29,Salaried,456853.6,582,7
561,Demo Customer 0561,49,Self-employed,284299.71,696,1
562,Demo Customer 0562,33,Salaried,342589.02,670,2
563,Demo Customer 0563,48,Salaried,1330034.11,666,5
564,Demo Customer 0564,33,Salaried,688762.27,622,4
565,Demo Customer 0565,58,Self-employed,1056299.07,776,6
566,Demo Customer 0566,62,Retired,982478.49,609,4
567,Demo Customer 0567,51,Self-employed,1476256.44,679,8
568,Demo Customer 0568,21,Salaried,1042978.46,615,2
569,Demo Customer 0569,27,Salaried,416514.37,631,6
570,Demo Customer 0570,65,Salaried,511547.75,705,7
571,Demo Customer 0571,35,Self-employed,663703.42,584,4
572,Demo Customer 0572,64,Salaried,925868.69,762,1
573,Demo Customer 0573,49,Self-employed,307170.81,662,2
574,Demo Customer 0574,30,Salaried,959360.36,688,7
575,Demo Customer 0575,38,Self-employed,1122840.36,703,4
576,Demo Customer 0576,65,Salaried,1035641.2,704,1
577,Demo Customer 0577,28,Salaried,276278.82,664,4
578,Demo Customer 0578,41,Retired,685377.65,819,4
579,Demo Customer 0579,55,Salaried,872282.35,840,1
580,Demo Customer 0580,49,Salaried,383116.14,604,8
581,Demo Customer 0581,40,Salaried,409185.64,612,2
582,Demo Customer 0582,68,Salaried,816450.04,691,4
583,Demo Customer 0583,32,Salaried,683922.14,575,4
584,Demo Customer 0584,34,Salaried,893494.79,851,2
585,Demo Customer 0585,61,Salaried,475848.33,649,1
586,Demo Customer 0586,31,Self-employed,833116.3,845,7
587,Demo Customer 0587,61,Self-employed,764588.1,709,2
588,Demo Customer 0588,47,Retired,492769.17,686,1
589,Demo Customer 0589,30,Retired,944874.05,766,5
590,Demo Customer 0590,29,Salaried,399490.89,713,3
591,Demo Customer 0591,24,Salaried,475826.77,595,1
592,Demo Customer 0592,70,Self-employed,746784.39,708,5
593,Demo Customer 0593,53,Student,1521415.48,666,7
594,Demo Customer 0594,37,Salaried,262512.2,770,1
595,Demo Customer 0595,67,Salaried,274985.41,600,3
596,Demo Customer 0596,59,Salaried,549076.13,734,5
597,Demo Customer 0597,56,Salaried,530983.59,796,1
598,Demo Customer 0598,23,Salaried,172105.53,721,1
599,Demo Customer 0599,65,Salaried,624505.93,703,1
600,Demo Customer 0600,44,Salaried,442724.89,757,8
601,Demo Customer 0601,30,Self-employed,552284.82,634,2
602,Demo Customer 0602,63,Salaried,622197.33,738,3
603,Demo Customer 0603,50,Salaried,210638.28,753,1
604,Demo Customer 0604,42,Self-employed,631962.73,733,7
605,Demo Customer 0605,66,Salaried,748415.57,830,7
606,Demo Customer 0606,52,Self-employed,566517.04,747,7
607,Demo Customer 0607,40,Self-employed,402133.07,655,1
608,Demo Customer 0608,35,Salaried,623578.58,755,3
609,Demo Customer 0609,57,Self-employed,464086.81,697,8
610,Demo Customer 0610,67,Salaried,756516.97,814,2
611,Demo Customer 0611,46,Self-employed,360638.62,702,5
612,Demo Customer 0612,25,Salaried,321440.67,698,5
613,Demo Customer 0613,69,Self-employed,359237.7,671,6
614,Demo Customer 0614,52,Self-employed,727107.85,753,6
615,Demo Customer 0615,36,Salaried,489255.06,696,2
616,Demo Customer 0616,65,Salaried,394878.46,710,3
617,Demo Customer 0617,50,Salaried,1475897.82,728,8
618,Demo Customer 0618,32,Salaried,408789.64,502,3
619,Demo Customer 0619,47,Salaried,384835.37,609,8
620,Demo Customer 0620,49,Salaried,444478.05,758,5
621,Demo Customer 0621,46,Salaried,510965.36,529,6
622,Demo Customer 0622,38,Salaried,819028.21,768,1
623,Demo Customer 0623,22,Retired,681559.91,865,8
624,Demo Customer 0624,24,Student,1218455.87,532,3
625,Demo Customer 0625,50,Salaried,255694.72,639,3
626,Demo Customer 0626,26,Salaried,310930.55,649,4
627,Demo Customer 0627,29,Salaried,464229.18,588,7
628,Demo Customer 0628,52,Self-employed,1110169.98,809,8
629,Demo Customer 0629,33,Self-employed,1156343.59,612,8
630,Demo Customer 0630,32,Salaried,960610.59,744,5
631,Demo Customer 0631,69,Salaried,526179.53,845,6
632,Demo Customer 0632,23,Self-employed,501582.89,658,3
633,Demo Customer 0633,23,Self-employed,277433.51,716,2
634,Demo Customer 0634,36,Salaried,1002923.69,664,5
635,Demo Customer 0635,52,Salaried,343495.27,670,8
636,Demo Customer 0636,21,Self-employed,320536.79,804,8
637,Demo Customer 0637,37,Salaried,1194645.4,734,3
638,Demo Customer 0638,68,Retired,649250.93,628,8
639,Demo Customer 0639,56,Self-employed,192937.4,712,3
640,Demo Customer 0640,67,Self-employed,484869.08,761,3
641,Demo Customer 0641,24,Salaried,644477.42,861,3
642,Demo Customer 0642,63,Salaried,669676.85,731,5
643,Demo Customer 0643,27,Self-employed,1236635.89,723,1
644,Demo Customer 0644,35,Salaried,257373.37,852,6
645,Demo Customer 0645,68,Retired,919783.05,770,7
646,Demo Customer 0646,35,Salaried,351691.69,869,6
647,Demo Customer 0647,25,Student,479357.66,617,2
648,Demo Customer 0648,47,Self-employed,228709.08,763,1
649,Demo Customer 0649,35,Salaried,769392.89,759,2
650,Demo Customer 0650,58,Salaried,785456.6,885,6
651,Demo Customer 0651,44,Salaried,591467.28,643,2
652,Demo Customer 0652,57,Self-employed,721958.35,736,5
653,Demo Customer 0653,50,Self-employed,710696.23,808,2
654,Demo Customer 0654,59,Self-employed,799539.46,813,4
655,Demo Customer 0655,31,Salaried,436756.72,662,3
656,Demo Customer 0656,59,Salaried,294494.95,748,5
657,Demo Customer 0657,54,Salaried,1024958.13,801,8
658,Demo Customer 0658,41,Salaried,522855.71,780,6
659,Demo Customer 0659,62,Retired,475785.72,556,1
660,Demo Customer 0660,53,Salaried,904894.1,660,1
661,Demo Customer 0661,61,Salaried,457656.61,666,6
662,Demo Customer 0662,49,Salaried,456029.54,657,4
663,Demo Customer 0663,25,Salaried,1937038.11,634,6
664,Demo Customer 0664,41,Self-employed,656961.25,771,3
665,Demo Customer 0665,33,Salaried,734626.57,807,6
666,Demo Customer 0666,37,Self-employed,1818450.08,677,1
667,Demo Customer 0667,21,Salaried,496746.71,680,6
668,Demo Customer 0668,65,Self-employed,251068.51,739,8
669,Demo Customer 0669,40,Salaried,490869.84,744,6
670,Demo Customer 0670,33,Salaried,810953.07,604,1
671,Demo Customer 0671,36,Salaried,1096451.01,705,5
672,Demo Customer 0672,70,Salaried,162819.88,627,2
673,Demo Customer 0673,37,Self-employed,235501.77,554,8
674,Demo Customer 0674,60,Self-employed,1337810.02,690,1
675,Demo Customer 0675,33,Self-employed,369615.86,760,4
676,Demo Customer 0676,30,Salaried,421715.14,584,8
677,Demo Customer 0677,57,Salaried,795094.22,701,4
678,Demo Customer 0678,63,Salaried,662137.55,636,3
679,Demo Customer 0679,28,Salaried,578444.38,733,7
680,Demo Customer 0680,44,Self-employed,698644.97,757,7
681,Demo Customer 0681,64,Self-employed,421498.11,611,1
682,Demo Customer 0682,47,Salaried,230394.08,723,3
683,Demo Customer 0683,49,Salaried,233541.43,771,5
684,Demo Customer 0684,56,Salaried,625570.15,641,7
685,Demo Customer 0685,56,Self-employed,1293073.13,707,3
686,Demo Customer 0686,67,Salaried,508847.23,702,3
687,Demo Customer 0687,63,Salaried,708866.24,498,6
688,Demo Customer 0688,40,Salaried,1985672.28,696,3
689,Demo Customer 0689,62,Self-employed,351925.39,702,7
690,Demo Customer 0690,53,Salaried,385277.41,776,2
691,Demo Customer 0691,43,Self-employed,1111894.62,688,4
692,Demo Customer 0692,56,Retired,429619.12,718,7
693,Demo Customer 0693,67,Salaried,539437.62,628,4
694,Demo Customer 0694,33,Student,311109.94,702,7
695,Demo Customer 0695,64,Salaried,406680.09,706,7
696,Demo Customer 0696,50,Salaried,930306.71,573,5
697,Demo Customer 0697,60,Self-employed,322388.51,776,6
698,Demo Customer 0698,62,Salaried,672896.62,601,2
699,Demo Customer 0699,21,Salaried,286468.09,660,2
700,Demo Customer 0700,22,Student,373206.55,717,7
701,Demo Customer 0701,24,Self-employed,314580.26,669,6
702,Demo Customer 0702,68,Self-employed,1444275.21,642,7
703,Demo Customer 0703,62,Retired,733228.36,846,2
704,Demo Customer 0704,37,Student,223924.95,699,7
705,Demo Customer 0705,54,Salaried,378587.95,632,8
706,Demo Customer 0706,60,Salaried,301611.38,783,1
707,Demo Customer 0707,58,Salaried,1532515.53,712,8
708,Demo Customer 0708,70,Self-employed,574625.41,634,4
709,Demo Customer 0709,25,Student,633214.84,703,8
710,Demo Customer 0710,53,Salaried,1122676.26,700,8
711,Demo Customer 0711,58,Salaried,178269.11,524,2
712,Demo Customer 0712,39,Self-employed,623429.4,668,1
713,Demo Customer 0713,69,Salaried,381045.35,729,5
714,Demo Customer 0714,60,Salaried,1078589.05,745,7
715,Demo Customer 0715,68,Student,617855.74,608,1
716,Demo Customer 0716,59,Self-employed,606589.82,700,1
717,Demo Customer 0717,50,Self-employed,809560.64,713,2
718,Demo Customer 0718,35,Retired,1473029.52,685,7
719,Demo Customer 0719,47,Salaried,342975.02,586,1
720,Demo Customer 0720,28,Self-employed,2480907.02,710,8
721,Demo Customer 0721,33,Salaried,603300.76,572,5
722,Demo Customer 0722,42,Self-employed,554544.17,693,5
723,Demo Customer 0723,25,Self-employed,403577.43,549,3
724,Demo Customer 0724,33,Self-employed,531198.26,679,1
725,Demo Customer 0725,68,Salaried,949731.46,837,2
726,Demo Customer 0726,34,Salaried,289300.0,775,7
727,Demo Customer 0727,58,Student,370391.18,599,5
728,Demo Customer 0728,59,Salaried,784175.13,662,1
729,Demo Customer 0729,21,Salaried,440444.0,701,6
730,Demo Customer 0730,30,Retired,1435589.63,620,5
731,Demo Customer 0731,48,Self-employed,671688.09,874,1
732,Demo Customer 0732,60,Retired,697212.48,708,2
733,Demo Customer 0733,39,Salaried,2083088.64,712,1
734,Demo Customer 0734,52,Salaried,487743.03,832,4
735,Demo Customer 0735,67,Salaried,1010983.17,660,4
736,Demo Customer 0736,57,Salaried,1632857.46,644,3
737,Demo Customer 0737,30,Retired,780551.2,736,2
738,Demo Customer 0738,58,Student,791323.36,777,5
739,Demo Customer 0739,43,Salaried,289253.11,651,4
740,Demo Customer 0740,51,Salaried,134268.98,833,2
741,Demo Customer 0741,47,Salaried,546598.29,853,7
742,Demo Customer 0742,59,Salaried,559571.06,694,1
743,Demo Customer 0743,37,Salaried,473273.33,657,8
744,Demo Customer 0744,64,Salaried,473626.45,721,7
745,Demo Customer 0745,55,Salaried,913377.5,687,5
746,Demo Customer 0746,43,Self-employed,188052.89,808,5
747,Demo Customer 0747,60,Salaried,305481.94,823,1
748,Demo Customer 0748,56,Salaried,653945.56,798,3
749,Demo Customer 0749,24,Self-employed,320800.0,770,1
750,Demo Customer 0750,26,Self-employed,766190.03,590,4
751,Demo Customer 0751,46,Student,696953.05,624,8
752,Demo Customer 0752,36,Self-employed,1447452.01,701,3
753,Demo Customer 0753,29,Salaried,805285.96,616,3
754,Demo Customer 0754,24,Self-employed,584850.0,698,6
755,Demo Customer 0755,57,Self-employed,700796.99,633,2
756,Demo Customer 0756,38,Self-employed,672053.22,666,5
757,Demo Customer 0757,60,Salaried,486135.43,585,8
758,Demo Customer 0758,47,Salaried,298735.83,600,4
759,Demo Customer 0759,66,Salaried,320785.52,685,5
760,Demo Customer 0760,24,Self-employed,925800.69,760,4
761,Demo Customer 0761,54,Salaried,971311.95,724,5
762,Demo Customer 0762,23,Student,1356428.15,680,5
763,Demo Customer 0763,45,Salaried,333199.06,662,6
764,Demo Customer 0764,60,Salaried,281316.14,582,1
765,Demo Customer 0765,21,Salaried,918617.04,885,7
766,Demo Customer 0766,24,Self-employed,1326148.94,689,5
767,Demo Customer 0767,50,Salaried,458314.29,685,6
768,Demo Customer 0768,45,Self-employed,814704.88,701,4
769,Demo Customer 0769,37,Self-employed,706934.76,748,2
770,Demo Customer 0770,46,Salaried,313906.37,818,5
771,Demo Customer 0771,23,Retired,425931.78,700,2
772,Demo Customer 0772,36,Salaried,305559.27,591,5
773,Demo Customer 0773,25,Salaried,416314.86,780,1
774,Demo Customer 0774,47,Salaried,471968.08,763,3
775,Demo Customer 0775,47,Salaried,470827.35,844,4
776,Demo Customer 0776,56,Salaried,309555.01,561,8
777,Demo Customer 0777,23,Salaried,808140.31,744,8
778,Demo Customer 0778,38,Salaried,413407.76,823,6
779,Demo Customer 0779,37,Self-employed,736837.1,609,7
780,Demo Customer 0780,43,Salaried,1063661.09,758,5
781,Demo Customer 0781,27,Salaried,345143.17,767,2
782,Demo Customer 0782,45,Salaried,544715.24,610,3
783,Demo Customer 0783,41,Salaried,283485.23,785,8
784,Demo Customer 0784,37,Salaried,619066.06,728,2
785,Demo Customer 0785,48,Self-employed,360294.61,735,4
786,Demo Customer 0786,43,Self-employed,380892.74,508,1
787,Demo Customer 0787,29,Salaried,741189.78,793,1
788,Demo Customer 0788,55,Salaried,297871.92,623,3
789,Demo Customer 0789,67,Student,792444.84,696,2
790,Demo Customer 0790,56,Student,537100.7,780,2
791,Demo Customer 0791,48,Retired,384601.68,712,8
792,Demo Customer 0792,46,Student,1305574.2,676,6
793,Demo Customer 0793,63,Salaried,913094.5,692,3
794,Demo Customer 0794,39,Salaried,579540.68,500,1
795,Demo Customer 0795,34,Self-employed,927107.43,664,5
796,Demo Customer 0796,33,Retired,216647.49,682,3
797,Demo Customer 0797,38,Retired,1068721.32,675,1
798,Demo Customer 0798,23,Self-employed,268245.3,753,5
799,Demo Customer 0799,35,Salaried,369866.18,754,1
800,Demo Customer 0800,39,Student,1067723.4,860,4
801,Demo Customer 0801,53,Self-employed,1456358.15,652,4
802,Demo Customer 0802,23,Salaried,88062.93,681,1
803,Demo Customer 0803,45,Salaried,1049712.31,621,5
804,Demo Customer 0804,62,Salaried,275520.94,548,3
805,Demo Customer 0805,57,Self-employed,547624.86,739,3
806,Demo Customer 0806,29,Self-employed,401814.58,579,4
807,Demo Customer 0807,26,Salaried,238028.14,784,1
808,Demo Customer 0808,21,Self-employed,585559.45,695,2
809,Demo Customer 0809,22,Salaried,836299.62,550,2
810,Demo Customer 0810,33,Salaried,460147.25,614,5
811,Demo Customer 0811,43,Salaried,680348.17,737,2
812,Demo Customer 0812,60,Self-employed,411022.32,829,3
813,Demo Customer 0813,59,Self-employed,439599.58,800,8
814,Demo Customer 0814,67,Retired,1291969.09,616,4
815,Demo Customer 0815,52,Retired,692342.72,718,4
816,Demo Customer 0816,23,Retired,469489.64,688,4
817,Demo Customer 0817,61,Salaried,562492.97,720,3
818,Demo Customer 0818,45,Salaried,388365.51,586,3
819,Demo Customer 0819,33,Salaried,231243.37,812,7
820,Demo Customer 0820,38,Salaried,430109.55,711,2
821,Demo Customer 0821,25,Self-employed,254064.27,753,1
822,Demo Customer 0822,35,Self-employed,1039024.42,717,4
823,Demo Customer 0823,53,Retired,402213.12,711,2
824,Demo Customer 0824,61,Salaried,588527.46,713,4
825,Demo Customer 0825,44,Self-employed,336459.83,627,5
826,Demo Customer 0826,45,Self-employed,1116794.48,670,3
827,Demo Customer 0827,69,Salaried,244141.15,679,8
828,Demo Customer 0828,55,Salaried,514237.36,670,7
829,Demo Customer 0829,22,Student,230380.1,754,4
830,Demo Customer 0830,63,Self-employed,797872.83,717,1
831,Demo Customer 0831,37,Salaried,1793121.76,701,4
832,Demo Customer 0832,50,Salaried,698359.79,735,3
833,Demo Customer 0833,51,Self-employed,535452.78,676,7
834,Demo Customer 0834,36,Student,1198279.13,577,4
835,Demo Customer 0835,39,Salaried,901515.53,803,8
836,Demo Customer 0836,54,Salaried,438184.23,815,3
837,Demo Customer 0837,38,Salaried,248825.65,853,2
838,Demo Customer 0838,43,Salaried,1510780.31,783,6
839,Demo Customer 0839,26,Salaried,1885450.12,735,7
840,Demo Customer 0840,70,Self-employed,2072282.1,690,7
841,Demo Customer 0841,58,Salaried,333178.3,760,7
842,Demo Customer 0842,46,Retired,1378141.39,687,3
843,Demo Customer 0843,25,Self-employed,688555.9,629,2
844,Demo Customer 0844,55,Retired,723255.38,621,3
845,Demo Customer 0845,42,Salaried,183603.04,607,2
846,Demo Customer 0846,68,Self-employed,523754.94,859,4
847,Demo Customer 0847,54,Salaried,369792.49,892,7
848,Demo Customer 0848,62,Salaried,204771.14,693,5
849,Demo Customer 0849,69,Salaried,864156.13,698,6
850,Demo Customer 0850,60,Salaried,1043409.1,652,2
851,Demo Customer 0851,23,Salaried,811625.62,741,1
852,Demo Customer 0852,24,Self-employed,1779563.12,658,6
853,Demo Customer 0853,61,Salaried,725772.7,613,5
854,Demo Customer 0854,31,Salaried,461941.78,614,7
855,Demo Customer 0855,52,Retired,747247.47,701,2
856,Demo Customer 0856,48,Self-employed,1377134.69,754,6
857,Demo Customer 0857,62,Salaried,338259.27,623,4
858,Demo Customer 0858,52,Salaried,539920.91,554,1
859,Demo Customer 0859,22,Retired,328759.5,705,7
860,Demo Customer 0860,57,Self-employed,782971.2,900,7
861,Demo Customer 0861,42,Self-employed,720423.63,729,1
862,Demo Customer 0862,26,Salaried,947872.62,827,1
863,Demo Customer 0863,39,Salaried,1807552.69,754,2
864,Demo Customer 0864,55,Salaried,124445.28,721,1
865,Demo Customer 0865,30,Self-employed,636011.07,750,2
866,Demo Customer 0866,26,Salaried,423614.7,630,5
867,Demo Customer 0867,39,Self-employed,245857.36,653,5
868,Demo Customer 0868,61,Self-employed,548553.89,599,6
869,Demo Customer 0869,27,Salaried,689582.28,671,7
870,Demo Customer 0870,53,Salaried,1291351.07,748,2
871,Demo Customer 0871,41,Salaried,1086238.08,647,3
872,Demo Customer 0872,56,Self-employed,456844.45,629,3
873,Demo Customer 0873,34,Student,467304.38,712,2
874,Demo Customer 0874,39,Salaried,525934.07,689,1
875,Demo Customer 0875,63,Salaried,390994.57,773,2
876,Demo Customer 0876,48,Salaried,537797.56,759,6
877,Demo Customer 0877,54,Salaried,470746.27,779,2
878,Demo Customer 0878,21,Salaried,1677494.09,614,7
879,Demo Customer 0879,66,Salaried,613185.05,750,2
880,Demo Customer 0880,56,Student,654210.52,787,3
881,Demo Customer 0881,52,Salaried,772549.01,747,4
882,Demo Customer 0882,68,Salaried,896505.89,742,8
883,Demo Customer 0883,47,Salaried,536841.77,812,7
884,Demo Customer 0884,41,Salaried,552013.82,643,6
885,Demo Customer 0885,45,Retired,690408.66,612,4
886,Demo Customer 0886,37,Salaried,527104.01,664,6
887,Demo Customer 0887,61,Salaried,619605.64,744,4
888,Demo Customer 0888,66,Retired,711353.94,758,1
889,Demo Customer 0889,23,Salaried,385806.72,578,5
890,Demo Customer 0890,58,Salaried,594024.29,690,4
891,Demo Customer 0891,65,Salaried,714015.96,815,7
892,Demo Customer 0892,54,Self-employed,437154.5,652,3
893,Demo Customer 0893,41,Salaried,1427717.3,704,2
894,Demo Customer 0894,31,Salaried,880923.05,757,8
895,Demo Customer 0895,30,Student,410333.09,705,7
896,Demo Customer 0896,45,Self-employed,1623097.55,776,5
897,Demo Customer 0897,39,Salaried,288229.84,654,6
898,Demo Customer 0898,69,Self-employed,906556.19,789,7
899,Demo Customer 0899,21,Salaried,441944.55,651,2
900,Demo Customer 0900,38,Retired,705402.67,728,7
901,Demo Customer 0901,69,Self-employed,776501.01,680,7
902,Demo Customer 0902,70,Retired,584946.3,738,7
903,Demo Customer 0903,44,Salaried,381355.19,740,5
904,Demo Customer 0904,61,Self-employed,812538.33,670,5
905,Demo Customer 0905,46,Salaried,441148.6,653,6
906,Demo Customer 0906,59,Salaried,250140.71,674,3
907,Demo Customer 0907,63,Salaried,284370.69,777,2
908,Demo Customer 0908,39,Salaried,851728.29,757,2
909,Demo Customer 0909,37,Salaried,351813.19,703,5
910,Demo Customer 0910,34,Salaried,446572.53,587,5
911,Demo Customer 0911,27,Self-employed,960282.91,794,3
912,Demo Customer 0912,28,Self-employed,1122326.06,662,7
913,Demo Customer 0913,50,Salaried,1051351.34,631,2
914,Demo Customer 0914,29,Student,1010166.47,655,5
915,Demo Customer 0915,23,Salaried,568856.76,729,1
916,Demo Customer 0916,26,Salaried,443147.09,719,2
917,Demo Customer 0917,34,Retired,397954.35,756,6
918,Demo Customer 0918,68,Self-employed,259291.83,743,8
919,Demo Customer 0919,39,Salaried,556362.2,685,2
920,Demo Customer 0920,68,Salaried,458602.27,727,6
921,Demo Customer 0921,48,Self-employed,470621.87,724,8
922,Demo Customer 0922,61,Self-employed,706150.73,729,5
923,Demo Customer 0923,23,Retired,572426.37,740,4
924,Demo Customer 0924,35,Retired,341768.22,826,4
925,Demo Customer 0925,48,Self-employed,903107.17,832,6
926,Demo Customer 0926,51,Self-employed,980601.89,672,7
927,Demo Customer 0927,42,Self-employed,542652.31,777,4
928,Demo Customer 0928,44,Salaried,960411.94,873,7
929,Demo Customer 0929,39,Salaried,226151.4,772,6
930,Demo Customer 0930,69,Self-employed,636106.95,818,3
931,Demo Customer 0931,36,Salaried,1010905.98,635,2
932,Demo Customer 0932,49,Self-employed,381665.67,711,3
933,Demo Customer 0933,50,Self-employed,914486.96,773,4
934,Demo Customer 0934,61,Retired,1699045.8,606,7
935,Demo Customer 0935,59,Salaried,851905.49,695,5
936,Demo Customer 0936,38,Retired,926179.91,735,5
937,Demo Customer 0937,37,Self-employed,472585.82,685,1
938,Demo Customer 0938,48,Retired,901322.31,873,7
939,Demo Customer 0939,39,Salaried,688653.98,900,8
940,Demo Customer 0940,46,Salaried,917217.58,757,3
941,Demo Customer 0941,28,Salaried,713648.37,849,7
942,Demo Customer 0942,62,Self-employed,462600.65,736,5
943,Demo Customer 0943,58,Salaried,730022.85,744,8
944,Demo Customer 0944,41,Student,755217.6,787,8
945,Demo Customer 0945,38,Self-employed,1089637.32,683,5
946,Demo Customer 0946,55,Salaried,530271.87,650,4
947,Demo Customer 0947,56,Student,431541.8,814,6
948,Demo Customer 0948,29,Salaried,370295.67,645,6
949,Demo Customer 0949,68,Salaried,3361086.53,814,2
950,Demo Customer 0950,62,Salaried,145610.16,602,8
951,Demo Customer 0951,25,Salaried,290713.7,804,1
952,Demo Customer 0952,64,Student,1100746.71,716,8
953,Demo Customer 0953,44,Salaried,980779.21,613,8
954,Demo Customer 0954,49,Self-employed,582900.94,708,5
955,Demo Customer 0955,36,Salaried,699465.89,557,7
956,Demo Customer 0956,37,Salaried,390953.01,723,1
957,Demo Customer 0957,54,Self-employed,1010043.31,900,7
958,Demo Customer 0958,33,Salaried,837149.35,580,1
959,Demo Customer 0959,52,Salaried,613407.74,804,1
960,Demo Customer 0960,34,Salaried,575003.76,724,5
961,Demo Customer 0961,24,Retired,524111.05,718,2
962,Demo Customer 0962,33,Self-employed,1869381.01,739,4
963,Demo Customer 0963,66,Self-employed,421021.95,690,3
964,Demo Customer 0964,69,Salaried,785059.96,682,2
965,Demo Customer 0965,68,Salaried,850575.74,591,4
966,Demo Customer 0966,65,Salaried,1019111.59,615,8
967,Demo Customer 0967,34,Salaried,1082202.07,666,1
968,Demo Customer 0968,70,Student,240173.83,785,8
969,Demo Customer 0969,61,Retired,338571.29,723,8
970,Demo Customer 0970,49,Salaried,1056496.28,685,4
971,Demo Customer 0971,64,Salaried,412996.64,737,5
972,Demo Customer 0972,60,Salaried,580713.94,673,4
973,Demo Customer 0973,69,Salaried,759619.35,657,8
974,Demo Customer 0974,52,Self-employed,252115.77,714,5
975,Demo Customer 0975,35,Salaried,448396.34,769,7
976,Demo Customer 0976,21,Self-employed,375888.64,649,8
977,Demo Customer 0977,23,Student,365665.4,782,5
978,Demo Customer 0978,62,Salaried,650016.91,701,7
979,Demo Customer 0979,34,Salaried,1198029.37,627,3
980,Demo Customer 0980,25,Salaried,283223.99,716,5
981,Demo Customer 0981,48,Student,260338.19,681,1
982,Demo Customer 0982,26,Salaried,749364.68,724,7
983,Demo Customer 0983,49,Salaried,676986.72,690,7
984,Demo Customer 0984,47,Self-employed,549518.85,572,6
985,Demo Customer 0985,62,Salaried,244388.74,786,1
986,Demo Customer 0986,26,Salaried,526050.21,567,7
987,Demo Customer 0987,63,Salaried,595960.87,624,6
988,Demo Customer 0988,56,Salaried,465705.85,688,4
989,Demo Customer 0989,56,Self-employed,466060.52,859,3
990,Demo Customer 0990,27,Self-employed,547276.07,591,6
991,Demo Customer 0991,31,Self-employed,422271.27,696,1
992,Demo Customer 0992,51,Salaried,171642.48,744,8
993,Demo Customer 0993,38,Salaried,278276.05,776,2
994,Demo Customer 0994,66,Self-employed,408399.49,726,2
995,Demo Customer 0995,28,Salaried,1135302.52,577,8
996,Demo Customer 0996,45,Self-employed,1325638.47,712,6
997,Demo Customer 0997,64,Retired,725429.75,686,7
998,Demo Customer 0998,36,Salaried,131837.18,706,1
999,Demo Customer 0999,47,Salaried,172973.98,709,7
1000,Demo Customer 1000,53,Self-employed,378759.81,707,5
1001,Demo Customer 1001,63,Salaried,1173093.0,584,3
1002,Demo Customer 1002,52,Retired,914857.29,708,3
1003,Demo Customer 1003,48,Self-employed,993923.42,697,2
1004,Demo Customer 1004,26,Self-employed,1109396.39,778,7
1005,Demo Customer 1005,56,Salaried,1076997.85,763,3
1006,Demo Customer 1006,48,Retired,752065.01,795,4
1007,Demo Customer 1007,30,Self-employed,420346.14,606,3
1008,Demo Customer 1008,36,Salaried,412009.66,624,6
1009,Demo Customer 1009,62,Self-employed,656428.64,699,8
1010,Demo Customer 1010,39,Salaried,526481.73,809,6
1011,Demo Customer 1011,57,Student,479823.12,837,3
1012,Demo Customer 1012,29,Self-employed,1083255.06,635,7
1013,Demo Customer 1013,45,Self-employed,687248.07,743,4
1014,Demo Customer 1014,49,Self-employed,353996.48,685,8
1015,Demo Customer 1015,69,Salaried,345931.42,770,2
1016,Demo Customer 1016,58,Salaried,536658.79,743,1
1017,Demo Customer 1017,64,Retired,316202.66,633,1
1018,Demo Customer 1018,21,Salaried,1006789.24,703,3
1019,Demo Customer 1019,44,Salaried,415643.55,696,7
1020,Demo Customer 1020,64,Self-employed,171177.43,702,7
1021,Demo Customer 1021,23,Self-employed,723020.03,734,1
1022,Demo Customer 1022,65,Self-employed,298191.06,729,1
1023,Demo Customer 1023,42,Self-employed,964941.48,752,5
1024,Demo Customer 1024,33,Salaried,542906.98,747,2
1025,Demo Customer 1025,63,Salaried,443987.34,677,5
1026,Demo Customer 1026,29,Student,122761.51,571,8
1027,Demo Customer 1027,57,Salaried,544157.63,690,6
1028,Demo Customer 1028,35,Self-employed,954815.27,712,8
1029,Demo Customer 1029,66,Salaried,2780861.71,716,5
1030,Demo Customer 1030,51,Salaried,2021778.06,747,5
1031,Demo Customer 1031,55,Salaried,241802.09,725,4
1032,Demo Customer 1032,65,Self-employed,871056.95,564,2
1033,Demo Customer 1033,68,Student,541719.75,625,3
1034,Demo Customer 1034,35,Self-employed,488951.12,739,7
1035,Demo Customer 1035,25,Self-employed,465455.73,754,3
1036,Demo Customer 1036,55,Salaried,514769.43,702,8
1037,Demo Customer 1037,66,Retired,408751.97,720,3
1038,Demo Customer 1038,44,Salaried,112971.96,819,3
1039,Demo Customer 1039,49,Salaried,388726.91,677,7
1040,Demo Customer 1040,37,Salaried,480587.47,690,5
1041,Demo Customer 1041,48,Self-employed,736273.3,660,1
1042,Demo Customer 1042,30,Salaried,283387.52,667,4
1043,Demo Customer 1043,64,Retired,1230339.13,600,3
1044,Demo Customer 1044,56,Self-employed,435379.08,688,2
1045,Demo Customer 1045,62,Salaried,764566.84,688,5
1046,Demo Customer 1046,30,Salaried,713876.75,817,8
1047,Demo Customer 1047,51,Salaried,404835.71,849,5
1048,Demo Customer 1048,66,Self-employed,370425.0,632,3
1049,Demo Customer 1049,22,Salaried,1844178.59,812,2
1050,Demo Customer 1050,66,Salaried,223655.88,681,5
1051,Demo Customer 1051,65,Salaried,402321.66,578,4
1052,Demo Customer 1052,27,Self-employed,716103.87,842,5
1053,Demo Customer 1053,37,Salaried,138122.37,671,8
1054,Demo Customer 1054,54,Salaried,924129.34,682,3
1055,Demo Customer 1055,70,Salaried,950533.12,761,2
1056,Demo Customer 1056,43,Salaried,481586.49,845,7
1057,Demo Customer 1057,35,Salaried,133182.95,679,6
1058,Demo Customer 1058,51,Salaried,661290.74,729,4
1059,Demo Customer 1059,48,Retired,121471.09,733,7
1060,Demo Customer 1060,46,Salaried,259381.96,822,6
1061,Demo Customer 1061,37,Salaried,341048.78,559,7
1062,Demo Customer 1062,43,Self-employed,215280.66,765,4
1063,Demo Customer 1063,47,Self-employed,549989.54,666,4
1064,Demo Customer 1064,62,Self-employed,835055.44,796,5
1065,Demo Customer 1065,43,Retired,595883.4,655,5
1066,Demo Customer 1066,47,Salaried,498703.64,677,2
1067,Demo Customer 1067,48,Self-employed,1130372.18,731,2
1068,Demo Customer 1068,32,Salaried,429223.42,678,7
1069,Demo Customer 1069,21,Self-employed,794552.6,701,2
1070,Demo Customer 1070,21,Self-employed,246212.19,688,7
1071,Demo Customer 1071,31,Salaried,1395761.21,590,2
1072,Demo Customer 1072,47,Salaried,655963.39,657,2
1073,Demo Customer 1073,52,Salaried,1106445.55,865,8
1074,Demo Customer 1074,37,Student,273064.96,703,7
1075,Demo Customer 1075,54,Salaried,476544.37,750,1
1076,Demo Customer 1076,67,Salaried,898620.24,741,1
1077,Demo Customer 1077,45,Self-employed,1026329.57,698,6
1078,Demo Customer 1078,39,Salaried,481011.92,730,6
1079,Demo Customer 1079,30,Salaried,611135.83,792,6
1080,Demo Customer 1080,54,Salaried,285765.12,775,4
1081,Demo Customer 1081,67,Salaried,398166.88,748,8
1082,Demo Customer 1082,39,Salaried,860620.92,792,2
1083,Demo Customer 1083,46,Salaried,954880.76,749,4
1084,Demo Customer 1084,37,Salaried,615511.69,696,4
1085,Demo Customer 1085,31,Salaried,562345.6,659,4
1086,Demo Customer 1086,30,Self-employed,405928.2,759,6
1087,Demo Customer 1087,62,Self-employed,292662.09,688,3
1088,Demo Customer 1088,44,Salaried,827761.51,581,3
1089,Demo Customer 1089,44,Student,630328.42,789,5
1090,Demo Customer 1090,27,Salaried,723620.61,707,3
1091,Demo Customer 1091,69,Salaried,535764.15,669,4
1092,Demo Customer 1092,47,Self-employed,893104.73,672,8
1093,Demo Customer 1093,68,Retired,606543.78,678,4
1094,Demo Customer 1094,29,Salaried,582239.62,557,7
1095,Demo Customer 1095,33,Salaried,634673.71,620,3
1096,Demo Customer 1096,21,Salaried,619590.34,697,6
1097,Demo Customer 1097,64,Salaried,564333.9,708,4
1098,Demo Customer 1098,35,Retired,646037.6,744,8
1099,Demo Customer 1099,24,Self-employed,597152.18,694,5
1100,Demo Customer 1100,65,Self-employed,691667.05,733,1
1101,Demo Customer 1101,31,Retired,412602.21,558,2
1102,Demo Customer 1102,27,Self-employed,828893.06,698,4
1103,Demo Customer 1103,58,Salaried,645998.56,687,7
1104,Demo Customer 1104,39,Salaried,1194069.22,696,2
1105,Demo Customer 1105,39,Salaried,196903.29,684,1
1106,Demo Customer 1106,36,Salaried,850570.86,739,7
1107,Demo Customer 1107,60,Salaried,425375.04,704,2
1108,Demo Customer 1108,54,Salaried,371974.2,603,5
1109,Demo Customer 1109,70,Retired,769358.67,592,5
1110,Demo Customer 1110,32,Self-employed,286504.92,779,4
1111,Demo Customer 1111,69,Salaried,1053336.21,754,7
1112,Demo Customer 1112,32,Salaried,691926.6,719,1
1113,Demo Customer 1113,22,Retired,457348.51,740,6
1114,Demo Customer 1114,33,Self-employed,251282.19,636,6
1115,Demo Customer 1115,58,Salaried,534748.12,635,4
1116,Demo Customer 1116,50,Student,734768.56,645,8
1117,Demo Customer 1117,59,Self-employed,563932.55,852,2
1118,Demo Customer 1118,51,Self-employed,1460984.39,790,5
1119,Demo Customer 1119,21,Salaried,873248.41,587,5
1120,Demo Customer 1120,42,Salaried,468683.15,730,6
1121,Demo Customer 1121,58,Salaried,933553.39,794,5
1122,Demo Customer 1122,67,Self-employed,434426.91,727,2
1123,Demo Customer 1123,37,Salaried,1407848.53,743,6
1124,Demo Customer 1124,46,Self-employed,650351.7,738,8
1125,Demo Customer 1125,28,Self-employed,862477.52,676,5
1126,Demo Customer 1126,55,Self-employed,497844.23,612,8
1127,Demo Customer 1127,43,Salaried,865396.88,713,5
1128,Demo Customer 1128,56,Salaried,320852.52,869,3
1129,Demo Customer 1129,66,Salaried,203990.32,612,2
1130,Demo Customer 1130,43,Self-employed,828234.66,790,1
1131,Demo Customer 1131,35,Self-employed,982442.21,535,1
1132,Demo Customer 1132,64,Salaried,882751.72,665,8
1133,Demo Customer 1133,33,Salaried,336516.57,807,2
1134,Demo Customer 1134,25,Salaried,1485162.53,763,7
1135,Demo Customer 1135,65,Self-employed,860625.19,728,8
1136,Demo Customer 1136,42,Salaried,2851564.82,900,3
1137,Demo Customer 1137,59,Salaried,478063.29,681,4
1138,Demo Customer 1138,55,Student,779058.78,844,4
1139,Demo Customer 1139,47,Self-employed,598437.8,690,5
1140,Demo Customer 1140,58,Self-employed,229734.57,748,1
1141,Demo Customer 1141,45,Salaried,839034.06,702,4
1142,Demo Customer 1142,29,Salaried,191686.75,704,2
1143,Demo Customer 1143,27,Salaried,660742.02,620,6
1144,Demo Customer 1144,38,Salaried,543672.37,732,3
1145,Demo Customer 1145,61,Self-employed,651842.63,782,6
1146,Demo Customer 1146,40,Salaried,749219.58,632,7
1147,Demo Customer 1147,23,Self-employed,777676.81,653,2
1148,Demo Customer 1148,63,Salaried,381193.35,661,8
1149,Demo Customer 1149,24,Salaried,871075.6,580,2
1150,Demo Customer 1150,21,Salaried,680662.36,690,5
1151,Demo Customer 1151,48,Student,284651.89,641,1
1152,Demo Customer 1152,62,Salaried,496991.16,766,5
1153,Demo Customer 1153,37,Salaried,913690.24,808,3
1154,Demo Customer 1154,62,Salaried,232929.57,690,3
1155,Demo Customer 1155,30,Self-employed,983260.14,602,8
1156,Demo Customer 1156,70,Self-employed,237833.04,780,3
1157,Demo Customer 1157,57,Retired,648169.28,719,2
1158,Demo Customer 1158,31,Salaried,1204399.73,704,3
1159,Demo Customer 1159,40,Self-employed,339096.38,724,7
1160,Demo Customer 1160,59,Salaried,371047.23,872,6
1161,Demo Customer 1161,44,Self-employed,669504.98,619,2
1162,Demo Customer 1162,57,Salaried,578330.72,738,4
1163,Demo Customer 1163,34,Salaried,884947.93,639,4
1164,Demo Customer 1164,43,Self-employed,836121.55,664,4
1165,Demo Customer 1165,33,Salaried,327032.72,682,6
1166,Demo Customer 1166,52,Salaried,914137.46,748,2
1167,Demo Customer 1167,43,Self-employed,1487571.39,704,7
1168,Demo Customer 1168,42,Self-employed,1005013.7,696,6
1169,Demo Customer 1169,49,Self-employed,691436.98,682,6
1170,Demo Customer 1170,59,Salaried,287683.26,697,1
1171,Demo Customer 1171,38,Self-employed,332223.79,782,8
1172,Demo Customer 1172,68,Salaried,581882.97,618,4
1173,Demo Customer 1173,25,Salaried,305059.61,831,2
1174,Demo Customer 1174,44,Salaried,525985.38,688,2
1175,Demo Customer 1175,49,Salaried,690167.56,598,5
1176,Demo Customer 1176,46,Self-employed,256869.28,703,8
1177,Demo Customer 1177,39,Salaried,568296.31,685,3
1178,Demo Customer 1178,52,Student,235537.07,749,4
1179,Demo Customer 1179,46,Salaried,338279.64,766,5
1180,Demo Customer 1180,23,Salaried,257063.65,658,8
1181,Demo Customer 1181,46,Salaried,262000.81,611,3
1182,Demo Customer 1182,48,Self-employed,345911.5,735,2
1183,Demo Customer 1183,44,Salaried,622396.51,674,3
1184,Demo Customer 1184,22,Self-employed,605127.06,794,2
1185,Demo Customer 1185,21,Self-employed,432842.77,632,6
1186,Demo Customer 1186,51,Salaried,1178412.98,608,4
1187,Demo Customer 1187,66,Salaried,653527.44,595,1
1188,Demo Customer 1188,43,Salaried,496823.59,751,2
1189,Demo Customer 1189,24,Student,2038437.91,728,4
1190,Demo Customer 1190,25,Self-employed,972824.65,757,1
1191,Demo Customer 1191,43,Self-employed,239456.65,711,6
1192,Demo Customer 1192,57,Salaried,368613.87,720,8
1193,Demo Customer 1193,59,Salaried,546766.94,647,2
1194,Demo Customer 1194,35,Self-employed,484770.23,708,6
1195,Demo Customer 1195,48,Self-employed,1147139.51,573,4
1196,Demo Customer 1196,43,Salaried,746785.13,637,6
1197,Demo Customer 1197,45,Self-employed,360800.31,731,1
1198,Demo Customer 1198,35,Student,432026.85,581,8
1199,Demo Customer 1199,34,Self-employed,645612.07,661,6
1200,Demo Customer 1200,53,Salaried,513379.0,563,1
1201,Demo Customer 1201,49,Salaried,674598.48,694,2
1202,Demo Customer 1202,36,Salaried,608457.25,846,4
1203,Demo Customer 1203,26,Salaried,546037.0,721,5
1204,Demo Customer 1204,68,Salaried,709444.84,819,3
1205,Demo Customer 1205,69,Student,941620.3,757,3
1206,Demo Customer 1206,42,Self-employed,813480.02,668,1
1207,Demo Customer 1207,41,Salaried,428182.97,631,5
1208,Demo Customer 1208,65,Self-employed,936206.18,675,2
1209,Demo Customer 1209,32,Salaried,1240977.54,867,5
1210,Demo Customer 1210,50,Salaried,765264.57,651,6
1211,Demo Customer 1211,45,Self-employed,899372.16,772,8
1212,Demo Customer 1212,29,Salaried,1921919.7,715,8
1213,Demo Customer 1213,35,Self-employed,1050767.02,720,3
1214,Demo Customer 1214,32,Salaried,351877.21,697,4
1215,Demo Customer 1215,39,Retired,812473.64,760,3
1216,Demo Customer 1216,45,Retired,167442.43,705,8
1217,Demo Customer 1217,56,Self-employed,310417.32,714,3
1218,Demo Customer 1218,51,Salaried,679741.88,694,6
1219,Demo Customer 1219,70,Salaried,555853.13,645,7
1220,Demo Customer 1220,29,Salaried,781530.82,672,8
1221,Demo Customer 1221,27,Salaried,349603.38,620,2
1222,Demo Customer 1222,29,Self-employed,790354.17,600,6
1223,Demo Customer 1223,56,Retired,554269.95,727,3
1224,Demo Customer 1224,41,Self-employed,1093605.94,667,4
1225,Demo Customer 1225,57,Salaried,695778.41,665,5
1226,Demo Customer 1226,40,Salaried,1020626.2,708,7
1227,Demo Customer 1227,30,Salaried,291105.92,612,1
1228,Demo Customer 1228,55,Student,642579.67,740,3
1229,Demo Customer 1229,24,Student,482307.25,642,2
1230,Demo Customer 1230,62,Student,479795.6,689,3
1231,Demo Customer 1231,28,Self-employed,743142.7,750,3
1232,Demo Customer 1232,25,Retired,447512.28,829,8
1233,Demo Customer 1233,42,Salaried,655909.21,710,8
1234,Demo Customer 1234,57,Salaried,241737.12,602,3
1235,Demo Customer 1235,40,Salaried,435455.44,607,6
1236,Demo Customer 1236,30,Self-employed,721125.87,704,8
1237,Demo Customer 1237,28,Salaried,391581.14,685,1
1238,Demo Customer 1238,27,Salaried,695160.48,810,4
1239,Demo Customer 1239,35,Self-employed,318006.23,687,6
1240,Demo Customer 1240,34,Self-employed,239887.8,717,7
1241,Demo Customer 1241,31,Self-employed,552911.0,690,7
1242,Demo Customer 1242,66,Student,295829.36,740,5
1243,Demo Customer 1243,55,Self-employed,178425.46,767,7
1244,Demo Customer 1244,35,Self-employed,1972959.96,742,7
1245,Demo Customer 1245,66,Student,532670.01,721,6
1246,Demo Customer 1246,49,Salaried,126216.37,779,6
1247,Demo Customer 1247,59,Self-employed,497467.76,659,2
1248,Demo Customer 1248,28,Salaried,1159045.47,589,5
1249,Demo Customer 1249,24,Salaried,704557.76,663,8
1250,Demo Customer 1250,27,Student,596993.25,752,3
1251,Demo Customer 1251,24,Self-employed,1273807.34,668,1
1252,Demo Customer 1252,62,Salaried,407402.95,681,7
1253,Demo Customer 1253,35,Salaried,742872.76,580,3
1254,Demo Customer 1254,63,Self-employed,375467.87,687,1
1255,Demo Customer 1255,54,Salaried,332347.83,684,2
1256,Demo Customer 1256,55,Self-employed,719975.7,682,8
1257,Demo Customer 1257,59,Salaried,1095174.14,649,3
1258,Demo Customer 1258,31,Salaried,808771.13,858,2
1259,Demo Customer 1259,40,Salaried,423067.62,690,7
1260,Demo Customer 1260,41,Salaried,734271.46,802,1
1261,Demo Customer 1261,69,Salaried,550006.48,794,6
1262,Demo Customer 1262,69,Self-employed,802327.59,589,5
1263,Demo Customer 1263,41,Salaried,450744.08,754,3
1264,Demo Customer 1264,51,Self-employed,700795.3,614,3
1265,Demo Customer 1265,36,Student,520647.25,702,7
1266,Demo Customer 1266,56,Salaried,1265625.58,736,7
1267,Demo Customer 1267,67,Salaried,196908.46,632,6
1268,Demo Customer 1268,61,Self-employed,753206.99,709,8
1269,Demo Customer 1269,53,Self-employed,201274.88,723,5
1270,Demo Customer 1270,56,Self-employed,332098.88,676,4
1271,Demo Customer 1271,24,Salaried,487866.31,741,2
1272,Demo Customer 1272,65,Self-employed,185714.0,575,4
1273,Demo Customer 1273,53,Self-employed,1430983.19,695,4
1274,Demo Customer 1274,41,Self-employed,349040.07,834,3
1275,Demo Customer 1275,41,Self-employed,490296.17,767,2
1276,Demo Customer 1276,29,Salaried,642522.95,764,5
1277,Demo Customer 1277,26,Salaried,698259.73,876,8
1278,Demo Customer 1278,69,Salaried,3042895.2,790,7
1279,Demo Customer 1279,46,Salaried,567789.94,739,6
1280,Demo Customer 1280,33,Salaried,299304.25,692,7
1281,Demo Customer 1281,40,Retired,639953.3,753,5
1282,Demo Customer 1282,31,Salaried,337114.43,583,7
1283,Demo Customer 1283,38,Salaried,542385.57,608,6
1284,Demo Customer 1284,43,Salaried,748182.45,758,3
1285,Demo Customer 1285,65,Student,666226.68,595,7
1286,Demo Customer 1286,23,Salaried,1137612.71,625,8
1287,Demo Customer 1287,26,Salaried,646896.44,712,1
1288,Demo Customer 1288,27,Retired,304159.39,719,6
1289,Demo Customer 1289,58,Salaried,718725.27,774,2
1290,Demo Customer 1290,65,Salaried,650905.98,718,7
1291,Demo Customer 1291,61,Self-employed,860926.4,653,4
1292,Demo Customer 1292,67,Salaried,553766.43,628,8
1293,Demo Customer 1293,32,Self-employed,1211994.83,644,3
1294,Demo Customer 1294,34,Salaried,326542.99,685,8
1295,Demo Customer 1295,52,Salaried,294984.35,749,1
1296,Demo Customer 1296,40,Salaried,250179.22,787,1
1297,Demo Customer 1297,29,Self-employed,357686.06,593,7
1298,Demo Customer 1298,43,Salaried,1208370.55,714,8
1299,Demo Customer 1299,21,Salaried,977666.88,650,5
1300,Demo Customer 1300,65,Self-employed,1170327.78,681,6
1301,Demo Customer 1301,61,Salaried,890680.5,697,1
1302,Demo Customer 1302,69,Self-employed,221364.98,762,1
1303,Demo Customer 1303,62,Salaried,479794.09,720,6
1304,Demo Customer 1304,56,Self-employed,314789.28,652,1
1305,Demo Customer 1305,48,Student,994774.13,793,7
1306,Demo Customer 1306,47,Self-employed,1072931.85,639,4
1307,Demo Customer 1307,41,Salaried,298468.36,721,3
1308,Demo Customer 1308,24,Salaried,271673.48,766,4
1309,Demo Customer 1309,47,Salaried,265010.83,705,6
1310,Demo Customer 1310,29,Salaried,1235508.57,682,1
1311,Demo Customer 1311,61,Salaried,409441.43,763,2
1312,Demo Customer 1312,38,Retired,1752593.11,670,2
1313,Demo Customer 1313,60,Salaried,499405.15,645,4
1314,Demo Customer 1314,49,Retired,549319.24,654,7
1315,Demo Customer 1315,66,Self-employed,579143.14,638,8
1316,Demo Customer 1316,68,Salaried,417689.51,712,3
1317,Demo Customer 1317,51,Salaried,649208.11,710,3
1318,Demo Customer 1318,65,Salaried,754087.08,730,6
1319,Demo Customer 1319,68,Salaried,1499277.46,664,6
1320,Demo Customer 1320,34,Salaried,710434.14,763,4
1321,Demo Customer 1321,68,Salaried,557368.62,824,1
1322,Demo Customer 1322,45,Self-employed,503021.61,706,2
1323,Demo Customer 1323,70,Self-employed,427955.93,766,8
1324,Demo Customer 1324,50,Salaried,358741.71,757,1
1325,Demo Customer 1325,36,Salaried,605435.33,717,3
1326,Demo Customer 1326,24,Salaried,1071530.57,795,1
1327,Demo Customer 1327,28,Salaried,432912.08,666,3
1328,Demo Customer 1328,62,Self-employed,318135.37,793,4
1329,Demo Customer 1329,63,Student,699539.94,610,7
1330,Demo Customer 1330,31,Salaried,490158.39,715,5
1331,Demo Customer 1331,55,Self-employed,821593.48,727,6
1332,Demo Customer 1332,59,Retired,665286.43,860,7
1333,Demo Customer 1333,56,Self-employed,458430.72,791,1
1334,Demo Customer 1334,58,Salaried,920878.71,681,3
1335,Demo Customer 1335,48,Salaried,437109.44,797,8
1336,Demo Customer 1336,36,Salaried,817238.67,633,6
1337,Demo Customer 1337,54,Salaried,861674.72,640,6
1338,Demo Customer 1338,28,Salaried,818745.16,817,8
1339,Demo Customer 1339,47,Salaried,484806.54,759,3
1340,Demo Customer 1340,30,Salaried,339353.65,709,4
1341,Demo Customer 1341,29,Salaried,402796.91,631,8
1342,Demo Customer 1342,25,Retired,451812.87,737,6
1343,Demo Customer 1343,47,Retired,751750.74,666,7
1344,Demo Customer 1344,39,Self-employed,574953.76,666,7
1345,Demo Customer 1345,25,Salaried,466315.22,627,4
1346,Demo Customer 1346,22,Salaried,1514287.48,778,4
1347,Demo Customer 1347,40,Salaried,202884.4,621,4
1348,Demo Customer 1348,70,Salaried,384469.65,690,2
1349,Demo Customer 1349,63,Self-employed,327486.67,705,4
1350,Demo Customer 1350,28,Salaried,224412.59,530,4
1351,Demo Customer 1351,53,Salaried,424365.3,608,6
1352,Demo Customer 1352,34,Salaried,779762.93,687,2
1353,Demo Customer 1353,64,Salaried,372648.04,833,4
1354,Demo Customer 1354,61,Salaried,185114.05,713,4
1355,Demo Customer 1355,65,Self-employed,934427.22,683,4
1356,Demo Customer 1356,54,Salaried,1983579.18,518,2
1357,Demo Customer 1357,61,Salaried,914663.59,680,2
1358,Demo Customer 1358,64,Salaried,216615.3,718,3
1359,Demo Customer 1359,60,Salaried,642727.63,736,3
1360,Demo Customer 1360,48,Self-employed,690868.33,775,6
1361,Demo Customer 1361,65,Salaried,662120.38,735,5
1362,Demo Customer 1362,62,Salaried,367576.98,781,6
1363,Demo Customer 1363,24,Retired,925921.54,659,2
1364,Demo Customer 1364,50,Self-employed,343866.94,782,8
1365,Demo Customer 1365,40,Self-employed,602747.23,708,1
1366,Demo Customer 1366,41,Retired,700716.52,681,7
1367,Demo Customer 1367,65,Salaried,1048401.05,736,2
1368,Demo Customer 1368,62,Salaried,503237.35,760,7
1369,Demo Customer 1369,29,Retired,369160.48,604,1
1370,Demo Customer 1370,32,Salaried,926075.37,621,5
1371,Demo Customer 1371,64,Self-employed,826501.4,579,6
1372,Demo Customer 1372,22,Self-employed,1192623.92,735,7
1373,Demo Customer 1373,35,Self-employed,155983.04,900,4
1374,Demo Customer 1374,33,Salaried,367544.36,704,6
1375,Demo Customer 1375,62,Salaried,436905.66,805,4
1376,Demo Customer 1376,28,Salaried,827805.78,533,8
1377,Demo Customer 1377,44,Self-employed,285910.9,751,3
1378,Demo Customer 1378,23,Salaried,1362171.15,603,6
1379,Demo Customer 1379,63,Salaried,545884.86,735,3
1380,Demo Customer 1380,28,Salaried,217175.16,776,4
1381,Demo Customer 1381,42,Retired,345794.52,702,7
1382,Demo Customer 1382,60,Salaried,299050.23,538,5
1383,Demo Customer 1383,69,Salaried,974432.64,803,6
1384,Demo Customer 1384,61,Salaried,686659.72,761,1
1385,Demo Customer 1385,32,Student,685119.09,720,3
1386,Demo Customer 1386,43,Self-employed,866418.9,691,1
1387,Demo Customer 1387,28,Retired,523646.43,821,1
1388,Demo Customer 1388,63,Self-employed,229689.41,781,8
1389,Demo Customer 1389,62,Salaried,365749.6,620,7
1390,Demo Customer 1390,21,Self-employed,371555.44,745,2
1391,Demo Customer 1391,64,Salaried,386822.74,731,4
1392,Demo Customer 1392,43,Self-employed,974299.81,820,1
1393,Demo Customer 1393,37,Salaried,564740.51,799,1
1394,Demo Customer 1394,69,Self-employed,405495.1,624,8
1395,Demo Customer 1395,49,Self-employed,507471.66,815,8
1396,Demo Customer 1396,25,Salaried,678561.22,762,6
1397,Demo Customer 1397,45,Salaried,379550.36,646,7
1398,Demo Customer 1398,63,Salaried,634315.38,668,7
1399,Demo Customer 1399,69,Salaried,648672.21,600,1
1400,Demo Customer 1400,57,Retired,982509.19,639,8
1401,Demo Customer 1401,29,Self-employed,936101.33,715,8
1402,Demo Customer 1402,58,Salaried,659937.88,733,6
1403,Demo Customer 1403,22,Salaried,1770128.02,599,6
1404,Demo Customer 1404,21,Salaried,579335.92,602,6
1405,Demo Customer 1405,70,Salaried,555650.7,807,8
1406,Demo Customer 1406,33,Salaried,1621470.29,700,3
1407,Demo Customer 1407,22,Student,862114.36,739,5
1408,Demo Customer 1408,54,Self-employed,639054.91,638,7
1409,Demo Customer 1409,61,Salaried,1317325.88,594,2
1410,Demo Customer 1410,24,Self-employed,717221.61,826,2
1411,Demo Customer 1411,65,Salaried,1174297.1,806,2
1412,Demo Customer 1412,54,Self-employed,818862.09,546,7
1413,Demo Customer 1413,54,Retired,877037.82,618,7
1414,Demo Customer 1414,21,Self-employed,1568807.58,690,3
1415,Demo Customer 1415,57,Retired,336440.52,651,7
1416,Demo Customer 1416,46,Self-employed,661878.69,808,6
1417,Demo Customer 1417,55,Salaried,813703.23,737,6
1418,Demo Customer 1418,63,Retired,596523.4,644,8
1419,Demo Customer 1419,51,Self-employed,406426.3,660,7
1420,Demo Customer 1420,32,Self-employed,301647.3,543,4
1421,Demo Customer 1421,52,Salaried,397694.05,651,4
1422,Demo Customer 1422,63,Salaried,474817.27,678,1
1423,Demo Customer 1423,50,Student,984975.61,652,3
1424,Demo Customer 1424,46,Salaried,691691.92,701,6
1425,Demo Customer 1425,22,Self-employed,373519.51,726,6
1426,Demo Customer 1426,21,Self-employed,976420.13,719,7
1427,Demo Customer 1427,22,Retired,427133.4,771,7
1428,Demo Customer 1428,44,Salaried,524223.56,695,2
1429,Demo Customer 1429,35,Salaried,610655.61,710,5
1430,Demo Customer 1430,35,Salaried,505993.86,725,1
1431,Demo Customer 1431,43,Salaried,1024666.02,708,8
1432,Demo Customer 1432,49,Salaried,611690.56,683,1
1433,Demo Customer 1433,50,Self-employed,287012.14,687,6
1434,Demo Customer 1434,60,Salaried,969493.21,739,6
1435,Demo Customer 1435,56,Salaried,297513.6,760,8
1436,Demo Customer 1436,69,Self-employed,623009.63,700,1
1437,Demo Customer 1437,34,Self-employed,511192.12,778,5
1438,Demo Customer 1438,67,Retired,417166.63,604,5
1439,Demo Customer 1439,53,Self-employed,414800.18,797,7
1440,Demo Customer 1440,38,Self-employed,947652.34,683,6
1441,Demo Customer 1441,35,Student,342350.62,688,5
1442,Demo Customer 1442,55,Self-employed,450003.95,589,4
1443,Demo Customer 1443,38,Salaried,329812.92,700,8
1444,Demo Customer 1444,45,Salaried,1125092.92,569,6
1445,Demo Customer 1445,36,Retired,806498.81,900,3
1446,Demo Customer 1446,52,Salaried,725356.8,655,4
1447,Demo Customer 1447,50,Salaried,608213.81,611,2
1448,Demo Customer 1448,35,Self-employed,401250.41,790,3
1449,Demo Customer 1449,70,Salaried,363286.48,690,5
1450,Demo Customer 1450,37,Salaried,396592.68,636,6
1451,Demo Customer 1451,52,Self-employed,1518218.34,650,6
1452,Demo Customer 1452,58,Salaried,1112116.1,733,2
1453,Demo Customer 1453,27,Salaried,367968.74,528,3
1454,Demo Customer 1454,26,Salaried,1263078.46,788,2
1455,Demo Customer 1455,59,Self-employed,951672.66,767,3
1456,Demo Customer 1456,63,Salaried,573622.18,678,8
1457,Demo Customer 1457,29,Salaried,685910.42,510,5
1458,Demo Customer 1458,22,Salaried,817725.01,707,1
1459,Demo Customer 1459,36,Salaried,869682.15,784,2
1460,Demo Customer 1460,67,Self-employed,374874.65,553,8
1461,Demo Customer 1461,37,Salaried,1740473.18,638,4
1462,Demo Customer 1462,56,Self-employed,272887.52,719,7
1463,Demo Customer 1463,38,Salaried,575390.99,732,6
1464,Demo Customer 1464,26,Salaried,305232.3,606,4
1465,Demo Customer 1465,30,Self-employed,360149.48,738,6
1466,Demo Customer 1466,44,Student,350463.5,605,3
1467,Demo Customer 1467,60,Student,283837.56,614,3
1468,Demo Customer 1468,23,Salaried,906262.98,836,4
1469,Demo Customer 1469,49,Student,5016475.73,666,7
1470,Demo Customer 1470,35,Salaried,791805.31,576,5
1471,Demo Customer 1471,60,Salaried,1161800.93,708,1
1472,Demo Customer 1472,55,Salaried,2052454.46,599,4
1473,Demo Customer 1473,52,Salaried,135738.3,835,4
1474,Demo Customer 1474,46,Salaried,368023.36,713,5
1475,Demo Customer 1475,33,Self-employed,650410.8,750,5
1476,Demo Customer 1476,56,Salaried,350408.47,561,6
1477,Demo Customer 1477,36,Self-employed,2401926.78,757,5
1478,Demo Customer 1478,50,Salaried,895391.28,533,1
1479,Demo Customer 1479,65,Salaried,535548.3,692,8
1480,Demo Customer 1480,31,Self-employed,1089631.43,800,2
1481,Demo Customer 1481,27,Salaried,671144.29,677,3
1482,Demo Customer 1482,29,Salaried,387054.18,664,8
1483,Demo Customer 1483,60,Salaried,405683.03,564,4
1484,Demo Customer 1484,28,Student,396406.97,668,4
1485,Demo Customer 1485,46,Self-employed,688977.92,637,3
1486,Demo Customer 1486,68,Salaried,509970.45,609,4
1487,Demo Customer 1487,52,Salaried,474345.19,678,7
1488,Demo Customer 1488,66,Student,1391825.98,707,1
1489,Demo Customer 1489,65,Retired,871364.73,599,8
1490,Demo Customer 1490,23,Self-employed,484414.34,808,5
1491,Demo Customer 1491,49,Salaried,630029.26,677,7
1492,Demo Customer 1492,42,Retired,283127.21,721,4
1493,Demo Customer 1493,41,Salaried,752770.55,777,7
1494,Demo Customer 1494,56,Salaried,398525.8,584,7
1495,Demo Customer 1495,40,Salaried,533802.61,697,4
1496,Demo Customer 1496,29,Salaried,1861925.79,731,1
1497,Demo Customer 1497,22,Salaried,1638034.55,772,4
1498,Demo Customer 1498,40,Retired,311832.48,697,4
1499,Demo Customer 1499,38,Salaried,559790.78,665,8
1500,Demo Customer 1500,45,Student,343664.52,682,1
1501,Demo Customer 1501,40,Self-employed,497409.39,677,8
1502,Demo Customer 1502,53,Retired,914318.88,787,6
1503,Demo Customer 1503,58,Self-employed,1116886.18,781,1
1504,Demo Customer 1504,50,Salaried,640001.6,772,7
1505,Demo Customer 1505,65,Salaried,1682657.47,739,8
1506,Demo Customer 1506,45,Self-employed,1221313.13,738,8
1507,Demo Customer 1507,41,Salaried,503735.53,707,4
1508,Demo Customer 1508,47,Salaried,688393.51,790,7
1509,Demo Customer 1509,34,Salaried,189379.92,748,6
1510,Demo Customer 1510,47,Retired,120444.01,680,4
1511,Demo Customer 1511,32,Self-employed,722142.65,686,5
1512,Demo Customer 1512,39,Salaried,1544483.02,714,1
1513,Demo Customer 1513,59,Self-employed,561960.69,571,5
1514,Demo Customer 1514,52,Salaried,611634.6,711,3
1515,Demo Customer 1515,27,Salaried,571593.28,603,3
1516,Demo Customer 1516,34,Salaried,721812.1,698,4
1517,Demo Customer 1517,70,Salaried,1055349.16,542,1
1518,Demo Customer 1518,44,Salaried,610263.9,689,7
1519,Demo Customer 1519,34,Salaried,274654.01,630,4
1520,Demo Customer 1520,44,Student,517075.41,652,6
1521,Demo Customer 1521,32,Self-employed,316404.69,762,8
1522,Demo Customer 1522,26,Salaried,572057.53,756,4
1523,Demo Customer 1523,42,Self-employed,926309.75,832,1
1524,Demo Customer 1524,39,Salaried,251897.61,820,3
1525,Demo Customer 1525,70,Salaried,788956.76,761,6
1526,Demo Customer 1526,57,Student,443154.84,715,8
1527,Demo Customer 1527,45,Salaried,609546.48,737,4
1528,Demo Customer 1528,45,Self-employed,768338.11,661,5
1529,Demo Customer 1529,43,Retired,185135.52,670,5
1530,Demo Customer 1530,70,Retired,994061.0,616,2
1531,Demo Customer 1531,59,Self-employed,503860.62,718,8
1532,Demo Customer 1532,26,Salaried,771849.23,501,2
1533,Demo Customer 1533,53,Salaried,809504.84,699,8
1534,Demo Customer 1534,39,Self-employed,625488.46,775,2
1535,Demo Customer 1535,68,Retired,595380.0,719,1
1536,Demo Customer 1536,54,Student,1224867.58,733,7
1537,Demo Customer 1537,65,Self-employed,162391.57,788,7
1538,Demo Customer 1538,35,Retired,594305.58,618,4
1539,Demo Customer 1539,23,Salaried,360898.77,723,3
1540,Demo Customer 1540,58,Self-employed,680964.23,711,8
1541,Demo Customer 1541,35,Self-employed,3924651.59,697,5
1542,Demo Customer 1542,35,Self-employed,509603.9,865,4
1543,Demo Customer 1543,27,Self-employed,659026.12,689,2
1544,Demo Customer 1544,33,Salaried,282263.9,743,7
1545,Demo Customer 1545,47,Salaried,521773.4,678,7
1546,Demo Customer 1546,40,Self-employed,691938.87,606,4
1547,Demo Customer 1547,46,Self-employed,2447472.56,713,7
1548,Demo Customer 1548,56,Salaried,346915.24,626,5
1549,Demo Customer 1549,51,Self-employed,577721.11,639,5
1550,Demo Customer 1550,61,Salaried,1006748.5,900,5
1551,Demo Customer 1551,22,Salaried,406122.06,577,7
1552,Demo Customer 1552,42,Salaried,200639.64,652,2
1553,Demo Customer 1553,31,Salaried,1793533.39,702,2
1554,Demo Customer 1554,50,Self-employed,1002277.08,672,8
1555,Demo Customer 1555,60,Salaried,579415.56,859,5
1556,Demo Customer 1556,51,Salaried,310333.02,576,5
1557,Demo Customer 1557,70,Salaried,561470.23,643,8
1558,Demo Customer 1558,29,Salaried,557838.08,668,6
1559,Demo Customer 1559,29,Salaried,297892.17,788,6
1560,Demo Customer 1560,42,Salaried,214167.64,817,4
1561,Demo Customer 1561,67,Student,1107229.09,648,3
1562,Demo Customer 1562,43,Retired,797496.64,716,4
1563,Demo Customer 1563,48,Salaried,143804.01,691,6
1564,Demo Customer 1564,48,Salaried,1073099.5,742,1
1565,Demo Customer 1565,62,Salaried,673053.2,736,6
1566,Demo Customer 1566,45,Salaried,1995304.69,800,5
1567,Demo Customer 1567,22,Self-employed,971797.13,780,5
1568,Demo Customer 1568,49,Salaried,1629313.35,680,6
1569,Demo Customer 1569,36,Self-employed,1054114.78,683,2
1570,Demo Customer 1570,32,Retired,495040.67,677,6
1571,Demo Customer 1571,53,Salaried,762659.41,722,1
1572,Demo Customer 1572,23,Self-employed,146619.98,746,4
1573,Demo Customer 1573,30,Salaried,523250.93,781,3
1574,Demo Customer 1574,66,Self-employed,352803.19,820,8
1575,Demo Customer 1575,54,Self-employed,306153.18,771,7
1576,Demo Customer 1576,32,Self-employed,601630.6,606,5
1577,Demo Customer 1577,50,Student,796673.36,659,5
1578,Demo Customer 1578,63,Student,699920.45,716,6
1579,Demo Customer 1579,53,Salaried,1178860.14,714,6
1580,Demo Customer 1580,41,Salaried,894338.05,607,6
1581,Demo Customer 1581,40,Salaried,1116157.07,624,5
1582,Demo Customer 1582,36,Salaried,827671.97,763,3
1583,Demo Customer 1583,27,Self-employed,527368.27,775,2
1584,Demo Customer 1584,33,Salaried,562089.77,807,7
1585,Demo Customer 1585,47,Salaried,746234.51,751,7
1586,Demo Customer 1586,24,Salaried,273808.43,622,8
1587,Demo Customer 1587,45,Salaried,871931.9,783,1
1588,Demo Customer 1588,42,Salaried,152782.69,771,4
1589,Demo Customer 1589,62,Retired,261260.46,778,8
1590,Demo Customer 1590,58,Self-employed,791262.13,775,1
1591,Demo Customer 1591,52,Salaried,400708.79,699,5
1592,Demo Customer 1592,26,Salaried,1277462.81,791,1
1593,Demo Customer 1593,41,Salaried,330686.1,784,6
1594,Demo Customer 1594,53,Self-employed,704723.02,700,6
1595,Demo Customer 1595,23,Retired,698891.42,614,1
1596,Demo Customer 1596,58,Salaried,698706.8,649,2
1597,Demo Customer 1597,41,Salaried,524184.22,743,8
1598,Demo Customer 1598,23,Retired,728583.01,796,7
1599,Demo Customer 1599,49,Retired,405376.4,755,5
1600,Demo Customer 1600,53,Self-employed,711773.36,712,6
1601,Demo Customer 1601,55,Self-employed,402490.18,709,7
1602,Demo Customer 1602,37,Salaried,1243879.75,734,5
1603,Demo Customer 1603,46,Retired,410489.56,529,7
1604,Demo Customer 1604,44,Student,320791.87,771,3
1605,Demo Customer 1605,60,Retired,467043.64,621,6
1606,Demo Customer 1606,65,Student,320881.51,652,7
1607,Demo Customer 1607,46,Student,520892.98,808,6
1608,Demo Customer 1608,47,Salaried,294815.39,762,8
1609,Demo Customer 1609,25,Salaried,356742.76,665,6
1610,Demo Customer 1610,65,Retired,386352.66,669,3
1611,Demo Customer 1611,58,Salaried,370695.01,717,4
1612,Demo Customer 1612,49,Self-employed,509352.0,780,3
1613,Demo Customer 1613,30,Self-employed,413596.54,661,7
1614,Demo Customer 1614,27,Salaried,433003.54,729,2
1615,Demo Customer 1615,32,Salaried,759502.37,625,5
1616,Demo Customer 1616,69,Retired,328553.56,685,6
1617,Demo Customer 1617,28,Salaried,625985.75,729,5
1618,Demo Customer 1618,50,Retired,687408.76,727,6
1619,Demo Customer 1619,43,Student,728599.6,758,6
1620,Demo Customer 1620,54,Salaried,263033.94,771,8
1621,Demo Customer 1621,53,Salaried,885892.78,787,8
1622,Demo Customer 1622,59,Self-employed,707385.9,725,1
1623,Demo Customer 1623,44,Self-employed,1018427.41,599,5
1624,Demo Customer 1624,63,Retired,647628.65,826,6
1625,Demo Customer 1625,36,Self-employed,679967.49,634,7
1626,Demo Customer 1626,69,Salaried,255376.89,727,3
1627,Demo Customer 1627,66,Self-employed,664551.81,666,2
1628,Demo Customer 1628,52,Salaried,271505.15,718,1
1629,Demo Customer 1629,63,Salaried,754950.31,671,5
1630,Demo Customer 1630,51,Salaried,449784.81,650,8
1631,Demo Customer 1631,35,Self-employed,931852.69,697,2
1632,Demo Customer 1632,60,Salaried,247044.38,642,3
1633,Demo Customer 1633,43,Salaried,781516.49,750,8
1634,Demo Customer 1634,49,Salaried,292323.34,836,8
1635,Demo Customer 1635,63,Self-employed,1319707.9,534,3
1636,Demo Customer 1636,56,Salaried,1418815.32,583,3
1637,Demo Customer 1637,50,Salaried,1546436.91,720,5
1638,Demo Customer 1638,44,Salaried,252159.94,713,3
1639,Demo Customer 1639,45,Salaried,998314.78,723,7
1640,Demo Customer 1640,69,Salaried,538658.76,768,2
1641,Demo Customer 1641,48,Salaried,462906.5,827,6
1642,Demo Customer 1642,51,Self-employed,311765.21,726,2
1643,Demo Customer 1643,68,Self-employed,878855.8,669,8
1644,Demo Customer 1644,29,Student,812224.15,584,2
1645,Demo Customer 1645,59,Self-employed,293499.72,778,5
1646,Demo Customer 1646,40,Salaried,354178.79,707,1
1647,Demo Customer 1647,58,Salaried,180364.5,762,4
1648,Demo Customer 1648,22,Salaried,955176.11,637,2
1649,Demo Customer 1649,37,Salaried,1126109.58,625,8
1650,Demo Customer 1650,58,Salaried,460373.07,701,4
1651,Demo Customer 1651,63,Retired,1108761.73,781,8
1652,Demo Customer 1652,36,Salaried,865351.53,805,6
1653,Demo Customer 1653,55,Salaried,595546.58,732,2
1654,Demo Customer 1654,49,Self-employed,1073556.58,683,5
1655,Demo Customer 1655,42,Salaried,645234.08,686,8
1656,Demo Customer 1656,22,Salaried,1628704.13,677,7
1657,Demo Customer 1657,31,Salaried,1017571.63,886,6
1658,Demo Customer 1658,32,Self-employed,1326603.74,772,6
1659,Demo Customer 1659,59,Salaried,517756.06,825,4
1660,Demo Customer 1660,38,Student,284875.15,736,5
1661,Demo Customer 1661,41,Salaried,1083514.88,676,2
1662,Demo Customer 1662,67,Self-employed,252490.34,625,5
1663,Demo Customer 1663,27,Salaried,584152.08,660,2
1664,Demo Customer 1664,22,Salaried,431681.08,703,3
1665,Demo Customer 1665,51,Salaried,694564.35,769,4
1666,Demo Customer 1666,67,Salaried,638313.09,654,3
1667,Demo Customer 1667,67,Salaried,496861.26,688,8
1668,Demo Customer 1668,37,Salaried,361880.73,766,3
1669,Demo Customer 1669,47,Salaried,862421.27,622,3
1670,Demo Customer 1670,23,Retired,317550.28,638,7
1671,Demo Customer 1671,41,Retired,1664190.55,664,5
1672,Demo Customer 1672,38,Self-employed,436795.09,775,6
1673,Demo Customer 1673,53,Salaried,631977.03,711,8
1674,Demo Customer 1674,53,Salaried,539926.27,775,6
1675,Demo Customer 1675,35,Student,748327.09,643,7
1676,Demo Customer 1676,25,Salaried,392893.49,854,1
1677,Demo Customer 1677,63,Salaried,774824.18,814,3
1678,Demo Customer 1678,24,Salaried,595984.29,661,2
1679,Demo Customer 1679,28,Self-employed,966938.25,655,4
1680,Demo Customer 1680,30,Self-employed,665076.09,756,5
1681,Demo Customer 1681,35,Student,429088.11,631,1
1682,Demo Customer 1682,48,Salaried,1218568.56,830,6
1683,Demo Customer 1683,37,Salaried,635159.68,874,8
1684,Demo Customer 1684,21,Self-employed,501621.87,763,2
1685,Demo Customer 1685,55,Self-employed,424959.75,688,3
1686,Demo Customer 1686,33,Salaried,720321.81,754,1
1687,Demo Customer 1687,41,Salaried,503070.47,661,2
1688,Demo Customer 1688,70,Self-employed,411102.62,657,8
1689,Demo Customer 1689,54,Salaried,262570.79,684,6
1690,Demo Customer 1690,42,Self-employed,368532.97,757,5
1691,Demo Customer 1691,45,Salaried,1019336.09,782,3
1692,Demo Customer 1692,34,Salaried,662058.18,562,8
1693,Demo Customer 1693,57,Salaried,374528.06,731,3
1694,Demo Customer 1694,63,Self-employed,488873.61,653,2
1695,Demo Customer 1695,32,Salaried,311828.02,746,7
1696,Demo Customer 1696,56,Salaried,884728.18,703,1
1697,Demo Customer 1697,70,Salaried,372047.53,709,1
1698,Demo Customer 1698,34,Salaried,375874.66,720,4
1699,Demo Customer 1699,44,Salaried,804023.11,653,6
1700,Demo Customer 1700,60,Salaried,479142.62,794,8
1701,Demo Customer 1701,37,Self-employed,215663.18,746,3
1702,Demo Customer 1702,46,Salaried,471017.63,745,2
1703,Demo Customer 1703,24,Salaried,548551.4,719,5
1704,Demo Customer 1704,21,Retired,433119.08,852,5
1705,Demo Customer 1705,26,Salaried,405013.97,767,8
1706,Demo Customer 1706,31,Salaried,656677.21,726,8
1707,Demo Customer 1707,46,Salaried,490782.26,694,7
1708,Demo Customer 1708,37,Salaried,404841.36,637,7
1709,Demo Customer 1709,49,Self-employed,73804.75,731,1
1710,Demo Customer 1710,29,Salaried,438954.08,699,4
1711,Demo Customer 1711,43,Salaried,514797.58,712,2
1712,Demo Customer 1712,66,Salaried,499386.29,666,4
1713,Demo Customer 1713,23,Self-employed,296131.23,720,6
1714,Demo Customer 1714,35,Salaried,795046.33,637,4
1715,Demo Customer 1715,69,Salaried,439746.46,815,6
1716,Demo Customer 1716,68,Self-employed,440320.09,754,5
1717,Demo Customer 1717,70,Self-employed,451423.51,713,5
1718,Demo Customer 1718,61,Self-employed,581540.59,596,7
1719,Demo Customer 1719,53,Self-employed,566968.25,699,2
1720,Demo Customer 1720,22,Self-employed,1491509.35,677,6
1721,Demo Customer 1721,23,Salaried,582105.57,739,8
1722,Demo Customer 1722,46,Self-employed,508533.67,848,6
1723,Demo Customer 1723,54,Student,280056.15,624,7
1724,Demo Customer 1724,69,Salaried,819499.51,692,6
1725,Demo Customer 1725,28,Self-employed,921002.39,696,8
1726,Demo Customer 1726,39,Salaried,191578.45,881,6
1727,Demo Customer 1727,66,Self-employed,816740.58,556,4
1728,Demo Customer 1728,55,Self-employed,441969.32,773,4
1729,Demo Customer 1729,62,Salaried,153819.98,818,6
1730,Demo Customer 1730,38,Student,463039.66,632,3
1731,Demo Customer 1731,30,Salaried,385076.3,731,3
1732,Demo Customer 1732,41,Self-employed,1461229.68,669,1
1733,Demo Customer 1733,65,Salaried,306152.41,735,4
1734,Demo Customer 1734,46,Student,865440.37,704,7
1735,Demo Customer 1735,70,Salaried,1269581.99,740,4
1736,Demo Customer 1736,26,Salaried,815108.97,715,8
1737,Demo Customer 1737,55,Student,330648.23,722,5
1738,Demo Customer 1738,61,Salaried,611946.44,685,2
1739,Demo Customer 1739,55,Salaried,719262.16,616,1
1740,Demo Customer 1740,60,Retired,638205.38,779,2
1741,Demo Customer 1741,42,Salaried,438065.41,564,4
1742,Demo Customer 1742,36,Salaried,965678.82,767,8
1743,Demo Customer 1743,61,Self-employed,283324.7,690,8
1744,Demo Customer 1744,21,Salaried,816104.96,582,1
1745,Demo Customer 1745,45,Self-employed,258489.72,680,4
1746,Demo Customer 1746,58,Self-employed,500578.91,695,6
1747,Demo Customer 1747,44,Salaried,229471.18,699,7
1748,Demo Customer 1748,43,Salaried,762708.95,612,7
1749,Demo Customer 1749,37,Retired,371363.1,737,7
1750,Demo Customer 1750,22,Self-employed,611663.77,740,6
1751,Demo Customer 1751,38,Salaried,305769.99,818,6
1752,Demo Customer 1752,23,Salaried,612416.94,750,1
1753,Demo Customer 1753,24,Self-employed,353879.05,725,3
1754,Demo Customer 1754,26,Salaried,656169.43,724,4
1755,Demo Customer 1755,24,Salaried,1176482.69,851,1
1756,Demo Customer 1756,37,Salaried,797040.31,664,1
1757,Demo Customer 1757,31,Student,722097.79,620,1
1758,Demo Customer 1758,60,Salaried,904134.53,805,1
1759,Demo Customer 1759,64,Salaried,1339568.97,591,7
1760,Demo Customer 1760,37,Salaried,361801.98,733,2
1761,Demo Customer 1761,68,Salaried,695835.17,632,5
1762,Demo Customer 1762,21,Salaried,453616.79,661,4
1763,Demo Customer 1763,49,Salaried,872704.4,670,7
1764,Demo Customer 1764,41,Self-employed,1051951.24,858,6
1765,Demo Customer 1765,61,Self-employed,281741.83,728,1
1766,Demo Customer 1766,44,Self-employed,646109.04,665,4
1767,Demo Customer 1767,22,Salaried,902385.16,786,6
1768,Demo Customer 1768,63,Salaried,479488.13,706,6
1769,Demo Customer 1769,46,Salaried,432632.6,601,5
1770,Demo Customer 1770,21,Salaried,533146.93,718,4
1771,Demo Customer 1771,65,Salaried,981268.74,821,3
1772,Demo Customer 1772,55,Salaried,277138.2,858,7
1773,Demo Customer 1773,43,Retired,987523.3,752,4
1774,Demo Customer 1774,63,Retired,1085433.94,710,5
1775,Demo Customer 1775,62,Salaried,388102.39,695,3
1776,Demo Customer 1776,57,Salaried,336412.6,744,5
1777,Demo Customer 1777,38,Retired,630477.22,707,5
1778,Demo Customer 1778,25,Salaried,226137.35,790,2
1779,Demo Customer 1779,42,Salaried,934294.8,683,7
1780,Demo Customer 1780,52,Salaried,1316851.27,693,1
1781,Demo Customer 1781,24,Self-employed,624650.99,768,2
1782,Demo Customer 1782,61,Salaried,503735.77,670,5
1783,Demo Customer 1783,40,Salaried,849870.1,900,2
1784,Demo Customer 1784,24,Salaried,359185.81,708,6
1785,Demo Customer 1785,42,Self-employed,320109.25,706,5
1786,Demo Customer 1786,58,Salaried,246974.75,725,5
1787,Demo Customer 1787,59,Salaried,384536.6,731,3
1788,Demo Customer 1788,40,Self-employed,249129.37,676,2
1789,Demo Customer 1789,41,Retired,865796.35,752,6
1790,Demo Customer 1790,34,Self-employed,697613.42,643,6
1791,Demo Customer 1791,45,Retired,1649774.03,681,4
1792,Demo Customer 1792,37,Self-employed,446885.01,795,3
1793,Demo Customer 1793,53,Student,390372.44,489,3
1794,Demo Customer 1794,62,Salaried,626320.12,664,4
1795,Demo Customer 1795,24,Salaried,647565.06,534,4
1796,Demo Customer 1796,46,Salaried,877191.16,685,1
1797,Demo Customer 1797,50,Student,160857.81,491,5
1798,Demo Customer 1798,36,Salaried,161267.24,669,2
1799,Demo Customer 1799,50,Self-employed,418356.23,704,6
1800,Demo Customer 1800,23,Salaried,865594.77,706,7
1801,Demo Customer 1801,68,Salaried,511012.93,621,7
1802,Demo Customer 1802,33,Salaried,1381105.05,756,6
1803,Demo Customer 1803,51,Student,418913.84,624,7
1804,Demo Customer 1804,50,Self-employed,1435215.4,793,4
1805,Demo Customer 1805,48,Student,357788.43,758,3
1806,Demo Customer 1806,47,Salaried,247147.09,677,8
1807,Demo Customer 1807,64,Self-employed,709544.92,678,5
1808,Demo Customer 1808,21,Retired,207579.01,816,2
1809,Demo Customer 1809,33,Salaried,316519.25,645,2
1810,Demo Customer 1810,22,Salaried,343911.47,726,7
1811,Demo Customer 1811,49,Salaried,518005.49,684,3
1812,Demo Customer 1812,22,Salaried,528229.14,779,7
1813,Demo Customer 1813,28,Salaried,680472.17,661,2
1814,Demo Customer 1814,69,Salaried,782455.05,649,2
1815,Demo Customer 1815,67,Student,1212252.12,777,8
1816,Demo Customer 1816,63,Salaried,600750.26,628,4
1817,Demo Customer 1817,30,Salaried,895672.62,662,6
1818,Demo Customer 1818,25,Salaried,1044928.12,609,4
1819,Demo Customer 1819,32,Retired,439466.29,673,5
1820,Demo Customer 1820,36,Salaried,774652.89,756,6
1821,Demo Customer 1821,50,Salaried,275527.04,662,4
1822,Demo Customer 1822,56,Salaried,587871.84,775,3
1823,Demo Customer 1823,21,Salaried,388303.0,700,8
1824,Demo Customer 1824,61,Self-employed,1262536.59,755,2
1825,Demo Customer 1825,70,Salaried,1382604.82,732,1
1826,Demo Customer 1826,27,Self-employed,330667.71,700,6
1827,Demo Customer 1827,22,Salaried,601856.16,655,1
1828,Demo Customer 1828,53,Self-employed,483209.46,734,7
1829,Demo Customer 1829,61,Salaried,498127.98,742,3
1830,Demo Customer 1830,37,Salaried,1328325.34,578,5
1831,Demo Customer 1831,33,Self-employed,1181954.24,665,8
1832,Demo Customer 1832,51,Salaried,392681.2,661,5
1833,Demo Customer 1833,47,Salaried,635481.26,804,7
1834,Demo Customer 1834,36,Retired,1276634.19,671,4
1835,Demo Customer 1835,53,Self-employed,3380871.85,793,7
1836,Demo Customer 1836,36,Salaried,428388.69,758,1
1837,Demo Customer 1837,64,Salaried,302947.84,788,4
1838,Demo Customer 1838,61,Self-employed,619991.85,834,8
1839,Demo Customer 1839,53,Salaried,234955.86,622,5
1840,Demo Customer 1840,70,Salaried,996176.22,662,8
1841,Demo Customer 1841,54,Salaried,270434.07,792,1
1842,Demo Customer 1842,33,Salaried,525706.29,799,5
1843,Demo Customer 1843,68,Self-employed,505645.25,549,8
1844,Demo Customer 1844,64,Self-employed,801270.58,682,3
1845,Demo Customer 1845,42,Salaried,296090.48,779,1
1846,Demo Customer 1846,36,Salaried,1073828.77,773,2
1847,Demo Customer 1847,67,Self-employed,869941.56,728,2
1848,Demo Customer 1848,34,Retired,690405.49,735,5
1849,Demo Customer 1849,32,Salaried,341954.94,697,8
1850,Demo Customer 1850,54,Salaried,359191.65,629,1
1851,Demo Customer 1851,42,Self-employed,118378.5,712,5
1852,Demo Customer 1852,51,Salaried,275708.34,706,2
1853,Demo Customer 1853,68,Self-employed,790635.8,743,8
1854,Demo Customer 1854,61,Salaried,226476.86,707,6
1855,Demo Customer 1855,41,Salaried,795921.23,661,4
1856,Demo Customer 1856,23,Salaried,415202.48,765,7
1857,Demo Customer 1857,59,Salaried,781485.69,584,8
1858,Demo Customer 1858,39,Self-employed,722373.81,711,4
1859,Demo Customer 1859,61,Salaried,690864.65,721,8
1860,Demo Customer 1860,52,Self-employed,404278.88,743,7
1861,Demo Customer 1861,44,Salaried,959733.09,710,3
1862,Demo Customer 1862,34,Salaried,711637.47,616,3
1863,Demo Customer 1863,30,Self-employed,379639.11,767,6
1864,Demo Customer 1864,31,Salaried,1271144.42,772,1
1865,Demo Customer 1865,36,Self-employed,740453.92,731,3
1866,Demo Customer 1866,27,Salaried,913345.14,737,6
1867,Demo Customer 1867,46,Self-employed,1310169.2,671,6
1868,Demo Customer 1868,56,Self-employed,248060.53,831,4
1869,Demo Customer 1869,29,Self-employed,945802.76,637,3
1870,Demo Customer 1870,70,Salaried,215453.93,721,3
1871,Demo Customer 1871,32,Retired,512017.36,680,5
1872,Demo Customer 1872,37,Student,807230.06,732,4
1873,Demo Customer 1873,28,Salaried,598750.23,659,4
1874,Demo Customer 1874,57,Salaried,976102.43,894,1
1875,Demo Customer 1875,47,Salaried,594105.47,677,4
1876,Demo Customer 1876,65,Salaried,949278.7,756,4
1877,Demo Customer 1877,32,Self-employed,261324.92,690,6
1878,Demo Customer 1878,68,Self-employed,688218.92,809,4
1879,Demo Customer 1879,42,Salaried,439248.7,710,2
1880,Demo Customer 1880,70,Salaried,369250.09,695,3
1881,Demo Customer 1881,59,Retired,434090.07,838,3
1882,Demo Customer 1882,42,Retired,174380.89,707,8
1883,Demo Customer 1883,60,Self-employed,380151.27,800,6
1884,Demo Customer 1884,42,Salaried,1404531.72,744,3
1885,Demo Customer 1885,63,Self-employed,826266.36,809,2
1886,Demo Customer 1886,45,Self-employed,444200.25,655,1
1887,Demo Customer 1887,52,Salaried,317976.47,748,1
1888,Demo Customer 1888,25,Retired,340935.88,769,6
1889,Demo Customer 1889,21,Self-employed,473316.12,663,2
1890,Demo Customer 1890,51,Retired,351151.06,640,3
1891,Demo Customer 1891,28,Salaried,594493.56,718,5
1892,Demo Customer 1892,45,Salaried,486399.15,738,4
1893,Demo Customer 1893,30,Retired,373333.37,797,1
1894,Demo Customer 1894,55,Self-employed,506526.78,673,3
1895,Demo Customer 1895,31,Self-employed,511760.66,758,2
1896,Demo Customer 1896,26,Salaried,968127.04,715,2
1897,Demo Customer 1897,29,Self-employed,389555.23,690,2
1898,Demo Customer 1898,22,Self-employed,581363.9,628,4
1899,Demo Customer 1899,48,Salaried,421577.5,596,4
1900,Demo Customer 1900,58,Salaried,403610.08,854,1
1901,Demo Customer 1901,62,Self-employed,553850.32,638,4
1902,Demo Customer 1902,31,Self-employed,272946.81,829,1
1903,Demo Customer 1903,63,Student,447989.55,630,4
1904,Demo Customer 1904,51,Self-employed,600649.47,786,3
1905,Demo Customer 1905,32,Salaried,252791.52,778,1
1906,Demo Customer 1906,25,Salaried,289028.49,846,6
1907,Demo Customer 1907,34,Salaried,423805.34,694,8
1908,Demo Customer 1908,65,Salaried,868323.96,723,5
1909,Demo Customer 1909,52,Salaried,349095.59,587,8
1910,Demo Customer 1910,22,Salaried,2011564.79,623,6
1911,Demo Customer 1911,37,Salaried,408962.07,776,3
1912,Demo Customer 1912,68,Salaried,538614.75,770,7
1913,Demo Customer 1913,35,Salaried,514804.95,716,3
1914,Demo Customer 1914,22,Self-employed,184417.64,617,8
1915,Demo Customer 1915,41,Self-employed,622377.13,703,4
1916,Demo Customer 1916,54,Salaried,534621.05,730,4
1917,Demo Customer 1917,23,Self-employed,230705.74,698,3
1918,Demo Customer 1918,33,Salaried,735171.07,671,3
1919,Demo Customer 1919,43,Retired,351371.73,693,7
1920,Demo Customer 1920,52,Self-employed,282773.16,819,5
1921,Demo Customer 1921,33,Salaried,373928.7,783,8
1922,Demo Customer 1922,26,Self-employed,616553.08,716,3
1923,Demo Customer 1923,32,Self-employed,166460.97,715,6
1924,Demo Customer 1924,67,Salaried,492406.8,659,4
1925,Demo Customer 1925,68,Self-employed,183234.76,707,2
1926,Demo Customer 1926,47,Salaried,1345737.84,759,3
1927,Demo Customer 1927,67,Salaried,1209563.87,712,3
1928,Demo Customer 1928,47,Self-employed,508190.03,790,8
1929,Demo Customer 1929,54,Retired,340215.7,717,3
1930,Demo Customer 1930,30,Salaried,645731.62,750,7
1931,Demo Customer 1931,54,Self-employed,501827.41,709,6
1932,Demo Customer 1932,34,Salaried,1262017.72,587,3
1933,Demo Customer 1933,44,Salaried,342723.45,762,8
1934,Demo Customer 1934,62,Salaried,504321.82,737,4
1935,Demo Customer 1935,52,Retired,328080.37,703,4
1936,Demo Customer 1936,65,Salaried,792916.63,744,1
1937,Demo Customer 1937,50,Self-employed,466665.98,565,6
1938,Demo Customer 1938,63,Salaried,555442.46,630,5
1939,Demo Customer 1939,52,Retired,563975.13,735,1
1940,Demo Customer 1940,39,Salaried,325887.96,754,3
1941,Demo Customer 1941,57,Salaried,318598.75,608,2
1942,Demo Customer 1942,26,Salaried,380088.89,663,8
1943,Demo Customer 1943,69,Salaried,318036.73,740,1
1944,Demo Customer 1944,35,Salaried,373051.99,900,3
1945,Demo Customer 1945,37,Self-employed,409301.33,782,5
1946,Demo Customer 1946,27,Salaried,391672.23,626,6
1947,Demo Customer 1947,24,Salaried,322907.44,802,3
1948,Demo Customer 1948,46,Salaried,294465.33,824,3
1949,Demo Customer 1949,31,Student,600301.48,697,8
1950,Demo Customer 1950,58,Salaried,402820.83,661,5
1951,Demo Customer 1951,56,Retired,278048.56,679,8
1952,Demo Customer 1952,37,Salaried,583349.8,786,5
1953,Demo Customer 1953,67,Salaried,596405.98,808,2
1954,Demo Customer 1954,68,Self-employed,998512.21,555,7
1955,Demo Customer 1955,32,Salaried,578166.26,648,2
1956,Demo Customer 1956,41,Salaried,431781.07,741,4
1957,Demo Customer 1957,33,Student,1085871.73,738,2
1958,Demo Customer 1958,35,Salaried,383479.72,788,6
1959,Demo Customer 1959,39,Salaried,151277.99,768,5
1960,Demo Customer 1960,60,Salaried,181959.93,717,3
1961,Demo Customer 1961,45,Student,978414.18,765,7
1962,Demo Customer 1962,45,Self-employed,782994.1,670,1
1963,Demo Customer 1963,68,Self-employed,506662.15,788,4
1964,Demo Customer 1964,29,Self-employed,801246.89,746,5
1965,Demo Customer 1965,50,Salaried,497920.35,840,2
1966,Demo Customer 1966,50,Salaried,816971.15,731,2
1967,Demo Customer 1967,55,Salaried,443148.49,669,6
1968,Demo Customer 1968,47,Student,1103727.94,716,1
1969,Demo Customer 1969,23,Student,262882.99,679,3
1970,Demo Customer 1970,35,Student,621977.46,732,1
1971,Demo Customer 1971,63,Salaried,1017263.05,680,3
1972,Demo Customer 1972,67,Self-employed,1462045.11,756,3
1973,Demo Customer 1973,26,Salaried,902948.19,652,8
1974,Demo Customer 1974,64,Self-employed,408338.12,613,7
1975,Demo Customer 1975,34,Salaried,561753.11,758,4
1976,Demo Customer 1976,38,Retired,394111.78,595,7
1977,Demo Customer 1977,62,Salaried,2211928.95,702,6
1978,Demo Customer 1978,54,Salaried,795282.09,735,2
1979,Demo Customer 1979,30,Self-employed,480002.76,657,6
1980,Demo Customer 1980,56,Salaried,424279.05,637,2
1981,Demo Customer 1981,31,Self-employed,1332441.33,707,4
1982,Demo Customer 1982,64,Salaried,868797.96,594,6
1983,Demo Customer 1983,40,Salaried,604013.04,694,1
1984,Demo Customer 1984,43,Salaried,713457.29,733,4
1985,Demo Customer 1985,28,Salaried,651441.9,792,2
1986,Demo Customer 1986,65,Self-employed,376107.09,620,8
1987,Demo Customer 1987,25,Self-employed,558066.14,681,5
1988,Demo Customer 1988,55,Salaried,497046.79,649,8
1989,Demo Customer 1989,69,Salaried,517045.74,841,2
1990,Demo Customer 1990,58,Student,745115.7,670,6
1991,Demo Customer 1991,64,Self-employed,435623.69,571,2
1992,Demo Customer 1992,33,Salaried,269925.58,760,1
1993,Demo Customer 1993,41,Salaried,670370.01,741,7
1994,Demo Customer 1994,63,Self-employed,1531478.05,710,3
1995,Demo Customer 1995,49,Salaried,466074.75,677,3
1996,Demo Customer 1996,29,Self-employed,524882.97,715,6
1997,Demo Customer 1997,32,Self-employed,647586.92,636,3
1998,Demo Customer 1998,47,Salaried,716923.28,612,1
1999,Demo Customer 1999,29,Salaried,357519.19,693,3
2000,Demo Customer 2000,47,Self-employed,300340.66,747,2
2001,Demo Customer 2001,58,Student,1555626.69,637,7
2002,Demo Customer 2002,48,Retired,404814.43,807,8
2003,Demo Customer 2003,41,Salaried,446843.57,564,1
2004,Demo Customer 2004,60,Retired,618842.32,677,1
2005,Demo Customer 2005,49,Self-employed,1952242.19,728,3
2006,Demo Customer 2006,25,Salaried,582250.62,616,1
2007,Demo Customer 2007,39,Salaried,1170802.34,588,6
2008,Demo Customer 2008,42,Self-employed,422578.34,827,1
2009,Demo Customer 2009,28,Self-employed,1479151.51,708,1
2010,Demo Customer 2010,48,Salaried,689893.17,710,4
2011,Demo Customer 2011,53,Self-employed,1222458.88,826,5
2012,Demo Customer 2012,54,Salaried,383826.1,717,2
2013,Demo Customer 2013,57,Self-employed,1031587.62,752,5
2014,Demo Customer 2014,49,Salaried,617240.57,652,3
2015,Demo Customer 2015,31,Salaried,1291027.61,710,7
2016,Demo Customer 2016,62,Self-employed,266664.44,727,2
2017,Demo Customer 2017,47,Salaried,698837.39,705,5
2018,Demo Customer 2018,47,Salaried,692659.29,597,3
2019,Demo Customer 2019,50,Salaried,781929.84,657,1
2020,Demo Customer 2020,45,Salaried,844899.51,882,4
2021,Demo Customer 2021,43,Salaried,529280.6,778,4
2022,Demo Customer 2022,37,Salaried,228327.68,657,2
2023,Demo Customer 2023,45,Salaried,1141657.79,670,7
2024,Demo Customer 2024,67,Salaried,1004718.84,794,7
2025,Demo Customer 2025,22,Student,322396.8,643,4
2026,Demo Customer 2026,26,Self-employed,1597938.35,703,4
2027,Demo Customer 2027,30,Retired,367824.85,793,2
2028,Demo Customer 2028,62,Self-employed,911731.77,662,8
2029,Demo Customer 2029,44,Salaried,544463.22,701,7
2030,Demo Customer 2030,35,Retired,411886.97,725,6
2031,Demo Customer 2031,31,Self-employed,408219.97,701,3
2032,Demo Customer 2032,64,Self-employed,886346.59,615,1
2033,Demo Customer 2033,29,Salaried,634833.35,776,4
2034,Demo Customer 2034,50,Salaried,900966.94,900,5
2035,Demo Customer 2035,28,Self-employed,401638.16,711,8
2036,Demo Customer 2036,27,Salaried,1327027.16,707,7
2037,Demo Customer 2037,21,Self-employed,432708.65,652,4
2038,Demo Customer 2038,22,Salaried,408563.96,595,5
2039,Demo Customer 2039,63,Salaried,786222.89,610,2
2040,Demo Customer 2040,51,Retired,459185.07,676,2
2041,Demo Customer 2041,55,Self-employed,190765.48,600,3
2042,Demo Customer 2042,35,Salaried,508594.54,793,5
2043,Demo Customer 2043,41,Salaried,774668.31,773,1
2044,Demo Customer 2044,44,Self-employed,603749.39,792,7
2045,Demo Customer 2045,59,Self-employed,419643.59,635,2
2046,Demo Customer 2046,61,Retired,338474.98,710,6
2047,Demo Customer 2047,21,Salaried,355255.34,707,3
2048,Demo Customer 2048,37,Self-employed,870025.6,601,1
2049,Demo Customer 2049,49,Salaried,807607.55,771,8
2050,Demo Customer 2050,26,Self-employed,1369328.18,652,7
2051,Demo Customer 2051,69,Self-employed,349063.34,696,6
2052,Demo Customer 2052,70,Salaried,381579.27,649,5
2053,Demo Customer 2053,35,Self-employed,234936.02,649,7
2054,Demo Customer 2054,60,Salaried,502753.17,714,8
2055,Demo Customer 2055,63,Self-employed,2165268.15,645,3
2056,Demo Customer 2056,61,Self-employed,185922.59,757,8
2057,Demo Customer 2057,42,Retired,407795.97,711,1
2058,Demo Customer 2058,46,Self-employed,464061.81,652,1
2059,Demo Customer 2059,50,Salaried,1360349.84,602,3
2060,Demo Customer 2060,64,Retired,524856.41,597,1
2061,Demo Customer 2061,41,Salaried,574031.13,648,4
2062,Demo Customer 2062,22,Salaried,1101846.68,774,5
2063,Demo Customer 2063,37,Salaried,266406.71,778,5
2064,Demo Customer 2064,62,Salaried,467217.65,690,5
2065,Demo Customer 2065,44,Salaried,1799245.08,633,5
2066,Demo Customer 2066,59,Salaried,708809.53,704,1
2067,Demo Customer 2067,25,Self-employed,1118390.8,647,5
2068,Demo Customer 2068,27,Salaried,666319.71,727,8
2069,Demo Customer 2069,55,Self-employed,629607.55,729,3
2070,Demo Customer 2070,27,Salaried,396638.49,625,6
2071,Demo Customer 2071,42,Salaried,808977.84,813,7
2072,Demo Customer 2072,61,Salaried,832834.85,711,3
2073,Demo Customer 2073,64,Salaried,273419.06,818,2
2074,Demo Customer 2074,56,Salaried,461186.09,818,3
2075,Demo Customer 2075,40,Self-employed,573062.35,761,1
2076,Demo Customer 2076,41,Salaried,751167.0,680,2
2077,Demo Customer 2077,26,Student,616605.38,613,3
2078,Demo Customer 2078,54,Student,571398.09,697,5
2079,Demo Customer 2079,36,Salaried,614200.73,632,8
2080,Demo Customer 2080,49,Self-employed,830502.36,651,6
2081,Demo Customer 2081,42,Self-employed,353098.71,736,7
2082,Demo Customer 2082,37,Retired,357256.82,628,6
2083,Demo Customer 2083,29,Salaried,536597.45,692,1
2084,Demo Customer 2084,46,Salaried,1600864.55,562,2
2085,Demo Customer 2085,31,Salaried,1015941.15,638,7
2086,Demo Customer 2086,38,Salaried,1599885.39,720,6
2087,Demo Customer 2087,49,Retired,872617.87,674,7
2088,Demo Customer 2088,60,Salaried,1352984.48,779,3
2089,Demo Customer 2089,32,Self-employed,501504.12,709,5
2090,Demo Customer 2090,65,Salaried,593565.81,618,4
2091,Demo Customer 2091,42,Self-employed,842358.17,625,5
2092,Demo Customer 2092,62,Self-employed,646848.77,633,8
2093,Demo Customer 2093,41,Salaried,503174.21,654,7
2094,Demo Customer 2094,66,Salaried,972403.22,716,8
2095,Demo Customer 2095,63,Salaried,677825.63,694,2
2096,Demo Customer 2096,35,Salaried,658604.84,728,5
2097,Demo Customer 2097,63,Salaried,250958.13,658,3
2098,Demo Customer 2098,50,Self-employed,318046.78,784,3
2099,Demo Customer 2099,22,Self-employed,1329376.78,770,5
2100,Demo Customer 2100,67,Salaried,192864.72,693,1
2101,Demo Customer 2101,27,Salaried,856896.69,621,2
2102,Demo Customer 2102,31,Self-employed,870207.95,703,5
2103,Demo Customer 2103,30,Salaried,746542.16,854,6
2104,Demo Customer 2104,54,Student,1359083.13,615,8
2105,Demo Customer 2105,45,Salaried,470823.97,645,5
2106,Demo Customer 2106,69,Salaried,512027.34,477,3
2107,Demo Customer 2107,28,Salaried,950902.37,650,6
2108,Demo Customer 2108,48,Salaried,462612.58,547,8
2109,Demo Customer 2109,65,Salaried,455357.88,695,1
2110,Demo Customer 2110,56,Self-employed,810097.7,796,1
2111,Demo Customer 2111,70,Self-employed,475173.1,676,8
2112,Demo Customer 2112,40,Salaried,486537.91,816,8
2113,Demo Customer 2113,33,Self-employed,308304.29,727,2
2114,Demo Customer 2114,51,Self-employed,2396334.39,708,6
2115,Demo Customer 2115,36,Self-employed,772332.95,665,6
2116,Demo Customer 2116,48,Self-employed,925713.64,837,8
2117,Demo Customer 2117,32,Student,683533.81,725,4
2118,Demo Customer 2118,34,Self-employed,472903.78,754,3
2119,Demo Customer 2119,69,Salaried,671223.73,647,7
2120,Demo Customer 2120,65,Salaried,1044379.56,555,8
2121,Demo Customer 2121,47,Salaried,953415.64,670,5
2122,Demo Customer 2122,53,Salaried,618323.7,750,4
2123,Demo Customer 2123,24,Salaried,131425.51,665,6
2124,Demo Customer 2124,60,Salaried,897141.53,708,3
2125,Demo Customer 2125,44,Salaried,179750.83,624,2
2126,Demo Customer 2126,21,Salaried,490721.85,689,3
2127,Demo Customer 2127,62,Self-employed,248313.27,850,8
2128,Demo Customer 2128,26,Salaried,490903.8,515,6
2129,Demo Customer 2129,46,Self-employed,824951.74,741,5
2130,Demo Customer 2130,34,Salaried,375993.89,818,1
2131,Demo Customer 2131,47,Retired,268455.81,779,1
2132,Demo Customer 2132,30,Salaried,652400.08,750,7
2133,Demo Customer 2133,36,Retired,195221.39,647,3
2134,Demo Customer 2134,52,Retired,349931.41,714,3
2135,Demo Customer 2135,31,Self-employed,1162734.55,715,5
2136,Demo Customer 2136,32,Self-employed,414350.44,640,3
2137,Demo Customer 2137,29,Self-employed,624611.39,666,2
2138,Demo Customer 2138,39,Student,524202.18,789,1
2139,Demo Customer 2139,24,Salaried,572065.95,695,1
2140,Demo Customer 2140,63,Salaried,588712.66,581,4
2141,Demo Customer 2141,65,Self-employed,601671.55,591,1
2142,Demo Customer 2142,48,Retired,1088281.51,730,7
2143,Demo Customer 2143,70,Salaried,453186.06,819,2
2144,Demo Customer 2144,49,Salaried,753428.13,541,1
2145,Demo Customer 2145,47,Salaried,622458.86,691,3
2146,Demo Customer 2146,43,Salaried,338738.02,763,3
2147,Demo Customer 2147,64,Salaried,768059.46,753,5
2148,Demo Customer 2148,45,Salaried,518010.24,610,1
2149,Demo Customer 2149,65,Salaried,307997.02,744,6
2150,Demo Customer 2150,47,Self-employed,623272.25,696,4
2151,Demo Customer 2151,46,Student,481222.46,711,6
2152,Demo Customer 2152,26,Salaried,560997.47,850,6
2153,Demo Customer 2153,65,Self-employed,373501.04,829,8
2154,Demo Customer 2154,27,Salaried,322748.55,685,6
2155,Demo Customer 2155,31,Salaried,480613.8,699,5
2156,Demo Customer 2156,29,Salaried,897217.8,720,8
2157,Demo Customer 2157,63,Self-employed,642388.39,681,2
2158,Demo Customer 2158,70,Salaried,436464.29,726,2
2159,Demo Customer 2159,40,Salaried,794952.28,755,4
2160,Demo Customer 2160,67,Self-employed,253552.95,695,7
2161,Demo Customer 2161,67,Student,780943.49,733,2
2162,Demo Customer 2162,25,Self-employed,522467.14,744,4
2163,Demo Customer 2163,28,Salaried,1382780.46,701,2
2164,Demo Customer 2164,44,Salaried,1005269.38,872,8
2165,Demo Customer 2165,35,Retired,1376925.8,721,1
2166,Demo Customer 2166,63,Salaried,231928.41,692,5
2167,Demo Customer 2167,59,Salaried,883837.92,669,1
2168,Demo Customer 2168,25,Self-employed,325054.09,827,3
2169,Demo Customer 2169,62,Self-employed,301792.81,690,2
2170,Demo Customer 2170,60,Salaried,397101.5,785,7
2171,Demo Customer 2171,34,Self-employed,468170.71,618,1
2172,Demo Customer 2172,58,Salaried,158278.92,657,3
2173,Demo Customer 2173,40,Salaried,440151.78,717,6
2174,Demo Customer 2174,45,Retired,372384.59,704,7
2175,Demo Customer 2175,65,Student,842147.2,725,2
2176,Demo Customer 2176,52,Salaried,1140686.48,717,5
2177,Demo Customer 2177,32,Salaried,1622890.96,578,3
2178,Demo Customer 2178,43,Retired,307512.8,610,6
2179,Demo Customer 2179,61,Salaried,544723.61,779,8
2180,Demo Customer 2180,53,Salaried,479352.97,831,5
2181,Demo Customer 2181,26,Retired,292154.18,731,1
2182,Demo Customer 2182,42,Salaried,862685.35,752,2
2183,Demo Customer 2183,34,Self-employed,1508390.84,791,8
2184,Demo Customer 2184,40,Salaried,1871542.12,748,8
2185,Demo Customer 2185,32,Self-employed,561560.76,658,4
2186,Demo Customer 2186,28,Salaried,1140969.98,737,6
2187,Demo Customer 2187,59,Salaried,365863.11,716,7
2188,Demo Customer 2188,46,Salaried,396453.05,681,7
2189,Demo Customer 2189,70,Self-employed,415046.79,632,7
2190,Demo Customer 2190,33,Self-employed,375020.16,595,2
2191,Demo Customer 2191,23,Salaried,1195200.87,750,6
2192,Demo Customer 2192,50,Salaried,843907.27,629,3
2193,Demo Customer 2193,21,Salaried,483227.16,696,1
2194,Demo Customer 2194,43,Salaried,1541737.13,692,5
2195,Demo Customer 2195,47,Retired,598456.03,782,4
2196,Demo Customer 2196,60,Salaried,878571.97,676,2
2197,Demo Customer 2197,33,Salaried,451418.43,687,7
2198,Demo Customer 2198,48,Student,541119.22,758,6
2199,Demo Customer 2199,66,Self-employed,184160.29,829,4
2200,Demo Customer 2200,66,Self-employed,952917.84,720,6
2201,Demo Customer 2201,47,Salaried,399066.86,701,8
2202,Demo Customer 2202,34,Self-employed,443013.24,682,1
2203,Demo Customer 2203,60,Salaried,306279.66,900,6
2204,Demo Customer 2204,30,Salaried,313366.48,626,1
2205,Demo Customer 2205,62,Salaried,484667.6,648,8
2206,Demo Customer 2206,65,Self-employed,767589.58,656,8
2207,Demo Customer 2207,36,Salaried,610404.55,837,8
2208,Demo Customer 2208,70,Salaried,919565.36,728,2
2209,Demo Customer 2209,46,Salaried,339249.96,535,4
2210,Demo Customer 2210,44,Salaried,265449.24,683,2
2211,Demo Customer 2211,23,Salaried,351352.42,704,4
2212,Demo Customer 2212,30,Self-employed,981814.29,759,3
2213,Demo Customer 2213,24,Salaried,386757.17,662,4
2214,Demo Customer 2214,55,Self-employed,502869.92,827,1
2215,Demo Customer 2215,29,Self-employed,588908.96,724,1
2216,Demo Customer 2216,39,Self-employed,219531.33,685,7
2217,Demo Customer 2217,52,Salaried,459610.15,767,4
2218,Demo Customer 2218,66,Salaried,555827.28,603,1
2219,Demo Customer 2219,53,Salaried,213951.14,746,8
2220,Demo Customer 2220,48,Salaried,613456.28,646,5
2221,Demo Customer 2221,32,Self-employed,893894.62,555,5
2222,Demo Customer 2222,32,Self-employed,829950.66,699,6
2223,Demo Customer 2223,33,Salaried,584200.77,783,3
2224,Demo Customer 2224,23,Retired,452185.08,630,5
2225,Demo Customer 2225,25,Student,1987463.23,552,5
2226,Demo Customer 2226,30,Salaried,810730.09,674,2
2227,Demo Customer 2227,41,Retired,1162955.34,700,4
2228,Demo Customer 2228,69,Self-employed,712696.07,626,2
2229,Demo Customer 2229,28,Salaried,1004911.89,676,2
2230,Demo Customer 2230,61,Self-employed,216857.84,676,4
2231,Demo Customer 2231,31,Salaried,641660.18,736,2
2232,Demo Customer 2232,44,Salaried,1289449.28,636,4
2233,Demo Customer 2233,70,Salaried,1715222.72,747,1
2234,Demo Customer 2234,28,Salaried,873721.81,843,3
2235,Demo Customer 2235,70,Salaried,221372.2,813,2
2236,Demo Customer 2236,29,Salaried,667217.21,876,8
2237,Demo Customer 2237,53,Self-employed,664375.38,767,8
2238,Demo Customer 2238,49,Salaried,496183.89,645,2
2239,Demo Customer 2239,58,Self-employed,903001.4,624,4
2240,Demo Customer 2240,40,Student,1081443.09,662,7
2241,Demo Customer 2241,24,Salaried,1312329.91,816,1
2242,Demo Customer 2242,64,Salaried,554165.85,627,5
2243,Demo Customer 2243,49,Salaried,865952.17,763,3
2244,Demo Customer 2244,31,Retired,296353.85,733,8
2245,Demo Customer 2245,58,Salaried,417464.28,736,4
2246,Demo Customer 2246,41,Salaried,279041.38,900,7
2247,Demo Customer 2247,57,Salaried,526423.25,699,4
2248,Demo Customer 2248,49,Self-employed,1348082.35,702,5
2249,Demo Customer 2249,61,Salaried,287303.7,676,7
2250,Demo Customer 2250,23,Retired,981114.37,580,2
2251,Demo Customer 2251,67,Self-employed,301023.36,758,4
2252,Demo Customer 2252,30,Retired,878697.81,677,5
2253,Demo Customer 2253,50,Self-employed,1255344.66,716,6
2254,Demo Customer 2254,37,Salaried,570201.5,768,8
2255,Demo Customer 2255,61,Retired,611529.67,635,7
2256,Demo Customer 2256,61,Self-employed,995167.59,648,6
2257,Demo Customer 2257,70,Self-employed,297950.33,697,5
2258,Demo Customer 2258,21,Self-employed,502436.82,702,4
2259,Demo Customer 2259,50,Self-employed,396893.98,779,8
2260,Demo Customer 2260,28,Salaried,564801.29,852,7
2261,Demo Customer 2261,39,Student,411393.51,758,2
2262,Demo Customer 2262,26,Salaried,487051.14,776,7
2263,Demo Customer 2263,44,Student,295843.21,801,8
2264,Demo Customer 2264,38,Salaried,732911.23,643,2
2265,Demo Customer 2265,41,Retired,1390721.29,613,4
2266,Demo Customer 2266,57,Self-employed,496956.68,722,8
2267,Demo Customer 2267,26,Self-employed,622828.53,713,1
2268,Demo Customer 2268,35,Salaried,411963.56,671,6
2269,Demo Customer 2269,67,Self-employed,345576.76,611,3
2270,Demo Customer 2270,65,Self-employed,881061.57,732,4
2271,Demo Customer 2271,35,Salaried,434656.42,718,5
2272,Demo Customer 2272,68,Salaried,556669.8,691,6
2273,Demo Customer 2273,45,Salaried,871374.45,735,4
2274,Demo Customer 2274,57,Salaried,655936.79,736,6
2275,Demo Customer 2275,39,Salaried,246503.26,770,4
2276,Demo Customer 2276,52,Salaried,263988.82,634,3
2277,Demo Customer 2277,46,Salaried,521226.25,802,5
2278,Demo Customer 2278,65,Salaried,1162608.86,728,1
2279,Demo Customer 2279,55,Self-employed,765964.67,658,1
2280,Demo Customer 2280,62,Salaried,108796.76,635,5
2281,Demo Customer 2281,50,Salaried,257551.67,767,6
2282,Demo Customer 2282,26,Retired,960039.38,657,8
2283,Demo Customer 2283,60,Salaried,761221.58,637,1
2284,Demo Customer 2284,28,Salaried,1122706.85,647,3
2285,Demo Customer 2285,33,Salaried,778264.96,696,2
2286,Demo Customer 2286,29,Salaried,799213.43,737,7
2287,Demo Customer 2287,63,Salaried,875338.35,743,1
2288,Demo Customer 2288,42,Self-employed,348131.47,641,3
2289,Demo Customer 2289,67,Salaried,546455.76,633,4
2290,Demo Customer 2290,59,Self-employed,564372.98,757,6
2291,Demo Customer 2291,58,Salaried,724716.38,662,7
2292,Demo Customer 2292,43,Salaried,444898.56,704,2
2293,Demo Customer 2293,42,Student,661736.71,900,5
2294,Demo Customer 2294,32,Salaried,303685.34,587,6
2295,Demo Customer 2295,57,Salaried,731477.91,768,3
2296,Demo Customer 2296,56,Self-employed,450839.62,625,2
2297,Demo Customer 2297,53,Salaried,1264111.93,600,4
2298,Demo Customer 2298,66,Salaried,631935.86,610,8
2299,Demo Customer 2299,65,Salaried,496252.57,585,5
2300,Demo Customer 2300,31,Salaried,422216.21,578,4
2301,Demo Customer 2301,70,Salaried,498985.53,819,1
2302,Demo Customer 2302,37,Salaried,420483.65,685,2
2303,Demo Customer 2303,39,Salaried,230410.97,800,1
2304,Demo Customer 2304,42,Salaried,457174.51,886,2
2305,Demo Customer 2305,42,Salaried,866602.57,690,5
2306,Demo Customer 2306,44,Salaried,281838.5,678,2
2307,Demo Customer 2307,27,Self-employed,887297.87,830,3
2308,Demo Customer 2308,60,Retired,209524.78,880,6
2309,Demo Customer 2309,36,Salaried,340135.97,701,6
2310,Demo Customer 2310,31,Salaried,394935.82,775,3
2311,Demo Customer 2311,49,Retired,917709.67,526,8
2312,Demo Customer 2312,38,Salaried,720988.05,833,1
2313,Demo Customer 2313,64,Retired,538929.88,746,4
2314,Demo Customer 2314,48,Salaried,517987.81,766,8
2315,Demo Customer 2315,56,Salaried,187130.03,651,5
2316,Demo Customer 2316,39,Retired,1170440.2,592,1
2317,Demo Customer 2317,45,Self-employed,399867.16,694,1
2318,Demo Customer 2318,58,Self-employed,781898.2,632,2
2319,Demo Customer 2319,31,Salaried,828436.08,779,2
2320,Demo Customer 2320,34,Salaried,1035892.51,756,7
2321,Demo Customer 2321,37,Salaried,669632.2,711,8
2322,Demo Customer 2322,64,Salaried,514054.91,802,3
2323,Demo Customer 2323,32,Salaried,1342863.02,701,6
2324,Demo Customer 2324,56,Self-employed,755167.6,619,8
2325,Demo Customer 2325,68,Salaried,419163.19,693,8
2326,Demo Customer 2326,28,Salaried,639590.1,765,6
2327,Demo Customer 2327,39,Salaried,391487.77,777,7
2328,Demo Customer 2328,23,Retired,446049.81,764,2
2329,Demo Customer 2329,69,Salaried,590313.06,745,1
2330,Demo Customer 2330,29,Salaried,1228016.83,735,6
2331,Demo Customer 2331,63,Self-employed,691333.35,591,8
2332,Demo Customer 2332,39,Salaried,501785.1,662,8
2333,Demo Customer 2333,42,Salaried,1155686.54,653,6
2334,Demo Customer 2334,21,Retired,351214.19,815,7
2335,Demo Customer 2335,43,Self-employed,836499.57,658,4
2336,Demo Customer 2336,21,Salaried,785010.51,542,5
2337,Demo Customer 2337,70,Salaried,2337677.29,737,4
2338,Demo Customer 2338,36,Retired,514631.7,705,5
2339,Demo Customer 2339,25,Self-employed,312781.32,674,5
2340,Demo Customer 2340,38,Self-employed,373249.85,858,5
2341,Demo Customer 2341,21,Salaried,389679.96,649,8
2342,Demo Customer 2342,41,Salaried,623146.31,564,6
2343,Demo Customer 2343,50,Salaried,434632.22,621,7
2344,Demo Customer 2344,22,Self-employed,1009011.03,658,2
2345,Demo Customer 2345,39,Self-employed,314913.43,695,3
2346,Demo Customer 2346,24,Self-employed,1590621.96,725,3
2347,Demo Customer 2347,62,Salaried,573896.66,671,5
2348,Demo Customer 2348,54,Salaried,584465.68,697,1
2349,Demo Customer 2349,65,Retired,798685.03,762,6
2350,Demo Customer 2350,62,Salaried,367697.36,785,4
2351,Demo Customer 2351,28,Salaried,1243028.17,755,3
2352,Demo Customer 2352,48,Salaried,594982.99,710,5
2353,Demo Customer 2353,69,Student,635401.02,714,5
2354,Demo Customer 2354,68,Salaried,595279.88,608,3
2355,Demo Customer 2355,70,Salaried,382071.38,764,6
2356,Demo Customer 2356,42,Salaried,2192235.89,731,2
2357,Demo Customer 2357,27,Retired,844377.51,726,3
2358,Demo Customer 2358,58,Salaried,430102.43,803,1
2359,Demo Customer 2359,42,Self-employed,1696902.46,568,5
2360,Demo Customer 2360,36,Salaried,487093.98,808,5
2361,Demo Customer 2361,44,Student,1037458.65,746,6
2362,Demo Customer 2362,69,Salaried,813885.16,687,1
2363,Demo Customer 2363,29,Salaried,425665.6,789,5
2364,Demo Customer 2364,49,Salaried,684335.48,711,2
2365,Demo Customer 2365,25,Salaried,360026.02,649,7
2366,Demo Customer 2366,31,Student,1075100.53,875,8
2367,Demo Customer 2367,32,Salaried,994551.77,621,2
2368,Demo Customer 2368,31,Self-employed,653608.11,647,6
2369,Demo Customer 2369,29,Salaried,816503.97,774,1
2370,Demo Customer 2370,64,Salaried,355284.77,662,7
2371,Demo Customer 2371,60,Salaried,854247.14,832,1
2372,Demo Customer 2372,31,Salaried,617234.91,691,5
2373,Demo Customer 2373,34,Self-employed,924271.88,671,3
2374,Demo Customer 2374,45,Self-employed,1120398.26,732,2
2375,Demo Customer 2375,57,Salaried,309083.51,714,2
2376,Demo Customer 2376,48,Salaried,655860.64,648,7
2377,Demo Customer 2377,58,Salaried,483147.06,779,8
2378,Demo Customer 2378,34,Salaried,1116952.05,704,5
2379,Demo Customer 2379,44,Salaried,728666.88,714,7
2380,Demo Customer 2380,45,Self-employed,869627.34,615,2
2381,Demo Customer 2381,50,Self-employed,329194.98,580,5
2382,Demo Customer 2382,60,Salaried,311266.46,718,1
2383,Demo Customer 2383,64,Retired,778473.37,679,8
2384,Demo Customer 2384,40,Salaried,278676.46,641,1
2385,Demo Customer 2385,47,Salaried,1387216.54,758,7
2386,Demo Customer 2386,63,Salaried,364256.74,666,8
2387,Demo Customer 2387,30,Salaried,846187.3,760,6
2388,Demo Customer 2388,38,Self-employed,443052.72,743,1
2389,Demo Customer 2389,31,Self-employed,445039.36,675,1
2390,Demo Customer 2390,47,Self-employed,1177816.17,655,8
2391,Demo Customer 2391,55,Salaried,942203.39,759,8
2392,Demo Customer 2392,58,Salaried,232698.38,664,7
2393,Demo Customer 2393,35,Self-employed,461854.93,595,2
2394,Demo Customer 2394,44,Self-employed,691032.52,822,7
2395,Demo Customer 2395,42,Salaried,261506.32,754,1
2396,Demo Customer 2396,36,Salaried,409997.97,631,5
2397,Demo Customer 2397,37,Salaried,374115.37,651,5
2398,Demo Customer 2398,38,Retired,579170.22,637,7
2399,Demo Customer 2399,42,Self-employed,286189.32,645,2
2400,Demo Customer 2400,38,Retired,467286.9,650,2
2401,Demo Customer 2401,62,Retired,729994.48,651,1
2402,Demo Customer 2402,21,Retired,789858.97,779,4
2403,Demo Customer 2403,64,Salaried,236341.63,671,5
2404,Demo Customer 2404,46,Student,159615.53,721,7
2405,Demo Customer 2405,53,Salaried,967153.86,699,6
2406,Demo Customer 2406,67,Salaried,1309011.14,613,1
2407,Demo Customer 2407,25,Salaried,383908.83,720,4
2408,Demo Customer 2408,31,Salaried,185654.49,784,4
2409,Demo Customer 2409,61,Salaried,1290452.09,581,5
2410,Demo Customer 2410,53,Salaried,840050.59,826,7
2411,Demo Customer 2411,64,Self-employed,591440.66,750,5
2412,Demo Customer 2412,26,Self-employed,1598460.95,730,5
2413,Demo Customer 2413,43,Retired,712532.92,697,6
2414,Demo Customer 2414,37,Student,286541.84,737,2
2415,Demo Customer 2415,44,Salaried,502717.99,665,8
2416,Demo Customer 2416,45,Salaried,844851.01,743,3
2417,Demo Customer 2417,27,Self-employed,381856.02,669,2
2418,Demo Customer 2418,23,Student,453369.65,622,7
2419,Demo Customer 2419,60,Salaried,725375.85,808,3
2420,Demo Customer 2420,50,Self-employed,225530.49,809,5
2421,Demo Customer 2421,25,Salaried,638610.05,730,1
2422,Demo Customer 2422,28,Salaried,746836.13,704,4
2423,Demo Customer 2423,48,Self-employed,624237.98,518,8
2424,Demo Customer 2424,25,Salaried,676189.18,659,7
2425,Demo Customer 2425,44,Salaried,755220.4,757,7
2426,Demo Customer 2426,32,Retired,537255.28,790,8
2427,Demo Customer 2427,29,Salaried,283279.0,763,5
2428,Demo Customer 2428,21,Self-employed,418473.56,679,4
2429,Demo Customer 2429,31,Salaried,491007.26,648,5
2430,Demo Customer 2430,37,Self-employed,481667.99,744,5
2431,Demo Customer 2431,69,Salaried,401145.12,758,8
2432,Demo Customer 2432,29,Salaried,186963.29,668,7
2433,Demo Customer 2433,70,Salaried,675725.94,675,5
2434,Demo Customer 2434,65,Student,940331.93,781,7
2435,Demo Customer 2435,27,Salaried,290866.49,648,2
2436,Demo Customer 2436,35,Retired,1271386.14,686,7
2437,Demo Customer 2437,24,Self-employed,645837.25,711,2
2438,Demo Customer 2438,47,Self-employed,1114489.88,821,4
2439,Demo Customer 2439,22,Self-employed,379172.18,810,1
2440,Demo Customer 2440,22,Salaried,501783.79,623,8
2441,Demo Customer 2441,39,Self-employed,897355.56,834,2
2442,Demo Customer 2442,40,Salaried,347638.76,694,1
2443,Demo Customer 2443,38,Retired,842485.94,758,2
2444,Demo Customer 2444,44,Student,391702.16,741,2
2445,Demo Customer 2445,46,Salaried,456842.94,615,1
2446,Demo Customer 2446,26,Self-employed,726237.03,647,8
2447,Demo Customer 2447,65,Salaried,684362.0,771,1
2448,Demo Customer 2448,29,Salaried,487456.98,786,6
2449,Demo Customer 2449,59,Salaried,630708.66,613,1
2450,Demo Customer 2450,57,Salaried,488889.05,638,1
2451,Demo Customer 2451,31,Self-employed,490611.88,714,6
2452,Demo Customer 2452,24,Salaried,785320.63,641,8
2453,Demo Customer 2453,31,Salaried,744520.52,653,7
2454,Demo Customer 2454,50,Salaried,277925.15,758,6
2455,Demo Customer 2455,34,Salaried,654372.37,710,1
2456,Demo Customer 2456,41,Retired,671343.33,654,8
2457,Demo Customer 2457,35,Self-employed,510463.07,733,6
2458,Demo Customer 2458,36,Salaried,136230.52,837,2
2459,Demo Customer 2459,62,Retired,1400745.32,751,2
2460,Demo Customer 2460,70,Retired,423784.32,746,5
2461,Demo Customer 2461,21,Student,322835.48,730,2
2462,Demo Customer 2462,63,Salaried,352662.66,647,7
2463,Demo Customer 2463,25,Salaried,631929.8,710,3
2464,Demo Customer 2464,66,Salaried,538372.58,792,4
2465,Demo Customer 2465,67,Self-employed,460271.59,717,5
2466,Demo Customer 2466,51,Salaried,604456.57,775,8
2467,Demo Customer 2467,37,Salaried,297926.41,846,6
2468,Demo Customer 2468,55,Self-employed,232238.84,634,8
2469,Demo Customer 2469,32,Salaried,2604629.84,610,1
2470,Demo Customer 2470,60,Salaried,362513.47,692,5
2471,Demo Customer 2471,36,Self-employed,868796.73,756,7
2472,Demo Customer 2472,22,Self-employed,534943.61,676,7
2473,Demo Customer 2473,46,Salaried,836397.57,811,3
2474,Demo Customer 2474,25,Retired,915194.06,726,8
2475,Demo Customer 2475,28,Student,460832.84,756,8
2476,Demo Customer 2476,54,Salaried,954820.39,619,8
2477,Demo Customer 2477,27,Student,704465.17,764,4
2478,Demo Customer 2478,59,Self-employed,587621.42,621,4
2479,Demo Customer 2479,66,Retired,705869.61,673,3
2480,Demo Customer 2480,38,Salaried,913950.34,631,5
2481,Demo Customer 2481,65,Self-employed,1203228.94,797,7
2482,Demo Customer 2482,50,Retired,191152.39,447,4
2483,Demo Customer 2483,67,Salaried,419226.48,675,4
2484,Demo Customer 2484,49,Self-employed,547103.15,645,8
2485,Demo Customer 2485,23,Self-employed,396556.32,642,3
2486,Demo Customer 2486,37,Salaried,902950.01,709,2
2487,Demo Customer 2487,57,Salaried,619588.83,637,8
2488,Demo Customer 2488,41,Salaried,320981.78,685,5
2489,Demo Customer 2489,69,Salaried,379426.55,707,5
2490,Demo Customer 2490,69,Self-employed,768811.15,654,2
2491,Demo Customer 2491,42,Salaried,402262.52,729,7
2492,Demo Customer 2492,23,Salaried,499497.22,731,5
2493,Demo Customer 2493,27,Salaried,545094.64,850,7
2494,Demo Customer 2494,68,Retired,824244.42,744,6
2495,Demo Customer 2495,64,Salaried,125100.6,690,3
2496,Demo Customer 2496,60,Self-employed,935641.03,774,2
2497,Demo Customer 2497,26,Salaried,232827.19,780,4
2498,Demo Customer 2498,28,Salaried,278715.99,662,6
2499,Demo Customer 2499,65,Self-employed,508871.86,687,8
2500,Demo Customer 2500,48,Salaried,798865.89,695,3
