snapshot_date,loan_id,outstanding,days_past_due
2025-01-31,1,2519791.8,0
2025-02-28,1,2447797.75,0
2025-03-31,1,2447797.75,26
2025-04-30,1,2375803.7,56
2025-05-31,1,2303809.65,87
2025-06-30,1,2231815.6,117
2025-07-31,1,2159821.55,148
2025-08-31,1,2087827.5,179
2025-09-30,1,2015833.45,209
2025-10-31,1,1943839.4,240
2025-11-30,1,1943839.4,270
2025-12-31,1,1871845.35,301
2025-01-31,2,195935.91,0
2025-02-28,2,192614.96,0
2025-03-31,2,189294.01,0
2025-04-30,2,185973.06,0
2025-05-31,2,182652.11,0
2025-06-30,2,179331.16,0
2025-07-31,2,176010.21,0
2025-08-31,2,172689.26,0
2025-09-30,2,169368.31,0
2025-10-31,2,166047.36,0
2025-11-30,2,162726.41,0
2025-12-31,2,159405.46,0
2025-01-31,3,715484.83,0
2025-02-28,3,709472.35,0
2025-03-31,3,703459.87,0
2025-04-30,3,697447.39,0
2025-05-31,3,691434.91,0
2025-06-30,3,685422.43,0
2025-07-31,3,679409.95,0
2025-08-31,3,673397.47,0
2025-09-30,3,667384.99,0
2025-10-31,3,661372.51,0
2025-11-30,3,655360.03,0
2025-12-31,3,649347.55,0
2025-01-31,4,1536790.99,0
2025-02-28,4,1492882.68,0
2025-03-31,4,1448974.37,0
2025-04-30,4,1405066.06,0
2025-05-31,4,1361157.75,0
2025-06-30,4,1317249.44,0
2025-07-31,4,1273341.13,0
2025-08-31,4,1229432.82,0
2025-09-30,4,1185524.51,0
2025-10-31,4,1141616.2,0
2025-11-30,4,1097707.89,0
2025-12-31,4,1053799.58,0
2025-01-31,5,1337793.57,0
2025-02-28,5,1299570.9,0
2025-03-31,5,1261348.23,0
2025-04-30,5,1223125.56,0
2025-05-31,5,1184902.89,0
2025-06-30,5,1146680.22,0
2025-07-31,5,1108457.55,0
2025-08-31,5,1070234.88,0
2025-09-30,5,1032012.21,0
2025-10-31,5,993789.54,0
2025-11-30,5,993789.54,25
2025-12-31,5,955566.87,56
2025-01-31,6,2079139.46,0
2025-02-28,6,1988742.09,0
2025-03-31,6,1898344.72,0
2025-04-30,6,1807947.35,0
2025-05-31,6,1717549.98,0
2025-06-30,6,1627152.61,0
2025-07-31,6,1536755.24,0
2025-08-31,6,1446357.87,0
2025-09-30,6,1355960.5,0
2025-10-31,6,1265563.13,0
2025-11-30,6,1175165.76,0
2025-12-31,6,1084768.39,0
2025-01-31,7,884210.62,0
2025-02-28,7,876780.28,0
2025-03-31,7,869349.94,0
2025-04-30,7,861919.6,0
2025-05-31,7,854489.26,0
2025-06-30,7,847058.92,0
2025-07-31,7,839628.58,0
2025-08-31,7,832198.24,0
2025-09-30,7,824767.9,0
2025-10-31,7,817337.56,0
2025-11-30,7,809907.22,0
2025-12-31,7,802476.88,0
2025-01-31,8,1137300.71,26
2025-02-28,8,1127823.2,54
2025-03-31,8,1118345.69,85
2025-04-30,8,1108868.18,115
2025-05-31,8,1099390.67,146
2025-06-30,8,1089913.16,176
2025-07-31,8,1080435.65,207
2025-08-31,8,1070958.14,238
2025-09-30,8,1061480.63,268
2025-10-31,8,1052003.12,299
2025-11-30,8,1042525.61,329
2025-12-31,8,1033048.1,360
2025-01-31,9,423290.31,26
2025-02-28,9,411532.25,54
2025-03-31,9,399774.19,85
2025-04-30,9,388016.13,115
2025-05-31,9,376258.07,146
2025-06-30,9,364500.01,176
2025-07-31,9,352741.95,207
2025-08-31,9,340983.89,238
2025-09-30,9,329225.83,268
2025-10-31,9,317467.77,299
2025-11-30,9,305709.71,329
2025-12-31,9,293951.65,360
2025-01-31,10,925390.69,0
2025-02-28,10,909706.1,0
2025-03-31,10,894021.51,0
2025-04-30,10,878336.92,0
2025-05-31,10,862652.33,0
2025-06-30,10,846967.74,0
2025-07-31,10,831283.15,0
2025-08-31,10,815598.56,0
2025-09-30,10,799913.97,0
2025-10-31,10,784229.38,0
2025-11-30,10,768544.79,0
2025-12-31,10,752860.2,0
2025-01-31,11,1545683.62,0
2025-02-28,11,1545683.62,23
2025-03-31,11,1519485.59,54
2025-04-30,11,1493287.56,84
2025-05-31,11,1467089.53,115
2025-06-30,11,1440891.5,145
2025-07-31,11,1414693.47,176
2025-08-31,11,1388495.44,207
2025-09-30,11,1388495.44,237
2025-10-31,11,1362297.41,268
2025-11-30,11,1336099.38,298
2025-12-31,11,1336099.38,329
2025-01-31,12,2870614.88,0
2025-02-28,12,2846492.07,0
2025-03-31,12,2822369.26,0
2025-04-30,12,2798246.45,0
2025-05-31,12,2774123.64,0
2025-06-30,12,2774123.64,25
2025-07-31,12,2750000.83,56
2025-08-31,12,2725878.02,87
2025-09-30,12,2701755.21,117
2025-10-31,12,2677632.4,148
2025-11-30,12,2653509.59,178
2025-12-31,12,2653509.59,209
2025-01-31,13,408598.83,0
2025-02-28,13,401673.43,0
2025-03-31,13,401673.43,26
2025-04-30,13,394748.03,56
2025-05-31,13,387822.63,87
2025-06-30,13,380897.23,117
2025-07-31,13,373971.83,148
2025-08-31,13,367046.43,179
2025-09-30,13,360121.03,209
2025-10-31,13,353195.63,240
2025-11-30,13,346270.23,270
2025-12-31,13,339344.83,301
2025-01-31,14,1533718.02,0
2025-02-28,14,1507722.8,0
2025-03-31,14,1481727.58,0
2025-04-30,14,1455732.36,0
2025-05-31,14,1429737.14,0
2025-06-30,14,1403741.92,0
2025-07-31,14,1377746.7,0
2025-08-31,14,1351751.48,0
2025-09-30,14,1325756.26,0
2025-10-31,14,1299761.04,0
2025-11-30,14,1273765.82,0
2025-12-31,14,1247770.6,0
2025-01-31,15,292738.59,0
2025-02-28,15,287776.92,0
2025-03-31,15,282815.25,0
2025-04-30,15,277853.58,0
2025-05-31,15,272891.91,0
2025-06-30,15,267930.24,0
2025-07-31,15,262968.57,0
2025-08-31,15,258006.9,0
2025-09-30,15,253045.23,0
2025-10-31,15,248083.56,0
2025-11-30,15,243121.89,0
2025-12-31,15,238160.22,0
2025-01-31,16,572608.01,0
2025-02-28,16,562902.79,0
2025-03-31,16,553197.57,0
2025-04-30,16,543492.35,0
2025-05-31,16,533787.13,0
2025-06-30,16,524081.91,0
2025-07-31,16,514376.69,0
2025-08-31,16,504671.47,0
2025-09-30,16,494966.25,0
2025-10-31,16,485261.03,0
2025-11-30,16,485261.03,25
2025-12-31,16,475555.81,56
2025-01-31,17,607963.84,0
2025-02-28,17,581530.63,0
2025-03-31,17,555097.42,0
2025-04-30,17,528664.21,0
2025-05-31,17,502231.0,0
2025-06-30,17,475797.79,0
2025-07-31,17,449364.58,0
2025-08-31,17,422931.37,0
2025-09-30,17,396498.16,0
2025-10-31,17,370064.95,0
2025-11-30,17,343631.74,0
2025-12-31,17,317198.53,0
2025-01-31,18,1145391.88,0
2025-02-28,18,1125978.46,0
2025-03-31,18,1106565.04,0
2025-04-30,18,1087151.62,0
2025-05-31,18,1067738.2,0
2025-06-30,18,1048324.78,0
2025-07-31,18,1048324.78,26
2025-08-31,18,1028911.36,57
2025-09-30,18,1009497.94,87
2025-10-31,18,990084.52,118
2025-11-30,18,970671.1,148
2025-12-31,18,951257.68,179
2025-01-31,19,1322939.69,0
2025-02-28,19,1322939.69,23
2025-03-31,19,1322939.69,54
2025-04-30,19,1285141.41,84
2025-05-31,19,1247343.13,115
2025-06-30,19,1209544.85,145
2025-07-31,19,1171746.57,176
2025-08-31,19,1133948.29,207
2025-09-30,19,1133948.29,237
2025-10-31,19,1096150.01,268
2025-11-30,19,1058351.73,298
2025-12-31,19,1020553.45,329
2025-01-31,20,2798989.8,0
2025-02-28,20,2775468.88,0
2025-03-31,20,2751947.96,0
2025-04-30,20,2728427.04,0
2025-05-31,20,2704906.12,0
2025-06-30,20,2681385.2,0
2025-07-31,20,2657864.28,0
2025-08-31,20,2634343.36,0
2025-09-30,20,2610822.44,0
2025-10-31,20,2587301.52,0
2025-11-30,20,2563780.6,0
2025-12-31,20,2540259.68,0
2025-01-31,21,936261.47,0
2025-02-28,21,895554.45,0
2025-03-31,21,854847.43,0
2025-04-30,21,814140.41,0
2025-05-31,21,773433.39,0
2025-06-30,21,732726.37,0
2025-07-31,21,692019.35,0
2025-08-31,21,651312.33,0
2025-09-30,21,610605.31,0
2025-10-31,21,569898.29,0
2025-11-30,21,529191.27,0
2025-12-31,21,488484.25,0
2025-01-31,22,1134951.23,0
2025-02-28,22,1085605.52,0
2025-03-31,22,1036259.81,0
2025-04-30,22,986914.1,0
2025-05-31,22,937568.39,0
2025-06-30,22,888222.68,0
2025-07-31,22,838876.97,0
2025-08-31,22,789531.26,0
2025-09-30,22,740185.55,0
2025-10-31,22,690839.84,0
2025-11-30,22,641494.13,0
2025-12-31,22,592148.42,0
2025-01-31,23,660377.33,0
2025-02-28,23,631665.27,0
2025-03-31,23,602953.21,0
2025-04-30,23,574241.15,0
2025-05-31,23,545529.09,0
2025-06-30,23,516817.03,0
2025-07-31,23,488104.97,0
2025-08-31,23,488104.97,26
2025-09-30,23,459392.91,56
2025-10-31,23,459392.91,87
2025-11-30,23,430680.85,117
2025-12-31,23,430680.85,148
2025-01-31,24,468596.11,0
2025-02-28,24,464658.33,0
2025-03-31,24,460720.55,0
2025-04-30,24,456782.77,0
2025-05-31,24,452844.99,0
2025-06-30,24,448907.21,0
2025-07-31,24,444969.43,0
2025-08-31,24,441031.65,0
2025-09-30,24,437093.87,0
2025-10-31,24,433156.09,0
2025-11-30,24,429218.31,0
2025-12-31,24,425280.53,0
2025-01-31,25,1448264.06,0
2025-02-28,25,1423717.21,0
2025-03-31,25,1399170.36,0
2025-04-30,25,1374623.51,0
2025-05-31,25,1350076.66,0
2025-06-30,25,1325529.81,0
2025-07-31,25,1300982.96,0
2025-08-31,25,1276436.11,0
2025-09-30,25,1251889.26,0
2025-10-31,25,1227342.41,0
2025-11-30,25,1202795.56,0
2025-12-31,25,1178248.71,0
2025-01-31,26,557997.63,0
2025-02-28,26,533736.86,0
2025-03-31,26,509476.09,0
2025-04-30,26,485215.32,0
2025-05-31,26,460954.55,0
2025-06-30,26,436693.78,0
2025-07-31,26,412433.01,0
2025-08-31,26,388172.24,0
2025-09-30,26,363911.47,0
2025-10-31,26,339650.7,0
2025-11-30,26,315389.93,0
2025-12-31,26,291129.16,0
2025-01-31,27,564322.93,0
2025-02-28,27,559580.72,0
2025-03-31,27,554838.51,0
2025-04-30,27,550096.3,0
2025-05-31,27,545354.09,0
2025-06-30,27,540611.88,0
2025-07-31,27,535869.67,0
2025-08-31,27,531127.46,0
2025-09-30,27,526385.25,0
2025-10-31,27,521643.04,0
2025-11-30,27,516900.83,0
2025-12-31,27,512158.62,0
2025-01-31,28,162073.66,0
2025-02-28,28,162073.66,23
2025-03-31,28,160711.7,54
2025-04-30,28,159349.74,84
2025-05-31,28,159349.74,115
2025-06-30,28,157987.78,145
2025-07-31,28,156625.82,176
2025-08-31,28,155263.86,207
2025-09-30,28,153901.9,237
2025-10-31,28,153901.9,268
2025-11-30,28,152539.94,298
2025-12-31,28,151177.98,329
2025-01-31,29,2470018.4,0
2025-02-28,29,2362626.3,0
2025-03-31,29,2362626.3,26
2025-04-30,29,2255234.2,56
2025-05-31,29,2147842.1,87
2025-06-30,29,2040450.0,117
2025-07-31,29,1933057.9,148
2025-08-31,29,1825665.8,179
2025-09-30,29,1718273.7,209
2025-10-31,29,1610881.6,240
2025-11-30,29,1503489.5,270
2025-12-31,29,1396097.4,301
2025-01-31,30,1724239.83,0
2025-02-28,30,1709750.42,0
2025-03-31,30,1695261.01,0
2025-04-30,30,1680771.6,0
2025-05-31,30,1666282.19,0
2025-06-30,30,1651792.78,0
2025-07-31,30,1637303.37,0
2025-08-31,30,1622813.96,0
2025-09-30,30,1608324.55,0
2025-10-31,30,1593835.14,0
2025-11-30,30,1579345.73,0
2025-12-31,30,1564856.32,0
2025-01-31,31,437691.65,0
2025-02-28,31,425186.17,0
2025-03-31,31,412680.69,0
2025-04-30,31,400175.21,0
2025-05-31,31,387669.73,0
2025-06-30,31,375164.25,0
2025-07-31,31,362658.77,0
2025-08-31,31,350153.29,0
2025-09-30,31,337647.81,0
2025-10-31,31,325142.33,0
2025-11-30,31,312636.85,0
2025-12-31,31,312636.85,26
2025-01-31,32,1491741.4,0
2025-02-28,32,1449120.22,0
2025-03-31,32,1406499.04,0
2025-04-30,32,1363877.86,0
2025-05-31,32,1321256.68,0
2025-06-30,32,1278635.5,0
2025-07-31,32,1236014.32,0
2025-08-31,32,1193393.14,0
2025-09-30,32,1150771.96,0
2025-10-31,32,1108150.78,0
2025-11-30,32,1065529.6,0
2025-12-31,32,1022908.42,0
2025-01-31,33,183996.79,0
2025-02-28,33,178739.74,0
2025-03-31,33,173482.69,0
2025-04-30,33,168225.64,0
2025-05-31,33,162968.59,0
2025-06-30,33,157711.54,0
2025-07-31,33,157711.54,26
2025-08-31,33,152454.49,57
2025-09-30,33,147197.44,87
2025-10-31,33,141940.39,118
2025-11-30,33,141940.39,148
2025-12-31,33,136683.34,179
2025-01-31,34,714354.96,0
2025-02-28,34,683296.05,0
2025-03-31,34,652237.14,0
2025-04-30,34,621178.23,0
2025-05-31,34,590119.32,0
2025-06-30,34,559060.41,0
2025-07-31,34,528001.5,0
2025-08-31,34,496942.59,0
2025-09-30,34,465883.68,0
2025-10-31,34,434824.77,0
2025-11-30,34,403765.86,0
2025-12-31,34,372706.95,0
2025-01-31,35,1115883.51,0
2025-02-28,35,1084001.12,0
2025-03-31,35,1052118.73,0
2025-04-30,35,1020236.34,0
2025-05-31,35,988353.95,0
2025-06-30,35,956471.56,0
2025-07-31,35,956471.56,26
2025-08-31,35,924589.17,57
2025-09-30,35,892706.78,87
2025-10-31,35,860824.39,118
2025-11-30,35,828942.0,148
2025-12-31,35,797059.61,179
2025-01-31,36,959173.56,0
2025-02-28,36,917470.36,0
2025-03-31,36,875767.16,0
2025-04-30,36,834063.96,0
2025-05-31,36,792360.76,0
2025-06-30,36,750657.56,0
2025-07-31,36,708954.36,0
2025-08-31,36,667251.16,0
2025-09-30,36,625547.96,0
2025-10-31,36,583844.76,0
2025-11-30,36,542141.56,0
2025-12-31,36,500438.36,0
2025-01-31,37,1492685.14,0
2025-02-28,37,1480141.57,0
2025-03-31,37,1467598.0,0
2025-04-30,37,1455054.43,0
2025-05-31,37,1442510.86,0
2025-06-30,37,1429967.29,0
2025-07-31,37,1417423.72,0
2025-08-31,37,1404880.15,0
2025-09-30,37,1392336.58,0
2025-10-31,37,1379793.01,0
2025-11-30,37,1367249.44,0
2025-12-31,37,1354705.87,0
2025-01-31,38,3119769.4,0
2025-02-28,38,3066891.95,0
2025-03-31,38,3014014.5,0
2025-04-30,38,2961137.05,0
2025-05-31,38,2908259.6,0
2025-06-30,38,2855382.15,0
2025-07-31,38,2802504.7,0
2025-08-31,38,2749627.25,0
2025-09-30,38,2696749.8,0
2025-10-31,38,2643872.35,0
2025-11-30,38,2590994.9,0
2025-12-31,38,2538117.45,0
2025-01-31,39,3378869.73,0
2025-02-28,39,3231962.35,0
2025-03-31,39,3085054.97,0
2025-04-30,39,3085054.97,25
2025-05-31,39,2938147.59,56
2025-06-30,39,2791240.21,86
2025-07-31,39,2644332.83,117
2025-08-31,39,2497425.45,148
2025-09-30,39,2350518.07,178
2025-10-31,39,2203610.69,209
2025-11-30,39,2056703.31,239
2025-12-31,39,1909795.93,270
2025-01-31,40,1316966.99,0
2025-02-28,40,1259707.56,0
2025-03-31,40,1202448.13,0
2025-04-30,40,1145188.7,0
2025-05-31,40,1087929.27,0
2025-06-30,40,1030669.84,0
2025-07-31,40,973410.41,0
2025-08-31,40,916150.98,0
2025-09-30,40,858891.55,0
2025-10-31,40,801632.12,0
2025-11-30,40,744372.69,0
2025-12-31,40,687113.26,0
2025-01-31,41,2077808.66,0
2025-02-28,41,2060348.08,0
2025-03-31,41,2042887.5,0
2025-04-30,41,2025426.92,0
2025-05-31,41,2007966.34,0
2025-06-30,41,1990505.76,0
2025-07-31,41,1973045.18,0
2025-08-31,41,1955584.6,0
2025-09-30,41,1938124.02,0
2025-10-31,41,1920663.44,0
2025-11-30,41,1903202.86,0
2025-12-31,41,1885742.28,0
2025-01-31,42,1312819.55,0
2025-02-28,42,1290568.37,0
2025-03-31,42,1268317.19,0
2025-04-30,42,1246066.01,0
2025-05-31,42,1223814.83,0
2025-06-30,42,1201563.65,0
2025-07-31,42,1179312.47,0
2025-08-31,42,1157061.29,0
2025-09-30,42,1134810.11,0
2025-10-31,42,1112558.93,0
2025-11-30,42,1090307.75,0
2025-12-31,42,1068056.57,0
2025-01-31,43,1493169.29,0
2025-02-28,43,1467861.34,0
2025-03-31,43,1442553.39,0
2025-04-30,43,1417245.44,0
2025-05-31,43,1391937.49,0
2025-06-30,43,1366629.54,0
2025-07-31,43,1341321.59,0
2025-08-31,43,1316013.64,0
2025-09-30,43,1290705.69,0
2025-10-31,43,1265397.74,0
2025-11-30,43,1240089.79,0
2025-12-31,43,1214781.84,0
2025-01-31,44,1871741.34,0
2025-02-28,44,1856012.42,0
2025-03-31,44,1840283.5,0
2025-04-30,44,1824554.58,0
2025-05-31,44,1808825.66,0
2025-06-30,44,1793096.74,0
2025-07-31,44,1777367.82,0
2025-08-31,44,1761638.9,0
2025-09-30,44,1745909.98,0
2025-10-31,44,1730181.06,0
2025-11-30,44,1714452.14,0
2025-12-31,44,1698723.22,0
2025-01-31,45,364240.56,0
2025-02-28,45,353833.69,0
2025-03-31,45,343426.82,0
2025-04-30,45,333019.95,0
2025-05-31,45,322613.08,0
2025-06-30,45,312206.21,0
2025-07-31,45,301799.34,0
2025-08-31,45,291392.47,0
2025-09-30,45,280985.6,0
2025-10-31,45,270578.73,0
2025-11-30,45,260171.86,0
2025-12-31,45,249764.99,0
2025-01-31,46,613353.03,0
2025-02-28,46,586685.51,0
2025-03-31,46,560017.99,0
2025-04-30,46,533350.47,0
2025-05-31,46,506682.95,0
2025-06-30,46,480015.43,0
2025-07-31,46,453347.91,0
2025-08-31,46,426680.39,0
2025-09-30,46,400012.87,0
2025-10-31,46,373345.35,0
2025-11-30,46,346677.83,0
2025-12-31,46,320010.31,0
2025-01-31,47,2325652.59,0
2025-02-28,47,2325652.59,23
2025-03-31,47,2224537.26,54
2025-04-30,47,2123421.93,84
2025-05-31,47,2022306.6,115
2025-06-30,47,1921191.27,145
2025-07-31,47,1820075.94,176
2025-08-31,47,1718960.61,207
2025-09-30,47,1617845.28,237
2025-10-31,47,1516729.95,268
2025-11-30,47,1415614.62,298
2025-12-31,47,1314499.29,329
2025-01-31,48,699429.9,0
2025-02-28,48,679446.19,0
2025-03-31,48,659462.48,0
2025-04-30,48,639478.77,0
2025-05-31,48,619495.06,0
2025-06-30,48,599511.35,0
2025-07-31,48,579527.64,0
2025-08-31,48,559543.93,0
2025-09-30,48,539560.22,0
2025-10-31,48,519576.51,0
2025-11-30,48,499592.8,0
2025-12-31,48,479609.09,0
2025-01-31,49,987848.44,0
2025-02-28,49,959624.2,0
2025-03-31,49,931399.96,0
2025-04-30,49,903175.72,0
2025-05-31,49,874951.48,0
2025-06-30,49,846727.24,0
2025-07-31,49,818503.0,0
2025-08-31,49,790278.76,0
2025-09-30,49,762054.52,0
2025-10-31,49,733830.28,0
2025-11-30,49,705606.04,0
2025-12-31,49,677381.8,0
2025-01-31,50,774745.32,0
2025-02-28,50,752609.74,0
2025-03-31,50,730474.16,0
2025-04-30,50,708338.58,0
2025-05-31,50,686203.0,0
2025-06-30,50,664067.42,0
2025-07-31,50,641931.84,0
2025-08-31,50,619796.26,0
2025-09-30,50,597660.68,0
2025-10-31,50,575525.1,0
2025-11-30,50,553389.52,0
2025-12-31,50,531253.94,0
2025-01-31,51,452719.33,0
2025-02-28,51,433035.88,0
2025-03-31,51,413352.43,0
2025-04-30,51,393668.98,0
2025-05-31,51,393668.98,26
2025-06-30,51,373985.53,56
2025-07-31,51,354302.08,87
2025-08-31,51,334618.63,118
2025-09-30,51,314935.18,148
2025-10-31,51,295251.73,179
2025-11-30,51,275568.28,209
2025-12-31,51,255884.83,240
2025-01-31,52,1574770.15,0
2025-02-28,52,1548079.13,0
2025-03-31,52,1521388.11,0
2025-04-30,52,1494697.09,0
2025-05-31,52,1468006.07,0
2025-06-30,52,1441315.05,0
2025-07-31,52,1414624.03,0
2025-08-31,52,1387933.01,0
2025-09-30,52,1361241.99,0
2025-10-31,52,1334550.97,0
2025-11-30,52,1307859.95,0
2025-12-31,52,1281168.93,0
2025-01-31,53,751570.88,0
2025-02-28,53,745255.16,0
2025-03-31,53,738939.44,0
2025-04-30,53,732623.72,0
2025-05-31,53,726308.0,0
2025-06-30,53,719992.28,0
2025-07-31,53,713676.56,0
2025-08-31,53,707360.84,0
2025-09-30,53,701045.12,0
2025-10-31,53,694729.4,0
2025-11-30,53,688413.68,0
2025-12-31,53,682097.96,0
2025-01-31,54,550233.45,0
2025-02-28,54,526310.26,0
2025-03-31,54,502387.07,0
2025-04-30,54,478463.88,0
2025-05-31,54,454540.69,0
2025-06-30,54,454540.69,25
2025-07-31,54,430617.5,56
2025-08-31,54,406694.31,87
2025-09-30,54,382771.12,117
2025-10-31,54,358847.93,148
2025-11-30,54,334924.74,178
2025-12-31,54,311001.55,209
2025-01-31,55,182557.57,0
2025-02-28,55,179463.37,0
2025-03-31,55,176369.17,0
2025-04-30,55,173274.97,0
2025-05-31,55,170180.77,0
2025-06-30,55,167086.57,0
2025-07-31,55,163992.37,0
2025-08-31,55,160898.17,0
2025-09-30,55,157803.97,0
2025-10-31,55,154709.77,0
2025-11-30,55,151615.57,0
2025-12-31,55,148521.37,0
2025-01-31,56,2336635.53,0
2025-02-28,56,2297031.54,0
2025-03-31,56,2257427.55,0
2025-04-30,56,2217823.56,0
2025-05-31,56,2178219.57,0
2025-06-30,56,2138615.58,0
2025-07-31,56,2099011.59,0
2025-08-31,56,2059407.6,0
2025-09-30,56,2019803.61,0
2025-10-31,56,1980199.62,0
2025-11-30,56,1940595.63,0
2025-12-31,56,1900991.64,0
2025-01-31,57,1249158.2,26
2025-02-28,57,1238748.55,54
2025-03-31,57,1228338.9,85
2025-04-30,57,1217929.25,115
2025-05-31,57,1207519.6,146
2025-06-30,57,1197109.95,176
2025-07-31,57,1186700.3,207
2025-08-31,57,1176290.65,238
2025-09-30,57,1165881.0,268
2025-10-31,57,1155471.35,299
2025-11-30,57,1145061.7,329
2025-12-31,57,1134652.05,360
2025-01-31,58,1225235.8,0
2025-02-28,58,1225235.8,23
2025-03-31,58,1171964.68,54
2025-04-30,58,1118693.56,84
2025-05-31,58,1065422.44,115
2025-06-30,58,1012151.32,145
2025-07-31,58,958880.2,176
2025-08-31,58,905609.08,207
2025-09-30,58,852337.96,237
2025-10-31,58,799066.84,268
2025-11-30,58,745795.72,298
2025-12-31,58,692524.6,329
2025-01-31,59,1420648.81,0
2025-02-28,59,1380058.84,0
2025-03-31,59,1339468.87,0
2025-04-30,59,1298878.9,0
2025-05-31,59,1258288.93,0
2025-06-30,59,1217698.96,0
2025-07-31,59,1177108.99,0
2025-08-31,59,1177108.99,26
2025-09-30,59,1136519.02,56
2025-10-31,59,1095929.05,87
2025-11-30,59,1055339.08,117
2025-12-31,59,1014749.11,148
2025-01-31,60,513841.85,0
2025-02-28,60,513841.85,23
2025-03-31,60,505132.67,54
2025-04-30,60,496423.49,84
2025-05-31,60,487714.31,115
2025-06-30,60,479005.13,145
2025-07-31,60,470295.95,176
2025-08-31,60,461586.77,207
2025-09-30,60,461586.77,237
2025-10-31,60,452877.59,268
2025-11-30,60,444168.41,298
2025-12-31,60,435459.23,329
2025-01-31,61,470184.37,0
2025-02-28,61,466233.24,0
2025-03-31,61,462282.11,0
2025-04-30,61,458330.98,0
2025-05-31,61,454379.85,0
2025-06-30,61,450428.72,0
2025-07-31,61,446477.59,0
2025-08-31,61,442526.46,0
2025-09-30,61,438575.33,0
2025-10-31,61,434624.2,0
2025-11-30,61,430673.07,0
2025-12-31,61,426721.94,0
2025-01-31,62,145901.24,0
2025-02-28,62,139557.71,0
2025-03-31,62,133214.18,0
2025-04-30,62,126870.65,0
2025-05-31,62,120527.12,0
2025-06-30,62,120527.12,25
2025-07-31,62,114183.59,56
2025-08-31,62,107840.06,87
2025-09-30,62,101496.53,117
2025-10-31,62,95153.0,148
2025-11-30,62,88809.47,178
2025-12-31,62,82465.94,209
2025-01-31,63,2092542.3,0
2025-02-28,63,2001562.2,0
2025-03-31,63,1910582.1,0
2025-04-30,63,1819602.0,0
2025-05-31,63,1728621.9,0
2025-06-30,63,1637641.8,0
2025-07-31,63,1546661.7,0
2025-08-31,63,1455681.6,0
2025-09-30,63,1364701.5,0
2025-10-31,63,1273721.4,0
2025-11-30,63,1182741.3,0
2025-12-31,63,1091761.2,0
2025-01-31,64,485296.16,0
2025-02-28,64,481218.04,0
2025-03-31,64,477139.92,0
2025-04-30,64,473061.8,0
2025-05-31,64,468983.68,0
2025-06-30,64,464905.56,0
2025-07-31,64,460827.44,0
2025-08-31,64,456749.32,0
2025-09-30,64,452671.2,0
2025-10-31,64,448593.08,0
2025-11-30,64,444514.96,0
2025-12-31,64,440436.84,0
2025-01-31,65,1426784.03,0
2025-02-28,65,1386018.77,0
2025-03-31,65,1345253.51,0
2025-04-30,65,1304488.25,0
2025-05-31,65,1263722.99,0
2025-06-30,65,1222957.73,0
2025-07-31,65,1182192.47,0
2025-08-31,65,1141427.21,0
2025-09-30,65,1100661.95,0
2025-10-31,65,1059896.69,0
2025-11-30,65,1019131.43,0
2025-12-31,65,978366.17,0
2025-01-31,66,475322.21,0
2025-02-28,66,461741.58,0
2025-03-31,66,448160.95,0
2025-04-30,66,434580.32,0
2025-05-31,66,420999.69,0
2025-06-30,66,407419.06,0
2025-07-31,66,393838.43,0
2025-08-31,66,380257.8,0
2025-09-30,66,366677.17,0
2025-10-31,66,353096.54,0
2025-11-30,66,339515.91,0
2025-12-31,66,325935.28,0
2025-01-31,67,773923.16,0
2025-02-28,67,760805.82,0
2025-03-31,67,747688.48,0
2025-04-30,67,734571.14,0
2025-05-31,67,721453.8,0
2025-06-30,67,708336.46,0
2025-07-31,67,695219.12,0
2025-08-31,67,682101.78,0
2025-09-30,67,668984.44,0
2025-10-31,67,655867.1,0
2025-11-30,67,642749.76,0
2025-12-31,67,629632.42,0
2025-01-31,68,474287.94,0
2025-02-28,68,453666.73,0
2025-03-31,68,433045.52,0
2025-04-30,68,412424.31,0
2025-05-31,68,391803.1,0
2025-06-30,68,371181.89,0
2025-07-31,68,350560.68,0
2025-08-31,68,350560.68,26
2025-09-30,68,329939.47,56
2025-10-31,68,309318.26,87
2025-11-30,68,288697.05,117
2025-12-31,68,268075.84,148
2025-01-31,69,617150.51,0
2025-02-28,69,606690.33,0
2025-03-31,69,596230.15,0
2025-04-30,69,585769.97,0
2025-05-31,69,575309.79,0
2025-06-30,69,564849.61,0
2025-07-31,69,554389.43,0
2025-08-31,69,543929.25,0
2025-09-30,69,533469.07,0
2025-10-31,69,523008.89,0
2025-11-30,69,512548.71,0
2025-12-31,69,502088.53,0
2025-01-31,70,483013.13,0
2025-02-28,70,469212.75,0
2025-03-31,70,455412.37,0
2025-04-30,70,441611.99,0
2025-05-31,70,427811.61,0
2025-06-30,70,414011.23,0
2025-07-31,70,400210.85,0
2025-08-31,70,386410.47,0
2025-09-30,70,372610.09,0
2025-10-31,70,358809.71,0
2025-11-30,70,345009.33,0
2025-12-31,70,331208.95,0
2025-01-31,71,1140136.03,0
2025-02-28,71,1090564.9,0
2025-03-31,71,1090564.9,26
2025-04-30,71,1040993.77,56
2025-05-31,71,991422.64,87
2025-06-30,71,941851.51,117
2025-07-31,71,892280.38,148
2025-08-31,71,842709.25,179
2025-09-30,71,793138.12,209
2025-10-31,71,743566.99,240
2025-11-30,71,693995.86,270
2025-12-31,71,644424.73,301
2025-01-31,72,2107801.57,0
2025-02-28,72,2072076.12,0
2025-03-31,72,2036350.67,0
2025-04-30,72,2000625.22,0
2025-05-31,72,2000625.22,26
2025-06-30,72,1964899.77,56
2025-07-31,72,1929174.32,87
2025-08-31,72,1893448.87,118
2025-09-30,72,1857723.42,148
2025-10-31,72,1821997.97,179
2025-11-30,72,1786272.52,209
2025-12-31,72,1750547.07,240
2025-01-31,73,404043.46,0
2025-02-28,73,397195.27,0
2025-03-31,73,390347.08,0
2025-04-30,73,383498.89,0
2025-05-31,73,376650.7,0
2025-06-30,73,369802.51,0
2025-07-31,73,362954.32,0
2025-08-31,73,356106.13,0
2025-09-30,73,349257.94,0
2025-10-31,73,342409.75,0
2025-11-30,73,335561.56,0
2025-12-31,73,328713.37,0
2025-01-31,74,1782233.15,0
2025-02-28,74,1731312.2,0
2025-03-31,74,1731312.2,26
2025-04-30,74,1731312.2,56
2025-05-31,74,1680391.25,87
2025-06-30,74,1629470.3,117
2025-07-31,74,1629470.3,148
2025-08-31,74,1578549.35,179
2025-09-30,74,1527628.4,209
2025-10-31,74,1476707.45,240
2025-11-30,74,1425786.5,270
2025-12-31,74,1374865.55,301
2025-01-31,75,1769157.32,0
2025-02-28,75,1739171.6,0
2025-03-31,75,1709185.88,0
2025-04-30,75,1709185.88,25
2025-05-31,75,1679200.16,56
2025-06-30,75,1679200.16,86
2025-07-31,75,1649214.44,117
2025-08-31,75,1619228.72,148
2025-09-30,75,1589243.0,178
2025-10-31,75,1559257.28,209
2025-11-30,75,1529271.56,239
2025-12-31,75,1499285.84,270
2025-01-31,76,692524.42,0
2025-02-28,76,686704.89,0
2025-03-31,76,680885.36,0
2025-04-30,76,675065.83,0
2025-05-31,76,669246.3,0
2025-06-30,76,663426.77,0
2025-07-31,76,657607.24,0
2025-08-31,76,651787.71,0
2025-09-30,76,645968.18,0
2025-10-31,76,640148.65,0
2025-11-30,76,634329.12,0
2025-12-31,76,628509.59,0
2025-01-31,77,2368546.5,0
2025-02-28,77,2348642.75,0
2025-03-31,77,2328739.0,0
2025-04-30,77,2308835.25,0
2025-05-31,77,2308835.25,26
2025-06-30,77,2288931.5,56
2025-07-31,77,2269027.75,87
2025-08-31,77,2269027.75,118
2025-09-30,77,2249124.0,148
2025-10-31,77,2229220.25,179
2025-11-30,77,2229220.25,209
2025-12-31,77,2209316.5,240
2025-01-31,78,573929.85,0
2025-02-28,78,569106.91,0
2025-03-31,78,564283.97,0
2025-04-30,78,559461.03,0
2025-05-31,78,554638.09,0
2025-06-30,78,549815.15,0
2025-07-31,78,544992.21,0
2025-08-31,78,544992.21,26
2025-09-30,78,540169.27,56
2025-10-31,78,535346.33,87
2025-11-30,78,530523.39,117
2025-12-31,78,525700.45,148
2025-01-31,79,589228.87,0
2025-02-28,79,584277.37,0
2025-03-31,79,579325.87,0
2025-04-30,79,579325.87,25
2025-05-31,79,579325.87,56
2025-06-30,79,574374.37,86
2025-07-31,79,569422.87,117
2025-08-31,79,564471.37,148
2025-09-30,79,559519.87,178
2025-10-31,79,554568.37,209
2025-11-30,79,549616.87,239
2025-12-31,79,544665.37,270
2025-01-31,80,714316.55,0
2025-02-28,80,693907.51,0
2025-03-31,80,693907.51,26
2025-04-30,80,673498.47,56
2025-05-31,80,653089.43,87
2025-06-30,80,632680.39,117
2025-07-31,80,612271.35,148
2025-08-31,80,591862.31,179
2025-09-30,80,571453.27,209
2025-10-31,80,551044.23,240
2025-11-30,80,530635.19,270
2025-12-31,80,510226.15,301
2025-01-31,81,181848.24,0
2025-02-28,81,180320.1,0
2025-03-31,81,178791.96,0
2025-04-30,81,177263.82,0
2025-05-31,81,175735.68,0
2025-06-30,81,174207.54,0
2025-07-31,81,172679.4,0
2025-08-31,81,171151.26,0
2025-09-30,81,169623.12,0
2025-10-31,81,168094.98,0
2025-11-30,81,166566.84,0
2025-12-31,81,165038.7,0
2025-01-31,82,428576.81,0
2025-02-28,82,421312.8,0
2025-03-31,82,414048.79,0
2025-04-30,82,406784.78,0
2025-05-31,82,399520.77,0
2025-06-30,82,392256.76,0
2025-07-31,82,384992.75,0
2025-08-31,82,377728.74,0
2025-09-30,82,370464.73,0
2025-10-31,82,363200.72,0
2025-11-30,82,355936.71,0
2025-12-31,82,348672.7,0
2025-01-31,83,647055.07,0
2025-02-28,83,636088.03,0
2025-03-31,83,625120.99,0
2025-04-30,83,614153.95,0
2025-05-31,83,603186.91,0
2025-06-30,83,592219.87,0
2025-07-31,83,581252.83,0
2025-08-31,83,570285.79,0
2025-09-30,83,559318.75,0
2025-10-31,83,548351.71,0
2025-11-30,83,548351.71,25
2025-12-31,83,548351.71,56
2025-01-31,84,2082794.17,0
2025-02-28,84,2047492.57,0
2025-03-31,84,2012190.97,0
2025-04-30,84,1976889.37,0
2025-05-31,84,1941587.77,0
2025-06-30,84,1906286.17,0
2025-07-31,84,1870984.57,0
2025-08-31,84,1835682.97,0
2025-09-30,84,1800381.37,0
2025-10-31,84,1765079.77,0
2025-11-30,84,1729778.17,0
2025-12-31,84,1694476.57,0
2025-01-31,85,1154936.26,0
2025-02-28,85,1135361.07,0
2025-03-31,85,1115785.88,0
2025-04-30,85,1096210.69,0
2025-05-31,85,1076635.5,0
2025-06-30,85,1057060.31,0
2025-07-31,85,1057060.31,26
2025-08-31,85,1037485.12,57
2025-09-30,85,1017909.93,87
2025-10-31,85,998334.74,118
2025-11-30,85,978759.55,148
2025-12-31,85,959184.36,179
2025-01-31,86,642374.04,0
2025-02-28,86,614444.73,0
2025-03-31,86,586515.42,0
2025-04-30,86,586515.42,25
2025-05-31,86,558586.11,56
2025-06-30,86,530656.8,86
2025-07-31,86,502727.49,117
2025-08-31,86,502727.49,148
2025-09-30,86,474798.18,178
2025-10-31,86,446868.87,209
2025-11-30,86,446868.87,239
2025-12-31,86,418939.56,270
2025-01-31,87,566938.17,0
2025-02-28,87,566938.17,23
2025-03-31,87,557329.05,54
2025-04-30,87,547719.93,84
2025-05-31,87,538110.81,115
2025-06-30,87,528501.69,145
2025-07-31,87,518892.57,176
2025-08-31,87,509283.45,207
2025-09-30,87,499674.33,237
2025-10-31,87,490065.21,268
2025-11-30,87,480456.09,298
2025-12-31,87,470846.97,329
2025-01-31,88,1560621.46,26
2025-02-28,88,1534611.1,54
2025-03-31,88,1508600.74,85
2025-04-30,88,1482590.38,115
2025-05-31,88,1456580.02,146
2025-06-30,88,1430569.66,176
2025-07-31,88,1430569.66,207
2025-08-31,88,1430569.66,238
2025-09-30,88,1404559.3,268
2025-10-31,88,1378548.94,299
2025-11-30,88,1352538.58,329
2025-12-31,88,1326528.22,360
2025-01-31,89,630811.22,0
2025-02-28,89,603384.65,0
2025-03-31,89,575958.08,0
2025-04-30,89,548531.51,0
2025-05-31,89,521104.94,0
2025-06-30,89,493678.37,0
2025-07-31,89,466251.8,0
2025-08-31,89,438825.23,0
2025-09-30,89,411398.66,0
2025-10-31,89,383972.09,0
2025-11-30,89,356545.52,0
2025-12-31,89,329118.95,0
2025-01-31,90,495107.97,0
2025-02-28,90,473581.54,0
2025-03-31,90,452055.11,0
2025-04-30,90,430528.68,0
2025-05-31,90,409002.25,0
2025-06-30,90,387475.82,0
2025-07-31,90,365949.39,0
2025-08-31,90,344422.96,0
2025-09-30,90,322896.53,0
2025-10-31,90,301370.1,0
2025-11-30,90,279843.67,0
2025-12-31,90,258317.24,0
2025-01-31,91,1530819.23,0
2025-02-28,91,1517955.2,0
2025-03-31,91,1505091.17,0
2025-04-30,91,1492227.14,0
2025-05-31,91,1479363.11,0
2025-06-30,91,1466499.08,0
2025-07-31,91,1453635.05,0
2025-08-31,91,1440771.02,0
2025-09-30,91,1427906.99,0
2025-10-31,91,1415042.96,0
2025-11-30,91,1402178.93,0
2025-12-31,91,1389314.9,0
2025-01-31,92,213436.33,0
2025-02-28,92,204156.49,0
2025-03-31,92,194876.65,0
2025-04-30,92,185596.81,0
2025-05-31,92,176316.97,0
2025-06-30,92,167037.13,0
2025-07-31,92,157757.29,0
2025-08-31,92,148477.45,0
2025-09-30,92,139197.61,0
2025-10-31,92,129917.77,0
2025-11-30,92,120637.93,0
2025-12-31,92,111358.09,0
2025-01-31,93,757742.87,0
2025-02-28,93,744899.77,0
2025-03-31,93,732056.67,0
2025-04-30,93,719213.57,0
2025-05-31,93,706370.47,0
2025-06-30,93,693527.37,0
2025-07-31,93,680684.27,0
2025-08-31,93,667841.17,0
2025-09-30,93,654998.07,0
2025-10-31,93,642154.97,0
2025-11-30,93,629311.87,0
2025-12-31,93,616468.77,0
2025-01-31,94,1186349.84,0
2025-02-28,94,1176380.51,0
2025-03-31,94,1166411.18,0
2025-04-30,94,1156441.85,0
2025-05-31,94,1146472.52,0
2025-06-30,94,1136503.19,0
2025-07-31,94,1126533.86,0
2025-08-31,94,1116564.53,0
2025-09-30,94,1106595.2,0
2025-10-31,94,1096625.87,0
2025-11-30,94,1086656.54,0
2025-12-31,94,1076687.21,0
2025-01-31,95,761161.22,0
2025-02-28,95,739413.76,0
2025-03-31,95,717666.3,0
2025-04-30,95,695918.84,0
2025-05-31,95,674171.38,0
2025-06-30,95,652423.92,0
2025-07-31,95,630676.46,0
2025-08-31,95,608929.0,0
2025-09-30,95,608929.0,25
2025-10-31,95,587181.54,56
2025-11-30,95,587181.54,86
2025-12-31,95,565434.08,117
2025-01-31,96,316079.67,0
2025-02-28,96,302337.08,0
2025-03-31,96,288594.49,0
2025-04-30,96,274851.9,0
2025-05-31,96,261109.31,0
2025-06-30,96,247366.72,0
2025-07-31,96,233624.13,0
2025-08-31,96,219881.54,0
2025-09-30,96,206138.95,0
2025-10-31,96,192396.36,0
2025-11-30,96,178653.77,0
2025-12-31,96,164911.18,0
2025-01-31,97,1432005.24,0
2025-02-28,97,1419971.58,0
2025-03-31,97,1407937.92,0
2025-04-30,97,1395904.26,0
2025-05-31,97,1383870.6,0
2025-06-30,97,1371836.94,0
2025-07-31,97,1359803.28,0
2025-08-31,97,1347769.62,0
2025-09-30,97,1335735.96,0
2025-10-31,97,1323702.3,0
2025-11-30,97,1311668.64,0
2025-12-31,97,1299634.98,0
2025-01-31,98,785007.69,0
2025-02-28,98,785007.69,23
2025-03-31,98,762578.9,54
2025-04-30,98,762578.9,84
2025-05-31,98,762578.9,115
2025-06-30,98,740150.11,145
2025-07-31,98,717721.32,176
2025-08-31,98,695292.53,207
2025-09-30,98,695292.53,237
2025-10-31,98,695292.53,268
2025-11-30,98,672863.74,298
2025-12-31,98,650434.95,329
2025-01-31,99,320909.69,0
2025-02-28,99,306957.09,0
2025-03-31,99,293004.49,0
2025-04-30,99,279051.89,0
2025-05-31,99,265099.29,0
2025-06-30,99,251146.69,0
2025-07-31,99,237194.09,0
2025-08-31,99,223241.49,0
2025-09-30,99,209288.89,0
2025-10-31,99,195336.29,0
2025-11-30,99,181383.69,0
2025-12-31,99,167431.09,0
2025-01-31,100,799229.54,0
2025-02-28,100,776394.41,0
2025-03-31,100,753559.28,0
2025-04-30,100,730724.15,0
2025-05-31,100,707889.02,0
2025-06-30,100,685053.89,0
2025-07-31,100,662218.76,0
2025-08-31,100,639383.63,0
2025-09-30,100,616548.5,0
2025-10-31,100,593713.37,0
2025-11-30,100,593713.37,25
2025-12-31,100,570878.24,56
2025-01-31,101,779542.31,0
2025-02-28,101,772991.53,0
2025-03-31,101,766440.75,0
2025-04-30,101,759889.97,0
2025-05-31,101,753339.19,0
2025-06-30,101,746788.41,0
2025-07-31,101,740237.63,0
2025-08-31,101,733686.85,0
2025-09-30,101,727136.07,0
2025-10-31,101,727136.07,26
2025-11-30,101,720585.29,56
2025-12-31,101,714034.51,87
2025-01-31,102,1085842.6,0
2025-02-28,102,1076717.87,0
2025-03-31,102,1067593.14,0
2025-04-30,102,1058468.41,0
2025-05-31,102,1049343.68,0
2025-06-30,102,1040218.95,0
2025-07-31,102,1031094.22,0
2025-08-31,102,1021969.49,0
2025-09-30,102,1012844.76,0
2025-10-31,102,1003720.03,0
2025-11-30,102,994595.3,0
2025-12-31,102,985470.57,0
2025-01-31,103,940552.46,0
2025-02-28,103,932648.66,0
2025-03-31,103,932648.66,26
2025-04-30,103,924744.86,56
2025-05-31,103,916841.06,87
2025-06-30,103,908937.26,117
2025-07-31,103,901033.46,148
2025-08-31,103,893129.66,179
2025-09-30,103,885225.86,209
2025-10-31,103,877322.06,240
2025-11-30,103,869418.26,270
2025-12-31,103,861514.46,301
2025-01-31,104,568133.44,0
2025-02-28,104,551901.06,0
2025-03-31,104,535668.68,0
2025-04-30,104,519436.3,0
2025-05-31,104,503203.92,0
2025-06-30,104,486971.54,0
2025-07-31,104,470739.16,0
2025-08-31,104,454506.78,0
2025-09-30,104,438274.4,0
2025-10-31,104,422042.02,0
2025-11-30,104,405809.64,0
2025-12-31,104,389577.26,0
2025-01-31,105,454225.42,0
2025-02-28,105,450408.4,0
2025-03-31,105,446591.38,0
2025-04-30,105,442774.36,0
2025-05-31,105,438957.34,0
2025-06-30,105,435140.32,0
2025-07-31,105,431323.3,0
2025-08-31,105,427506.28,0
2025-09-30,105,423689.26,0
2025-10-31,105,419872.24,0
2025-11-30,105,416055.22,0
2025-12-31,105,412238.2,0
2025-01-31,106,2434810.95,0
2025-02-28,106,2365244.92,0
2025-03-31,106,2295678.89,0
2025-04-30,106,2226112.86,0
2025-05-31,106,2156546.83,0
2025-06-30,106,2086980.8,0
2025-07-31,106,2017414.77,0
2025-08-31,106,1947848.74,0
2025-09-30,106,1878282.71,0
2025-10-31,106,1808716.68,0
2025-11-30,106,1739150.65,0
2025-12-31,106,1669584.62,0
2025-01-31,107,650107.29,0
2025-02-28,107,639088.52,0
2025-03-31,107,628069.75,0
2025-04-30,107,617050.98,0
2025-05-31,107,606032.21,0
2025-06-30,107,595013.44,0
2025-07-31,107,583994.67,0
2025-08-31,107,572975.9,0
2025-09-30,107,561957.13,0
2025-10-31,107,550938.36,0
2025-11-30,107,539919.59,0
2025-12-31,107,539919.59,26
2025-01-31,108,812267.69,0
2025-02-28,108,805441.91,0
2025-03-31,108,798616.13,0
2025-04-30,108,791790.35,0
2025-05-31,108,784964.57,0
2025-06-30,108,778138.79,0
2025-07-31,108,771313.01,0
2025-08-31,108,764487.23,0
2025-09-30,108,757661.45,0
2025-10-31,108,750835.67,0
2025-11-30,108,744009.89,0
2025-12-31,108,737184.11,0
2025-01-31,109,307806.69,0
2025-02-28,109,305220.08,0
2025-03-31,109,302633.47,0
2025-04-30,109,300046.86,0
2025-05-31,109,297460.25,0
2025-06-30,109,294873.64,0
2025-07-31,109,292287.03,0
2025-08-31,109,289700.42,0
2025-09-30,109,287113.81,0
2025-10-31,109,284527.2,0
2025-11-30,109,281940.59,0
2025-12-31,109,279353.98,0
2025-01-31,110,1864413.02,0
2025-02-28,110,1783351.58,0
2025-03-31,110,1702290.14,0
2025-04-30,110,1621228.7,0
2025-05-31,110,1540167.26,0
2025-06-30,110,1459105.82,0
2025-07-31,110,1378044.38,0
2025-08-31,110,1296982.94,0
2025-09-30,110,1215921.5,0
2025-10-31,110,1134860.06,0
2025-11-30,110,1053798.62,0
2025-12-31,110,972737.18,0
2025-01-31,111,984709.88,0
2025-02-28,111,941896.41,0
2025-03-31,111,899082.94,0
2025-04-30,111,856269.47,0
2025-05-31,111,813456.0,0
2025-06-30,111,770642.53,0
2025-07-31,111,727829.06,0
2025-08-31,111,685015.59,0
2025-09-30,111,642202.12,0
2025-10-31,111,599388.65,0
2025-11-30,111,556575.18,0
2025-12-31,111,513761.71,0
2025-01-31,112,485373.38,26
2025-02-28,112,471890.79,54
2025-03-31,112,458408.2,85
2025-04-30,112,458408.2,115
2025-05-31,112,444925.61,146
2025-06-30,112,431443.02,176
2025-07-31,112,417960.43,207
2025-08-31,112,417960.43,238
2025-09-30,112,404477.84,268
2025-10-31,112,390995.25,299
2025-11-30,112,377512.66,329
2025-12-31,112,364030.07,360
2025-01-31,113,1012639.66,0
2025-02-28,113,1004130.08,0
2025-03-31,113,995620.5,0
2025-04-30,113,987110.92,0
2025-05-31,113,987110.92,26
2025-06-30,113,978601.34,56
2025-07-31,113,970091.76,87
2025-08-31,113,961582.18,118
2025-09-30,113,953072.6,148
2025-10-31,113,944563.02,179
2025-11-30,113,936053.44,209
2025-12-31,113,927543.86,240
2025-01-31,114,410277.73,0
2025-02-28,114,403323.87,0
2025-03-31,114,396370.01,0
2025-04-30,114,389416.15,0
2025-05-31,114,382462.29,0
2025-06-30,114,382462.29,25
2025-07-31,114,375508.43,56
2025-08-31,114,368554.57,87
2025-09-30,114,361600.71,117
2025-10-31,114,354646.85,148
2025-11-30,114,354646.85,178
2025-12-31,114,347692.99,209
2025-01-31,115,562243.79,0
2025-02-28,115,546179.68,0
2025-03-31,115,530115.57,0
2025-04-30,115,514051.46,0
2025-05-31,115,497987.35,0
2025-06-30,115,481923.24,0
2025-07-31,115,465859.13,0
2025-08-31,115,449795.02,0
2025-09-30,115,433730.91,0
2025-10-31,115,417666.8,0
2025-11-30,115,401602.69,0
2025-12-31,115,385538.58,0
2025-01-31,116,387380.39,0
2025-02-28,116,384125.09,0
2025-03-31,116,380869.79,0
2025-04-30,116,377614.49,0
2025-05-31,116,374359.19,0
2025-06-30,116,371103.89,0
2025-07-31,116,367848.59,0
2025-08-31,116,364593.29,0
2025-09-30,116,361337.99,0
2025-10-31,116,358082.69,0
2025-11-30,116,354827.39,0
2025-12-31,116,351572.09,0
2025-01-31,117,644241.42,0
2025-02-28,117,638827.63,0
2025-03-31,117,633413.84,0
2025-04-30,117,628000.05,0
2025-05-31,117,622586.26,0
2025-06-30,117,617172.47,0
2025-07-31,117,611758.68,0
2025-08-31,117,606344.89,0
2025-09-30,117,600931.1,0
2025-10-31,117,595517.31,0
2025-11-30,117,590103.52,0
2025-12-31,117,584689.73,0
2025-01-31,118,1067504.58,0
2025-02-28,118,1037004.45,0
2025-03-31,118,1006504.32,0
2025-04-30,118,976004.19,0
2025-05-31,118,945504.06,0
2025-06-30,118,915003.93,0
2025-07-31,118,884503.8,0
2025-08-31,118,854003.67,0
2025-09-30,118,823503.54,0
2025-10-31,118,793003.41,0
2025-11-30,118,762503.28,0
2025-12-31,118,732003.15,0
2025-01-31,119,1862318.62,0
2025-02-28,119,1809109.52,0
2025-03-31,119,1809109.52,26
2025-04-30,119,1755900.42,56
2025-05-31,119,1755900.42,87
2025-06-30,119,1702691.32,117
2025-07-31,119,1649482.22,148
2025-08-31,119,1596273.12,179
2025-09-30,119,1543064.02,209
2025-10-31,119,1489854.92,240
2025-11-30,119,1436645.82,270
2025-12-31,119,1383436.72,301
2025-01-31,120,1727936.86,0
2025-02-28,120,1652809.17,0
2025-03-31,120,1577681.48,0
2025-04-30,120,1502553.79,0
2025-05-31,120,1427426.1,0
2025-06-30,120,1352298.41,0
2025-07-31,120,1277170.72,0
2025-08-31,120,1202043.03,0
2025-09-30,120,1202043.03,25
2025-10-31,120,1126915.34,56
2025-11-30,120,1051787.65,86
2025-12-31,120,976659.96,117
2025-01-31,121,513349.62,0
2025-02-28,121,498682.49,0
2025-03-31,121,484015.36,0
2025-04-30,121,469348.23,0
2025-05-31,121,454681.1,0
2025-06-30,121,440013.97,0
2025-07-31,121,425346.84,0
2025-08-31,121,410679.71,0
2025-09-30,121,396012.58,0
2025-10-31,121,381345.45,0
2025-11-30,121,366678.32,0
2025-12-31,121,352011.19,0
2025-01-31,122,557940.22,0
2025-02-28,122,533681.95,0
2025-03-31,122,533681.95,26
2025-04-30,122,509423.68,56
2025-05-31,122,485165.41,87
2025-06-30,122,460907.14,117
2025-07-31,122,436648.87,148
2025-08-31,122,412390.6,179
2025-09-30,122,412390.6,209
2025-10-31,122,388132.33,240
2025-11-30,122,363874.06,270
2025-12-31,122,339615.79,301
2025-01-31,123,1353280.73,0
2025-02-28,123,1330343.77,0
2025-03-31,123,1307406.81,0
2025-04-30,123,1284469.85,0
2025-05-31,123,1261532.89,0
2025-06-30,123,1238595.93,0
2025-07-31,123,1215658.97,0
2025-08-31,123,1192722.01,0
2025-09-30,123,1169785.05,0
2025-10-31,123,1146848.09,0
2025-11-30,123,1123911.13,0
2025-12-31,123,1100974.17,0
2025-01-31,124,1390148.26,0
2025-02-28,124,1329707.03,0
2025-03-31,124,1269265.8,0
2025-04-30,124,1208824.57,0
2025-05-31,124,1148383.34,0
2025-06-30,124,1087942.11,0
2025-07-31,124,1027500.88,0
2025-08-31,124,967059.65,0
2025-09-30,124,906618.42,0
2025-10-31,124,846177.19,0
2025-11-30,124,785735.96,0
2025-12-31,124,725294.73,0
2025-01-31,125,391313.29,0
2025-02-28,125,388024.94,0
2025-03-31,125,388024.94,26
2025-04-30,125,384736.59,56
2025-05-31,125,381448.24,87
2025-06-30,125,378159.89,117
2025-07-31,125,374871.54,148
2025-08-31,125,371583.19,179
2025-09-30,125,368294.84,209
2025-10-31,125,365006.49,240
2025-11-30,125,361718.14,270
2025-12-31,125,358429.79,301
2025-01-31,126,768565.47,0
2025-02-28,126,735149.58,0
2025-03-31,126,701733.69,0
2025-04-30,126,668317.8,0
2025-05-31,126,634901.91,0
2025-06-30,126,601486.02,0
2025-07-31,126,568070.13,0
2025-08-31,126,534654.24,0
2025-09-30,126,501238.35,0
2025-10-31,126,467822.46,0
2025-11-30,126,434406.57,0
2025-12-31,126,400990.68,0
2025-01-31,127,740234.53,26
2025-02-28,127,719672.46,54
2025-03-31,127,699110.39,85
2025-04-30,127,678548.32,115
2025-05-31,127,657986.25,146
2025-06-30,127,637424.18,176
2025-07-31,127,637424.18,207
2025-08-31,127,616862.11,238
2025-09-30,127,596300.04,268
2025-10-31,127,575737.97,299
2025-11-30,127,555175.9,329
2025-12-31,127,534613.83,360
2025-01-31,128,1080277.41,26
2025-02-28,128,1071275.1,54
2025-03-31,128,1062272.79,85
2025-04-30,128,1053270.48,115
2025-05-31,128,1053270.48,146
2025-06-30,128,1044268.17,176
2025-07-31,128,1035265.86,207
2025-08-31,128,1026263.55,238
2025-09-30,128,1017261.24,268
2025-10-31,128,1008258.93,299
2025-11-30,128,999256.62,329
2025-12-31,128,990254.31,360
2025-01-31,129,355707.3,0
2025-02-28,129,345544.23,0
2025-03-31,129,335381.16,0
2025-04-30,129,325218.09,0
2025-05-31,129,315055.02,0
2025-06-30,129,304891.95,0
2025-07-31,129,294728.88,0
2025-08-31,129,284565.81,0
2025-09-30,129,274402.74,0
2025-10-31,129,264239.67,0
2025-11-30,129,264239.67,25
2025-12-31,129,254076.6,56
2025-01-31,130,339447.61,0
2025-02-28,130,333694.26,0
2025-03-31,130,327940.91,0
2025-04-30,130,322187.56,0
2025-05-31,130,316434.21,0
2025-06-30,130,310680.86,0
2025-07-31,130,304927.51,0
2025-08-31,130,299174.16,0
2025-09-30,130,293420.81,0
2025-10-31,130,287667.46,0
2025-11-30,130,281914.11,0
2025-12-31,130,276160.76,0
2025-01-31,131,870121.01,0
2025-02-28,131,845260.41,0
2025-03-31,131,820399.81,0
2025-04-30,131,795539.21,0
2025-05-31,131,795539.21,26
2025-06-30,131,770678.61,56
2025-07-31,131,745818.01,87
2025-08-31,131,720957.41,118
2025-09-30,131,720957.41,148
2025-10-31,131,696096.81,179
2025-11-30,131,671236.21,209
2025-12-31,131,646375.61,240
2025-01-31,132,1784217.79,0
2025-02-28,132,1706643.1,0
2025-03-31,132,1629068.41,0
2025-04-30,132,1551493.72,0
2025-05-31,132,1473919.03,0
2025-06-30,132,1396344.34,0
2025-07-31,132,1318769.65,0
2025-08-31,132,1241194.96,0
2025-09-30,132,1163620.27,0
2025-10-31,132,1086045.58,0
2025-11-30,132,1008470.89,0
2025-12-31,132,930896.2,0
2025-01-31,133,1257259.01,0
2025-02-28,133,1235949.54,0
2025-03-31,133,1214640.07,0
2025-04-30,133,1193330.6,0
2025-05-31,133,1172021.13,0
2025-06-30,133,1150711.66,0
2025-07-31,133,1129402.19,0
2025-08-31,133,1108092.72,0
2025-09-30,133,1086783.25,0
2025-10-31,133,1065473.78,0
2025-11-30,133,1044164.31,0
2025-12-31,133,1022854.84,0
2025-01-31,134,1287120.98,0
2025-02-28,134,1250346.09,0
2025-03-31,134,1213571.2,0
2025-04-30,134,1176796.31,0
2025-05-31,134,1140021.42,0
2025-06-30,134,1103246.53,0
2025-07-31,134,1066471.64,0
2025-08-31,134,1029696.75,0
2025-09-30,134,992921.86,0
2025-10-31,134,956146.97,0
2025-11-30,134,919372.08,0
2025-12-31,134,882597.19,0
2025-01-31,135,792038.19,0
2025-02-28,135,757601.75,0
2025-03-31,135,723165.31,0
2025-04-30,135,688728.87,0
2025-05-31,135,654292.43,0
2025-06-30,135,619855.99,0
2025-07-31,135,585419.55,0
2025-08-31,135,550983.11,0
2025-09-30,135,516546.67,0
2025-10-31,135,482110.23,0
2025-11-30,135,482110.23,25
2025-12-31,135,447673.79,56
2025-01-31,136,827950.49,0
2025-02-28,136,791952.64,0
2025-03-31,136,755954.79,0
2025-04-30,136,719956.94,0
2025-05-31,136,683959.09,0
2025-06-30,136,647961.24,0
2025-07-31,136,611963.39,0
2025-08-31,136,575965.54,0
2025-09-30,136,539967.69,0
2025-10-31,136,503969.84,0
2025-11-30,136,467971.99,0
2025-12-31,136,431974.14,0
2025-01-31,137,1019132.35,0
2025-02-28,137,1019132.35,23
2025-03-31,137,1001858.92,54
2025-04-30,137,984585.49,84
2025-05-31,137,967312.06,115
2025-06-30,137,950038.63,145
2025-07-31,137,932765.2,176
2025-08-31,137,915491.77,207
2025-09-30,137,898218.34,237
2025-10-31,137,880944.91,268
2025-11-30,137,863671.48,298
2025-12-31,137,846398.05,329
2025-01-31,138,1529404.02,0
2025-02-28,138,1485706.76,0
2025-03-31,138,1442009.5,0
2025-04-30,138,1442009.5,25
2025-05-31,138,1398312.24,56
2025-06-30,138,1354614.98,86
2025-07-31,138,1310917.72,117
2025-08-31,138,1267220.46,148
2025-09-30,138,1223523.2,178
2025-10-31,138,1223523.2,209
2025-11-30,138,1179825.94,239
2025-12-31,138,1179825.94,270
2025-01-31,139,480653.94,0
2025-02-28,139,459755.94,0
2025-03-31,139,438857.94,0
2025-04-30,139,417959.94,0
2025-05-31,139,397061.94,0
2025-06-30,139,376163.94,0
2025-07-31,139,355265.94,0
2025-08-31,139,334367.94,0
2025-09-30,139,313469.94,0
2025-10-31,139,292571.94,0
2025-11-30,139,271673.94,0
2025-12-31,139,250775.94,0
2025-01-31,140,1206249.44,0
2025-02-28,140,1171785.17,0
2025-03-31,140,1137320.9,0
2025-04-30,140,1102856.63,0
2025-05-31,140,1068392.36,0
2025-06-30,140,1033928.09,0
2025-07-31,140,999463.82,0
2025-08-31,140,964999.55,0
2025-09-30,140,930535.28,0
2025-10-31,140,896071.01,0
2025-11-30,140,861606.74,0
2025-12-31,140,827142.47,0
2025-01-31,141,613069.15,0
2025-02-28,141,595552.89,0
2025-03-31,141,578036.63,0
2025-04-30,141,560520.37,0
2025-05-31,141,543004.11,0
2025-06-30,141,525487.85,0
2025-07-31,141,507971.59,0
2025-08-31,141,490455.33,0
2025-09-30,141,472939.07,0
2025-10-31,141,455422.81,0
2025-11-30,141,437906.55,0
2025-12-31,141,420390.29,0
2025-01-31,142,456240.82,0
2025-02-28,142,436404.26,0
2025-03-31,142,416567.7,0
2025-04-30,142,396731.14,0
2025-05-31,142,376894.58,0
2025-06-30,142,357058.02,0
2025-07-31,142,337221.46,0
2025-08-31,142,317384.9,0
2025-09-30,142,297548.34,0
2025-10-31,142,277711.78,0
2025-11-30,142,257875.22,0
2025-12-31,142,238038.66,0
2025-01-31,143,1192596.68,0
2025-02-28,143,1182574.86,0
2025-03-31,143,1172553.04,0
2025-04-30,143,1162531.22,0
2025-05-31,143,1152509.4,0
2025-06-30,143,1142487.58,0
2025-07-31,143,1132465.76,0
2025-08-31,143,1122443.94,0
2025-09-30,143,1112422.12,0
2025-10-31,143,1102400.3,0
2025-11-30,143,1092378.48,0
2025-12-31,143,1082356.66,0
2025-01-31,144,410739.49,0
2025-02-28,144,403777.8,0
2025-03-31,144,396816.11,0
2025-04-30,144,389854.42,0
2025-05-31,144,382892.73,0
2025-06-30,144,375931.04,0
2025-07-31,144,368969.35,0
2025-08-31,144,362007.66,0
2025-09-30,144,355045.97,0
2025-10-31,144,348084.28,0
2025-11-30,144,341122.59,0
2025-12-31,144,334160.9,0
2025-01-31,145,569499.56,0
2025-02-28,145,564713.85,0
2025-03-31,145,559928.14,0
2025-04-30,145,555142.43,0
2025-05-31,145,555142.43,26
2025-06-30,145,550356.72,56
2025-07-31,145,545571.01,87
2025-08-31,145,545571.01,118
2025-09-30,145,540785.3,148
2025-10-31,145,535999.59,179
2025-11-30,145,531213.88,209
2025-12-31,145,526428.17,240
2025-01-31,146,617569.47,0
2025-02-28,146,612379.81,0
2025-03-31,146,607190.15,0
2025-04-30,146,602000.49,0
2025-05-31,146,596810.83,0
2025-06-30,146,591621.17,0
2025-07-31,146,586431.51,0
2025-08-31,146,581241.85,0
2025-09-30,146,576052.19,0
2025-10-31,146,570862.53,0
2025-11-30,146,565672.87,0
2025-12-31,146,560483.21,0
2025-01-31,147,296392.25,0
2025-02-28,147,283505.63,0
2025-03-31,147,270619.01,0
2025-04-30,147,257732.39,0
2025-05-31,147,244845.77,0
2025-06-30,147,231959.15,0
2025-07-31,147,219072.53,0
2025-08-31,147,206185.91,0
2025-09-30,147,193299.29,0
2025-10-31,147,180412.67,0
2025-11-30,147,167526.05,0
2025-12-31,147,154639.43,0
2025-01-31,148,338737.6,0
2025-02-28,148,324009.88,0
2025-03-31,148,309282.16,0
2025-04-30,148,294554.44,0
2025-05-31,148,279826.72,0
2025-06-30,148,265099.0,0
2025-07-31,148,250371.28,0
2025-08-31,148,235643.56,0
2025-09-30,148,220915.84,0
2025-10-31,148,206188.12,0
2025-11-30,148,191460.4,0
2025-12-31,148,176732.68,0
2025-01-31,149,951375.89,0
2025-02-28,149,910011.72,0
2025-03-31,149,868647.55,0
2025-04-30,149,827283.38,0
2025-05-31,149,785919.21,0
2025-06-30,149,744555.04,0
2025-07-31,149,703190.87,0
2025-08-31,149,661826.7,0
2025-09-30,149,620462.53,0
2025-10-31,149,620462.53,26
2025-11-30,149,579098.36,56
2025-12-31,149,537734.19,87
2025-01-31,150,2112898.75,0
2025-02-28,150,2021033.59,0
2025-03-31,150,1929168.43,0
2025-04-30,150,1837303.27,0
2025-05-31,150,1745438.11,0
2025-06-30,150,1653572.95,0
2025-07-31,150,1561707.79,0
2025-08-31,150,1469842.63,0
2025-09-30,150,1377977.47,0
2025-10-31,150,1286112.31,0
2025-11-30,150,1194247.15,0
2025-12-31,150,1102381.99,0
2025-01-31,151,1028718.66,0
2025-02-28,151,983991.76,0
2025-03-31,151,939264.86,0
2025-04-30,151,894537.96,0
2025-05-31,151,849811.06,0
2025-06-30,151,805084.16,0
2025-07-31,151,760357.26,0
2025-08-31,151,715630.36,0
2025-09-30,151,670903.46,0
2025-10-31,151,626176.56,0
2025-11-30,151,581449.66,0
2025-12-31,151,536722.76,0
2025-01-31,152,1359694.22,0
2025-02-28,152,1348268.22,0
2025-03-31,152,1336842.22,0
2025-04-30,152,1325416.22,0
2025-05-31,152,1313990.22,0
2025-06-30,152,1302564.22,0
2025-07-31,152,1291138.22,0
2025-08-31,152,1279712.22,0
2025-09-30,152,1268286.22,0
2025-10-31,152,1256860.22,0
2025-11-30,152,1245434.22,0
2025-12-31,152,1234008.22,0
2025-01-31,153,1309400.91,0
2025-02-28,153,1298397.54,0
2025-03-31,153,1287394.17,0
2025-04-30,153,1276390.8,0
2025-05-31,153,1265387.43,0
2025-06-30,153,1254384.06,0
2025-07-31,153,1254384.06,26
2025-08-31,153,1243380.69,57
2025-09-30,153,1232377.32,87
2025-10-31,153,1232377.32,118
2025-11-30,153,1221373.95,148
2025-12-31,153,1221373.95,179
2025-01-31,154,876819.26,0
2025-02-28,154,861957.92,0
2025-03-31,154,847096.58,0
2025-04-30,154,832235.24,0
2025-05-31,154,817373.9,0
2025-06-30,154,802512.56,0
2025-07-31,154,787651.22,0
2025-08-31,154,772789.88,0
2025-09-30,154,757928.54,0
2025-10-31,154,743067.2,0
2025-11-30,154,728205.86,0
2025-12-31,154,713344.52,0
2025-01-31,155,621442.26,0
2025-02-28,155,610909.34,0
2025-03-31,155,600376.42,0
2025-04-30,155,589843.5,0
2025-05-31,155,579310.58,0
2025-06-30,155,568777.66,0
2025-07-31,155,568777.66,26
2025-08-31,155,558244.74,57
2025-09-30,155,547711.82,87
2025-10-31,155,537178.9,118
2025-11-30,155,526645.98,148
2025-12-31,155,516113.06,179
2025-01-31,156,1958810.26,26
2025-02-28,156,1904398.86,54
2025-03-31,156,1849987.46,85
2025-04-30,156,1795576.06,115
2025-05-31,156,1741164.66,146
2025-06-30,156,1686753.26,176
2025-07-31,156,1632341.86,207
2025-08-31,156,1577930.46,238
2025-09-30,156,1577930.46,268
2025-10-31,156,1523519.06,299
2025-11-30,156,1469107.66,329
2025-12-31,156,1469107.66,360
2025-01-31,157,694570.27,0
2025-02-28,157,674725.4,0
2025-03-31,157,654880.53,0
2025-04-30,157,635035.66,0
2025-05-31,157,615190.79,0
2025-06-30,157,595345.92,0
2025-07-31,157,575501.05,0
2025-08-31,157,555656.18,0
2025-09-30,157,535811.31,0
2025-10-31,157,515966.44,0
2025-11-30,157,496121.57,0
2025-12-31,157,476276.7,0
2025-01-31,158,543319.1,0
2025-02-28,158,527795.7,0
2025-03-31,158,512272.3,0
2025-04-30,158,496748.9,0
2025-05-31,158,481225.5,0
2025-06-30,158,465702.1,0
2025-07-31,158,450178.7,0
2025-08-31,158,434655.3,0
2025-09-30,158,419131.9,0
2025-10-31,158,403608.5,0
2025-11-30,158,388085.1,0
2025-12-31,158,372561.7,0
2025-01-31,159,548548.48,0
2025-02-28,159,543938.83,0
2025-03-31,159,539329.18,0
2025-04-30,159,539329.18,25
2025-05-31,159,534719.53,56
2025-06-30,159,530109.88,86
2025-07-31,159,525500.23,117
2025-08-31,159,520890.58,148
2025-09-30,159,516280.93,178
2025-10-31,159,511671.28,209
2025-11-30,159,507061.63,239
2025-12-31,159,502451.98,270
2025-01-31,160,963032.48,0
2025-02-28,160,935517.27,0
2025-03-31,160,908002.06,0
2025-04-30,160,880486.85,0
2025-05-31,160,852971.64,0
2025-06-30,160,825456.43,0
2025-07-31,160,797941.22,0
2025-08-31,160,770426.01,0
2025-09-30,160,742910.8,0
2025-10-31,160,715395.59,0
2025-11-30,160,687880.38,0
2025-12-31,160,660365.17,0
2025-01-31,161,632908.15,0
2025-02-28,161,627589.59,0
2025-03-31,161,622271.03,0
2025-04-30,161,616952.47,0
2025-05-31,161,611633.91,0
2025-06-30,161,606315.35,0
2025-07-31,161,600996.79,0
2025-08-31,161,595678.23,0
2025-09-30,161,590359.67,0
2025-10-31,161,585041.11,0
2025-11-30,161,579722.55,0
2025-12-31,161,579722.55,26
2025-01-31,162,1126277.52,0
2025-02-28,162,1094098.16,0
2025-03-31,162,1094098.16,26
2025-04-30,162,1061918.8,56
2025-05-31,162,1029739.44,87
2025-06-30,162,997560.08,117
2025-07-31,162,965380.72,148
2025-08-31,162,933201.36,179
2025-09-30,162,901022.0,209
2025-10-31,162,868842.64,240
2025-11-30,162,836663.28,270
2025-12-31,162,804483.92,301
2025-01-31,163,649293.37,0
2025-02-28,163,638288.4,0
2025-03-31,163,627283.43,0
2025-04-30,163,616278.46,0
2025-05-31,163,605273.49,0
2025-06-30,163,594268.52,0
2025-07-31,163,583263.55,0
2025-08-31,163,572258.58,0
2025-09-30,163,561253.61,0
2025-10-31,163,550248.64,0
2025-11-30,163,539243.67,0
2025-12-31,163,528238.7,0
2025-01-31,164,1033569.21,0
2025-02-28,164,1004038.66,0
2025-03-31,164,974508.11,0
2025-04-30,164,944977.56,0
2025-05-31,164,915447.01,0
2025-06-30,164,885916.46,0
2025-07-31,164,856385.91,0
2025-08-31,164,826855.36,0
2025-09-30,164,797324.81,0
2025-10-31,164,767794.26,0
2025-11-30,164,738263.71,0
2025-12-31,164,708733.16,0
2025-01-31,165,923543.61,0
2025-02-28,165,923543.61,23
2025-03-31,165,897156.65,54
2025-04-30,165,870769.69,84
2025-05-31,165,844382.73,115
2025-06-30,165,817995.77,145
2025-07-31,165,791608.81,176
2025-08-31,165,765221.85,207
2025-09-30,165,738834.89,237
2025-10-31,165,738834.89,268
2025-11-30,165,712447.93,298
2025-12-31,165,686060.97,329
2025-01-31,166,1265206.74,0
2025-02-28,166,1229057.98,0
2025-03-31,166,1192909.22,0
2025-04-30,166,1156760.46,0
2025-05-31,166,1120611.7,0
2025-06-30,166,1120611.7,25
2025-07-31,166,1084462.94,56
2025-08-31,166,1048314.18,87
2025-09-30,166,1012165.42,117
2025-10-31,166,976016.66,148
2025-11-30,166,939867.9,178
2025-12-31,166,903719.14,209
2025-01-31,167,393563.95,0
2025-02-28,167,382319.27,0
2025-03-31,167,371074.59,0
2025-04-30,167,359829.91,0
2025-05-31,167,348585.23,0
2025-06-30,167,337340.55,0
2025-07-31,167,326095.87,0
2025-08-31,167,314851.19,0
2025-09-30,167,303606.51,0
2025-10-31,167,292361.83,0
2025-11-30,167,281117.15,0
2025-12-31,167,269872.47,0
2025-01-31,168,569821.51,0
2025-02-28,168,565033.09,0
2025-03-31,168,560244.67,0
2025-04-30,168,555456.25,0
2025-05-31,168,550667.83,0
2025-06-30,168,550667.83,25
2025-07-31,168,545879.41,56
2025-08-31,168,541090.99,87
2025-09-30,168,536302.57,117
2025-10-31,168,531514.15,148
2025-11-30,168,526725.73,178
2025-12-31,168,521937.31,209
2025-01-31,169,1374669.23,0
2025-02-28,169,1335392.97,0
2025-03-31,169,1296116.71,0
2025-04-30,169,1256840.45,0
2025-05-31,169,1217564.19,0
2025-06-30,169,1178287.93,0
2025-07-31,169,1139011.67,0
2025-08-31,169,1099735.41,0
2025-09-30,169,1060459.15,0
2025-10-31,169,1021182.89,0
2025-11-30,169,981906.63,0
2025-12-31,169,942630.37,0
2025-01-31,170,1282567.16,0
2025-02-28,170,1282567.16,23
2025-03-31,170,1271789.28,54
2025-04-30,170,1261011.4,84
2025-05-31,170,1250233.52,115
2025-06-30,170,1239455.64,145
2025-07-31,170,1228677.76,176
2025-08-31,170,1217899.88,207
2025-09-30,170,1207122.0,237
2025-10-31,170,1196344.12,268
2025-11-30,170,1185566.24,298
2025-12-31,170,1174788.36,329
2025-01-31,171,570545.8,0
2025-02-28,171,560875.53,0
2025-03-31,171,551205.26,0
2025-04-30,171,541534.99,0
2025-05-31,171,531864.72,0
2025-06-30,171,522194.45,0
2025-07-31,171,512524.18,0
2025-08-31,171,502853.91,0
2025-09-30,171,493183.64,0
2025-10-31,171,483513.37,0
2025-11-30,171,473843.1,0
2025-12-31,171,464172.83,0
2025-01-31,172,377234.47,0
2025-02-28,172,374064.43,0
2025-03-31,172,370894.39,0
2025-04-30,172,367724.35,0
2025-05-31,172,364554.31,0
2025-06-30,172,361384.27,0
2025-07-31,172,358214.23,0
2025-08-31,172,355044.19,0
2025-09-30,172,351874.15,0
2025-10-31,172,348704.11,0
2025-11-30,172,345534.07,0
2025-12-31,172,345534.07,26
2025-01-31,173,410908.55,0
2025-02-28,173,407455.54,0
2025-03-31,173,404002.53,0
2025-04-30,173,400549.52,0
2025-05-31,173,397096.51,0
2025-06-30,173,393643.5,0
2025-07-31,173,390190.49,0
2025-08-31,173,386737.48,0
2025-09-30,173,383284.47,0
2025-10-31,173,379831.46,0
2025-11-30,173,376378.45,0
2025-12-31,173,372925.44,0
2025-01-31,174,453188.67,0
2025-02-28,174,440240.42,0
2025-03-31,174,427292.17,0
2025-04-30,174,414343.92,0
2025-05-31,174,401395.67,0
2025-06-30,174,388447.42,0
2025-07-31,174,375499.17,0
2025-08-31,174,362550.92,0
2025-09-30,174,349602.67,0
2025-10-31,174,336654.42,0
2025-11-30,174,323706.17,0
2025-12-31,174,310757.92,0
2025-01-31,175,1950641.61,0
2025-02-28,175,1917579.89,0
2025-03-31,175,1884518.17,0
2025-04-30,175,1851456.45,0
2025-05-31,175,1851456.45,26
2025-06-30,175,1818394.73,56
2025-07-31,175,1785333.01,87
2025-08-31,175,1752271.29,118
2025-09-30,175,1719209.57,148
2025-10-31,175,1686147.85,179
2025-11-30,175,1653086.13,209
2025-12-31,175,1620024.41,240
2025-01-31,176,189161.43,0
2025-02-28,176,180937.02,0
2025-03-31,176,172712.61,0
2025-04-30,176,164488.2,0
2025-05-31,176,156263.79,0
2025-06-30,176,148039.38,0
2025-07-31,176,139814.97,0
2025-08-31,176,131590.56,0
2025-09-30,176,123366.15,0
2025-10-31,176,115141.74,0
2025-11-30,176,106917.33,0
2025-12-31,176,98692.92,0
2025-01-31,177,349028.55,0
2025-02-28,177,346095.54,0
2025-03-31,177,343162.53,0
2025-04-30,177,340229.52,0
2025-05-31,177,337296.51,0
2025-06-30,177,334363.5,0
2025-07-31,177,331430.49,0
2025-08-31,177,328497.48,0
2025-09-30,177,325564.47,0
2025-10-31,177,322631.46,0
2025-11-30,177,319698.45,0
2025-12-31,177,316765.44,0
2025-01-31,178,354448.14,0
2025-02-28,178,344321.05,0
2025-03-31,178,334193.96,0
2025-04-30,178,324066.87,0
2025-05-31,178,313939.78,0
2025-06-30,178,303812.69,0
2025-07-31,178,293685.6,0
2025-08-31,178,283558.51,0
2025-09-30,178,273431.42,0
2025-10-31,178,263304.33,0
2025-11-30,178,253177.24,0
2025-12-31,178,243050.15,0
2025-01-31,179,402430.12,0
2025-02-28,179,390932.12,0
2025-03-31,179,379434.12,0
2025-04-30,179,367936.12,0
2025-05-31,179,356438.12,0
2025-06-30,179,344940.12,0
2025-07-31,179,333442.12,0
2025-08-31,179,333442.12,26
2025-09-30,179,321944.12,56
2025-10-31,179,310446.12,87
2025-11-30,179,298948.12,117
2025-12-31,179,287450.12,148
2025-01-31,180,773534.87,0
2025-02-28,180,751433.87,0
2025-03-31,180,729332.87,0
2025-04-30,180,707231.87,0
2025-05-31,180,685130.87,0
2025-06-30,180,663029.87,0
2025-07-31,180,640928.87,0
2025-08-31,180,618827.87,0
2025-09-30,180,596726.87,0
2025-10-31,180,574625.87,0
2025-11-30,180,552524.87,0
2025-12-31,180,530423.87,0
2025-01-31,181,1356828.19,0
2025-02-28,181,1318061.67,0
2025-03-31,181,1279295.15,0
2025-04-30,181,1240528.63,0
2025-05-31,181,1201762.11,0
2025-06-30,181,1162995.59,0
2025-07-31,181,1124229.07,0
2025-08-31,181,1085462.55,0
2025-09-30,181,1046696.03,0
2025-10-31,181,1007929.51,0
2025-11-30,181,969162.99,0
2025-12-31,181,930396.47,0
2025-01-31,182,344331.78,0
2025-02-28,182,341438.24,0
2025-03-31,182,338544.7,0
2025-04-30,182,335651.16,0
2025-05-31,182,332757.62,0
2025-06-30,182,329864.08,0
2025-07-31,182,326970.54,0
2025-08-31,182,324077.0,0
2025-09-30,182,321183.46,0
2025-10-31,182,318289.92,0
2025-11-30,182,315396.38,0
2025-12-31,182,312502.84,0
2025-01-31,183,449946.81,0
2025-02-28,183,442320.59,0
2025-03-31,183,434694.37,0
2025-04-30,183,427068.15,0
2025-05-31,183,419441.93,0
2025-06-30,183,411815.71,0
2025-07-31,183,404189.49,0
2025-08-31,183,396563.27,0
2025-09-30,183,388937.05,0
2025-10-31,183,381310.83,0
2025-11-30,183,373684.61,0
2025-12-31,183,366058.39,0
2025-01-31,184,1681984.07,0
2025-02-28,184,1681984.07,23
2025-03-31,184,1653475.87,54
2025-04-30,184,1624967.67,84
2025-05-31,184,1624967.67,115
2025-06-30,184,1596459.47,145
2025-07-31,184,1567951.27,176
2025-08-31,184,1539443.07,207
2025-09-30,184,1510934.87,237
2025-10-31,184,1482426.67,268
2025-11-30,184,1453918.47,298
2025-12-31,184,1425410.27,329
2025-01-31,185,223966.01,0
2025-02-28,185,222083.94,0
2025-03-31,185,220201.87,0
2025-04-30,185,218319.8,0
2025-05-31,185,216437.73,0
2025-06-30,185,214555.66,0
2025-07-31,185,212673.59,0
2025-08-31,185,210791.52,0
2025-09-30,185,208909.45,0
2025-10-31,185,207027.38,0
2025-11-30,185,205145.31,0
2025-12-31,185,203263.24,0
2025-01-31,186,1376436.75,0
2025-02-28,186,1337109.99,0
2025-03-31,186,1297783.23,0
2025-04-30,186,1258456.47,0
2025-05-31,186,1219129.71,0
2025-06-30,186,1179802.95,0
2025-07-31,186,1140476.19,0
2025-08-31,186,1101149.43,0
2025-09-30,186,1061822.67,0
2025-10-31,186,1022495.91,0
2025-11-30,186,983169.15,0
2025-12-31,186,943842.39,0
2025-01-31,187,416300.75,0
2025-02-28,187,404406.44,0
2025-03-31,187,392512.13,0
2025-04-30,187,380617.82,0
2025-05-31,187,368723.51,0
2025-06-30,187,356829.2,0
2025-07-31,187,344934.89,0
2025-08-31,187,333040.58,0
2025-09-30,187,321146.27,0
2025-10-31,187,309251.96,0
2025-11-30,187,297357.65,0
2025-12-31,187,285463.34,0
2025-01-31,188,1882085.48,0
2025-02-28,188,1866269.64,0
2025-03-31,188,1850453.8,0
2025-04-30,188,1834637.96,0
2025-05-31,188,1818822.12,0
2025-06-30,188,1803006.28,0
2025-07-31,188,1787190.44,0
2025-08-31,188,1771374.6,0
2025-09-30,188,1755558.76,0
2025-10-31,188,1739742.92,0
2025-11-30,188,1723927.08,0
2025-12-31,188,1708111.24,0
2025-01-31,189,697031.98,0
2025-02-28,189,666726.24,0
2025-03-31,189,636420.5,0
2025-04-30,189,606114.76,0
2025-05-31,189,606114.76,26
2025-06-30,189,575809.02,56
2025-07-31,189,545503.28,87
2025-08-31,189,515197.54,118
2025-09-30,189,484891.8,148
2025-10-31,189,454586.06,179
2025-11-30,189,424280.32,209
2025-12-31,189,393974.58,240
2025-01-31,190,773994.54,0
2025-02-28,190,740342.6,0
2025-03-31,190,706690.66,0
2025-04-30,190,673038.72,0
2025-05-31,190,639386.78,0
2025-06-30,190,605734.84,0
2025-07-31,190,572082.9,0
2025-08-31,190,538430.96,0
2025-09-30,190,538430.96,25
2025-10-31,190,504779.02,56
2025-11-30,190,471127.08,86
2025-12-31,190,437475.14,117
2025-01-31,191,622924.88,0
2025-02-28,191,617690.22,0
2025-03-31,191,612455.56,0
2025-04-30,191,607220.9,0
2025-05-31,191,601986.24,0
2025-06-30,191,596751.58,0
2025-07-31,191,591516.92,0
2025-08-31,191,586282.26,0
2025-09-30,191,581047.6,0
2025-10-31,191,575812.94,0
2025-11-30,191,570578.28,0
2025-12-31,191,565343.62,0
2025-01-31,192,568240.3,0
2025-02-28,192,563465.17,0
2025-03-31,192,558690.04,0
2025-04-30,192,553914.91,0
2025-05-31,192,549139.78,0
2025-06-30,192,544364.65,0
2025-07-31,192,539589.52,0
2025-08-31,192,534814.39,0
2025-09-30,192,530039.26,0
2025-10-31,192,525264.13,0
2025-11-30,192,525264.13,25
2025-12-31,192,520489.0,56
2025-01-31,193,380361.06,0
2025-02-28,193,363823.62,0
2025-03-31,193,347286.18,0
2025-04-30,193,330748.74,0
2025-05-31,193,314211.3,0
2025-06-30,193,297673.86,0
2025-07-31,193,281136.42,0
2025-08-31,193,264598.98,0
2025-09-30,193,248061.54,0
2025-10-31,193,231524.1,0
2025-11-30,193,214986.66,0
2025-12-31,193,198449.22,0
2025-01-31,194,616130.03,0
2025-02-28,194,610952.47,0
2025-03-31,194,605774.91,0
2025-04-30,194,605774.91,25
2025-05-31,194,600597.35,56
2025-06-30,194,595419.79,86
2025-07-31,194,590242.23,117
2025-08-31,194,585064.67,148
2025-09-30,194,579887.11,178
2025-10-31,194,574709.55,209
2025-11-30,194,569531.99,239
2025-12-31,194,564354.43,270
2025-01-31,195,419643.11,0
2025-02-28,195,407653.31,0
2025-03-31,195,395663.51,0
2025-04-30,195,383673.71,0
2025-05-31,195,371683.91,0
2025-06-30,195,371683.91,25
2025-07-31,195,359694.11,56
2025-08-31,195,347704.31,87
2025-09-30,195,335714.51,117
2025-10-31,195,323724.71,148
2025-11-30,195,311734.91,178
2025-12-31,195,299745.11,209
2025-01-31,196,175445.71,0
2025-02-28,196,172472.05,0
2025-03-31,196,169498.39,0
2025-04-30,196,166524.73,0
2025-05-31,196,166524.73,26
2025-06-30,196,163551.07,56
2025-07-31,196,160577.41,87
2025-08-31,196,160577.41,118
2025-09-30,196,157603.75,148
2025-10-31,196,154630.09,179
2025-11-30,196,151656.43,209
2025-12-31,196,148682.77,240
2025-01-31,197,1473144.73,0
2025-02-28,197,1409094.96,0
2025-03-31,197,1345045.19,0
2025-04-30,197,1280995.42,0
2025-05-31,197,1216945.65,0
2025-06-30,197,1152895.88,0
2025-07-31,197,1088846.11,0
2025-08-31,197,1024796.34,0
2025-09-30,197,960746.57,0
2025-10-31,197,896696.8,0
2025-11-30,197,832647.03,0
2025-12-31,197,768597.26,0
2025-01-31,198,1057975.91,0
2025-02-28,198,1011976.96,0
2025-03-31,198,965978.01,0
2025-04-30,198,919979.06,0
2025-05-31,198,873980.11,0
2025-06-30,198,827981.16,0
2025-07-31,198,781982.21,0
2025-08-31,198,735983.26,0
2025-09-30,198,689984.31,0
2025-10-31,198,643985.36,0
2025-11-30,198,597986.41,0
2025-12-31,198,551987.46,0
2025-01-31,199,472016.59,0
2025-02-28,199,468050.06,0
2025-03-31,199,464083.53,0
2025-04-30,199,460117.0,0
2025-05-31,199,456150.47,0
2025-06-30,199,452183.94,0
2025-07-31,199,448217.41,0
2025-08-31,199,444250.88,0
2025-09-30,199,440284.35,0
2025-10-31,199,436317.82,0
2025-11-30,199,432351.29,0
2025-12-31,199,428384.76,0
2025-01-31,200,910053.09,0
2025-02-28,200,870485.56,0
2025-03-31,200,830918.03,0
2025-04-30,200,791350.5,0
2025-05-31,200,751782.97,0
2025-06-30,200,712215.44,0
2025-07-31,200,672647.91,0
2025-08-31,200,633080.38,0
2025-09-30,200,593512.85,0
2025-10-31,200,553945.32,0
2025-11-30,200,514377.79,0
2025-12-31,200,474810.26,0
2025-01-31,201,972596.53,0
2025-02-28,201,930309.72,0
2025-03-31,201,888022.91,0
2025-04-30,201,845736.1,0
2025-05-31,201,803449.29,0
2025-06-30,201,761162.48,0
2025-07-31,201,718875.67,0
2025-08-31,201,676588.86,0
2025-09-30,201,634302.05,0
2025-10-31,201,592015.24,0
2025-11-30,201,549728.43,0
2025-12-31,201,507441.62,0
2025-01-31,202,908540.72,0
2025-02-28,202,893141.72,0
2025-03-31,202,877742.72,0
2025-04-30,202,862343.72,0
2025-05-31,202,846944.72,0
2025-06-30,202,831545.72,0
2025-07-31,202,816146.72,0
2025-08-31,202,800747.72,0
2025-09-30,202,785348.72,0
2025-10-31,202,769949.72,0
2025-11-30,202,754550.72,0
2025-12-31,202,739151.72,0
2025-01-31,203,618711.43,0
2025-02-28,203,601033.96,0
2025-03-31,203,583356.49,0
2025-04-30,203,565679.02,0
2025-05-31,203,548001.55,0
2025-06-30,203,530324.08,0
2025-07-31,203,512646.61,0
2025-08-31,203,494969.14,0
2025-09-30,203,477291.67,0
2025-10-31,203,459614.2,0
2025-11-30,203,441936.73,0
2025-12-31,203,424259.26,0
2025-01-31,204,1163755.95,0
2025-02-28,204,1130505.78,0
2025-03-31,204,1097255.61,0
2025-04-30,204,1064005.44,0
2025-05-31,204,1030755.27,0
2025-06-30,204,997505.1,0
2025-07-31,204,964254.93,0
2025-08-31,204,931004.76,0
2025-09-30,204,897754.59,0
2025-10-31,204,864504.42,0
2025-11-30,204,831254.25,0
2025-12-31,204,798004.08,0
2025-01-31,205,1709343.3,0
2025-02-28,205,1635024.03,0
2025-03-31,205,1560704.76,0
2025-04-30,205,1486385.49,0
2025-05-31,205,1412066.22,0
2025-06-30,205,1337746.95,0
2025-07-31,205,1263427.68,0
2025-08-31,205,1189108.41,0
2025-09-30,205,1114789.14,0
2025-10-31,205,1114789.14,26
2025-11-30,205,1114789.14,56
2025-12-31,205,1040469.87,87
2025-01-31,206,729467.69,0
2025-02-28,206,717103.83,0
2025-03-31,206,704739.97,0
2025-04-30,206,692376.11,0
2025-05-31,206,680012.25,0
2025-06-30,206,667648.39,0
2025-07-31,206,655284.53,0
2025-08-31,206,642920.67,0
2025-09-30,206,630556.81,0
2025-10-31,206,618192.95,0
2025-11-30,206,605829.09,0
2025-12-31,206,593465.23,0
2025-01-31,207,4325684.54,0
2025-02-28,207,4289334.25,0
2025-03-31,207,4252983.96,0
2025-04-30,207,4216633.67,0
2025-05-31,207,4180283.38,0
2025-06-30,207,4143933.09,0
2025-07-31,207,4107582.8,0
2025-08-31,207,4071232.51,0
2025-09-30,207,4034882.22,0
2025-10-31,207,3998531.93,0
2025-11-30,207,3962181.64,0
2025-12-31,207,3925831.35,0
2025-01-31,208,1093180.83,0
2025-02-28,208,1083994.44,0
2025-03-31,208,1074808.05,0
2025-04-30,208,1065621.66,0
2025-05-31,208,1056435.27,0
2025-06-30,208,1047248.88,0
2025-07-31,208,1038062.49,0
2025-08-31,208,1028876.1,0
2025-09-30,208,1019689.71,0
2025-10-31,208,1010503.32,0
2025-11-30,208,1001316.93,0
2025-12-31,208,992130.54,0
2025-01-31,209,1390202.94,26
2025-02-28,209,1367032.89,54
2025-03-31,209,1343862.84,85
2025-04-30,209,1320692.79,115
2025-05-31,209,1297522.74,146
2025-06-30,209,1274352.69,176
2025-07-31,209,1251182.64,207
2025-08-31,209,1228012.59,238
2025-09-30,209,1204842.54,268
2025-10-31,209,1181672.49,299
2025-11-30,209,1158502.44,329
2025-12-31,209,1135332.39,360
2025-01-31,210,581821.45,0
2025-02-28,210,571960.07,0
2025-03-31,210,562098.69,0
2025-04-30,210,552237.31,0
2025-05-31,210,542375.93,0
2025-06-30,210,532514.55,0
2025-07-31,210,522653.17,0
2025-08-31,210,512791.79,0
2025-09-30,210,502930.41,0
2025-10-31,210,493069.03,0
2025-11-30,210,483207.65,0
2025-12-31,210,473346.27,0
2025-01-31,211,353331.27,0
2025-02-28,211,350362.1,0
2025-03-31,211,347392.93,0
2025-04-30,211,344423.76,0
2025-05-31,211,341454.59,0
2025-06-30,211,338485.42,0
2025-07-31,211,335516.25,0
2025-08-31,211,332547.08,0
2025-09-30,211,329577.91,0
2025-10-31,211,326608.74,0
2025-11-30,211,323639.57,0
2025-12-31,211,320670.4,0
2025-01-31,212,666656.21,0
2025-02-28,212,637671.16,0
2025-03-31,212,608686.11,0
2025-04-30,212,608686.11,25
2025-05-31,212,579701.06,56
2025-06-30,212,550716.01,86
2025-07-31,212,521730.96,117
2025-08-31,212,492745.91,148
2025-09-30,212,463760.86,178
2025-10-31,212,434775.81,209
2025-11-30,212,434775.81,239
2025-12-31,212,405790.76,270
2025-01-31,213,679646.58,0
2025-02-28,213,679646.58,23
2025-03-31,213,668127.15,54
2025-04-30,213,656607.72,84
2025-05-31,213,645088.29,115
2025-06-30,213,633568.86,145
2025-07-31,213,622049.43,176
2025-08-31,213,610530.0,207
2025-09-30,213,599010.57,237
2025-10-31,213,587491.14,268
2025-11-30,213,575971.71,298
2025-12-31,213,564452.28,329
2025-01-31,214,721963.7,26
2025-02-28,214,709930.97,54
2025-03-31,214,697898.24,85
2025-04-30,214,685865.51,115
2025-05-31,214,673832.78,146
2025-06-30,214,661800.05,176
2025-07-31,214,649767.32,207
2025-08-31,214,637734.59,238
2025-09-30,214,625701.86,268
2025-10-31,214,613669.13,299
2025-11-30,214,601636.4,329
2025-12-31,214,589603.67,360
2025-01-31,215,392766.09,0
2025-02-28,215,381544.2,0
2025-03-31,215,370322.31,0
2025-04-30,215,359100.42,0
2025-05-31,215,347878.53,0
2025-06-30,215,336656.64,0
2025-07-31,215,325434.75,0
2025-08-31,215,314212.86,0
2025-09-30,215,302990.97,0
2025-10-31,215,291769.08,0
2025-11-30,215,280547.19,0
2025-12-31,215,269325.3,0
2025-01-31,216,1899587.96,0
2025-02-28,216,1867391.55,0
2025-03-31,216,1835195.14,0
2025-04-30,216,1835195.14,25
2025-05-31,216,1802998.73,56
2025-06-30,216,1770802.32,86
2025-07-31,216,1738605.91,117
2025-08-31,216,1706409.5,148
2025-09-30,216,1674213.09,178
2025-10-31,216,1674213.09,209
2025-11-30,216,1642016.68,239
2025-12-31,216,1609820.27,270
2025-01-31,217,445105.25,0
2025-02-28,217,445105.25,23
2025-03-31,217,437561.09,54
2025-04-30,217,430016.93,84
2025-05-31,217,422472.77,115
2025-06-30,217,414928.61,145
2025-07-31,217,407384.45,176
2025-08-31,217,399840.29,207
2025-09-30,217,392296.13,237
2025-10-31,217,384751.97,268
2025-11-30,217,377207.81,298
2025-12-31,217,369663.65,329
2025-01-31,218,377768.83,0
2025-02-28,218,377768.83,23
2025-03-31,218,374594.3,54
2025-04-30,218,371419.77,84
2025-05-31,218,368245.24,115
2025-06-30,218,365070.71,145
2025-07-31,218,361896.18,176
2025-08-31,218,358721.65,207
2025-09-30,218,355547.12,237
2025-10-31,218,352372.59,268
2025-11-30,218,349198.06,298
2025-12-31,218,346023.53,329
2025-01-31,219,1025391.45,0
2025-02-28,219,1008011.93,0
2025-03-31,219,990632.41,0
2025-04-30,219,973252.89,0
2025-05-31,219,955873.37,0
2025-06-30,219,938493.85,0
2025-07-31,219,921114.33,0
2025-08-31,219,903734.81,0
2025-09-30,219,886355.29,0
2025-10-31,219,868975.77,0
2025-11-30,219,851596.25,0
2025-12-31,219,834216.73,0
2025-01-31,220,484514.86,0
2025-02-28,220,463449.0,0
2025-03-31,220,442383.14,0
2025-04-30,220,421317.28,0
2025-05-31,220,400251.42,0
2025-06-30,220,379185.56,0
2025-07-31,220,358119.7,0
2025-08-31,220,337053.84,0
2025-09-30,220,315987.98,0
2025-10-31,220,294922.12,0
2025-11-30,220,273856.26,0
2025-12-31,220,252790.4,0
2025-01-31,221,884080.68,0
2025-02-28,221,858821.23,0
2025-03-31,221,833561.78,0
2025-04-30,221,808302.33,0
2025-05-31,221,783042.88,0
2025-06-30,221,757783.43,0
2025-07-31,221,732523.98,0
2025-08-31,221,707264.53,0
2025-09-30,221,707264.53,25
2025-10-31,221,682005.08,56
2025-11-30,221,656745.63,86
2025-12-31,221,631486.18,117
2025-01-31,222,672367.78,0
2025-02-28,222,653157.27,0
2025-03-31,222,633946.76,0
2025-04-30,222,614736.25,0
2025-05-31,222,595525.74,0
2025-06-30,222,576315.23,0
2025-07-31,222,576315.23,26
2025-08-31,222,557104.72,57
2025-09-30,222,537894.21,87
2025-10-31,222,518683.7,118
2025-11-30,222,499473.19,148
2025-12-31,222,480262.68,179
2025-01-31,223,1854928.93,26
2025-02-28,223,1803403.13,54
2025-03-31,223,1803403.13,85
2025-04-30,223,1751877.33,115
2025-05-31,223,1700351.53,146
2025-06-30,223,1648825.73,176
2025-07-31,223,1597299.93,207
2025-08-31,223,1545774.13,238
2025-09-30,223,1494248.33,268
2025-10-31,223,1442722.53,299
2025-11-30,223,1391196.73,329
2025-12-31,223,1339670.93,360
2025-01-31,224,321482.11,0
2025-02-28,224,307504.63,0
2025-03-31,224,293527.15,0
2025-04-30,224,279549.67,0
2025-05-31,224,265572.19,0
2025-06-30,224,251594.71,0
2025-07-31,224,237617.23,0
2025-08-31,224,223639.75,0
2025-09-30,224,209662.27,0
2025-10-31,224,195684.79,0
2025-11-30,224,181707.31,0
2025-12-31,224,167729.83,0
2025-01-31,225,466483.19,0
2025-02-28,225,466483.19,23
2025-03-31,225,446201.31,54
2025-04-30,225,425919.43,84
2025-05-31,225,405637.55,115
2025-06-30,225,385355.67,145
2025-07-31,225,365073.79,176
2025-08-31,225,344791.91,207
2025-09-30,225,324510.03,237
2025-10-31,225,304228.15,268
2025-11-30,225,304228.15,298
2025-12-31,225,304228.15,329
2025-01-31,226,747948.43,0
2025-02-28,226,741663.15,0
2025-03-31,226,735377.87,0
2025-04-30,226,729092.59,0
2025-05-31,226,722807.31,0
2025-06-30,226,716522.03,0
2025-07-31,226,710236.75,0
2025-08-31,226,703951.47,0
2025-09-30,226,697666.19,0
2025-10-31,226,691380.91,0
2025-11-30,226,685095.63,0
2025-12-31,226,678810.35,0
2025-01-31,227,1054487.48,0
2025-02-28,227,1024359.27,0
2025-03-31,227,994231.06,0
2025-04-30,227,964102.85,0
2025-05-31,227,933974.64,0
2025-06-30,227,903846.43,0
2025-07-31,227,873718.22,0
2025-08-31,227,843590.01,0
2025-09-30,227,813461.8,0
2025-10-31,227,783333.59,0
2025-11-30,227,753205.38,0
2025-12-31,227,723077.17,0
2025-01-31,228,2099511.96,0
2025-02-28,228,2039525.9,0
2025-03-31,228,2039525.9,26
2025-04-30,228,2039525.9,56
2025-05-31,228,1979539.84,87
2025-06-30,228,1919553.78,117
2025-07-31,228,1859567.72,148
2025-08-31,228,1799581.66,179
2025-09-30,228,1739595.6,209
2025-10-31,228,1679609.54,240
2025-11-30,228,1619623.48,270
2025-12-31,228,1559637.42,301
2025-01-31,229,458244.19,0
2025-02-28,229,450477.34,0
2025-03-31,229,442710.49,0
2025-04-30,229,434943.64,0
2025-05-31,229,427176.79,0
2025-06-30,229,419409.94,0
2025-07-31,229,411643.09,0
2025-08-31,229,403876.24,0
2025-09-30,229,396109.39,0
2025-10-31,229,388342.54,0
2025-11-30,229,380575.69,0
2025-12-31,229,372808.84,0
2025-01-31,230,776398.14,0
2025-02-28,230,769873.79,0
2025-03-31,230,763349.44,0
2025-04-30,230,756825.09,0
2025-05-31,230,750300.74,0
2025-06-30,230,743776.39,0
2025-07-31,230,737252.04,0
2025-08-31,230,730727.69,0
2025-09-30,230,724203.34,0
2025-10-31,230,717678.99,0
2025-11-30,230,711154.64,0
2025-12-31,230,704630.29,0
2025-01-31,231,916205.74,0
2025-02-28,231,876370.71,0
2025-03-31,231,836535.68,0
2025-04-30,231,796700.65,0
2025-05-31,231,756865.62,0
2025-06-30,231,717030.59,0
2025-07-31,231,677195.56,0
2025-08-31,231,637360.53,0
2025-09-30,231,637360.53,25
2025-10-31,231,597525.5,56
2025-11-30,231,557690.47,86
2025-12-31,231,517855.44,117
2025-01-31,232,487206.04,0
2025-02-28,232,478948.31,0
2025-03-31,232,470690.58,0
2025-04-30,232,462432.85,0
2025-05-31,232,454175.12,0
2025-06-30,232,445917.39,0
2025-07-31,232,437659.66,0
2025-08-31,232,429401.93,0
2025-09-30,232,421144.2,0
2025-10-31,232,412886.47,0
2025-11-30,232,404628.74,0
2025-12-31,232,396371.01,0
2025-01-31,233,562898.14,0
2025-02-28,233,558167.9,0
2025-03-31,233,553437.66,0
2025-04-30,233,548707.42,0
2025-05-31,233,543977.18,0
2025-06-30,233,539246.94,0
2025-07-31,233,534516.7,0
2025-08-31,233,529786.46,0
2025-09-30,233,525056.22,0
2025-10-31,233,520325.98,0
2025-11-30,233,515595.74,0
2025-12-31,233,510865.5,0
2025-01-31,234,620532.52,0
2025-02-28,234,602803.02,0
2025-03-31,234,585073.52,0
2025-04-30,234,567344.02,0
2025-05-31,234,549614.52,0
2025-06-30,234,531885.02,0
2025-07-31,234,514155.52,0
2025-08-31,234,496426.02,0
2025-09-30,234,478696.52,0
2025-10-31,234,460967.02,0
2025-11-30,234,443237.52,0
2025-12-31,234,425508.02,0
2025-01-31,235,122205.78,0
2025-02-28,235,116892.48,0
2025-03-31,235,111579.18,0
2025-04-30,235,106265.88,0
2025-05-31,235,100952.58,0
2025-06-30,235,95639.28,0
2025-07-31,235,90325.98,0
2025-08-31,235,85012.68,0
2025-09-30,235,79699.38,0
2025-10-31,235,74386.08,0
2025-11-30,235,69072.78,0
2025-12-31,235,63759.48,0
2025-01-31,236,1598000.95,26
2025-02-28,236,1571367.6,54
2025-03-31,236,1544734.25,85
2025-04-30,236,1518100.9,115
2025-05-31,236,1491467.55,146
2025-06-30,236,1464834.2,176
2025-07-31,236,1438200.85,207
2025-08-31,236,1411567.5,238
2025-09-30,236,1384934.15,268
2025-10-31,236,1358300.8,299
2025-11-30,236,1331667.45,329
2025-12-31,236,1305034.1,360
2025-01-31,237,487484.44,0
2025-02-28,237,479221.99,0
2025-03-31,237,470959.54,0
2025-04-30,237,462697.09,0
2025-05-31,237,454434.64,0
2025-06-30,237,446172.19,0
2025-07-31,237,437909.74,0
2025-08-31,237,429647.29,0
2025-09-30,237,421384.84,0
2025-10-31,237,413122.39,0
2025-11-30,237,404859.94,0
2025-12-31,237,396597.49,0
2025-01-31,238,775866.15,0
2025-02-28,238,753698.55,0
2025-03-31,238,731530.95,0
2025-04-30,238,709363.35,0
2025-05-31,238,687195.75,0
2025-06-30,238,665028.15,0
2025-07-31,238,642860.55,0
2025-08-31,238,620692.95,0
2025-09-30,238,620692.95,25
2025-10-31,238,598525.35,56
2025-11-30,238,576357.75,86
2025-12-31,238,554190.15,117
2025-01-31,239,3285164.96,0
2025-02-28,239,3142331.7,0
2025-03-31,239,2999498.44,0
2025-04-30,239,2999498.44,25
2025-05-31,239,2856665.18,56
2025-06-30,239,2713831.92,86
2025-07-31,239,2570998.66,117
2025-08-31,239,2570998.66,148
2025-09-30,239,2428165.4,178
2025-10-31,239,2285332.14,209
2025-11-30,239,2142498.88,239
2025-12-31,239,1999665.62,270
2025-01-31,240,795869.94,0
2025-02-28,240,782380.62,0
2025-03-31,240,768891.3,0
2025-04-30,240,755401.98,0
2025-05-31,240,741912.66,0
2025-06-30,240,728423.34,0
2025-07-31,240,714934.02,0
2025-08-31,240,701444.7,0
2025-09-30,240,687955.38,0
2025-10-31,240,674466.06,0
2025-11-30,240,660976.74,0
2025-12-31,240,647487.42,0
2025-01-31,241,1645824.88,0
2025-02-28,241,1617929.54,0
2025-03-31,241,1590034.2,0
2025-04-30,241,1562138.86,0
2025-05-31,241,1534243.52,0
2025-06-30,241,1506348.18,0
2025-07-31,241,1478452.84,0
2025-08-31,241,1450557.5,0
2025-09-30,241,1422662.16,0
2025-10-31,241,1394766.82,0
2025-11-30,241,1366871.48,0
2025-12-31,241,1338976.14,0
2025-01-31,242,246605.17,26
2025-02-28,242,239755.03,54
2025-03-31,242,232904.89,85
2025-04-30,242,226054.75,115
2025-05-31,242,219204.61,146
2025-06-30,242,212354.47,176
2025-07-31,242,205504.33,207
2025-08-31,242,198654.19,238
2025-09-30,242,191804.05,268
2025-10-31,242,184953.91,299
2025-11-30,242,178103.77,329
2025-12-31,242,171253.63,360
2025-01-31,243,168483.42,0
2025-02-28,243,161158.05,0
2025-03-31,243,153832.68,0
2025-04-30,243,146507.31,0
2025-05-31,243,139181.94,0
2025-06-30,243,139181.94,25
2025-07-31,243,131856.57,56
2025-08-31,243,124531.2,87
2025-09-30,243,117205.83,117
2025-10-31,243,109880.46,148
2025-11-30,243,102555.09,178
2025-12-31,243,95229.72,209
2025-01-31,244,256743.54,0
2025-02-28,244,245580.78,0
2025-03-31,244,234418.02,0
2025-04-30,244,223255.26,0
2025-05-31,244,212092.5,0
2025-06-30,244,200929.74,0
2025-07-31,244,189766.98,0
2025-08-31,244,178604.22,0
2025-09-30,244,167441.46,0
2025-10-31,244,167441.46,26
2025-11-30,244,156278.7,56
2025-12-31,244,145115.94,87
2025-01-31,245,1547649.76,0
2025-02-28,245,1480360.64,0
2025-03-31,245,1413071.52,0
2025-04-30,245,1345782.4,0
2025-05-31,245,1278493.28,0
2025-06-30,245,1211204.16,0
2025-07-31,245,1143915.04,0
2025-08-31,245,1076625.92,0
2025-09-30,245,1009336.8,0
2025-10-31,245,942047.68,0
2025-11-30,245,874758.56,0
2025-12-31,245,807469.44,0
2025-01-31,246,479227.91,0
2025-02-28,246,458391.91,0
2025-03-31,246,458391.91,26
2025-04-30,246,437555.91,56
2025-05-31,246,416719.91,87
2025-06-30,246,395883.91,117
2025-07-31,246,375047.91,148
2025-08-31,246,375047.91,179
2025-09-30,246,354211.91,209
2025-10-31,246,354211.91,240
2025-11-30,246,333375.91,270
2025-12-31,246,312539.91,301
2025-01-31,247,2839925.5,0
2025-02-28,247,2716450.48,0
2025-03-31,247,2592975.46,0
2025-04-30,247,2469500.44,0
2025-05-31,247,2346025.42,0
2025-06-30,247,2222550.4,0
2025-07-31,247,2222550.4,26
2025-08-31,247,2099075.38,57
2025-09-30,247,1975600.36,87
2025-10-31,247,1852125.34,118
2025-11-30,247,1728650.32,148
2025-12-31,247,1605175.3,179
2025-01-31,248,803919.55,0
2025-02-28,248,768966.53,0
2025-03-31,248,734013.51,0
2025-04-30,248,699060.49,0
2025-05-31,248,664107.47,0
2025-06-30,248,629154.45,0
2025-07-31,248,594201.43,0
2025-08-31,248,559248.41,0
2025-09-30,248,559248.41,25
2025-10-31,248,524295.39,56
2025-11-30,248,489342.37,86
2025-12-31,248,454389.35,117
2025-01-31,249,2216850.63,0
2025-02-28,249,2216850.63,23
2025-03-31,249,2179276.89,54
2025-04-30,249,2179276.89,84
2025-05-31,249,2141703.15,115
2025-06-30,249,2104129.41,145
2025-07-31,249,2066555.67,176
2025-08-31,249,2028981.93,207
2025-09-30,249,1991408.19,237
2025-10-31,249,1953834.45,268
2025-11-30,249,1916260.71,298
2025-12-31,249,1878686.97,329
2025-01-31,250,354031.51,0
2025-02-28,250,338638.84,0
2025-03-31,250,338638.84,26
2025-04-30,250,323246.17,56
2025-05-31,250,307853.5,87
2025-06-30,250,292460.83,117
2025-07-31,250,277068.16,148
2025-08-31,250,261675.49,179
2025-09-30,250,246282.82,209
2025-10-31,250,230890.15,240
2025-11-30,250,230890.15,270
2025-12-31,250,215497.48,301
2025-01-31,251,346761.74,0
2025-02-28,251,340884.42,0
2025-03-31,251,335007.1,0
2025-04-30,251,329129.78,0
2025-05-31,251,323252.46,0
2025-06-30,251,317375.14,0
2025-07-31,251,311497.82,0
2025-08-31,251,305620.5,0
2025-09-30,251,299743.18,0
2025-10-31,251,293865.86,0
2025-11-30,251,287988.54,0
2025-12-31,251,282111.22,0
2025-01-31,252,1775340.01,0
2025-02-28,252,1698151.31,0
2025-03-31,252,1620962.61,0
2025-04-30,252,1543773.91,0
2025-05-31,252,1466585.21,0
2025-06-30,252,1389396.51,0
2025-07-31,252,1312207.81,0
2025-08-31,252,1235019.11,0
2025-09-30,252,1157830.41,0
2025-10-31,252,1080641.71,0
2025-11-30,252,1003453.01,0
2025-12-31,252,926264.31,0
2025-01-31,253,1368276.9,0
2025-02-28,253,1345085.77,0
2025-03-31,253,1321894.64,0
2025-04-30,253,1298703.51,0
2025-05-31,253,1275512.38,0
2025-06-30,253,1252321.25,0
2025-07-31,253,1229130.12,0
2025-08-31,253,1205938.99,0
2025-09-30,253,1182747.86,0
2025-10-31,253,1159556.73,0
2025-11-30,253,1136365.6,0
2025-12-31,253,1113174.47,0
2025-01-31,254,683341.8,0
2025-02-28,254,677599.43,0
2025-03-31,254,671857.06,0
2025-04-30,254,666114.69,0
2025-05-31,254,660372.32,0
2025-06-30,254,660372.32,25
2025-07-31,254,654629.95,56
2025-08-31,254,654629.95,87
2025-09-30,254,648887.58,117
2025-10-31,254,643145.21,148
2025-11-30,254,637402.84,178
2025-12-31,254,631660.47,209
2025-01-31,255,380723.64,0
2025-02-28,255,380723.64,23
2025-03-31,255,374270.7,54
2025-04-30,255,367817.76,84
2025-05-31,255,361364.82,115
2025-06-30,255,354911.88,145
2025-07-31,255,348458.94,176
2025-08-31,255,342006.0,207
2025-09-30,255,335553.06,237
2025-10-31,255,329100.12,268
2025-11-30,255,322647.18,298
2025-12-31,255,316194.24,329
2025-01-31,256,1127409.68,0
2025-02-28,256,1095197.98,0
2025-03-31,256,1062986.28,0
2025-04-30,256,1030774.58,0
2025-05-31,256,998562.88,0
2025-06-30,256,966351.18,0
2025-07-31,256,934139.48,0
2025-08-31,256,901927.78,0
2025-09-30,256,869716.08,0
2025-10-31,256,837504.38,0
2025-11-30,256,805292.68,0
2025-12-31,256,773080.98,0
2025-01-31,257,513625.54,0
2025-02-28,257,504920.02,0
2025-03-31,257,496214.5,0
2025-04-30,257,487508.98,0
2025-05-31,257,478803.46,0
2025-06-30,257,470097.94,0
2025-07-31,257,461392.42,0
2025-08-31,257,452686.9,0
2025-09-30,257,443981.38,0
2025-10-31,257,435275.86,0
2025-11-30,257,426570.34,0
2025-12-31,257,417864.82,0
2025-01-31,258,873813.92,0
2025-02-28,258,866470.95,0
2025-03-31,258,859127.98,0
2025-04-30,258,851785.01,0
2025-05-31,258,851785.01,26
2025-06-30,258,844442.04,56
2025-07-31,258,837099.07,87
2025-08-31,258,829756.1,118
2025-09-30,258,829756.1,148
2025-10-31,258,822413.13,179
2025-11-30,258,815070.16,209
2025-12-31,258,807727.19,240
2025-01-31,259,299670.42,0
2025-02-28,259,291108.41,0
2025-03-31,259,282546.4,0
2025-04-30,259,273984.39,0
2025-05-31,259,265422.38,0
2025-06-30,259,256860.37,0
2025-07-31,259,248298.36,0
2025-08-31,259,239736.35,0
2025-09-30,259,231174.34,0
2025-10-31,259,231174.34,26
2025-11-30,259,222612.33,56
2025-12-31,259,214050.32,87
2025-01-31,260,1833827.44,0
2025-02-28,260,1833827.44,23
2025-03-31,260,1833827.44,54
2025-04-30,260,1781432.37,84
2025-05-31,260,1729037.3,115
2025-06-30,260,1676642.23,145
2025-07-31,260,1624247.16,176
2025-08-31,260,1571852.09,207
2025-09-30,260,1519457.02,237
2025-10-31,260,1467061.95,268
2025-11-30,260,1414666.88,298
2025-12-31,260,1362271.81,329
2025-01-31,261,332873.65,0
2025-02-28,261,318400.88,0
2025-03-31,261,303928.11,0
2025-04-30,261,289455.34,0
2025-05-31,261,274982.57,0
2025-06-30,261,260509.8,0
2025-07-31,261,246037.03,0
2025-08-31,261,231564.26,0
2025-09-30,261,217091.49,0
2025-10-31,261,202618.72,0
2025-11-30,261,188145.95,0
2025-12-31,261,188145.95,26
2025-01-31,262,756363.71,0
2025-02-28,262,750007.71,0
2025-03-31,262,743651.71,0
2025-04-30,262,737295.71,0
2025-05-31,262,730939.71,0
2025-06-30,262,724583.71,0
2025-07-31,262,718227.71,0
2025-08-31,262,711871.71,0
2025-09-30,262,705515.71,0
2025-10-31,262,699159.71,0
2025-11-30,262,692803.71,0
2025-12-31,262,686447.71,0
2025-01-31,263,2429609.84,0
2025-02-28,263,2409192.95,0
2025-03-31,263,2388776.06,0
2025-04-30,263,2368359.17,0
2025-05-31,263,2368359.17,26
2025-06-30,263,2347942.28,56
2025-07-31,263,2327525.39,87
2025-08-31,263,2307108.5,118
2025-09-30,263,2286691.61,148
2025-10-31,263,2266274.72,179
2025-11-30,263,2245857.83,209
2025-12-31,263,2225440.94,240
2025-01-31,264,1239370.96,0
2025-02-28,264,1228956.08,0
2025-03-31,264,1228956.08,26
2025-04-30,264,1218541.2,56
2025-05-31,264,1208126.32,87
2025-06-30,264,1197711.44,117
2025-07-31,264,1187296.56,148
2025-08-31,264,1176881.68,179
2025-09-30,264,1166466.8,209
2025-10-31,264,1156051.92,240
2025-11-30,264,1145637.04,270
2025-12-31,264,1135222.16,301
2025-01-31,265,2914569.5,0
2025-02-28,265,2865170.02,0
2025-03-31,265,2815770.54,0
2025-04-30,265,2766371.06,0
2025-05-31,265,2716971.58,0
2025-06-30,265,2667572.1,0
2025-07-31,265,2618172.62,0
2025-08-31,265,2568773.14,0
2025-09-30,265,2519373.66,0
2025-10-31,265,2469974.18,0
2025-11-30,265,2420574.7,0
2025-12-31,265,2371175.22,0
2025-01-31,266,274040.32,0
2025-02-28,266,269395.57,0
2025-03-31,266,264750.82,0
2025-04-30,266,260106.07,0
2025-05-31,266,255461.32,0
2025-06-30,266,250816.57,0
2025-07-31,266,246171.82,0
2025-08-31,266,241527.07,0
2025-09-30,266,236882.32,0
2025-10-31,266,232237.57,0
2025-11-30,266,227592.82,0
2025-12-31,266,222948.07,0
2025-01-31,267,1963313.03,0
2025-02-28,267,1946814.6,0
2025-03-31,267,1930316.17,0
2025-04-30,267,1913817.74,0
2025-05-31,267,1897319.31,0
2025-06-30,267,1880820.88,0
2025-07-31,267,1864322.45,0
2025-08-31,267,1847824.02,0
2025-09-30,267,1831325.59,0
2025-10-31,267,1814827.16,0
2025-11-30,267,1798328.73,0
2025-12-31,267,1781830.3,0
2025-01-31,268,454445.52,0
2025-02-28,268,434687.02,0
2025-03-31,268,414928.52,0
2025-04-30,268,395170.02,0
2025-05-31,268,375411.52,0
2025-06-30,268,355653.02,0
2025-07-31,268,335894.52,0
2025-08-31,268,316136.02,0
2025-09-30,268,296377.52,0
2025-10-31,268,276619.02,0
2025-11-30,268,256860.52,0
2025-12-31,268,237102.02,0
2025-01-31,269,959881.21,26
2025-02-28,269,959881.21,54
2025-03-31,269,943883.19,85
2025-04-30,269,927885.17,115
2025-05-31,269,911887.15,146
2025-06-30,269,895889.13,176
2025-07-31,269,879891.11,207
2025-08-31,269,863893.09,238
2025-09-30,269,847895.07,268
2025-10-31,269,831897.05,299
2025-11-30,269,815899.03,329
2025-12-31,269,815899.03,360
2025-01-31,270,647371.54,0
2025-02-28,270,619224.95,0
2025-03-31,270,591078.36,0
2025-04-30,270,591078.36,25
2025-05-31,270,562931.77,56
2025-06-30,270,534785.18,86
2025-07-31,270,506638.59,117
2025-08-31,270,478492.0,148
2025-09-30,270,450345.41,178
2025-10-31,270,422198.82,209
2025-11-30,270,394052.23,239
2025-12-31,270,365905.64,270
2025-01-31,271,1139280.32,0
2025-02-28,271,1106729.45,0
2025-03-31,271,1074178.58,0
2025-04-30,271,1041627.71,0
2025-05-31,271,1009076.84,0
2025-06-30,271,976525.97,0
2025-07-31,271,943975.1,0
2025-08-31,271,911424.23,0
2025-09-30,271,878873.36,0
2025-10-31,271,846322.49,0
2025-11-30,271,813771.62,0
2025-12-31,271,781220.75,0
2025-01-31,272,1769021.58,0
2025-02-28,272,1718478.11,0
2025-03-31,272,1667934.64,0
2025-04-30,272,1617391.17,0
2025-05-31,272,1566847.7,0
2025-06-30,272,1516304.23,0
2025-07-31,272,1465760.76,0
2025-08-31,272,1415217.29,0
2025-09-30,272,1364673.82,0
2025-10-31,272,1314130.35,0
2025-11-30,272,1263586.88,0
2025-12-31,272,1213043.41,0
2025-01-31,273,926777.07,0
2025-02-28,273,900297.73,0
2025-03-31,273,873818.39,0
2025-04-30,273,847339.05,0
2025-05-31,273,820859.71,0
2025-06-30,273,794380.37,0
2025-07-31,273,767901.03,0
2025-08-31,273,741421.69,0
2025-09-30,273,714942.35,0
2025-10-31,273,688463.01,0
2025-11-30,273,661983.67,0
2025-12-31,273,635504.33,0
2025-01-31,274,1060293.93,0
2025-02-28,274,1014194.19,0
2025-03-31,274,968094.45,0
2025-04-30,274,921994.71,0
2025-05-31,274,875894.97,0
2025-06-30,274,829795.23,0
2025-07-31,274,783695.49,0
2025-08-31,274,737595.75,0
2025-09-30,274,691496.01,0
2025-10-31,274,645396.27,0
2025-11-30,274,599296.53,0
2025-12-31,274,553196.79,0
2025-01-31,275,1258891.14,0
2025-02-28,275,1204156.74,0
2025-03-31,275,1204156.74,26
2025-04-30,275,1149422.34,56
2025-05-31,275,1094687.94,87
2025-06-30,275,1039953.54,117
2025-07-31,275,985219.14,148
2025-08-31,275,930484.74,179
2025-09-30,275,875750.34,209
2025-10-31,275,821015.94,240
2025-11-30,275,766281.54,270
2025-12-31,275,711547.14,301
2025-01-31,276,539986.25,26
2025-02-28,276,524986.63,54
2025-03-31,276,509987.01,85
2025-04-30,276,494987.39,115
2025-05-31,276,479987.77,146
2025-06-30,276,464988.15,176
2025-07-31,276,449988.53,207
2025-08-31,276,434988.91,238
2025-09-30,276,419989.29,268
2025-10-31,276,404989.67,299
2025-11-30,276,389990.05,329
2025-12-31,276,374990.43,360
2025-01-31,277,493724.53,0
2025-02-28,277,485356.32,0
2025-03-31,277,476988.11,0
2025-04-30,277,468619.9,0
2025-05-31,277,460251.69,0
2025-06-30,277,451883.48,0
2025-07-31,277,443515.27,0
2025-08-31,277,443515.27,26
2025-09-30,277,435147.06,56
2025-10-31,277,426778.85,87
2025-11-30,277,418410.64,117
2025-12-31,277,410042.43,148
2025-01-31,278,653254.67,0
2025-02-28,278,647765.13,0
2025-03-31,278,642275.59,0
2025-04-30,278,636786.05,0
2025-05-31,278,631296.51,0
2025-06-30,278,631296.51,25
2025-07-31,278,625806.97,56
2025-08-31,278,620317.43,87
2025-09-30,278,620317.43,117
2025-10-31,278,614827.89,148
2025-11-30,278,609338.35,178
2025-12-31,278,603848.81,209
2025-01-31,279,491062.14,0
2025-02-28,279,469711.61,0
2025-03-31,279,448361.08,0
2025-04-30,279,427010.55,0
2025-05-31,279,405660.02,0
2025-06-30,279,384309.49,0
2025-07-31,279,362958.96,0
2025-08-31,279,341608.43,0
2025-09-30,279,320257.9,0
2025-10-31,279,298907.37,0
2025-11-30,279,277556.84,0
2025-12-31,279,256206.31,0
2025-01-31,280,532051.92,0
2025-02-28,280,527580.9,0
2025-03-31,280,527580.9,26
2025-04-30,280,523109.88,56
2025-05-31,280,518638.86,87
2025-06-30,280,514167.84,117
2025-07-31,280,509696.82,148
2025-08-31,280,505225.8,179
2025-09-30,280,500754.78,209
2025-10-31,280,496283.76,240
2025-11-30,280,491812.74,270
2025-12-31,280,487341.72,301
2025-01-31,281,2604572.98,0
2025-02-28,281,2491330.68,0
2025-03-31,281,2378088.38,0
2025-04-30,281,2264846.08,0
2025-05-31,281,2264846.08,26
2025-06-30,281,2151603.78,56
2025-07-31,281,2151603.78,87
2025-08-31,281,2038361.48,118
2025-09-30,281,1925119.18,148
2025-10-31,281,1811876.88,179
2025-11-30,281,1698634.58,209
2025-12-31,281,1698634.58,240
2025-01-31,282,408971.57,0
2025-02-28,282,391190.2,0
2025-03-31,282,373408.83,0
2025-04-30,282,355627.46,0
2025-05-31,282,337846.09,0
2025-06-30,282,320064.72,0
2025-07-31,282,302283.35,0
2025-08-31,282,284501.98,0
2025-09-30,282,266720.61,0
2025-10-31,282,248939.24,0
2025-11-30,282,231157.87,0
2025-12-31,282,213376.5,0
2025-01-31,283,251743.63,26
2025-02-28,283,249645.77,54
2025-03-31,283,247547.91,85
2025-04-30,283,247547.91,115
2025-05-31,283,245450.05,146
2025-06-30,283,243352.19,176
2025-07-31,283,241254.33,207
2025-08-31,283,239156.47,238
2025-09-30,283,237058.61,268
2025-10-31,283,234960.75,299
2025-11-30,283,232862.89,329
2025-12-31,283,230765.03,360
2025-01-31,284,863902.68,0
2025-02-28,284,826341.69,0
2025-03-31,284,788780.7,0
2025-04-30,284,751219.71,0
2025-05-31,284,751219.71,26
2025-06-30,284,713658.72,56
2025-07-31,284,676097.73,87
2025-08-31,284,638536.74,118
2025-09-30,284,600975.75,148
2025-10-31,284,563414.76,179
2025-11-30,284,563414.76,209
2025-12-31,284,525853.77,240
2025-01-31,285,1332239.06,26
2025-02-28,285,1295232.42,54
2025-03-31,285,1258225.78,85
2025-04-30,285,1221219.14,115
2025-05-31,285,1184212.5,146
2025-06-30,285,1147205.86,176
2025-07-31,285,1110199.22,207
2025-08-31,285,1073192.58,238
2025-09-30,285,1036185.94,268
2025-10-31,285,999179.3,299
2025-11-30,285,962172.66,329
2025-12-31,285,925166.02,360
2025-01-31,286,1396737.39,0
2025-02-28,286,1356830.61,0
2025-03-31,286,1316923.83,0
2025-04-30,286,1277017.05,0
2025-05-31,286,1237110.27,0
2025-06-30,286,1197203.49,0
2025-07-31,286,1157296.71,0
2025-08-31,286,1117389.93,0
2025-09-30,286,1077483.15,0
2025-10-31,286,1037576.37,0
2025-11-30,286,997669.59,0
2025-12-31,286,957762.81,0
2025-01-31,287,777671.53,0
2025-02-28,287,764490.66,0
2025-03-31,287,751309.79,0
2025-04-30,287,738128.92,0
2025-05-31,287,724948.05,0
2025-06-30,287,724948.05,25
2025-07-31,287,711767.18,56
2025-08-31,287,698586.31,87
2025-09-30,287,685405.44,117
2025-10-31,287,672224.57,148
2025-11-30,287,659043.7,178
2025-12-31,287,645862.83,209
2025-01-31,288,247718.59,0
2025-02-28,288,240640.92,0
2025-03-31,288,233563.25,0
2025-04-30,288,226485.58,0
2025-05-31,288,219407.91,0
2025-06-30,288,212330.24,0
2025-07-31,288,205252.57,0
2025-08-31,288,205252.57,26
2025-09-30,288,198174.9,56
2025-10-31,288,191097.23,87
2025-11-30,288,184019.56,117
2025-12-31,288,176941.89,148
2025-01-31,289,441273.2,0
2025-02-28,289,422087.41,0
2025-03-31,289,402901.62,0
2025-04-30,289,383715.83,0
2025-05-31,289,364530.04,0
2025-06-30,289,345344.25,0
2025-07-31,289,326158.46,0
2025-08-31,289,306972.67,0
2025-09-30,289,287786.88,0
2025-10-31,289,268601.09,0
2025-11-30,289,249415.3,0
2025-12-31,289,230229.51,0
2025-01-31,290,406789.36,0
2025-02-28,290,399894.63,0
2025-03-31,290,392999.9,0
2025-04-30,290,386105.17,0
2025-05-31,290,379210.44,0
2025-06-30,290,372315.71,0
2025-07-31,290,365420.98,0
2025-08-31,290,358526.25,0
2025-09-30,290,351631.52,0
2025-10-31,290,344736.79,0
2025-11-30,290,337842.06,0
2025-12-31,290,330947.33,0
2025-01-31,291,771995.3,0
2025-02-28,291,738430.29,0
2025-03-31,291,704865.28,0
2025-04-30,291,671300.27,0
2025-05-31,291,637735.26,0
2025-06-30,291,604170.25,0
2025-07-31,291,604170.25,26
2025-08-31,291,570605.24,57
2025-09-30,291,537040.23,87
2025-10-31,291,503475.22,118
2025-11-30,291,469910.21,148
2025-12-31,291,436345.2,179
2025-01-31,292,1734609.13,0
2025-02-28,292,1720032.58,0
2025-03-31,292,1705456.03,0
2025-04-30,292,1690879.48,0
2025-05-31,292,1676302.93,0
2025-06-30,292,1661726.38,0
2025-07-31,292,1647149.83,0
2025-08-31,292,1632573.28,0
2025-09-30,292,1617996.73,0
2025-10-31,292,1603420.18,0
2025-11-30,292,1588843.63,0
2025-12-31,292,1588843.63,26
2025-01-31,293,628862.72,0
2025-02-28,293,610895.21,0
2025-03-31,293,592927.7,0
2025-04-30,293,574960.19,0
2025-05-31,293,574960.19,26
2025-06-30,293,556992.68,56
2025-07-31,293,539025.17,87
2025-08-31,293,521057.66,118
2025-09-30,293,503090.15,148
2025-10-31,293,485122.64,179
2025-11-30,293,467155.13,209
2025-12-31,293,449187.62,240
2025-01-31,294,1217674.04,0
2025-02-28,294,1197035.5,0
2025-03-31,294,1176396.96,0
2025-04-30,294,1155758.42,0
2025-05-31,294,1135119.88,0
2025-06-30,294,1114481.34,0
2025-07-31,294,1093842.8,0
2025-08-31,294,1073204.26,0
2025-09-30,294,1052565.72,0
2025-10-31,294,1031927.18,0
2025-11-30,294,1011288.64,0
2025-12-31,294,990650.1,0
2025-01-31,295,916684.22,0
2025-02-28,295,908980.99,0
2025-03-31,295,901277.76,0
2025-04-30,295,893574.53,0
2025-05-31,295,885871.3,0
2025-06-30,295,878168.07,0
2025-07-31,295,870464.84,0
2025-08-31,295,862761.61,0
2025-09-30,295,855058.38,0
2025-10-31,295,847355.15,0
2025-11-30,295,839651.92,0
2025-12-31,295,831948.69,0
2025-01-31,296,463438.85,0
2025-02-28,296,450197.74,0
2025-03-31,296,436956.63,0
2025-04-30,296,423715.52,0
2025-05-31,296,410474.41,0
2025-06-30,296,397233.3,0
2025-07-31,296,383992.19,0
2025-08-31,296,370751.08,0
2025-09-30,296,357509.97,0
2025-10-31,296,344268.86,0
2025-11-30,296,331027.75,0
2025-12-31,296,317786.64,0
2025-01-31,297,287073.18,0
2025-02-28,297,282207.53,0
2025-03-31,297,277341.88,0
2025-04-30,297,272476.23,0
2025-05-31,297,267610.58,0
2025-06-30,297,262744.93,0
2025-07-31,297,257879.28,0
2025-08-31,297,257879.28,26
2025-09-30,297,253013.63,56
2025-10-31,297,248147.98,87
2025-11-30,297,243282.33,117
2025-12-31,297,238416.68,148
2025-01-31,298,1850319.92,0
2025-02-28,298,1769871.23,0
2025-03-31,298,1689422.54,0
2025-04-30,298,1608973.85,0
2025-05-31,298,1528525.16,0
2025-06-30,298,1448076.47,0
2025-07-31,298,1367627.78,0
2025-08-31,298,1287179.09,0
2025-09-30,298,1206730.4,0
2025-10-31,298,1126281.71,0
2025-11-30,298,1045833.02,0
2025-12-31,298,965384.33,0
2025-01-31,299,2372431.69,0
2025-02-28,299,2332220.98,0
2025-03-31,299,2292010.27,0
2025-04-30,299,2251799.56,0
2025-05-31,299,2211588.85,0
2025-06-30,299,2171378.14,0
2025-07-31,299,2131167.43,0
2025-08-31,299,2131167.43,26
2025-09-30,299,2131167.43,56
2025-10-31,299,2090956.72,87
2025-11-30,299,2050746.01,117
2025-12-31,299,2010535.3,148
2025-01-31,300,2172989.31,0
2025-02-28,300,2110903.9,0
2025-03-31,300,2048818.49,0
2025-04-30,300,1986733.08,0
2025-05-31,300,1924647.67,0
2025-06-30,300,1862562.26,0
2025-07-31,300,1800476.85,0
2025-08-31,300,1738391.44,0
2025-09-30,300,1676306.03,0
2025-10-31,300,1614220.62,0
2025-11-30,300,1552135.21,0
2025-12-31,300,1490049.8,0
2025-01-31,301,665490.6,0
2025-02-28,301,646476.58,0
2025-03-31,301,627462.56,0
2025-04-30,301,608448.54,0
2025-05-31,301,589434.52,0
2025-06-30,301,570420.5,0
2025-07-31,301,551406.48,0
2025-08-31,301,532392.46,0
2025-09-30,301,513378.44,0
2025-10-31,301,494364.42,0
2025-11-30,301,475350.4,0
2025-12-31,301,456336.38,0
2025-01-31,302,542241.16,0
2025-02-28,302,542241.16,23
2025-03-31,302,537684.51,54
2025-04-30,302,533127.86,84
2025-05-31,302,528571.21,115
2025-06-30,302,524014.56,145
2025-07-31,302,519457.91,176
2025-08-31,302,514901.26,207
2025-09-30,302,510344.61,237
2025-10-31,302,505787.96,268
2025-11-30,302,501231.31,298
2025-12-31,302,496674.66,329
2025-01-31,303,1670385.47,0
2025-02-28,303,1597760.01,0
2025-03-31,303,1525134.55,0
2025-04-30,303,1452509.09,0
2025-05-31,303,1379883.63,0
2025-06-30,303,1307258.17,0
2025-07-31,303,1234632.71,0
2025-08-31,303,1162007.25,0
2025-09-30,303,1089381.79,0
2025-10-31,303,1016756.33,0
2025-11-30,303,944130.87,0
2025-12-31,303,871505.41,0
2025-01-31,304,346451.65,0
2025-02-28,304,331388.53,0
2025-03-31,304,316325.41,0
2025-04-30,304,301262.29,0
2025-05-31,304,286199.17,0
2025-06-30,304,271136.05,0
2025-07-31,304,256072.93,0
2025-08-31,304,241009.81,0
2025-09-30,304,225946.69,0
2025-10-31,304,210883.57,0
2025-11-30,304,195820.45,0
2025-12-31,304,180757.33,0
2025-01-31,305,1650008.41,0
2025-02-28,305,1636142.79,0
2025-03-31,305,1622277.17,0
2025-04-30,305,1608411.55,0
2025-05-31,305,1594545.93,0
2025-06-30,305,1580680.31,0
2025-07-31,305,1566814.69,0
2025-08-31,305,1552949.07,0
2025-09-30,305,1539083.45,0
2025-10-31,305,1525217.83,0
2025-11-30,305,1511352.21,0
2025-12-31,305,1497486.59,0
2025-01-31,306,645913.22,0
2025-02-28,306,627458.56,0
2025-03-31,306,609003.9,0
2025-04-30,306,590549.24,0
2025-05-31,306,572094.58,0
2025-06-30,306,553639.92,0
2025-07-31,306,535185.26,0
2025-08-31,306,516730.6,0
2025-09-30,306,498275.94,0
2025-10-31,306,479821.28,0
2025-11-30,306,461366.62,0
2025-12-31,306,442911.96,0
2025-01-31,307,537942.94,0
2025-02-28,307,514554.12,0
2025-03-31,307,491165.3,0
2025-04-30,307,467776.48,0
2025-05-31,307,444387.66,0
2025-06-30,307,420998.84,0
2025-07-31,307,397610.02,0
2025-08-31,307,374221.2,0
2025-09-30,307,350832.38,0
2025-10-31,307,327443.56,0
2025-11-30,307,304054.74,0
2025-12-31,307,280665.92,0
2025-01-31,308,316600.55,0
2025-02-28,308,313940.04,0
2025-03-31,308,311279.53,0
2025-04-30,308,308619.02,0
2025-05-31,308,308619.02,26
2025-06-30,308,305958.51,56
2025-07-31,308,303298.0,87
2025-08-31,308,300637.49,118
2025-09-30,308,297976.98,148
2025-10-31,308,295316.47,179
2025-11-30,308,292655.96,209
2025-12-31,308,289995.45,240
2025-01-31,309,117617.24,0
2025-02-28,309,115623.73,0
2025-03-31,309,113630.22,0
2025-04-30,309,111636.71,0
2025-05-31,309,109643.2,0
2025-06-30,309,107649.69,0
2025-07-31,309,105656.18,0
2025-08-31,309,103662.67,0
2025-09-30,309,101669.16,0
2025-10-31,309,99675.65,0
2025-11-30,309,97682.14,0
2025-12-31,309,95688.63,0
2025-01-31,310,849148.74,0
2025-02-28,310,842013.04,0
2025-03-31,310,834877.34,0
2025-04-30,310,827741.64,0
2025-05-31,310,820605.94,0
2025-06-30,310,813470.24,0
2025-07-31,310,806334.54,0
2025-08-31,310,799198.84,0
2025-09-30,310,792063.14,0
2025-10-31,310,784927.44,0
2025-11-30,310,777791.74,0
2025-12-31,310,770656.04,0
2025-01-31,311,392006.29,0
2025-02-28,311,385362.12,0
2025-03-31,311,378717.95,0
2025-04-30,311,372073.78,0
2025-05-31,311,365429.61,0
2025-06-30,311,358785.44,0
2025-07-31,311,352141.27,0
2025-08-31,311,345497.1,0
2025-09-30,311,338852.93,0
2025-10-31,311,332208.76,0
2025-11-30,311,325564.59,0
2025-12-31,311,318920.42,0
2025-01-31,312,1245714.81,0
2025-02-28,312,1191553.3,0
2025-03-31,312,1137391.79,0
2025-04-30,312,1083230.28,0
2025-05-31,312,1029068.77,0
2025-06-30,312,974907.26,0
2025-07-31,312,920745.75,0
2025-08-31,312,866584.24,0
2025-09-30,312,812422.73,0
2025-10-31,312,758261.22,0
2025-11-30,312,704099.71,0
2025-12-31,312,649938.2,0
2025-01-31,313,1797596.46,0
2025-02-28,313,1746236.56,0
2025-03-31,313,1694876.66,0
2025-04-30,313,1643516.76,0
2025-05-31,313,1592156.86,0
2025-06-30,313,1540796.96,0
2025-07-31,313,1489437.06,0
2025-08-31,313,1438077.16,0
2025-09-30,313,1386717.26,0
2025-10-31,313,1335357.36,0
2025-11-30,313,1283997.46,0
2025-12-31,313,1232637.56,0
2025-01-31,314,446239.72,0
2025-02-28,314,426837.99,0
2025-03-31,314,407436.26,0
2025-04-30,314,388034.53,0
2025-05-31,314,368632.8,0
2025-06-30,314,349231.07,0
2025-07-31,314,329829.34,0
2025-08-31,314,310427.61,0
2025-09-30,314,291025.88,0
2025-10-31,314,271624.15,0
2025-11-30,314,252222.42,0
2025-12-31,314,232820.69,0
2025-01-31,315,660615.9,0
2025-02-28,315,660615.9,23
2025-03-31,315,649419.02,54
2025-04-30,315,638222.14,84
2025-05-31,315,627025.26,115
2025-06-30,315,615828.38,145
2025-07-31,315,604631.5,176
2025-08-31,315,593434.62,207
2025-09-30,315,582237.74,237
2025-10-31,315,571040.86,268
2025-11-30,315,559843.98,298
2025-12-31,315,548647.1,329
2025-01-31,316,236388.69,0
2025-02-28,316,226110.92,0
2025-03-31,316,215833.15,0
2025-04-30,316,205555.38,0
2025-05-31,316,195277.61,0
2025-06-30,316,184999.84,0
2025-07-31,316,174722.07,0
2025-08-31,316,164444.3,0
2025-09-30,316,154166.53,0
2025-10-31,316,143888.76,0
2025-11-30,316,133610.99,0
2025-12-31,316,123333.22,0
2025-01-31,317,978545.9,0
2025-02-28,317,961960.38,0
2025-03-31,317,945374.86,0
2025-04-30,317,928789.34,0
2025-05-31,317,912203.82,0
2025-06-30,317,895618.3,0
2025-07-31,317,879032.78,0
2025-08-31,317,862447.26,0
2025-09-30,317,845861.74,0
2025-10-31,317,829276.22,0
2025-11-30,317,812690.7,0
2025-12-31,317,796105.18,0
2025-01-31,318,541612.64,0
2025-02-28,318,532432.76,0
2025-03-31,318,523252.88,0
2025-04-30,318,514073.0,0
2025-05-31,318,504893.12,0
2025-06-30,318,495713.24,0
2025-07-31,318,486533.36,0
2025-08-31,318,477353.48,0
2025-09-30,318,468173.6,0
2025-10-31,318,458993.72,0
2025-11-30,318,449813.84,0
2025-12-31,318,440633.96,0
2025-01-31,319,574344.83,0
2025-02-28,319,557934.98,0
2025-03-31,319,541525.13,0
2025-04-30,319,525115.28,0
2025-05-31,319,508705.43,0
2025-06-30,319,492295.58,0
2025-07-31,319,475885.73,0
2025-08-31,319,459475.88,0
2025-09-30,319,443066.03,0
2025-10-31,319,426656.18,0
2025-11-30,319,410246.33,0
2025-12-31,319,393836.48,0
2025-01-31,320,615378.05,0
2025-02-28,320,597795.82,0
2025-03-31,320,580213.59,0
2025-04-30,320,562631.36,0
2025-05-31,320,545049.13,0
2025-06-30,320,527466.9,0
2025-07-31,320,509884.67,0
2025-08-31,320,492302.44,0
2025-09-30,320,492302.44,25
2025-10-31,320,474720.21,56
2025-11-30,320,457137.98,86
2025-12-31,320,439555.75,117
2025-01-31,321,274164.28,0
2025-02-28,321,266331.01,0
2025-03-31,321,258497.74,0
2025-04-30,321,250664.47,0
2025-05-31,321,242831.2,0
2025-06-30,321,234997.93,0
2025-07-31,321,227164.66,0
2025-08-31,321,219331.39,0
2025-09-30,321,211498.12,0
2025-10-31,321,203664.85,0
2025-11-30,321,195831.58,0
2025-12-31,321,187998.31,0
2025-01-31,322,376592.65,0
2025-02-28,322,370209.72,0
2025-03-31,322,363826.79,0
2025-04-30,322,357443.86,0
2025-05-31,322,351060.93,0
2025-06-30,322,344678.0,0
2025-07-31,322,338295.07,0
2025-08-31,322,331912.14,0
2025-09-30,322,325529.21,0
2025-10-31,322,319146.28,0
2025-11-30,322,312763.35,0
2025-12-31,322,306380.42,0
2025-01-31,323,913349.36,0
2025-02-28,323,897868.86,0
2025-03-31,323,882388.36,0
2025-04-30,323,866907.86,0
2025-05-31,323,851427.36,0
2025-06-30,323,835946.86,0
2025-07-31,323,820466.36,0
2025-08-31,323,804985.86,0
2025-09-30,323,789505.36,0
2025-10-31,323,774024.86,0
2025-11-30,323,758544.36,0
2025-12-31,323,743063.86,0
2025-01-31,324,1139585.6,0
2025-02-28,324,1130009.25,0
2025-03-31,324,1120432.9,0
2025-04-30,324,1110856.55,0
2025-05-31,324,1101280.2,0
2025-06-30,324,1091703.85,0
2025-07-31,324,1082127.5,0
2025-08-31,324,1072551.15,0
2025-09-30,324,1062974.8,0
2025-10-31,324,1062974.8,26
2025-11-30,324,1053398.45,56
2025-12-31,324,1043822.1,87
2025-01-31,325,362922.03,0
2025-02-28,325,352552.83,0
2025-03-31,325,342183.63,0
2025-04-30,325,331814.43,0
2025-05-31,325,321445.23,0
2025-06-30,325,311076.03,0
2025-07-31,325,300706.83,0
2025-08-31,325,290337.63,0
2025-09-30,325,279968.43,0
2025-10-31,325,269599.23,0
2025-11-30,325,259230.03,0
2025-12-31,325,248860.83,0
2025-01-31,326,1066800.21,0
2025-02-28,326,1048718.85,0
2025-03-31,326,1030637.49,0
2025-04-30,326,1012556.13,0
2025-05-31,326,994474.77,0
2025-06-30,326,994474.77,25
2025-07-31,326,976393.41,56
2025-08-31,326,958312.05,87
2025-09-30,326,940230.69,117
2025-10-31,326,922149.33,148
2025-11-30,326,904067.97,178
2025-12-31,326,885986.61,209
2025-01-31,327,380454.79,0
2025-02-28,327,369584.65,0
2025-03-31,327,358714.51,0
2025-04-30,327,347844.37,0
2025-05-31,327,336974.23,0
2025-06-30,327,326104.09,0
2025-07-31,327,315233.95,0
2025-08-31,327,304363.81,0
2025-09-30,327,293493.67,0
2025-10-31,327,282623.53,0
2025-11-30,327,271753.39,0
2025-12-31,327,260883.25,0
2025-01-31,328,2904956.27,0
2025-02-28,328,2880544.87,0
2025-03-31,328,2856133.47,0
2025-04-30,328,2831722.07,0
2025-05-31,328,2807310.67,0
2025-06-30,328,2782899.27,0
2025-07-31,328,2758487.87,0
2025-08-31,328,2734076.47,0
2025-09-30,328,2709665.07,0
2025-10-31,328,2685253.67,0
2025-11-30,328,2660842.27,0
2025-12-31,328,2636430.87,0
2025-01-31,329,1237062.46,0
2025-02-28,329,1216095.3,0
2025-03-31,329,1195128.14,0
2025-04-30,329,1174160.98,0
2025-05-31,329,1153193.82,0
2025-06-30,329,1132226.66,0
2025-07-31,329,1111259.5,0
2025-08-31,329,1090292.34,0
2025-09-30,329,1069325.18,0
2025-10-31,329,1048358.02,0
2025-11-30,329,1027390.86,0
2025-12-31,329,1006423.7,0
2025-01-31,330,2427440.37,0
2025-02-28,330,2321899.48,0
2025-03-31,330,2216358.59,0
2025-04-30,330,2110817.7,0
2025-05-31,330,2005276.81,0
2025-06-30,330,1899735.92,0
2025-07-31,330,1794195.03,0
2025-08-31,330,1688654.14,0
2025-09-30,330,1583113.25,0
2025-10-31,330,1477572.36,0
2025-11-30,330,1372031.47,0
2025-12-31,330,1266490.58,0
2025-01-31,331,933077.41,0
2025-02-28,331,917262.54,0
2025-03-31,331,901447.67,0
2025-04-30,331,885632.8,0
2025-05-31,331,869817.93,0
2025-06-30,331,854003.06,0
2025-07-31,331,838188.19,0
2025-08-31,331,822373.32,0
2025-09-30,331,806558.45,0
2025-10-31,331,790743.58,0
2025-11-30,331,774928.71,0
2025-12-31,331,759113.84,0
2025-01-31,332,1059837.05,0
2025-02-28,332,1029555.99,0
2025-03-31,332,999274.93,0
2025-04-30,332,968993.87,0
2025-05-31,332,938712.81,0
2025-06-30,332,908431.75,0
2025-07-31,332,878150.69,0
2025-08-31,332,847869.63,0
2025-09-30,332,817588.57,0
2025-10-31,332,787307.51,0
2025-11-30,332,757026.45,0
2025-12-31,332,726745.39,0
2025-01-31,333,860434.4,0
2025-02-28,333,845850.77,0
2025-03-31,333,831267.14,0
2025-04-30,333,816683.51,0
2025-05-31,333,802099.88,0
2025-06-30,333,787516.25,0
2025-07-31,333,772932.62,0
2025-08-31,333,758348.99,0
2025-09-30,333,743765.36,0
2025-10-31,333,729181.73,0
2025-11-30,333,714598.1,0
2025-12-31,333,700014.47,0
2025-01-31,334,898950.0,0
2025-02-28,334,883713.56,0
2025-03-31,334,868477.12,0
2025-04-30,334,853240.68,0
2025-05-31,334,838004.24,0
2025-06-30,334,822767.8,0
2025-07-31,334,807531.36,0
2025-08-31,334,792294.92,0
2025-09-30,334,777058.48,0
2025-10-31,334,761822.04,0
2025-11-30,334,746585.6,0
2025-12-31,334,731349.16,0
2025-01-31,335,2147491.47,0
2025-02-28,335,2111093.31,0
2025-03-31,335,2074695.15,0
2025-04-30,335,2038296.99,0
2025-05-31,335,2001898.83,0
2025-06-30,335,1965500.67,0
2025-07-31,335,1929102.51,0
2025-08-31,335,1892704.35,0
2025-09-30,335,1856306.19,0
2025-10-31,335,1819908.03,0
2025-11-30,335,1783509.87,0
2025-12-31,335,1747111.71,0
2025-01-31,336,234096.62,0
2025-02-28,336,227408.15,0
2025-03-31,336,220719.68,0
2025-04-30,336,214031.21,0
2025-05-31,336,207342.74,0
2025-06-30,336,200654.27,0
2025-07-31,336,193965.8,0
2025-08-31,336,187277.33,0
2025-09-30,336,180588.86,0
2025-10-31,336,173900.39,0
2025-11-30,336,167211.92,0
2025-12-31,336,160523.45,0
2025-01-31,337,1391621.57,0
2025-02-28,337,1351860.95,0
2025-03-31,337,1312100.33,0
2025-04-30,337,1272339.71,0
2025-05-31,337,1232579.09,0
2025-06-30,337,1192818.47,0
2025-07-31,337,1153057.85,0
2025-08-31,337,1113297.23,0
2025-09-30,337,1073536.61,0
2025-10-31,337,1033775.99,0
2025-11-30,337,994015.37,0
2025-12-31,337,954254.75,0
2025-01-31,338,398501.01,0
2025-02-28,338,381174.88,0
2025-03-31,338,363848.75,0
2025-04-30,338,346522.62,0
2025-05-31,338,329196.49,0
2025-06-30,338,311870.36,0
2025-07-31,338,294544.23,0
2025-08-31,338,277218.1,0
2025-09-30,338,259891.97,0
2025-10-31,338,242565.84,0
2025-11-30,338,225239.71,0
2025-12-31,338,207913.58,0
2025-01-31,339,681170.47,0
2025-02-28,339,675446.35,0
2025-03-31,339,669722.23,0
2025-04-30,339,663998.11,0
2025-05-31,339,658273.99,0
2025-06-30,339,652549.87,0
2025-07-31,339,646825.75,0
2025-08-31,339,641101.63,0
2025-09-30,339,635377.51,0
2025-10-31,339,629653.39,0
2025-11-30,339,623929.27,0
2025-12-31,339,618205.15,0
2025-01-31,340,1575922.09,0
2025-02-28,340,1530895.74,0
2025-03-31,340,1485869.39,0
2025-04-30,340,1440843.04,0
2025-05-31,340,1395816.69,0
2025-06-30,340,1350790.34,0
2025-07-31,340,1350790.34,26
2025-08-31,340,1305763.99,57
2025-09-30,340,1260737.64,87
2025-10-31,340,1215711.29,118
2025-11-30,340,1170684.94,148
2025-12-31,340,1125658.59,179
2025-01-31,341,941365.68,26
2025-02-28,341,925676.25,54
2025-03-31,341,909986.82,85
2025-04-30,341,894297.39,115
2025-05-31,341,894297.39,146
2025-06-30,341,894297.39,176
2025-07-31,341,878607.96,207
2025-08-31,341,862918.53,238
2025-09-30,341,847229.1,268
2025-10-31,341,831539.67,299
2025-11-30,341,831539.67,329
2025-12-31,341,815850.24,360
2025-01-31,342,5262443.05,26
2025-02-28,342,5116264.08,54
2025-03-31,342,4970085.11,85
2025-04-30,342,4823906.14,115
2025-05-31,342,4677727.17,146
2025-06-30,342,4531548.2,176
2025-07-31,342,4385369.23,207
2025-08-31,342,4239190.26,238
2025-09-30,342,4093011.29,268
2025-10-31,342,3946832.32,299
2025-11-30,342,3800653.35,329
2025-12-31,342,3654474.38,360
2025-01-31,343,930557.27,0
2025-02-28,343,903969.92,0
2025-03-31,343,877382.57,0
2025-04-30,343,850795.22,0
2025-05-31,343,824207.87,0
2025-06-30,343,797620.52,0
2025-07-31,343,771033.17,0
2025-08-31,343,744445.82,0
2025-09-30,343,717858.47,0
2025-10-31,343,691271.12,0
2025-11-30,343,664683.77,0
2025-12-31,343,638096.42,0
2025-01-31,344,1641089.67,0
2025-02-28,344,1569737.95,0
2025-03-31,344,1498386.23,0
2025-04-30,344,1427034.51,0
2025-05-31,344,1355682.79,0
2025-06-30,344,1284331.07,0
2025-07-31,344,1212979.35,0
2025-08-31,344,1141627.63,0
2025-09-30,344,1070275.91,0
2025-10-31,344,998924.19,0
2025-11-30,344,927572.47,0
2025-12-31,344,856220.75,0
2025-01-31,345,252584.98,0
2025-02-28,345,241603.02,0
2025-03-31,345,230621.06,0
2025-04-30,345,219639.1,0
2025-05-31,345,208657.14,0
2025-06-30,345,197675.18,0
2025-07-31,345,186693.22,0
2025-08-31,345,175711.26,0
2025-09-30,345,164729.3,0
2025-10-31,345,153747.34,0
2025-11-30,345,142765.38,0
2025-12-31,345,131783.42,0
2025-01-31,346,650164.55,26
2025-02-28,346,644746.51,54
2025-03-31,346,639328.47,85
2025-04-30,346,633910.43,115
2025-05-31,346,628492.39,146
2025-06-30,346,623074.35,176
2025-07-31,346,617656.31,207
2025-08-31,346,612238.27,238
2025-09-30,346,606820.23,268
2025-10-31,346,601402.19,299
2025-11-30,346,595984.15,329
2025-12-31,346,590566.11,360
2025-01-31,347,525767.49,0
2025-02-28,347,502908.03,0
2025-03-31,347,480048.57,0
2025-04-30,347,457189.11,0
2025-05-31,347,434329.65,0
2025-06-30,347,411470.19,0
2025-07-31,347,388610.73,0
2025-08-31,347,365751.27,0
2025-09-30,347,342891.81,0
2025-10-31,347,320032.35,0
2025-11-30,347,297172.89,0
2025-12-31,347,274313.43,0
2025-01-31,348,736711.32,0
2025-02-28,348,730520.47,0
2025-03-31,348,724329.62,0
2025-04-30,348,718138.77,0
2025-05-31,348,711947.92,0
2025-06-30,348,705757.07,0
2025-07-31,348,699566.22,0
2025-08-31,348,693375.37,0
2025-09-30,348,687184.52,0
2025-10-31,348,687184.52,26
2025-11-30,348,680993.67,56
2025-12-31,348,674802.82,87
2025-01-31,349,886919.54,0
2025-02-28,349,848357.82,0
2025-03-31,349,809796.1,0
2025-04-30,349,771234.38,0
2025-05-31,349,732672.66,0
2025-06-30,349,694110.94,0
2025-07-31,349,655549.22,0
2025-08-31,349,616987.5,0
2025-09-30,349,578425.78,0
2025-10-31,349,539864.06,0
2025-11-30,349,501302.34,0
2025-12-31,349,462740.62,0
2025-01-31,350,969811.39,0
2025-02-28,350,942102.49,0
2025-03-31,350,914393.59,0
2025-04-30,350,886684.69,0
2025-05-31,350,858975.79,0
2025-06-30,350,831266.89,0
2025-07-31,350,803557.99,0
2025-08-31,350,775849.09,0
2025-09-30,350,748140.19,0
2025-10-31,350,720431.29,0
2025-11-30,350,692722.39,0
2025-12-31,350,665013.49,0
2025-01-31,351,244986.66,0
2025-02-28,351,240834.34,0
2025-03-31,351,236682.02,0
2025-04-30,351,232529.7,0
2025-05-31,351,228377.38,0
2025-06-30,351,224225.06,0
2025-07-31,351,220072.74,0
2025-08-31,351,215920.42,0
2025-09-30,351,211768.1,0
2025-10-31,351,207615.78,0
2025-11-30,351,203463.46,0
2025-12-31,351,199311.14,0
2025-01-31,352,1335472.51,26
2025-02-28,352,1313214.63,54
2025-03-31,352,1313214.63,85
2025-04-30,352,1290956.75,115
2025-05-31,352,1268698.87,146
2025-06-30,352,1246440.99,176
2025-07-31,352,1246440.99,207
2025-08-31,352,1224183.11,238
2025-09-30,352,1201925.23,268
2025-10-31,352,1179667.35,299
2025-11-30,352,1157409.47,329
2025-12-31,352,1135151.59,360
2025-01-31,353,845519.25,0
2025-02-28,353,821361.56,0
2025-03-31,353,797203.87,0
2025-04-30,353,773046.18,0
2025-05-31,353,748888.49,0
2025-06-30,353,724730.8,0
2025-07-31,353,700573.11,0
2025-08-31,353,676415.42,0
2025-09-30,353,652257.73,0
2025-10-31,353,628100.04,0
2025-11-30,353,603942.35,0
2025-12-31,353,579784.66,0
2025-01-31,354,1074082.62,0
2025-02-28,354,1055877.83,0
2025-03-31,354,1037673.04,0
2025-04-30,354,1019468.25,0
2025-05-31,354,1001263.46,0
2025-06-30,354,983058.67,0
2025-07-31,354,964853.88,0
2025-08-31,354,946649.09,0
2025-09-30,354,928444.3,0
2025-10-31,354,910239.51,0
2025-11-30,354,892034.72,0
2025-12-31,354,873829.93,0
2025-01-31,355,546473.21,0
2025-02-28,355,530859.69,0
2025-03-31,355,515246.17,0
2025-04-30,355,499632.65,0
2025-05-31,355,484019.13,0
2025-06-30,355,468405.61,0
2025-07-31,355,452792.09,0
2025-08-31,355,437178.57,0
2025-09-30,355,421565.05,0
2025-10-31,355,421565.05,26
2025-11-30,355,405951.53,56
2025-12-31,355,390338.01,87
2025-01-31,356,1119923.97,0
2025-02-28,356,1087926.14,0
2025-03-31,356,1055928.31,0
2025-04-30,356,1023930.48,0
2025-05-31,356,991932.65,0
2025-06-30,356,959934.82,0
2025-07-31,356,927936.99,0
2025-08-31,356,895939.16,0
2025-09-30,356,863941.33,0
2025-10-31,356,831943.5,0
2025-11-30,356,799945.67,0
2025-12-31,356,767947.84,0
2025-01-31,357,1126633.45,0
2025-02-28,357,1117165.94,0
2025-03-31,357,1107698.43,0
2025-04-30,357,1098230.92,0
2025-05-31,357,1088763.41,0
2025-06-30,357,1079295.9,0
2025-07-31,357,1069828.39,0
2025-08-31,357,1060360.88,0
2025-09-30,357,1050893.37,0
2025-10-31,357,1050893.37,26
2025-11-30,357,1041425.86,56
2025-12-31,357,1031958.35,87
2025-01-31,358,960270.4,0
2025-02-28,358,952200.9,0
2025-03-31,358,944131.4,0
2025-04-30,358,936061.9,0
2025-05-31,358,927992.4,0
2025-06-30,358,919922.9,0
2025-07-31,358,911853.4,0
2025-08-31,358,911853.4,26
2025-09-30,358,911853.4,56
2025-10-31,358,903783.9,87
2025-11-30,358,895714.4,117
2025-12-31,358,887644.9,148
2025-01-31,359,886250.37,0
2025-02-28,359,878802.89,0
2025-03-31,359,871355.41,0
2025-04-30,359,863907.93,0
2025-05-31,359,856460.45,0
2025-06-30,359,849012.97,0
2025-07-31,359,841565.49,0
2025-08-31,359,834118.01,0
2025-09-30,359,826670.53,0
2025-10-31,359,819223.05,0
2025-11-30,359,811775.57,0
2025-12-31,359,804328.09,0
2025-01-31,360,550495.03,0
2025-02-28,360,534766.6,0
2025-03-31,360,519038.17,0
2025-04-30,360,503309.74,0
2025-05-31,360,487581.31,0
2025-06-30,360,471852.88,0
2025-07-31,360,456124.45,0
2025-08-31,360,440396.02,0
2025-09-30,360,424667.59,0
2025-10-31,360,408939.16,0
2025-11-30,360,393210.73,0
2025-12-31,360,377482.3,0
2025-01-31,361,1866423.09,0
2025-02-28,361,1785274.26,0
2025-03-31,361,1704125.43,0
2025-04-30,361,1622976.6,0
2025-05-31,361,1541827.77,0
2025-06-30,361,1460678.94,0
2025-07-31,361,1379530.11,0
2025-08-31,361,1298381.28,0
2025-09-30,361,1217232.45,0
2025-10-31,361,1136083.62,0
2025-11-30,361,1054934.79,0
2025-12-31,361,973785.96,0
2025-01-31,362,944957.63,0
2025-02-28,362,917958.84,0
2025-03-31,362,890960.05,0
2025-04-30,362,863961.26,0
2025-05-31,362,836962.47,0
2025-06-30,362,809963.68,0
2025-07-31,362,782964.89,0
2025-08-31,362,755966.1,0
2025-09-30,362,728967.31,0
2025-10-31,362,701968.52,0
2025-11-30,362,674969.73,0
2025-12-31,362,647970.94,0
2025-01-31,363,444799.09,0
2025-02-28,363,441061.28,0
2025-03-31,363,437323.47,0
2025-04-30,363,433585.66,0
2025-05-31,363,429847.85,0
2025-06-30,363,426110.04,0
2025-07-31,363,422372.23,0
2025-08-31,363,422372.23,26
2025-09-30,363,418634.42,56
2025-10-31,363,414896.61,87
2025-11-30,363,411158.8,117
2025-12-31,363,407420.99,148
2025-01-31,364,1254440.66,0
2025-02-28,364,1218599.5,0
2025-03-31,364,1182758.34,0
2025-04-30,364,1146917.18,0
2025-05-31,364,1111076.02,0
2025-06-30,364,1075234.86,0
2025-07-31,364,1039393.7,0
2025-08-31,364,1003552.54,0
2025-09-30,364,967711.38,0
2025-10-31,364,931870.22,0
2025-11-30,364,896029.06,0
2025-12-31,364,860187.9,0
2025-01-31,365,496281.68,0
2025-02-28,365,482102.2,0
2025-03-31,365,467922.72,0
2025-04-30,365,453743.24,0
2025-05-31,365,439563.76,0
2025-06-30,365,425384.28,0
2025-07-31,365,411204.8,0
2025-08-31,365,397025.32,0
2025-09-30,365,382845.84,0
2025-10-31,365,368666.36,0
2025-11-30,365,354486.88,0
2025-12-31,365,340307.4,0
2025-01-31,366,1133046.11,0
2025-02-28,366,1133046.11,23
2025-03-31,366,1113841.94,54
2025-04-30,366,1094637.77,84
2025-05-31,366,1075433.6,115
2025-06-30,366,1056229.43,145
2025-07-31,366,1056229.43,176
2025-08-31,366,1037025.26,207
2025-09-30,366,1017821.09,237
2025-10-31,366,998616.92,268
2025-11-30,366,979412.75,298
2025-12-31,366,960208.58,329
2025-01-31,367,313092.53,0
2025-02-28,367,307785.88,0
2025-03-31,367,302479.23,0
2025-04-30,367,297172.58,0
2025-05-31,367,291865.93,0
2025-06-30,367,286559.28,0
2025-07-31,367,281252.63,0
2025-08-31,367,281252.63,26
2025-09-30,367,275945.98,56
2025-10-31,367,270639.33,87
2025-11-30,367,265332.68,117
2025-12-31,367,260026.03,148
2025-01-31,368,714604.37,0
2025-02-28,368,683534.61,0
2025-03-31,368,652464.85,0
2025-04-30,368,621395.09,0
2025-05-31,368,621395.09,26
2025-06-30,368,621395.09,56
2025-07-31,368,590325.33,87
2025-08-31,368,559255.57,118
2025-09-30,368,528185.81,148
2025-10-31,368,497116.05,179
2025-11-30,368,466046.29,209
2025-12-31,368,434976.53,240
2025-01-31,369,1546398.82,0
2025-02-28,369,1502216.0,0
2025-03-31,369,1458033.18,0
2025-04-30,369,1413850.36,0
2025-05-31,369,1369667.54,0
2025-06-30,369,1325484.72,0
2025-07-31,369,1281301.9,0
2025-08-31,369,1237119.08,0
2025-09-30,369,1192936.26,0
2025-10-31,369,1192936.26,26
2025-11-30,369,1148753.44,56
2025-12-31,369,1104570.62,87
2025-01-31,370,101483.88,0
2025-02-28,370,97071.54,0
2025-03-31,370,92659.2,0
2025-04-30,370,88246.86,0
2025-05-31,370,83834.52,0
2025-06-30,370,83834.52,25
2025-07-31,370,79422.18,56
2025-08-31,370,75009.84,87
2025-09-30,370,70597.5,117
2025-10-31,370,66185.16,148
2025-11-30,370,61772.82,178
2025-12-31,370,57360.48,209
2025-01-31,371,349306.86,0
2025-02-28,371,346371.51,0
2025-03-31,371,343436.16,0
2025-04-30,371,340500.81,0
2025-05-31,371,337565.46,0
2025-06-30,371,334630.11,0
2025-07-31,371,331694.76,0
2025-08-31,371,328759.41,0
2025-09-30,371,325824.06,0
2025-10-31,371,322888.71,0
2025-11-30,371,319953.36,0
2025-12-31,371,317018.01,0
2025-01-31,372,555972.39,0
2025-02-28,372,531799.68,0
2025-03-31,372,507626.97,0
2025-04-30,372,483454.26,0
2025-05-31,372,459281.55,0
2025-06-30,372,435108.84,0
2025-07-31,372,410936.13,0
2025-08-31,372,386763.42,0
2025-09-30,372,362590.71,0
2025-10-31,372,338418.0,0
2025-11-30,372,314245.29,0
2025-12-31,372,290072.58,0
2025-01-31,373,1328076.25,0
2025-02-28,373,1316915.95,0
2025-03-31,373,1305755.65,0
2025-04-30,373,1294595.35,0
2025-05-31,373,1283435.05,0
2025-06-30,373,1272274.75,0
2025-07-31,373,1261114.45,0
2025-08-31,373,1249954.15,0
2025-09-30,373,1238793.85,0
2025-10-31,373,1227633.55,0
2025-11-30,373,1216473.25,0
2025-12-31,373,1205312.95,0
2025-01-31,374,249796.49,0
2025-02-28,374,245562.65,0
2025-03-31,374,241328.81,0
2025-04-30,374,237094.97,0
2025-05-31,374,232861.13,0
2025-06-30,374,228627.29,0
2025-07-31,374,224393.45,0
2025-08-31,374,220159.61,0
2025-09-30,374,215925.77,0
2025-10-31,374,215925.77,26
2025-11-30,374,211691.93,56
2025-12-31,374,211691.93,87
2025-01-31,375,419764.27,0
2025-02-28,375,416236.84,0
2025-03-31,375,412709.41,0
2025-04-30,375,409181.98,0
2025-05-31,375,405654.55,0
2025-06-30,375,402127.12,0
2025-07-31,375,398599.69,0
2025-08-31,375,395072.26,0
2025-09-30,375,391544.83,0
2025-10-31,375,388017.4,0
2025-11-30,375,384489.97,0
2025-12-31,375,384489.97,26
2025-01-31,376,242229.22,0
2025-02-28,376,231697.52,0
2025-03-31,376,221165.82,0
2025-04-30,376,210634.12,0
2025-05-31,376,200102.42,0
2025-06-30,376,189570.72,0
2025-07-31,376,179039.02,0
2025-08-31,376,168507.32,0
2025-09-30,376,157975.62,0
2025-10-31,376,147443.92,0
2025-11-30,376,136912.22,0
2025-12-31,376,126380.52,0
2025-01-31,377,296798.12,0
2025-02-28,377,283893.85,0
2025-03-31,377,270989.58,0
2025-04-30,377,270989.58,25
2025-05-31,377,258085.31,56
2025-06-30,377,245181.04,86
2025-07-31,377,232276.77,117
2025-08-31,377,219372.5,148
2025-09-30,377,206468.23,178
2025-10-31,377,193563.96,209
2025-11-30,377,180659.69,239
2025-12-31,377,167755.42,270
2025-01-31,378,865760.43,0
2025-02-28,378,865760.43,23
2025-03-31,378,841024.42,54
2025-04-30,378,816288.41,84
2025-05-31,378,791552.4,115
2025-06-30,378,766816.39,145
2025-07-31,378,742080.38,176
2025-08-31,378,717344.37,207
2025-09-30,378,692608.36,237
2025-10-31,378,667872.35,268
2025-11-30,378,643136.34,298
2025-12-31,378,618400.33,329
2025-01-31,379,695238.33,0
2025-02-28,379,675374.38,0
2025-03-31,379,655510.43,0
2025-04-30,379,635646.48,0
2025-05-31,379,615782.53,0
2025-06-30,379,595918.58,0
2025-07-31,379,576054.63,0
2025-08-31,379,556190.68,0
2025-09-30,379,536326.73,0
2025-10-31,379,516462.78,0
2025-11-30,379,516462.78,25
2025-12-31,379,496598.83,56
2025-01-31,380,580489.23,0
2025-02-28,380,575611.17,0
2025-03-31,380,570733.11,0
2025-04-30,380,565855.05,0
2025-05-31,380,560976.99,0
2025-06-30,380,556098.93,0
2025-07-31,380,551220.87,0
2025-08-31,380,546342.81,0
2025-09-30,380,541464.75,0
2025-10-31,380,536586.69,0
2025-11-30,380,536586.69,25
2025-12-31,380,531708.63,56
2025-01-31,381,857209.93,0
2025-02-28,381,819939.93,0
2025-03-31,381,782669.93,0
2025-04-30,381,745399.93,0
2025-05-31,381,708129.93,0
2025-06-30,381,670859.93,0
2025-07-31,381,633589.93,0
2025-08-31,381,596319.93,0
2025-09-30,381,559049.93,0
2025-10-31,381,521779.93,0
2025-11-30,381,484509.93,0
2025-12-31,381,447239.93,0
2025-01-31,382,694202.62,0
2025-02-28,382,682436.47,0
2025-03-31,382,670670.32,0
2025-04-30,382,658904.17,0
2025-05-31,382,647138.02,0
2025-06-30,382,635371.87,0
2025-07-31,382,635371.87,26
2025-08-31,382,623605.72,57
2025-09-30,382,611839.57,87
2025-10-31,382,600073.42,118
2025-11-30,382,588307.27,148
2025-12-31,382,576541.12,179
2025-01-31,383,597927.7,26
2025-02-28,383,573014.05,54
2025-03-31,383,548100.4,85
2025-04-30,383,548100.4,115
2025-05-31,383,523186.75,146
2025-06-30,383,498273.1,176
2025-07-31,383,473359.45,207
2025-08-31,383,448445.8,238
2025-09-30,383,423532.15,268
2025-10-31,383,398618.5,299
2025-11-30,383,373704.85,329
2025-12-31,383,348791.2,360
2025-01-31,384,879321.91,0
2025-02-28,384,841090.52,0
2025-03-31,384,802859.13,0
2025-04-30,384,764627.74,0
2025-05-31,384,726396.35,0
2025-06-30,384,688164.96,0
2025-07-31,384,649933.57,0
2025-08-31,384,611702.18,0
2025-09-30,384,611702.18,25
2025-10-31,384,573470.79,56
2025-11-30,384,535239.4,86
2025-12-31,384,535239.4,117
2025-01-31,385,655059.08,0
2025-02-28,385,649554.38,0
2025-03-31,385,644049.68,0
2025-04-30,385,638544.98,0
2025-05-31,385,633040.28,0
2025-06-30,385,627535.58,0
2025-07-31,385,622030.88,0
2025-08-31,385,616526.18,0
2025-09-30,385,611021.48,0
2025-10-31,385,605516.78,0
2025-11-30,385,600012.08,0
2025-12-31,385,594507.38,0
2025-01-31,386,927671.64,0
2025-02-28,386,911948.39,0
2025-03-31,386,896225.14,0
2025-04-30,386,880501.89,0
2025-05-31,386,880501.89,26
2025-06-30,386,864778.64,56
2025-07-31,386,849055.39,87
2025-08-31,386,833332.14,118
2025-09-30,386,817608.89,148
2025-10-31,386,801885.64,179
2025-11-30,386,786162.39,209
2025-12-31,386,770439.14,240
2025-01-31,387,844745.83,0
2025-02-28,387,837647.13,0
2025-03-31,387,830548.43,0
2025-04-30,387,823449.73,0
2025-05-31,387,816351.03,0
2025-06-30,387,809252.33,0
2025-07-31,387,802153.63,0
2025-08-31,387,795054.93,0
2025-09-30,387,787956.23,0
2025-10-31,387,780857.53,0
2025-11-30,387,773758.83,0
2025-12-31,387,766660.13,0
2025-01-31,388,205391.0,0
2025-02-28,388,203665.03,0
2025-03-31,388,201939.06,0
2025-04-30,388,200213.09,0
2025-05-31,388,198487.12,0
2025-06-30,388,196761.15,0
2025-07-31,388,195035.18,0
2025-08-31,388,193309.21,0
2025-09-30,388,191583.24,0
2025-10-31,388,189857.27,0
2025-11-30,388,188131.3,0
2025-12-31,388,186405.33,0
2025-01-31,389,874928.36,0
2025-02-28,389,849930.41,0
2025-03-31,389,824932.46,0
2025-04-30,389,799934.51,0
2025-05-31,389,774936.56,0
2025-06-30,389,749938.61,0
2025-07-31,389,724940.66,0
2025-08-31,389,699942.71,0
2025-09-30,389,674944.76,0
2025-10-31,389,649946.81,0
2025-11-30,389,624948.86,0
2025-12-31,389,599950.91,0
2025-01-31,390,588186.02,0
2025-02-28,390,562612.71,0
2025-03-31,390,537039.4,0
2025-04-30,390,511466.09,0
2025-05-31,390,485892.78,0
2025-06-30,390,460319.47,0
2025-07-31,390,434746.16,0
2025-08-31,390,409172.85,0
2025-09-30,390,383599.54,0
2025-10-31,390,358026.23,0
2025-11-30,390,332452.92,0
2025-12-31,390,306879.61,0
2025-01-31,391,623105.27,0
2025-02-28,391,605302.26,0
2025-03-31,391,587499.25,0
2025-04-30,391,569696.24,0
2025-05-31,391,551893.23,0
2025-06-30,391,534090.22,0
2025-07-31,391,516287.21,0
2025-08-31,391,498484.2,0
2025-09-30,391,480681.19,0
2025-10-31,391,462878.18,0
2025-11-30,391,445075.17,0
2025-12-31,391,427272.16,0
2025-01-31,392,640390.24,0
2025-02-28,392,612547.19,0
2025-03-31,392,584704.14,0
2025-04-30,392,556861.09,0
2025-05-31,392,529018.04,0
2025-06-30,392,501174.99,0
2025-07-31,392,473331.94,0
2025-08-31,392,473331.94,26
2025-09-30,392,445488.89,56
2025-10-31,392,417645.84,87
2025-11-30,392,389802.79,117
2025-12-31,392,361959.74,148
2025-01-31,393,220585.51,0
2025-02-28,393,216846.77,0
2025-03-31,393,213108.03,0
2025-04-30,393,209369.29,0
2025-05-31,393,205630.55,0
2025-06-30,393,201891.81,0
2025-07-31,393,198153.07,0
2025-08-31,393,194414.33,0
2025-09-30,393,190675.59,0
2025-10-31,393,186936.85,0
2025-11-30,393,183198.11,0
2025-12-31,393,179459.37,0
2025-01-31,394,1178282.6,0
2025-02-28,394,1127052.92,0
2025-03-31,394,1075823.24,0
2025-04-30,394,1024593.56,0
2025-05-31,394,973363.88,0
2025-06-30,394,922134.2,0
2025-07-31,394,870904.52,0
2025-08-31,394,819674.84,0
2025-09-30,394,768445.16,0
2025-10-31,394,717215.48,0
2025-11-30,394,665985.8,0
2025-12-31,394,614756.12,0
2025-01-31,395,790883.69,0
2025-02-28,395,768287.01,0
2025-03-31,395,745690.33,0
2025-04-30,395,723093.65,0
2025-05-31,395,700496.97,0
2025-06-30,395,677900.29,0
2025-07-31,395,655303.61,0
2025-08-31,395,632706.93,0
2025-09-30,395,610110.25,0
2025-10-31,395,587513.57,0
2025-11-30,395,564916.89,0
2025-12-31,395,542320.21,0
2025-01-31,396,1705146.35,0
2025-02-28,396,1705146.35,23
2025-03-31,396,1676245.56,54
2025-04-30,396,1647344.77,84
2025-05-31,396,1618443.98,115
2025-06-30,396,1589543.19,145
2025-07-31,396,1560642.4,176
2025-08-31,396,1531741.61,207
2025-09-30,396,1502840.82,237
2025-10-31,396,1473940.03,268
2025-11-30,396,1445039.24,298
2025-12-31,396,1416138.45,329
2025-01-31,397,1266085.55,0
2025-02-28,397,1211038.35,0
2025-03-31,397,1155991.15,0
2025-04-30,397,1100943.95,0
2025-05-31,397,1045896.75,0
2025-06-30,397,990849.55,0
2025-07-31,397,935802.35,0
2025-08-31,397,880755.15,0
2025-09-30,397,825707.95,0
2025-10-31,397,825707.95,26
2025-11-30,397,770660.75,56
2025-12-31,397,715613.55,87
2025-01-31,398,416361.06,0
2025-02-28,398,409304.09,0
2025-03-31,398,402247.12,0
2025-04-30,398,395190.15,0
2025-05-31,398,388133.18,0
2025-06-30,398,381076.21,0
2025-07-31,398,374019.24,0
2025-08-31,398,366962.27,0
2025-09-30,398,366962.27,25
2025-10-31,398,359905.3,56
2025-11-30,398,352848.33,86
2025-12-31,398,345791.36,117
2025-01-31,399,929808.48,0
2025-02-28,399,903242.52,0
2025-03-31,399,876676.56,0
2025-04-30,399,850110.6,0
2025-05-31,399,823544.64,0
2025-06-30,399,796978.68,0
2025-07-31,399,770412.72,0
2025-08-31,399,743846.76,0
2025-09-30,399,717280.8,0
2025-10-31,399,690714.84,0
2025-11-30,399,664148.88,0
2025-12-31,399,637582.92,0
2025-01-31,400,1293935.36,26
2025-02-28,400,1283152.57,54
2025-03-31,400,1272369.78,85
2025-04-30,400,1261586.99,115
2025-05-31,400,1250804.2,146
2025-06-30,400,1240021.41,176
2025-07-31,400,1229238.62,207
2025-08-31,400,1218455.83,238
2025-09-30,400,1207673.04,268
2025-10-31,400,1196890.25,299
2025-11-30,400,1196890.25,329
2025-12-31,400,1196890.25,360
2025-01-31,401,1936190.83,0
2025-02-28,401,1919920.32,0
2025-03-31,401,1903649.81,0
2025-04-30,401,1887379.3,0
2025-05-31,401,1871108.79,0
2025-06-30,401,1854838.28,0
2025-07-31,401,1838567.77,0
2025-08-31,401,1822297.26,0
2025-09-30,401,1806026.75,0
2025-10-31,401,1789756.24,0
2025-11-30,401,1773485.73,0
2025-12-31,401,1757215.22,0
2025-01-31,402,4404417.47,26
2025-02-28,402,4367713.99,54
2025-03-31,402,4331010.51,85
2025-04-30,402,4331010.51,115
2025-05-31,402,4294307.03,146
2025-06-30,402,4257603.55,176
2025-07-31,402,4220900.07,207
2025-08-31,402,4184196.59,238
2025-09-30,402,4147493.11,268
2025-10-31,402,4110789.63,299
2025-11-30,402,4074086.15,329
2025-12-31,402,4037382.67,360
2025-01-31,403,270753.21,0
2025-02-28,403,266164.17,0
2025-03-31,403,261575.13,0
2025-04-30,403,256986.09,0
2025-05-31,403,252397.05,0
2025-06-30,403,247808.01,0
2025-07-31,403,243218.97,0
2025-08-31,403,238629.93,0
2025-09-30,403,234040.89,0
2025-10-31,403,229451.85,0
2025-11-30,403,224862.81,0
2025-12-31,403,220273.77,0
2025-01-31,404,333456.91,0
2025-02-28,404,330654.75,0
2025-03-31,404,327852.59,0
2025-04-30,404,325050.43,0
2025-05-31,404,322248.27,0
2025-06-30,404,319446.11,0
2025-07-31,404,316643.95,0
2025-08-31,404,313841.79,0
2025-09-30,404,311039.63,0
2025-10-31,404,308237.47,0
2025-11-30,404,305435.31,0
2025-12-31,404,302633.15,0
2025-01-31,405,714431.65,0
2025-02-28,405,702322.64,0
2025-03-31,405,690213.63,0
2025-04-30,405,678104.62,0
2025-05-31,405,665995.61,0
2025-06-30,405,653886.6,0
2025-07-31,405,641777.59,0
2025-08-31,405,629668.58,0
2025-09-30,405,617559.57,0
2025-10-31,405,605450.56,0
2025-11-30,405,593341.55,0
2025-12-31,405,581232.54,0
2025-01-31,406,672418.25,0
2025-02-28,406,666767.68,0
2025-03-31,406,661117.11,0
2025-04-30,406,655466.54,0
2025-05-31,406,649815.97,0
2025-06-30,406,644165.4,0
2025-07-31,406,638514.83,0
2025-08-31,406,632864.26,0
2025-09-30,406,627213.69,0
2025-10-31,406,621563.12,0
2025-11-30,406,615912.55,0
2025-12-31,406,610261.98,0
2025-01-31,407,1447380.55,0
2025-02-28,407,1435217.69,0
2025-03-31,407,1423054.83,0
2025-04-30,407,1423054.83,25
2025-05-31,407,1410891.97,56
2025-06-30,407,1398729.11,86
2025-07-31,407,1386566.25,117
2025-08-31,407,1374403.39,148
2025-09-30,407,1362240.53,178
2025-10-31,407,1350077.67,209
2025-11-30,407,1337914.81,239
2025-12-31,407,1325751.95,270
2025-01-31,408,376420.37,0
2025-02-28,408,365665.5,0
2025-03-31,408,354910.63,0
2025-04-30,408,344155.76,0
2025-05-31,408,344155.76,26
2025-06-30,408,333400.89,56
2025-07-31,408,322646.02,87
2025-08-31,408,311891.15,118
2025-09-30,408,311891.15,148
2025-10-31,408,301136.28,179
2025-11-30,408,290381.41,209
2025-12-31,408,279626.54,240
2025-01-31,409,317196.42,0
2025-02-28,409,314530.9,0
2025-03-31,409,311865.38,0
2025-04-30,409,309199.86,0
2025-05-31,409,306534.34,0
2025-06-30,409,303868.82,0
2025-07-31,409,301203.3,0
2025-08-31,409,298537.78,0
2025-09-30,409,295872.26,0
2025-10-31,409,293206.74,0
2025-11-30,409,290541.22,0
2025-12-31,409,287875.7,0
2025-01-31,410,579612.43,0
2025-02-28,410,563052.07,0
2025-03-31,410,546491.71,0
2025-04-30,410,529931.35,0
2025-05-31,410,513370.99,0
2025-06-30,410,496810.63,0
2025-07-31,410,480250.27,0
2025-08-31,410,463689.91,0
2025-09-30,410,447129.55,0
2025-10-31,410,430569.19,0
2025-11-30,410,414008.83,0
2025-12-31,410,397448.47,0
2025-01-31,411,1342016.22,0
2025-02-28,411,1330738.77,0
2025-03-31,411,1319461.32,0
2025-04-30,411,1319461.32,25
2025-05-31,411,1308183.87,56
2025-06-30,411,1296906.42,86
2025-07-31,411,1285628.97,117
2025-08-31,411,1274351.52,148
2025-09-30,411,1263074.07,178
2025-10-31,411,1251796.62,209
2025-11-30,411,1240519.17,239
2025-12-31,411,1229241.72,270
2025-01-31,412,411087.76,0
2025-02-28,412,404120.17,0
2025-03-31,412,397152.58,0
2025-04-30,412,390184.99,0
2025-05-31,412,390184.99,26
2025-06-30,412,383217.4,56
2025-07-31,412,376249.81,87
2025-08-31,412,369282.22,118
2025-09-30,412,362314.63,148
2025-10-31,412,355347.04,179
2025-11-30,412,355347.04,209
2025-12-31,412,348379.45,240
2025-01-31,413,539675.4,0
2025-02-28,413,535140.31,0
2025-03-31,413,530605.22,0
2025-04-30,413,526070.13,0
2025-05-31,413,521535.04,0
2025-06-30,413,516999.95,0
2025-07-31,413,512464.86,0
2025-08-31,413,507929.77,0
2025-09-30,413,503394.68,0
2025-10-31,413,503394.68,26
2025-11-30,413,498859.59,56
2025-12-31,413,494324.5,87
2025-01-31,414,1206828.06,0
2025-02-28,414,1172347.26,0
2025-03-31,414,1137866.46,0
2025-04-30,414,1103385.66,0
2025-05-31,414,1068904.86,0
2025-06-30,414,1034424.06,0
2025-07-31,414,999943.26,0
2025-08-31,414,965462.46,0
2025-09-30,414,930981.66,0
2025-10-31,414,896500.86,0
2025-11-30,414,862020.06,0
2025-12-31,414,827539.26,0
2025-01-31,415,1020353.35,0
2025-02-28,415,975990.16,0
2025-03-31,415,931626.97,0
2025-04-30,415,887263.78,0
2025-05-31,415,842900.59,0
2025-06-30,415,798537.4,0
2025-07-31,415,754174.21,0
2025-08-31,415,754174.21,26
2025-09-30,415,709811.02,56
2025-10-31,415,665447.83,87
2025-11-30,415,621084.64,117
2025-12-31,415,576721.45,148
2025-01-31,416,971956.97,26
2025-02-28,416,931458.76,54
2025-03-31,416,890960.55,85
2025-04-30,416,890960.55,115
2025-05-31,416,850462.34,146
2025-06-30,416,809964.13,176
2025-07-31,416,769465.92,207
2025-08-31,416,728967.71,238
2025-09-30,416,688469.5,268
2025-10-31,416,647971.29,299
2025-11-30,416,607473.08,329
2025-12-31,416,566974.87,360
2025-01-31,417,667270.08,0
2025-02-28,417,655960.42,0
2025-03-31,417,644650.76,0
2025-04-30,417,633341.1,0
2025-05-31,417,622031.44,0
2025-06-30,417,610721.78,0
2025-07-31,417,599412.12,0
2025-08-31,417,588102.46,0
2025-09-30,417,576792.8,0
2025-10-31,417,565483.14,0
2025-11-30,417,554173.48,0
2025-12-31,417,542863.82,0
2025-01-31,418,1258947.44,0
2025-02-28,418,1237609.35,0
2025-03-31,418,1216271.26,0
2025-04-30,418,1194933.17,0
2025-05-31,418,1173595.08,0
2025-06-30,418,1152256.99,0
2025-07-31,418,1130918.9,0
2025-08-31,418,1109580.81,0
2025-09-30,418,1088242.72,0
2025-10-31,418,1066904.63,0
2025-11-30,418,1045566.54,0
2025-12-31,418,1045566.54,26
2025-01-31,419,2833168.49,0
2025-02-28,419,2785148.68,0
2025-03-31,419,2785148.68,26
2025-04-30,419,2737128.87,56
2025-05-31,419,2689109.06,87
2025-06-30,419,2641089.25,117
2025-07-31,419,2593069.44,148
2025-08-31,419,2545049.63,179
2025-09-30,419,2497029.82,209
2025-10-31,419,2449010.01,240
2025-11-30,419,2400990.2,270
2025-12-31,419,2352970.39,301
2025-01-31,420,931527.14,0
2025-02-28,420,891025.96,0
2025-03-31,420,850524.78,0
2025-04-30,420,810023.6,0
2025-05-31,420,769522.42,0
2025-06-30,420,729021.24,0
2025-07-31,420,688520.06,0
2025-08-31,420,648018.88,0
2025-09-30,420,607517.7,0
2025-10-31,420,567016.52,0
2025-11-30,420,526515.34,0
2025-12-31,420,486014.16,0
2025-01-31,421,894130.58,0
2025-02-28,421,886616.88,0
2025-03-31,421,879103.18,0
2025-04-30,421,871589.48,0
2025-05-31,421,864075.78,0
2025-06-30,421,856562.08,0
2025-07-31,421,849048.38,0
2025-08-31,421,841534.68,0
2025-09-30,421,834020.98,0
2025-10-31,421,826507.28,0
2025-11-30,421,818993.58,0
2025-12-31,421,818993.58,26
2025-01-31,422,866989.43,0
2025-02-28,422,859703.8,0
2025-03-31,422,852418.17,0
2025-04-30,422,845132.54,0
2025-05-31,422,845132.54,26
2025-06-30,422,837846.91,56
2025-07-31,422,830561.28,87
2025-08-31,422,823275.65,118
2025-09-30,422,815990.02,148
2025-10-31,422,808704.39,179
2025-11-30,422,801418.76,209
2025-12-31,422,794133.13,240
2025-01-31,423,274862.81,0
2025-02-28,423,272553.04,0
2025-03-31,423,270243.27,0
2025-04-30,423,267933.5,0
2025-05-31,423,265623.73,0
2025-06-30,423,263313.96,0
2025-07-31,423,261004.19,0
2025-08-31,423,258694.42,0
2025-09-30,423,256384.65,0
2025-10-31,423,254074.88,0
2025-11-30,423,251765.11,0
2025-12-31,423,249455.34,0
2025-01-31,424,375167.56,0
2025-02-28,424,372014.89,0
2025-03-31,424,368862.22,0
2025-04-30,424,365709.55,0
2025-05-31,424,362556.88,0
2025-06-30,424,359404.21,0
2025-07-31,424,356251.54,0
2025-08-31,424,353098.87,0
2025-09-30,424,349946.2,0
2025-10-31,424,346793.53,0
2025-11-30,424,343640.86,0
2025-12-31,424,340488.19,0
2025-01-31,425,285072.96,0
2025-02-28,425,276928.02,0
2025-03-31,425,268783.08,0
2025-04-30,425,260638.14,0
2025-05-31,425,252493.2,0
2025-06-30,425,244348.26,0
2025-07-31,425,236203.32,0
2025-08-31,425,228058.38,0
2025-09-30,425,219913.44,0
2025-10-31,425,211768.5,0
2025-11-30,425,203623.56,0
2025-12-31,425,195478.62,0
2025-01-31,426,648863.62,0
2025-02-28,426,630324.66,0
2025-03-31,426,611785.7,0
2025-04-30,426,593246.74,0
2025-05-31,426,574707.78,0
2025-06-30,426,556168.82,0
2025-07-31,426,556168.82,26
2025-08-31,426,537629.86,57
2025-09-30,426,519090.9,87
2025-10-31,426,500551.94,118
2025-11-30,426,482012.98,148
2025-12-31,426,463474.02,179
2025-01-31,427,810107.78,0
2025-02-28,427,803300.15,0
2025-03-31,427,796492.52,0
2025-04-30,427,789684.89,0
2025-05-31,427,782877.26,0
2025-06-30,427,776069.63,0
2025-07-31,427,769262.0,0
2025-08-31,427,762454.37,0
2025-09-30,427,755646.74,0
2025-10-31,427,748839.11,0
2025-11-30,427,742031.48,0
2025-12-31,427,735223.85,0
2025-01-31,428,1006267.73,0
2025-02-28,428,962516.96,0
2025-03-31,428,918766.19,0
2025-04-30,428,875015.42,0
2025-05-31,428,831264.65,0
2025-06-30,428,787513.88,0
2025-07-31,428,743763.11,0
2025-08-31,428,700012.34,0
2025-09-30,428,656261.57,0
2025-10-31,428,612510.8,0
2025-11-30,428,568760.03,0
2025-12-31,428,525009.26,0
2025-01-31,429,383049.01,0
2025-02-28,429,366394.7,0
2025-03-31,429,349740.39,0
2025-04-30,429,333086.08,0
2025-05-31,429,316431.77,0
2025-06-30,429,299777.46,0
2025-07-31,429,283123.15,0
2025-08-31,429,266468.84,0
2025-09-30,429,249814.53,0
2025-10-31,429,233160.22,0
2025-11-30,429,216505.91,0
2025-12-31,429,199851.6,0
2025-01-31,430,554710.86,0
2025-02-28,430,530593.0,0
2025-03-31,430,506475.14,0
2025-04-30,430,482357.28,0
2025-05-31,430,458239.42,0
2025-06-30,430,434121.56,0
2025-07-31,430,410003.7,0
2025-08-31,430,410003.7,26
2025-09-30,430,385885.84,56
2025-10-31,430,361767.98,87
2025-11-30,430,337650.12,117
2025-12-31,430,313532.26,148
2025-01-31,431,607398.67,0
2025-02-28,431,590044.42,0
2025-03-31,431,572690.17,0
2025-04-30,431,555335.92,0
2025-05-31,431,537981.67,0
2025-06-30,431,520627.42,0
2025-07-31,431,503273.17,0
2025-08-31,431,485918.92,0
2025-09-30,431,468564.67,0
2025-10-31,431,451210.42,0
2025-11-30,431,433856.17,0
2025-12-31,431,416501.92,0
2025-01-31,432,893788.73,0
2025-02-28,432,878639.77,0
2025-03-31,432,863490.81,0
2025-04-30,432,848341.85,0
2025-05-31,432,833192.89,0
2025-06-30,432,818043.93,0
2025-07-31,432,802894.97,0
2025-08-31,432,787746.01,0
2025-09-30,432,772597.05,0
2025-10-31,432,757448.09,0
2025-11-30,432,742299.13,0
2025-12-31,432,727150.17,0
2025-01-31,433,512230.07,0
2025-02-28,433,489959.2,0
2025-03-31,433,467688.33,0
2025-04-30,433,445417.46,0
2025-05-31,433,423146.59,0
2025-06-30,433,400875.72,0
2025-07-31,433,378604.85,0
2025-08-31,433,356333.98,0
2025-09-30,433,334063.11,0
2025-10-31,433,311792.24,0
2025-11-30,433,289521.37,0
2025-12-31,433,267250.5,0
2025-01-31,434,1194754.34,0
2025-02-28,434,1174504.27,0
2025-03-31,434,1154254.2,0
2025-04-30,434,1134004.13,0
2025-05-31,434,1113754.06,0
2025-06-30,434,1093503.99,0
2025-07-31,434,1073253.92,0
2025-08-31,434,1053003.85,0
2025-09-30,434,1032753.78,0
2025-10-31,434,1012503.71,0
2025-11-30,434,992253.64,0
2025-12-31,434,972003.57,0
2025-01-31,435,479227.72,0
2025-02-28,435,471105.22,0
2025-03-31,435,471105.22,26
2025-04-30,435,462982.72,56
2025-05-31,435,454860.22,87
2025-06-30,435,446737.72,117
2025-07-31,435,438615.22,148
2025-08-31,435,438615.22,179
2025-09-30,435,430492.72,209
2025-10-31,435,422370.22,240
2025-11-30,435,414247.72,270
2025-12-31,435,406125.22,301
2025-01-31,436,507151.75,0
2025-02-28,436,498555.96,0
2025-03-31,436,498555.96,26
2025-04-30,436,489960.17,56
2025-05-31,436,481364.38,87
2025-06-30,436,472768.59,117
2025-07-31,436,464172.8,148
2025-08-31,436,455577.01,179
2025-09-30,436,446981.22,209
2025-10-31,436,446981.22,240
2025-11-30,436,446981.22,270
2025-12-31,436,446981.22,301
2025-01-31,437,1526426.74,0
2025-02-28,437,1460060.36,0
2025-03-31,437,1393693.98,0
2025-04-30,437,1327327.6,0
2025-05-31,437,1260961.22,0
2025-06-30,437,1194594.84,0
2025-07-31,437,1128228.46,0
2025-08-31,437,1061862.08,0
2025-09-30,437,995495.7,0
2025-10-31,437,929129.32,0
2025-11-30,437,862762.94,0
2025-12-31,437,796396.56,0
2025-01-31,438,867419.21,0
2025-02-28,438,852717.19,0
2025-03-31,438,838015.17,0
2025-04-30,438,823313.15,0
2025-05-31,438,808611.13,0
2025-06-30,438,793909.11,0
2025-07-31,438,779207.09,0
2025-08-31,438,764505.07,0
2025-09-30,438,749803.05,0
2025-10-31,438,735101.03,0
2025-11-30,438,720399.01,0
2025-12-31,438,705696.99,0
2025-01-31,439,2086760.87,0
2025-02-28,439,2051392.04,0
2025-03-31,439,2016023.21,0
2025-04-30,439,1980654.38,0
2025-05-31,439,1945285.55,0
2025-06-30,439,1909916.72,0
2025-07-31,439,1874547.89,0
2025-08-31,439,1839179.06,0
2025-09-30,439,1839179.06,25
2025-10-31,439,1803810.23,56
2025-11-30,439,1768441.4,86
2025-12-31,439,1733072.57,117
2025-01-31,440,1581175.42,0
2025-02-28,440,1554375.84,0
2025-03-31,440,1554375.84,26
2025-04-30,440,1527576.26,56
2025-05-31,440,1500776.68,87
2025-06-30,440,1473977.1,117
2025-07-31,440,1447177.52,148
2025-08-31,440,1420377.94,179
2025-09-30,440,1393578.36,209
2025-10-31,440,1366778.78,240
2025-11-30,440,1339979.2,270
2025-12-31,440,1313179.62,301
2025-01-31,441,517368.7,0
2025-02-28,441,513021.06,0
2025-03-31,441,508673.42,0
2025-04-30,441,504325.78,0
2025-05-31,441,499978.14,0
2025-06-30,441,495630.5,0
2025-07-31,441,491282.86,0
2025-08-31,441,486935.22,0
2025-09-30,441,482587.58,0
2025-10-31,441,478239.94,0
2025-11-30,441,473892.3,0
2025-12-31,441,469544.66,0
2025-01-31,442,518503.01,0
2025-02-28,442,495959.4,0
2025-03-31,442,473415.79,0
2025-04-30,442,473415.79,25
2025-05-31,442,450872.18,56
2025-06-30,442,428328.57,86
2025-07-31,442,405784.96,117
2025-08-31,442,383241.35,148
2025-09-30,442,360697.74,178
2025-10-31,442,338154.13,209
2025-11-30,442,315610.52,239
2025-12-31,442,293066.91,270
2025-01-31,443,1666021.43,0
2025-02-28,443,1637783.78,0
2025-03-31,443,1609546.13,0
2025-04-30,443,1581308.48,0
2025-05-31,443,1553070.83,0
2025-06-30,443,1524833.18,0
2025-07-31,443,1496595.53,0
2025-08-31,443,1468357.88,0
2025-09-30,443,1440120.23,0
2025-10-31,443,1411882.58,0
2025-11-30,443,1383644.93,0
2025-12-31,443,1355407.28,0
2025-01-31,444,340213.46,0
2025-02-28,444,334447.13,0
2025-03-31,444,328680.8,0
2025-04-30,444,322914.47,0
2025-05-31,444,317148.14,0
2025-06-30,444,311381.81,0
2025-07-31,444,305615.48,0
2025-08-31,444,305615.48,26
2025-09-30,444,299849.15,56
2025-10-31,444,294082.82,87
2025-11-30,444,288316.49,117
2025-12-31,444,282550.16,148
2025-01-31,445,1407045.7,0
2025-02-28,445,1366844.39,0
2025-03-31,445,1326643.08,0
2025-04-30,445,1286441.77,0
2025-05-31,445,1246240.46,0
2025-06-30,445,1206039.15,0
2025-07-31,445,1165837.84,0
2025-08-31,445,1125636.53,0
2025-09-30,445,1085435.22,0
2025-10-31,445,1045233.91,0
2025-11-30,445,1005032.6,0
2025-12-31,445,964831.29,0
2025-01-31,446,720385.29,0
2025-02-28,446,689064.19,0
2025-03-31,446,657743.09,0
2025-04-30,446,626421.99,0
2025-05-31,446,595100.89,0
2025-06-30,446,563779.79,0
2025-07-31,446,532458.69,0
2025-08-31,446,501137.59,0
2025-09-30,446,469816.49,0
2025-10-31,446,438495.39,0
2025-11-30,446,407174.29,0
2025-12-31,446,375853.19,0
2025-01-31,447,292609.45,0
2025-02-28,447,287649.97,0
2025-03-31,447,282690.49,0
2025-04-30,447,277731.01,0
2025-05-31,447,272771.53,0
2025-06-30,447,267812.05,0
2025-07-31,447,262852.57,0
2025-08-31,447,257893.09,0
2025-09-30,447,252933.61,0
2025-10-31,447,247974.13,0
2025-11-30,447,243014.65,0
2025-12-31,447,238055.17,0
2025-01-31,448,401326.69,0
2025-02-28,448,389860.21,0
2025-03-31,448,378393.73,0
2025-04-30,448,366927.25,0
2025-05-31,448,355460.77,0
2025-06-30,448,343994.29,0
2025-07-31,448,332527.81,0
2025-08-31,448,321061.33,0
2025-09-30,448,309594.85,0
2025-10-31,448,298128.37,0
2025-11-30,448,286661.89,0
2025-12-31,448,275195.41,0
2025-01-31,449,387939.24,0
2025-02-28,449,371072.32,0
2025-03-31,449,354205.4,0
2025-04-30,449,337338.48,0
2025-05-31,449,320471.56,0
2025-06-30,449,303604.64,0
2025-07-31,449,286737.72,0
2025-08-31,449,269870.8,0
2025-09-30,449,253003.88,0
2025-10-31,449,236136.96,0
2025-11-30,449,219270.04,0
2025-12-31,449,202403.12,0
2025-01-31,450,580208.46,0
2025-02-28,450,554982.01,0
2025-03-31,450,529755.56,0
2025-04-30,450,504529.11,0
2025-05-31,450,479302.66,0
2025-06-30,450,454076.21,0
2025-07-31,450,428849.76,0
2025-08-31,450,403623.31,0
2025-09-30,450,378396.86,0
2025-10-31,450,353170.41,0
2025-11-30,450,327943.96,0
2025-12-31,450,302717.51,0
2025-01-31,451,328008.5,0
2025-02-28,451,325252.13,0
2025-03-31,451,322495.76,0
2025-04-30,451,319739.39,0
2025-05-31,451,316983.02,0
2025-06-30,451,314226.65,0
2025-07-31,451,311470.28,0
2025-08-31,451,308713.91,0
2025-09-30,451,308713.91,25
2025-10-31,451,305957.54,56
2025-11-30,451,303201.17,86
2025-12-31,451,300444.8,117
2025-01-31,452,659050.03,0
2025-02-28,452,630395.68,0
2025-03-31,452,601741.33,0
2025-04-30,452,573086.98,0
2025-05-31,452,544432.63,0
2025-06-30,452,544432.63,25
2025-07-31,452,515778.28,56
2025-08-31,452,487123.93,87
2025-09-30,452,458469.58,117
2025-10-31,452,429815.23,148
2025-11-30,452,401160.88,178
2025-12-31,452,372506.53,209
2025-01-31,453,864093.19,0
2025-02-28,453,849447.54,0
2025-03-31,453,834801.89,0
2025-04-30,453,820156.24,0
2025-05-31,453,805510.59,0
2025-06-30,453,790864.94,0
2025-07-31,453,776219.29,0
2025-08-31,453,761573.64,0
2025-09-30,453,746927.99,0
2025-10-31,453,732282.34,0
2025-11-30,453,717636.69,0
2025-12-31,453,702991.04,0
2025-01-31,454,1873186.53,0
2025-02-28,454,1857445.47,0
2025-03-31,454,1841704.41,0
2025-04-30,454,1825963.35,0
2025-05-31,454,1810222.29,0
2025-06-30,454,1794481.23,0
2025-07-31,454,1778740.17,0
2025-08-31,454,1762999.11,0
2025-09-30,454,1747258.05,0
2025-10-31,454,1731516.99,0
2025-11-30,454,1715775.93,0
2025-12-31,454,1700034.87,0
2025-01-31,455,1087227.27,0
2025-02-28,455,1068799.69,0
2025-03-31,455,1050372.11,0
2025-04-30,455,1031944.53,0
2025-05-31,455,1013516.95,0
2025-06-30,455,995089.37,0
2025-07-31,455,976661.79,0
2025-08-31,455,958234.21,0
2025-09-30,455,939806.63,0
2025-10-31,455,921379.05,0
2025-11-30,455,902951.47,0
2025-12-31,455,884523.89,0
2025-01-31,456,762148.43,0
2025-02-28,456,755743.82,0
2025-03-31,456,749339.21,0
2025-04-30,456,742934.6,0
2025-05-31,456,736529.99,0
2025-06-30,456,730125.38,0
2025-07-31,456,723720.77,0
2025-08-31,456,717316.16,0
2025-09-30,456,710911.55,0
2025-10-31,456,704506.94,0
2025-11-30,456,698102.33,0
2025-12-31,456,691697.72,0
2025-01-31,457,860815.08,0
2025-02-28,457,860815.08,23
2025-03-31,457,846224.99,54
2025-04-30,457,831634.9,84
2025-05-31,457,817044.81,115
2025-06-30,457,802454.72,145
2025-07-31,457,787864.63,176
2025-08-31,457,773274.54,207
2025-09-30,457,758684.45,237
2025-10-31,457,744094.36,268
2025-11-30,457,729504.27,298
2025-12-31,457,714914.18,329
2025-01-31,458,351180.72,0
2025-02-28,458,341146.98,0
2025-03-31,458,331113.24,0
2025-04-30,458,321079.5,0
2025-05-31,458,311045.76,0
2025-06-30,458,311045.76,25
2025-07-31,458,301012.02,56
2025-08-31,458,290978.28,87
2025-09-30,458,280944.54,117
2025-10-31,458,270910.8,148
2025-11-30,458,260877.06,178
2025-12-31,458,260877.06,209
2025-01-31,459,483711.83,0
2025-02-28,459,462680.88,0
2025-03-31,459,441649.93,0
2025-04-30,459,420618.98,0
2025-05-31,459,399588.03,0
2025-06-30,459,378557.08,0
2025-07-31,459,378557.08,26
2025-08-31,459,357526.13,57
2025-09-30,459,336495.18,87
2025-10-31,459,315464.23,118
2025-11-30,459,294433.28,148
2025-12-31,459,294433.28,179
2025-01-31,460,1249133.09,0
2025-02-28,460,1227961.34,0
2025-03-31,460,1206789.59,0
2025-04-30,460,1185617.84,0
2025-05-31,460,1164446.09,0
2025-06-30,460,1143274.34,0
2025-07-31,460,1122102.59,0
2025-08-31,460,1100930.84,0
2025-09-30,460,1079759.09,0
2025-10-31,460,1058587.34,0
2025-11-30,460,1037415.59,0
2025-12-31,460,1016243.84,0
2025-01-31,461,509674.83,0
2025-02-28,461,487515.05,0
2025-03-31,461,465355.27,0
2025-04-30,461,443195.49,0
2025-05-31,461,421035.71,0
2025-06-30,461,398875.93,0
2025-07-31,461,376716.15,0
2025-08-31,461,354556.37,0
2025-09-30,461,332396.59,0
2025-10-31,461,310236.81,0
2025-11-30,461,288077.03,0
2025-12-31,461,265917.25,0
2025-01-31,462,403961.53,0
2025-02-28,462,392419.77,0
2025-03-31,462,380878.01,0
2025-04-30,462,369336.25,0
2025-05-31,462,357794.49,0
2025-06-30,462,346252.73,0
2025-07-31,462,334710.97,0
2025-08-31,462,323169.21,0
2025-09-30,462,311627.45,0
2025-10-31,462,300085.69,0
2025-11-30,462,288543.93,0
2025-12-31,462,277002.17,0
2025-01-31,463,356442.38,0
2025-02-28,463,340944.89,0
2025-03-31,463,325447.4,0
2025-04-30,463,309949.91,0
2025-05-31,463,294452.42,0
2025-06-30,463,278954.93,0
2025-07-31,463,263457.44,0
2025-08-31,463,247959.95,0
2025-09-30,463,232462.46,0
2025-10-31,463,216964.97,0
2025-11-30,463,201467.48,0
2025-12-31,463,185969.99,0
2025-01-31,464,1033856.73,0
2025-02-28,464,1025168.86,0
2025-03-31,464,1016480.99,0
2025-04-30,464,1007793.12,0
2025-05-31,464,999105.25,0
2025-06-30,464,990417.38,0
2025-07-31,464,981729.51,0
2025-08-31,464,973041.64,0
2025-09-30,464,964353.77,0
2025-10-31,464,964353.77,26
2025-11-30,464,955665.9,56
2025-12-31,464,946978.03,87
2025-01-31,465,169442.31,0
2025-02-28,465,166570.41,0
2025-03-31,465,163698.51,0
2025-04-30,465,160826.61,0
2025-05-31,465,157954.71,0
2025-06-30,465,155082.81,0
2025-07-31,465,152210.91,0
2025-08-31,465,149339.01,0
2025-09-30,465,146467.11,0
2025-10-31,465,143595.21,0
2025-11-30,465,140723.31,0
2025-12-31,465,137851.41,0
2025-01-31,466,965537.15,0
2025-02-28,466,923557.27,0
2025-03-31,466,881577.39,0
2025-04-30,466,839597.51,0
2025-05-31,466,797617.63,0
2025-06-30,466,755637.75,0
2025-07-31,466,713657.87,0
2025-08-31,466,671677.99,0
2025-09-30,466,629698.11,0
2025-10-31,466,587718.23,0
2025-11-30,466,545738.35,0
2025-12-31,466,503758.47,0
2025-01-31,467,1512137.49,0
2025-02-28,467,1486508.04,0
2025-03-31,467,1460878.59,0
2025-04-30,467,1435249.14,0
2025-05-31,467,1409619.69,0
2025-06-30,467,1383990.24,0
2025-07-31,467,1358360.79,0
2025-08-31,467,1332731.34,0
2025-09-30,467,1307101.89,0
2025-10-31,467,1281472.44,0
2025-11-30,467,1255842.99,0
2025-12-31,467,1230213.54,0
2025-01-31,468,784707.12,0
2025-02-28,468,778112.94,0
2025-03-31,468,771518.76,0
2025-04-30,468,764924.58,0
2025-05-31,468,758330.4,0
2025-06-30,468,751736.22,0
2025-07-31,468,745142.04,0
2025-08-31,468,738547.86,0
2025-09-30,468,731953.68,0
2025-10-31,468,731953.68,26
2025-11-30,468,725359.5,56
2025-12-31,468,718765.32,87
2025-01-31,469,511275.34,0
2025-02-28,469,506978.91,0
2025-03-31,469,502682.48,0
2025-04-30,469,498386.05,0
2025-05-31,469,494089.62,0
2025-06-30,469,489793.19,0
2025-07-31,469,485496.76,0
2025-08-31,469,481200.33,0
2025-09-30,469,476903.9,0
2025-10-31,469,472607.47,0
2025-11-30,469,468311.04,0
2025-12-31,469,464014.61,0
2025-01-31,470,1210164.02,0
2025-02-28,470,1175587.91,0
2025-03-31,470,1175587.91,26
2025-04-30,470,1141011.8,56
2025-05-31,470,1106435.69,87
2025-06-30,470,1071859.58,117
2025-07-31,470,1037283.47,148
2025-08-31,470,1002707.36,179
2025-09-30,470,968131.25,209
2025-10-31,470,933555.14,240
2025-11-30,470,933555.14,270
2025-12-31,470,898979.03,301
2025-01-31,471,155310.68,0
2025-02-28,471,150873.23,0
2025-03-31,471,146435.78,0
2025-04-30,471,141998.33,0
2025-05-31,471,137560.88,0
2025-06-30,471,133123.43,0
2025-07-31,471,128685.98,0
2025-08-31,471,124248.53,0
2025-09-30,471,119811.08,0
2025-10-31,471,115373.63,0
2025-11-30,471,110936.18,0
2025-12-31,471,106498.73,0
2025-01-31,472,311471.75,0
2025-02-28,472,297929.5,0
2025-03-31,472,284387.25,0
2025-04-30,472,270845.0,0
2025-05-31,472,257302.75,0
2025-06-30,472,243760.5,0
2025-07-31,472,230218.25,0
2025-08-31,472,216676.0,0
2025-09-30,472,203133.75,0
2025-10-31,472,189591.5,0
2025-11-30,472,189591.5,25
2025-12-31,472,176049.25,56
2025-01-31,473,196333.53,0
2025-02-28,473,193005.84,0
2025-03-31,473,189678.15,0
2025-04-30,473,186350.46,0
2025-05-31,473,183022.77,0
2025-06-30,473,179695.08,0
2025-07-31,473,176367.39,0
2025-08-31,473,173039.7,0
2025-09-30,473,169712.01,0
2025-10-31,473,166384.32,0
2025-11-30,473,166384.32,25
2025-12-31,473,163056.63,56
2025-01-31,474,882363.13,0
2025-02-28,474,857152.75,0
2025-03-31,474,857152.75,26
2025-04-30,474,831942.37,56
2025-05-31,474,806731.99,87
2025-06-30,474,781521.61,117
2025-07-31,474,756311.23,148
2025-08-31,474,731100.85,179
2025-09-30,474,705890.47,209
2025-10-31,474,680680.09,240
2025-11-30,474,655469.71,270
2025-12-31,474,630259.33,301
2025-01-31,475,440390.96,0
2025-02-28,475,427808.36,0
2025-03-31,475,415225.76,0
2025-04-30,475,402643.16,0
2025-05-31,475,390060.56,0
2025-06-30,475,377477.96,0
2025-07-31,475,364895.36,0
2025-08-31,475,352312.76,0
2025-09-30,475,339730.16,0
2025-10-31,475,327147.56,0
2025-11-30,475,314564.96,0
2025-12-31,475,301982.36,0
2025-01-31,476,354192.49,26
2025-02-28,476,339434.47,54
2025-03-31,476,324676.45,85
2025-04-30,476,309918.43,115
2025-05-31,476,295160.41,146
2025-06-30,476,280402.39,176
2025-07-31,476,265644.37,207
2025-08-31,476,250886.35,238
2025-09-30,476,236128.33,268
2025-10-31,476,236128.33,299
2025-11-30,476,221370.31,329
2025-12-31,476,206612.29,360
2025-01-31,477,902484.03,0
2025-02-28,477,863245.59,0
2025-03-31,477,824007.15,0
2025-04-30,477,784768.71,0
2025-05-31,477,745530.27,0
2025-06-30,477,706291.83,0
2025-07-31,477,667053.39,0
2025-08-31,477,627814.95,0
2025-09-30,477,588576.51,0
2025-10-31,477,549338.07,0
2025-11-30,477,510099.63,0
2025-12-31,477,470861.19,0
2025-01-31,478,285035.51,26
2025-02-28,478,282660.21,54
2025-03-31,478,280284.91,85
2025-04-30,478,277909.61,115
2025-05-31,478,277909.61,146
2025-06-30,478,275534.31,176
2025-07-31,478,273159.01,207
2025-08-31,478,270783.71,238
2025-09-30,478,268408.41,268
2025-10-31,478,266033.11,299
2025-11-30,478,263657.81,329
2025-12-31,478,261282.51,360
2025-01-31,479,491758.95,0
2025-02-28,479,483424.05,0
2025-03-31,479,475089.15,0
2025-04-30,479,466754.25,0
2025-05-31,479,458419.35,0
2025-06-30,479,450084.45,0
2025-07-31,479,441749.55,0
2025-08-31,479,433414.65,0
2025-09-30,479,425079.75,0
2025-10-31,479,416744.85,0
2025-11-30,479,408409.95,0
2025-12-31,479,400075.05,0
2025-01-31,480,2138951.52,0
2025-02-28,480,2045953.63,0
2025-03-31,480,1952955.74,0
2025-04-30,480,1859957.85,0
2025-05-31,480,1766959.96,0
2025-06-30,480,1673962.07,0
2025-07-31,480,1580964.18,0
2025-08-31,480,1487966.29,0
2025-09-30,480,1394968.4,0
2025-10-31,480,1301970.51,0
2025-11-30,480,1208972.62,0
2025-12-31,480,1115974.73,0
2025-01-31,481,1100582.01,0
2025-02-28,481,1081928.08,0
2025-03-31,481,1063274.15,0
2025-04-30,481,1044620.22,0
2025-05-31,481,1025966.29,0
2025-06-30,481,1025966.29,25
2025-07-31,481,1007312.36,56
2025-08-31,481,988658.43,87
2025-09-30,481,970004.5,117
2025-10-31,481,951350.57,148
2025-11-30,481,932696.64,178
2025-12-31,481,914042.71,209
2025-01-31,482,1083712.44,0
2025-02-28,482,1065344.43,0
2025-03-31,482,1046976.42,0
2025-04-30,482,1028608.41,0
2025-05-31,482,1010240.4,0
2025-06-30,482,991872.39,0
2025-07-31,482,973504.38,0
2025-08-31,482,955136.37,0
2025-09-30,482,936768.36,0
2025-10-31,482,918400.35,0
2025-11-30,482,900032.34,0
2025-12-31,482,881664.33,0
2025-01-31,483,1038952.18,0
2025-02-28,483,1030221.49,0
2025-03-31,483,1030221.49,26
2025-04-30,483,1021490.8,56
2025-05-31,483,1021490.8,87
2025-06-30,483,1021490.8,117
2025-07-31,483,1012760.11,148
2025-08-31,483,1004029.42,179
2025-09-30,483,995298.73,209
2025-10-31,483,986568.04,240
2025-11-30,483,977837.35,270
2025-12-31,483,969106.66,301
2025-01-31,484,498397.67,0
2025-02-28,484,476728.21,0
2025-03-31,484,455058.75,0
2025-04-30,484,433389.29,0
2025-05-31,484,411719.83,0
2025-06-30,484,390050.37,0
2025-07-31,484,368380.91,0
2025-08-31,484,346711.45,0
2025-09-30,484,325041.99,0
2025-10-31,484,303372.53,0
2025-11-30,484,281703.07,0
2025-12-31,484,260033.61,0
2025-01-31,485,141643.95,0
2025-02-28,485,139243.2,0
2025-03-31,485,136842.45,0
2025-04-30,485,134441.7,0
2025-05-31,485,132040.95,0
2025-06-30,485,129640.2,0
2025-07-31,485,127239.45,0
2025-08-31,485,124838.7,0
2025-09-30,485,122437.95,0
2025-10-31,485,120037.2,0
2025-11-30,485,117636.45,0
2025-12-31,485,115235.7,0
2025-01-31,486,925548.78,0
2025-02-28,486,899104.53,0
2025-03-31,486,872660.28,0
2025-04-30,486,846216.03,0
2025-05-31,486,819771.78,0
2025-06-30,486,793327.53,0
2025-07-31,486,766883.28,0
2025-08-31,486,740439.03,0
2025-09-30,486,713994.78,0
2025-10-31,486,687550.53,0
2025-11-30,486,661106.28,0
2025-12-31,486,634662.03,0
2025-01-31,487,551244.23,0
2025-02-28,487,535494.39,0
2025-03-31,487,535494.39,26
2025-04-30,487,519744.55,56
2025-05-31,487,503994.71,87
2025-06-30,487,488244.87,117
2025-07-31,487,472495.03,148
2025-08-31,487,456745.19,179
2025-09-30,487,456745.19,209
2025-10-31,487,440995.35,240
2025-11-30,487,425245.51,270
2025-12-31,487,409495.67,301
2025-01-31,488,4602796.01,0
2025-02-28,488,4402674.44,0
2025-03-31,488,4202552.87,0
2025-04-30,488,4002431.3,0
2025-05-31,488,3802309.73,0
2025-06-30,488,3602188.16,0
2025-07-31,488,3402066.59,0
2025-08-31,488,3201945.02,0
2025-09-30,488,3001823.45,0
2025-10-31,488,2801701.88,0
2025-11-30,488,2601580.31,0
2025-12-31,488,2401458.74,0
2025-01-31,489,560344.6,0
2025-02-28,489,535981.79,0
2025-03-31,489,511618.98,0
2025-04-30,489,487256.17,0
2025-05-31,489,462893.36,0
2025-06-30,489,438530.55,0
2025-07-31,489,414167.74,0
2025-08-31,489,389804.93,0
2025-09-30,489,365442.12,0
2025-10-31,489,341079.31,0
2025-11-30,489,316716.5,0
2025-12-31,489,292353.69,0
2025-01-31,490,219997.26,0
2025-02-28,490,218148.54,0
2025-03-31,490,218148.54,26
2025-04-30,490,216299.82,56
2025-05-31,490,214451.1,87
2025-06-30,490,212602.38,117
2025-07-31,490,210753.66,148
2025-08-31,490,208904.94,179
2025-09-30,490,207056.22,209
2025-10-31,490,205207.5,240
2025-11-30,490,203358.78,270
2025-12-31,490,201510.06,301
2025-01-31,491,977496.54,26
2025-02-28,491,950343.86,54
2025-03-31,491,923191.18,85
2025-04-30,491,896038.5,115
2025-05-31,491,868885.82,146
2025-06-30,491,841733.14,176
2025-07-31,491,814580.46,207
2025-08-31,491,787427.78,238
2025-09-30,491,760275.1,268
2025-10-31,491,733122.42,299
2025-11-30,491,705969.74,329
2025-12-31,491,678817.06,360
2025-01-31,492,239979.38,0
2025-02-28,492,235911.93,0
2025-03-31,492,231844.48,0
2025-04-30,492,227777.03,0
2025-05-31,492,223709.58,0
2025-06-30,492,219642.13,0
2025-07-31,492,215574.68,0
2025-08-31,492,211507.23,0
2025-09-30,492,207439.78,0
2025-10-31,492,203372.33,0
2025-11-30,492,199304.88,0
2025-12-31,492,199304.88,26
2025-01-31,493,521441.27,0
2025-02-28,493,517059.41,0
2025-03-31,493,512677.55,0
2025-04-30,493,508295.69,0
2025-05-31,493,503913.83,0
2025-06-30,493,499531.97,0
2025-07-31,493,495150.11,0
2025-08-31,493,490768.25,0
2025-09-30,493,486386.39,0
2025-10-31,493,482004.53,0
2025-11-30,493,477622.67,0
2025-12-31,493,473240.81,0
2025-01-31,494,486099.51,0
2025-02-28,494,477860.54,0
2025-03-31,494,469621.57,0
2025-04-30,494,461382.6,0
2025-05-31,494,453143.63,0
2025-06-30,494,444904.66,0
2025-07-31,494,436665.69,0
2025-08-31,494,428426.72,0
2025-09-30,494,420187.75,0
2025-10-31,494,411948.78,0
2025-11-30,494,403709.81,0
2025-12-31,494,395470.84,0
2025-01-31,495,1567850.29,0
2025-02-28,495,1541276.56,0
2025-03-31,495,1514702.83,0
2025-04-30,495,1488129.1,0
2025-05-31,495,1461555.37,0
2025-06-30,495,1434981.64,0
2025-07-31,495,1408407.91,0
2025-08-31,495,1381834.18,0
2025-09-30,495,1355260.45,0
2025-10-31,495,1328686.72,0
2025-11-30,495,1302112.99,0
2025-12-31,495,1275539.26,0
2025-01-31,496,425945.07,0
2025-02-28,496,418725.66,0
2025-03-31,496,411506.25,0
2025-04-30,496,404286.84,0
2025-05-31,496,397067.43,0
2025-06-30,496,389848.02,0
2025-07-31,496,382628.61,0
2025-08-31,496,375409.2,0
2025-09-30,496,368189.79,0
2025-10-31,496,360970.38,0
2025-11-30,496,353750.97,0
2025-12-31,496,346531.56,0
2025-01-31,497,1970358.52,0
2025-02-28,497,1914062.56,0
2025-03-31,497,1857766.6,0
2025-04-30,497,1801470.64,0
2025-05-31,497,1745174.68,0
2025-06-30,497,1688878.72,0
2025-07-31,497,1632582.76,0
2025-08-31,497,1576286.8,0
2025-09-30,497,1519990.84,0
2025-10-31,497,1463694.88,0
2025-11-30,497,1407398.92,0
2025-12-31,497,1351102.96,0
2025-01-31,498,2277240.04,26
2025-02-28,498,2239286.04,54
2025-03-31,498,2201332.04,85
2025-04-30,498,2163378.04,115
2025-05-31,498,2125424.04,146
2025-06-30,498,2087470.04,176
2025-07-31,498,2049516.04,207
2025-08-31,498,2049516.04,238
2025-09-30,498,2011562.04,268
2025-10-31,498,1973608.04,299
2025-11-30,498,1935654.04,329
2025-12-31,498,1897700.04,360
2025-01-31,499,1499843.83,0
2025-02-28,499,1456991.15,0
2025-03-31,499,1414138.47,0
2025-04-30,499,1371285.79,0
2025-05-31,499,1371285.79,26
2025-06-30,499,1328433.11,56
2025-07-31,499,1285580.43,87
2025-08-31,499,1242727.75,118
2025-09-30,499,1199875.07,148
2025-10-31,499,1157022.39,179
2025-11-30,499,1114169.71,209
2025-12-31,499,1071317.03,240
2025-01-31,500,281746.01,0
2025-02-28,500,269496.18,0
2025-03-31,500,269496.18,26
2025-04-30,500,257246.35,56
2025-05-31,500,257246.35,87
2025-06-30,500,244996.52,117
2025-07-31,500,232746.69,148
2025-08-31,500,220496.86,179
2025-09-30,500,208247.03,209
2025-10-31,500,195997.2,240
2025-11-30,500,183747.37,270
2025-12-31,500,171497.54,301
2025-01-31,501,942304.31,0
2025-02-28,501,934385.79,0
2025-03-31,501,926467.27,0
2025-04-30,501,918548.75,0
2025-05-31,501,910630.23,0
2025-06-30,501,902711.71,0
2025-07-31,501,894793.19,0
2025-08-31,501,886874.67,0
2025-09-30,501,878956.15,0
2025-10-31,501,871037.63,0
2025-11-30,501,863119.11,0
2025-12-31,501,855200.59,0
2025-01-31,502,920983.81,0
2025-02-28,502,905373.92,0
2025-03-31,502,889764.03,0
2025-04-30,502,874154.14,0
2025-05-31,502,858544.25,0
2025-06-30,502,842934.36,0
2025-07-31,502,827324.47,0
2025-08-31,502,811714.58,0
2025-09-30,502,796104.69,0
2025-10-31,502,780494.8,0
2025-11-30,502,764884.91,0
2025-12-31,502,749275.02,0
2025-01-31,503,1082883.12,0
2025-02-28,503,1051943.6,0
2025-03-31,503,1021004.08,0
2025-04-30,503,990064.56,0
2025-05-31,503,959125.04,0
2025-06-30,503,928185.52,0
2025-07-31,503,897246.0,0
2025-08-31,503,866306.48,0
2025-09-30,503,835366.96,0
2025-10-31,503,804427.44,0
2025-11-30,503,773487.92,0
2025-12-31,503,742548.4,0
2025-01-31,504,973358.38,0
2025-02-28,504,931038.45,0
2025-03-31,504,888718.52,0
2025-04-30,504,846398.59,0
2025-05-31,504,804078.66,0
2025-06-30,504,761758.73,0
2025-07-31,504,719438.8,0
2025-08-31,504,677118.87,0
2025-09-30,504,634798.94,0
2025-10-31,504,592479.01,0
2025-11-30,504,550159.08,0
2025-12-31,504,507839.15,0
2025-01-31,505,1386538.74,0
2025-02-28,505,1363038.08,0
2025-03-31,505,1339537.42,0
2025-04-30,505,1316036.76,0
2025-05-31,505,1292536.1,0
2025-06-30,505,1269035.44,0
2025-07-31,505,1245534.78,0
2025-08-31,505,1222034.12,0
2025-09-30,505,1198533.46,0
2025-10-31,505,1175032.8,0
2025-11-30,505,1151532.14,0
2025-12-31,505,1128031.48,0
2025-01-31,506,1790850.33,0
2025-02-28,506,1775801.17,0
2025-03-31,506,1760752.01,0
2025-04-30,506,1745702.85,0
2025-05-31,506,1730653.69,0
2025-06-30,506,1715604.53,0
2025-07-31,506,1700555.37,0
2025-08-31,506,1685506.21,0
2025-09-30,506,1670457.05,0
2025-10-31,506,1655407.89,0
2025-11-30,506,1640358.73,0
2025-12-31,506,1625309.57,0
2025-01-31,507,417029.89,0
2025-02-28,507,405114.75,0
2025-03-31,507,393199.61,0
2025-04-30,507,381284.47,0
2025-05-31,507,369369.33,0
2025-06-30,507,357454.19,0
2025-07-31,507,345539.05,0
2025-08-31,507,333623.91,0
2025-09-30,507,321708.77,0
2025-10-31,507,309793.63,0
2025-11-30,507,309793.63,25
2025-12-31,507,297878.49,56
2025-01-31,508,276154.22,0
2025-02-28,508,271473.64,0
2025-03-31,508,266793.06,0
2025-04-30,508,262112.48,0
2025-05-31,508,257431.9,0
2025-06-30,508,252751.32,0
2025-07-31,508,248070.74,0
2025-08-31,508,243390.16,0
2025-09-30,508,238709.58,0
2025-10-31,508,234029.0,0
2025-11-30,508,229348.42,0
2025-12-31,508,224667.84,0
2025-01-31,509,1776699.95,0
2025-02-28,509,1761769.7,0
2025-03-31,509,1746839.45,0
2025-04-30,509,1731909.2,0
2025-05-31,509,1716978.95,0
2025-06-30,509,1702048.7,0
2025-07-31,509,1687118.45,0
2025-08-31,509,1672188.2,0
2025-09-30,509,1657257.95,0
2025-10-31,509,1642327.7,0
2025-11-30,509,1627397.45,0
2025-12-31,509,1612467.2,0
2025-01-31,510,633574.06,0
2025-02-28,510,615471.94,0
2025-03-31,510,597369.82,0
2025-04-30,510,579267.7,0
2025-05-31,510,561165.58,0
2025-06-30,510,543063.46,0
2025-07-31,510,524961.34,0
2025-08-31,510,506859.22,0
2025-09-30,510,488757.1,0
2025-10-31,510,470654.98,0
2025-11-30,510,452552.86,0
2025-12-31,510,434450.74,0
2025-01-31,511,1631985.99,0
2025-02-28,511,1561030.08,0
2025-03-31,511,1490074.17,0
2025-04-30,511,1419118.26,0
2025-05-31,511,1348162.35,0
2025-06-30,511,1277206.44,0
2025-07-31,511,1206250.53,0
2025-08-31,511,1135294.62,0
2025-09-30,511,1064338.71,0
2025-10-31,511,993382.8,0
2025-11-30,511,922426.89,0
2025-12-31,511,851470.98,0
2025-01-31,512,2615911.21,0
2025-02-28,512,2571573.73,0
2025-03-31,512,2527236.25,0
2025-04-30,512,2482898.77,0
2025-05-31,512,2438561.29,0
2025-06-30,512,2394223.81,0
2025-07-31,512,2349886.33,0
2025-08-31,512,2305548.85,0
2025-09-30,512,2261211.37,0
2025-10-31,512,2216873.89,0
2025-11-30,512,2172536.41,0
2025-12-31,512,2128198.93,0
2025-01-31,513,1029962.61,0
2025-02-28,513,1021307.46,0
2025-03-31,513,1012652.31,0
2025-04-30,513,1003997.16,0
2025-05-31,513,995342.01,0
2025-06-30,513,986686.86,0
2025-07-31,513,978031.71,0
2025-08-31,513,969376.56,0
2025-09-30,513,960721.41,0
2025-10-31,513,952066.26,0
2025-11-30,513,943411.11,0
2025-12-31,513,934755.96,0
2025-01-31,514,567564.53,0
2025-02-28,514,551348.4,0
2025-03-31,514,535132.27,0
2025-04-30,514,518916.14,0
2025-05-31,514,518916.14,26
2025-06-30,514,502700.01,56
2025-07-31,514,486483.88,87
2025-08-31,514,470267.75,118
2025-09-30,514,454051.62,148
2025-10-31,514,437835.49,179
2025-11-30,514,421619.36,209
2025-12-31,514,405403.23,240
2025-01-31,515,792221.73,0
2025-02-28,515,792221.73,23
2025-03-31,515,792221.73,54
2025-04-30,515,757777.31,84
2025-05-31,515,723332.89,115
2025-06-30,515,688888.47,145
2025-07-31,515,654444.05,176
2025-08-31,515,619999.63,207
2025-09-30,515,585555.21,237
2025-10-31,515,551110.79,268
2025-11-30,515,516666.37,298
2025-12-31,515,482221.95,329
2025-01-31,516,2327355.27,26
2025-02-28,516,2307960.64,54
2025-03-31,516,2288566.01,85
2025-04-30,516,2269171.38,115
2025-05-31,516,2249776.75,146
2025-06-30,516,2230382.12,176
2025-07-31,516,2210987.49,207
2025-08-31,516,2191592.86,238
2025-09-30,516,2172198.23,268
2025-10-31,516,2152803.6,299
2025-11-30,516,2133408.97,329
2025-12-31,516,2114014.34,360
2025-01-31,517,1606409.01,0
2025-02-28,517,1560511.61,0
2025-03-31,517,1514614.21,0
2025-04-30,517,1468716.81,0
2025-05-31,517,1422819.41,0
2025-06-30,517,1376922.01,0
2025-07-31,517,1331024.61,0
2025-08-31,517,1285127.21,0
2025-09-30,517,1239229.81,0
2025-10-31,517,1193332.41,0
2025-11-30,517,1147435.01,0
2025-12-31,517,1101537.61,0
2025-01-31,518,932163.03,0
2025-02-28,518,916363.66,0
2025-03-31,518,900564.29,0
2025-04-30,518,884764.92,0
2025-05-31,518,868965.55,0
2025-06-30,518,853166.18,0
2025-07-31,518,837366.81,0
2025-08-31,518,821567.44,0
2025-09-30,518,805768.07,0
2025-10-31,518,789968.7,0
2025-11-30,518,774169.33,0
2025-12-31,518,758369.96,0
2025-01-31,519,1219776.05,0
2025-02-28,519,1184925.31,0
2025-03-31,519,1150074.57,0
2025-04-30,519,1115223.83,0
2025-05-31,519,1115223.83,26
2025-06-30,519,1080373.09,56
2025-07-31,519,1045522.35,87
2025-08-31,519,1045522.35,118
2025-09-30,519,1010671.61,148
2025-10-31,519,975820.87,179
2025-11-30,519,940970.13,209
2025-12-31,519,906119.39,240
2025-01-31,520,382906.79,0
2025-02-28,520,371966.6,0
2025-03-31,520,361026.41,0
2025-04-30,520,350086.22,0
2025-05-31,520,339146.03,0
2025-06-30,520,328205.84,0
2025-07-31,520,317265.65,0
2025-08-31,520,306325.46,0
2025-09-30,520,295385.27,0
2025-10-31,520,284445.08,0
2025-11-30,520,273504.89,0
2025-12-31,520,262564.7,0
2025-01-31,521,525773.75,0
2025-02-28,521,521355.48,0
2025-03-31,521,516937.21,0
2025-04-30,521,512518.94,0
2025-05-31,521,508100.67,0
2025-06-30,521,503682.4,0
2025-07-31,521,499264.13,0
2025-08-31,521,494845.86,0
2025-09-30,521,490427.59,0
2025-10-31,521,486009.32,0
2025-11-30,521,481591.05,0
2025-12-31,521,477172.78,0
2025-01-31,522,1495342.81,0
2025-02-28,522,1469998.02,0
2025-03-31,522,1444653.23,0
2025-04-30,522,1419308.44,0
2025-05-31,522,1419308.44,26
2025-06-30,522,1393963.65,56
2025-07-31,522,1393963.65,87
2025-08-31,522,1393963.65,118
2025-09-30,522,1368618.86,148
2025-10-31,522,1343274.07,179
2025-11-30,522,1317929.28,209
2025-12-31,522,1292584.49,240
2025-01-31,523,2117362.7,0
2025-02-28,523,2099569.74,0
2025-03-31,523,2081776.78,0
2025-04-30,523,2063983.82,0
2025-05-31,523,2046190.86,0
2025-06-30,523,2028397.9,0
2025-07-31,523,2010604.94,0
2025-08-31,523,1992811.98,0
2025-09-30,523,1975019.02,0
2025-10-31,523,1957226.06,0
2025-11-30,523,1939433.1,0
2025-12-31,523,1921640.14,0
2025-01-31,524,446222.04,0
2025-02-28,524,442472.28,0
2025-03-31,524,438722.52,0
2025-04-30,524,434972.76,0
2025-05-31,524,431223.0,0
2025-06-30,524,427473.24,0
2025-07-31,524,423723.48,0
2025-08-31,524,419973.72,0
2025-09-30,524,416223.96,0
2025-10-31,524,412474.2,0
2025-11-30,524,408724.44,0
2025-12-31,524,404974.68,0
2025-01-31,525,679715.67,0
2025-02-28,525,650162.82,0
2025-03-31,525,620609.97,0
2025-04-30,525,591057.12,0
2025-05-31,525,561504.27,0
2025-06-30,525,531951.42,0
2025-07-31,525,502398.57,0
2025-08-31,525,472845.72,0
2025-09-30,525,443292.87,0
2025-10-31,525,413740.02,0
2025-11-30,525,384187.17,0
2025-12-31,525,354634.32,0
2025-01-31,526,1384661.22,0
2025-02-28,526,1361192.39,0
2025-03-31,526,1337723.56,0
2025-04-30,526,1314254.73,0
2025-05-31,526,1290785.9,0
2025-06-30,526,1267317.07,0
2025-07-31,526,1243848.24,0
2025-08-31,526,1220379.41,0
2025-09-30,526,1196910.58,0
2025-10-31,526,1173441.75,0
2025-11-30,526,1173441.75,25
2025-12-31,526,1149972.92,56
2025-01-31,527,461191.53,0
2025-02-28,527,457315.97,0
2025-03-31,527,453440.41,0
2025-04-30,527,449564.85,0
2025-05-31,527,445689.29,0
2025-06-30,527,441813.73,0
2025-07-31,527,437938.17,0
2025-08-31,527,434062.61,0
2025-09-30,527,430187.05,0
2025-10-31,527,426311.49,0
2025-11-30,527,426311.49,25
2025-12-31,527,422435.93,56
2025-01-31,528,478736.45,0
2025-02-28,528,457921.82,0
2025-03-31,528,437107.19,0
2025-04-30,528,437107.19,25
2025-05-31,528,437107.19,56
2025-06-30,528,416292.56,86
2025-07-31,528,395477.93,117
2025-08-31,528,374663.3,148
2025-09-30,528,353848.67,178
2025-10-31,528,333034.04,209
2025-11-30,528,312219.41,239
2025-12-31,528,291404.78,270
2025-01-31,529,412187.16,0
2025-02-28,529,400410.38,0
2025-03-31,529,388633.6,0
2025-04-30,529,376856.82,0
2025-05-31,529,365080.04,0
2025-06-30,529,353303.26,0
2025-07-31,529,341526.48,0
2025-08-31,529,329749.7,0
2025-09-30,529,317972.92,0
2025-10-31,529,306196.14,0
2025-11-30,529,294419.36,0
2025-12-31,529,282642.58,0
2025-01-31,530,5006662.9,0
2025-02-28,530,4921804.21,0
2025-03-31,530,4836945.52,0
2025-04-30,530,4752086.83,0
2025-05-31,530,4667228.14,0
2025-06-30,530,4667228.14,25
2025-07-31,530,4667228.14,56
2025-08-31,530,4582369.45,87
2025-09-30,530,4497510.76,117
2025-10-31,530,4412652.07,148
2025-11-30,530,4327793.38,178
2025-12-31,530,4242934.69,209
2025-01-31,531,936333.09,0
2025-02-28,531,920463.04,0
2025-03-31,531,904592.99,0
2025-04-30,531,888722.94,0
2025-05-31,531,872852.89,0
2025-06-30,531,856982.84,0
2025-07-31,531,841112.79,0
2025-08-31,531,841112.79,26
2025-09-30,531,825242.74,56
2025-10-31,531,809372.69,87
2025-11-30,531,793502.64,117
2025-12-31,531,777632.59,148
2025-01-31,532,714982.49,0
2025-02-28,532,683896.29,0
2025-03-31,532,652810.09,0
2025-04-30,532,621723.89,0
2025-05-31,532,590637.69,0
2025-06-30,532,590637.69,25
2025-07-31,532,559551.49,56
2025-08-31,532,528465.29,87
2025-09-30,532,497379.09,117
2025-10-31,532,466292.89,148
2025-11-30,532,435206.69,178
2025-12-31,532,404120.49,209
2025-01-31,533,1055481.05,0
2025-02-28,533,1009590.57,0
2025-03-31,533,963700.09,0
2025-04-30,533,917809.61,0
2025-05-31,533,871919.13,0
2025-06-30,533,826028.65,0
2025-07-31,533,780138.17,0
2025-08-31,533,734247.69,0
2025-09-30,533,688357.21,0
2025-10-31,533,642466.73,0
2025-11-30,533,596576.25,0
2025-12-31,533,550685.77,0
2025-01-31,534,367488.36,0
2025-02-28,534,351510.61,0
2025-03-31,534,335532.86,0
2025-04-30,534,319555.11,0
2025-05-31,534,303577.36,0
2025-06-30,534,287599.61,0
2025-07-31,534,271621.86,0
2025-08-31,534,255644.11,0
2025-09-30,534,239666.36,0
2025-10-31,534,223688.61,0
2025-11-30,534,207710.86,0
2025-12-31,534,191733.11,0
2025-01-31,535,1120896.67,0
2025-02-28,535,1111477.37,0
2025-03-31,535,1111477.37,26
2025-04-30,535,1102058.07,56
2025-05-31,535,1092638.77,87
2025-06-30,535,1083219.47,117
2025-07-31,535,1073800.17,148
2025-08-31,535,1064380.87,179
2025-09-30,535,1054961.57,209
2025-10-31,535,1045542.27,240
2025-11-30,535,1036122.97,270
2025-12-31,535,1026703.67,301
2025-01-31,536,720852.13,0
2025-02-28,536,708634.3,0
2025-03-31,536,696416.47,0
2025-04-30,536,684198.64,0
2025-05-31,536,671980.81,0
2025-06-30,536,659762.98,0
2025-07-31,536,647545.15,0
2025-08-31,536,635327.32,0
2025-09-30,536,623109.49,0
2025-10-31,536,610891.66,0
2025-11-30,536,598673.83,0
2025-12-31,536,598673.83,26
2025-01-31,537,1023792.71,0
2025-02-28,537,1015189.41,0
2025-03-31,537,1006586.11,0
2025-04-30,537,997982.81,0
2025-05-31,537,989379.51,0
2025-06-30,537,980776.21,0
2025-07-31,537,972172.91,0
2025-08-31,537,963569.61,0
2025-09-30,537,954966.31,0
2025-10-31,537,946363.01,0
2025-11-30,537,937759.71,0
2025-12-31,537,929156.41,0
2025-01-31,538,2537280.8,0
2025-02-28,538,2494276.04,0
2025-03-31,538,2494276.04,26
2025-04-30,538,2451271.28,56
2025-05-31,538,2451271.28,87
2025-06-30,538,2408266.52,117
2025-07-31,538,2365261.76,148
2025-08-31,538,2322257.0,179
2025-09-30,538,2279252.24,209
2025-10-31,538,2236247.48,240
2025-11-30,538,2193242.72,270
2025-12-31,538,2150237.96,301
2025-01-31,539,489148.82,0
2025-02-28,539,485038.33,0
2025-03-31,539,480927.84,0
2025-04-30,539,476817.35,0
2025-05-31,539,472706.86,0
2025-06-30,539,468596.37,0
2025-07-31,539,464485.88,0
2025-08-31,539,460375.39,0
2025-09-30,539,456264.9,0
2025-10-31,539,452154.41,0
2025-11-30,539,448043.92,0
2025-12-31,539,443933.43,0
2025-01-31,540,621812.45,0
2025-02-28,540,594777.13,0
2025-03-31,540,567741.81,0
2025-04-30,540,567741.81,25
2025-05-31,540,567741.81,56
2025-06-30,540,540706.49,86
2025-07-31,540,540706.49,117
2025-08-31,540,513671.17,148
2025-09-30,540,486635.85,178
2025-10-31,540,486635.85,209
2025-11-30,540,459600.53,239
2025-12-31,540,459600.53,270
2025-01-31,541,847389.15,0
2025-02-28,541,810546.14,0
2025-03-31,541,773703.13,0
2025-04-30,541,736860.12,0
2025-05-31,541,700017.11,0
2025-06-30,541,663174.1,0
2025-07-31,541,626331.09,0
2025-08-31,541,589488.08,0
2025-09-30,541,552645.07,0
2025-10-31,541,515802.06,0
2025-11-30,541,478959.05,0
2025-12-31,541,478959.05,26
2025-01-31,542,386095.72,0
2025-02-28,542,375064.41,0
2025-03-31,542,364033.1,0
2025-04-30,542,353001.79,0
2025-05-31,542,341970.48,0
2025-06-30,542,330939.17,0
2025-07-31,542,319907.86,0
2025-08-31,542,308876.55,0
2025-09-30,542,297845.24,0
2025-10-31,542,286813.93,0
2025-11-30,542,275782.62,0
2025-12-31,542,264751.31,0
2025-01-31,543,863116.9,0
2025-02-28,543,855863.82,0
2025-03-31,543,848610.74,0
2025-04-30,543,841357.66,0
2025-05-31,543,834104.58,0
2025-06-30,543,826851.5,0
2025-07-31,543,819598.42,0
2025-08-31,543,812345.34,0
2025-09-30,543,805092.26,0
2025-10-31,543,797839.18,0
2025-11-30,543,790586.1,0
2025-12-31,543,783333.02,0
2025-01-31,544,1074523.15,0
2025-02-28,544,1043822.49,0
2025-03-31,544,1013121.83,0
2025-04-30,544,982421.17,0
2025-05-31,544,951720.51,0
2025-06-30,544,921019.85,0
2025-07-31,544,890319.19,0
2025-08-31,544,859618.53,0
2025-09-30,544,828917.87,0
2025-10-31,544,798217.21,0
2025-11-30,544,767516.55,0
2025-12-31,544,767516.55,26
2025-01-31,545,557820.96,0
2025-02-28,545,533567.87,0
2025-03-31,545,509314.78,0
2025-04-30,545,485061.69,0
2025-05-31,545,485061.69,26
2025-06-30,545,460808.6,56
2025-07-31,545,436555.51,87
2025-08-31,545,412302.42,118
2025-09-30,545,388049.33,148
2025-10-31,545,363796.24,179
2025-11-30,545,339543.15,209
2025-12-31,545,315290.06,240
2025-01-31,546,1176311.84,0
2025-02-28,546,1125167.85,0
2025-03-31,546,1074023.86,0
2025-04-30,546,1022879.87,0
2025-05-31,546,1022879.87,26
2025-06-30,546,971735.88,56
2025-07-31,546,920591.89,87
2025-08-31,546,869447.9,118
2025-09-30,546,818303.91,148
2025-10-31,546,767159.92,179
2025-11-30,546,716015.93,209
2025-12-31,546,664871.94,240
2025-01-31,547,533749.78,0
2025-02-28,547,524703.17,0
2025-03-31,547,515656.56,0
2025-04-30,547,506609.95,0
2025-05-31,547,497563.34,0
2025-06-30,547,488516.73,0
2025-07-31,547,479470.12,0
2025-08-31,547,470423.51,0
2025-09-30,547,461376.9,0
2025-10-31,547,452330.29,0
2025-11-30,547,443283.68,0
2025-12-31,547,434237.07,0
2025-01-31,548,1931370.98,0
2025-02-28,548,1876188.95,0
2025-03-31,548,1821006.92,0
2025-04-30,548,1765824.89,0
2025-05-31,548,1710642.86,0
2025-06-30,548,1710642.86,25
2025-07-31,548,1655460.83,56
2025-08-31,548,1600278.8,87
2025-09-30,548,1600278.8,117
2025-10-31,548,1545096.77,148
2025-11-30,548,1489914.74,178
2025-12-31,548,1434732.71,209
2025-01-31,549,723414.94,0
2025-02-28,549,702745.94,0
2025-03-31,549,682076.94,0
2025-04-30,549,661407.94,0
2025-05-31,549,640738.94,0
2025-06-30,549,620069.94,0
2025-07-31,549,599400.94,0
2025-08-31,549,578731.94,0
2025-09-30,549,558062.94,0
2025-10-31,549,537393.94,0
2025-11-30,549,516724.94,0
2025-12-31,549,496055.94,0
2025-01-31,550,651214.78,0
2025-02-28,550,645742.39,0
2025-03-31,550,640270.0,0
2025-04-30,550,634797.61,0
2025-05-31,550,629325.22,0
2025-06-30,550,623852.83,0
2025-07-31,550,618380.44,0
2025-08-31,550,612908.05,0
2025-09-30,550,607435.66,0
2025-10-31,550,601963.27,0
2025-11-30,550,596490.88,0
2025-12-31,550,591018.49,0
2025-01-31,551,2374901.82,0
2025-02-28,551,2354944.66,0
2025-03-31,551,2334987.5,0
2025-04-30,551,2315030.34,0
2025-05-31,551,2295073.18,0
2025-06-30,551,2275116.02,0
2025-07-31,551,2255158.86,0
2025-08-31,551,2235201.7,0
2025-09-30,551,2215244.54,0
2025-10-31,551,2195287.38,0
2025-11-30,551,2175330.22,0
2025-12-31,551,2155373.06,0
2025-01-31,552,1261083.3,0
2025-02-28,552,1250485.96,0
2025-03-31,552,1239888.62,0
2025-04-30,552,1229291.28,0
2025-05-31,552,1218693.94,0
2025-06-30,552,1208096.6,0
2025-07-31,552,1197499.26,0
2025-08-31,552,1186901.92,0
2025-09-30,552,1176304.58,0
2025-10-31,552,1165707.24,0
2025-11-30,552,1155109.9,0
2025-12-31,552,1144512.56,0
2025-01-31,553,1072126.03,0
2025-02-28,553,1053954.4,0
2025-03-31,553,1035782.77,0
2025-04-30,553,1017611.14,0
2025-05-31,553,999439.51,0
2025-06-30,553,981267.88,0
2025-07-31,553,963096.25,0
2025-08-31,553,944924.62,0
2025-09-30,553,926752.99,0
2025-10-31,553,908581.36,0
2025-11-30,553,890409.73,0
2025-12-31,553,872238.1,0
2025-01-31,554,586191.65,0
2025-02-28,554,560705.06,0
2025-03-31,554,535218.47,0
2025-04-30,554,509731.88,0
2025-05-31,554,484245.29,0
2025-06-30,554,458758.7,0
2025-07-31,554,458758.7,26
2025-08-31,554,433272.11,57
2025-09-30,554,407785.52,87
2025-10-31,554,382298.93,118
2025-11-30,554,356812.34,148
2025-12-31,554,356812.34,179
2025-01-31,555,1293137.1,0
2025-02-28,555,1256190.33,0
2025-03-31,555,1219243.56,0
2025-04-30,555,1182296.79,0
2025-05-31,555,1145350.02,0
2025-06-30,555,1108403.25,0
2025-07-31,555,1071456.48,0
2025-08-31,555,1034509.71,0
2025-09-30,555,997562.94,0
2025-10-31,555,960616.17,0
2025-11-30,555,923669.4,0
2025-12-31,555,886722.63,0
2025-01-31,556,655674.87,26
2025-02-28,556,628355.08,54
2025-03-31,556,601035.29,85
2025-04-30,556,573715.5,115
2025-05-31,556,546395.71,146
2025-06-30,556,519075.92,176
2025-07-31,556,491756.13,207
2025-08-31,556,464436.34,238
2025-09-30,556,437116.55,268
2025-10-31,556,409796.76,299
2025-11-30,556,382476.97,329
2025-12-31,556,355157.18,360
2025-01-31,557,1142479.45,0
2025-02-28,557,1123115.39,0
2025-03-31,557,1103751.33,0
2025-04-30,557,1084387.27,0
2025-05-31,557,1065023.21,0
2025-06-30,557,1045659.15,0
2025-07-31,557,1026295.09,0
2025-08-31,557,1026295.09,26
2025-09-30,557,1006931.03,56
2025-10-31,557,987566.97,87
2025-11-30,557,968202.91,117
2025-12-31,557,948838.85,148
2025-01-31,558,1201367.91,26
2025-02-28,558,1191356.51,54
2025-03-31,558,1181345.11,85
2025-04-30,558,1171333.71,115
2025-05-31,558,1161322.31,146
2025-06-30,558,1151310.91,176
2025-07-31,558,1141299.51,207
2025-08-31,558,1131288.11,238
2025-09-30,558,1121276.71,268
2025-10-31,558,1111265.31,299
2025-11-30,558,1101253.91,329
2025-12-31,558,1091242.51,360
2025-01-31,559,471545.81,0
2025-02-28,559,463553.51,0
2025-03-31,559,455561.21,0
2025-04-30,559,447568.91,0
2025-05-31,559,439576.61,0
2025-06-30,559,431584.31,0
2025-07-31,559,423592.01,0
2025-08-31,559,415599.71,0
2025-09-30,559,407607.41,0
2025-10-31,559,399615.11,0
2025-11-30,559,391622.81,0
2025-12-31,559,383630.51,0
2025-01-31,560,834338.83,0
2025-02-28,560,810500.58,0
2025-03-31,560,786662.33,0
2025-04-30,560,762824.08,0
2025-05-31,560,738985.83,0
2025-06-30,560,738985.83,25
2025-07-31,560,715147.58,56
2025-08-31,560,691309.33,87
2025-09-30,560,667471.08,117
2025-10-31,560,643632.83,148
2025-11-30,560,619794.58,178
2025-12-31,560,595956.33,209
2025-01-31,561,1190301.51,0
2025-02-28,561,1138549.27,0
2025-03-31,561,1086797.03,0
2025-04-30,561,1035044.79,0
2025-05-31,561,983292.55,0
2025-06-30,561,931540.31,0
2025-07-31,561,879788.07,0
2025-08-31,561,828035.83,0
2025-09-30,561,776283.59,0
2025-10-31,561,724531.35,0
2025-11-30,561,672779.11,0
2025-12-31,561,621026.87,0
2025-01-31,562,3117184.81,0
2025-02-28,562,3090989.98,0
2025-03-31,562,3064795.15,0
2025-04-30,562,3038600.32,0
2025-05-31,562,3012405.49,0
2025-06-30,562,2986210.66,0
2025-07-31,562,2960015.83,0
2025-08-31,562,2933821.0,0
2025-09-30,562,2907626.17,0
2025-10-31,562,2881431.34,0
2025-11-30,562,2855236.51,0
2025-12-31,562,2829041.68,0
2025-01-31,563,278282.01,0
2025-02-28,563,273565.37,0
2025-03-31,563,268848.73,0
2025-04-30,563,264132.09,0
2025-05-31,563,259415.45,0
2025-06-30,563,254698.81,0
2025-07-31,563,249982.17,0
2025-08-31,563,245265.53,0
2025-09-30,563,245265.53,25
2025-10-31,563,240548.89,56
2025-11-30,563,235832.25,86
2025-12-31,563,231115.61,117
2025-01-31,564,984979.45,0
2025-02-28,564,956837.18,0
2025-03-31,564,928694.91,0
2025-04-30,564,900552.64,0
2025-05-31,564,872410.37,0
2025-06-30,564,872410.37,25
2025-07-31,564,844268.1,56
2025-08-31,564,816125.83,87
2025-09-30,564,787983.56,117
2025-10-31,564,759841.29,148
2025-11-30,564,731699.02,178
2025-12-31,564,703556.75,209
2025-01-31,565,501630.63,0
2025-02-28,565,497415.25,0
2025-03-31,565,493199.87,0
2025-04-30,565,488984.49,0
2025-05-31,565,484769.11,0
2025-06-30,565,480553.73,0
2025-07-31,565,476338.35,0
2025-08-31,565,472122.97,0
2025-09-30,565,467907.59,0
2025-10-31,565,463692.21,0
2025-11-30,565,459476.83,0
2025-12-31,565,455261.45,0
2025-01-31,566,337725.76,0
2025-02-28,566,334887.73,0
2025-03-31,566,332049.7,0
2025-04-30,566,329211.67,0
2025-05-31,566,326373.64,0
2025-06-30,566,323535.61,0
2025-07-31,566,320697.58,0
2025-08-31,566,317859.55,0
2025-09-30,566,315021.52,0
2025-10-31,566,312183.49,0
2025-11-30,566,309345.46,0
2025-12-31,566,306507.43,0
2025-01-31,567,1223490.66,0
2025-02-28,567,1202753.53,0
2025-03-31,567,1182016.4,0
2025-04-30,567,1161279.27,0
2025-05-31,567,1140542.14,0
2025-06-30,567,1119805.01,0
2025-07-31,567,1099067.88,0
2025-08-31,567,1078330.75,0
2025-09-30,567,1057593.62,0
2025-10-31,567,1036856.49,0
2025-11-30,567,1016119.36,0
2025-12-31,567,995382.23,0
2025-01-31,568,1237275.93,0
2025-02-28,568,1216305.15,0
2025-03-31,568,1195334.37,0
2025-04-30,568,1174363.59,0
2025-05-31,568,1153392.81,0
2025-06-30,568,1132422.03,0
2025-07-31,568,1111451.25,0
2025-08-31,568,1090480.47,0
2025-09-30,568,1069509.69,0
2025-10-31,568,1048538.91,0
2025-11-30,568,1027568.13,0
2025-12-31,568,1006597.35,0
2025-01-31,569,2246371.73,0
2025-02-28,569,2148703.39,0
2025-03-31,569,2148703.39,26
2025-04-30,569,2051035.05,56
2025-05-31,569,1953366.71,87
2025-06-30,569,1855698.37,117
2025-07-31,569,1758030.03,148
2025-08-31,569,1660361.69,179
2025-09-30,569,1562693.35,209
2025-10-31,569,1465025.01,240
2025-11-30,569,1367356.67,270
2025-12-31,569,1269688.33,301
2025-01-31,570,479088.77,0
2025-02-28,570,465400.52,0
2025-03-31,570,451712.27,0
2025-04-30,570,438024.02,0
2025-05-31,570,424335.77,0
2025-06-30,570,424335.77,25
2025-07-31,570,410647.52,56
2025-08-31,570,396959.27,87
2025-09-30,570,383271.02,117
2025-10-31,570,369582.77,148
2025-11-30,570,355894.52,178
2025-12-31,570,342206.27,209
2025-01-31,571,1536693.01,0
2025-02-28,571,1523779.62,0
2025-03-31,571,1510866.23,0
2025-04-30,571,1497952.84,0
2025-05-31,571,1485039.45,0
2025-06-30,571,1472126.06,0
2025-07-31,571,1459212.67,0
2025-08-31,571,1446299.28,0
2025-09-30,571,1433385.89,0
2025-10-31,571,1420472.5,0
2025-11-30,571,1407559.11,0
2025-12-31,571,1394645.72,0
2025-01-31,572,175701.3,0
2025-02-28,572,168062.11,0
2025-03-31,572,160422.92,0
2025-04-30,572,152783.73,0
2025-05-31,572,145144.54,0
2025-06-30,572,137505.35,0
2025-07-31,572,129866.16,0
2025-08-31,572,122226.97,0
2025-09-30,572,114587.78,0
2025-10-31,572,106948.59,0
2025-11-30,572,99309.4,0
2025-12-31,572,91670.21,0
2025-01-31,573,1832582.08,0
2025-02-28,573,1801521.37,0
2025-03-31,573,1770460.66,0
2025-04-30,573,1739399.95,0
2025-05-31,573,1708339.24,0
2025-06-30,573,1677278.53,0
2025-07-31,573,1646217.82,0
2025-08-31,573,1615157.11,0
2025-09-30,573,1584096.4,0
2025-10-31,573,1553035.69,0
2025-11-30,573,1521974.98,0
2025-12-31,573,1490914.27,0
2025-01-31,574,280017.26,0
2025-02-28,574,267842.6,0
2025-03-31,574,255667.94,0
2025-04-30,574,243493.28,0
2025-05-31,574,231318.62,0
2025-06-30,574,219143.96,0
2025-07-31,574,206969.3,0
2025-08-31,574,194794.64,0
2025-09-30,574,182619.98,0
2025-10-31,574,170445.32,0
2025-11-30,574,158270.66,0
2025-12-31,574,146096.0,0
2025-01-31,575,1887293.6,0
2025-02-28,575,1805237.36,0
2025-03-31,575,1723181.12,0
2025-04-30,575,1641124.88,0
2025-05-31,575,1641124.88,26
2025-06-30,575,1559068.64,56
2025-07-31,575,1477012.4,87
2025-08-31,575,1394956.16,118
2025-09-30,575,1312899.92,148
2025-10-31,575,1230843.68,179
2025-11-30,575,1148787.44,209
2025-12-31,575,1066731.2,240
2025-01-31,576,3053176.53,0
2025-02-28,576,3053176.53,23
2025-03-31,576,3053176.53,54
2025-04-30,576,2920429.72,84
2025-05-31,576,2787682.91,115
2025-06-30,576,2654936.1,145
2025-07-31,576,2522189.29,176
2025-08-31,576,2389442.48,207
2025-09-30,576,2256695.67,237
2025-10-31,576,2123948.86,268
2025-11-30,576,1991202.05,298
2025-12-31,576,1858455.24,329
2025-01-31,577,384595.81,0
2025-02-28,577,381363.91,0
2025-03-31,577,378132.01,0
2025-04-30,577,374900.11,0
2025-05-31,577,371668.21,0
2025-06-30,577,368436.31,0
2025-07-31,577,368436.31,26
2025-08-31,577,365204.41,57
2025-09-30,577,365204.41,87
2025-10-31,577,361972.51,118
2025-11-30,577,358740.61,148
2025-12-31,577,355508.71,179
2025-01-31,578,541663.25,0
2025-02-28,578,518112.67,0
2025-03-31,578,494562.09,0
2025-04-30,578,471011.51,0
2025-05-31,578,447460.93,0
2025-06-30,578,423910.35,0
2025-07-31,578,400359.77,0
2025-08-31,578,376809.19,0
2025-09-30,578,353258.61,0
2025-10-31,578,329708.03,0
2025-11-30,578,306157.45,0
2025-12-31,578,282606.87,0
2025-01-31,579,2331938.76,0
2025-02-28,579,2312342.64,0
2025-03-31,579,2292746.52,0
2025-04-30,579,2273150.4,0
2025-05-31,579,2253554.28,0
2025-06-30,579,2233958.16,0
2025-07-31,579,2214362.04,0
2025-08-31,579,2194765.92,0
2025-09-30,579,2175169.8,0
2025-10-31,579,2155573.68,0
2025-11-30,579,2135977.56,0
2025-12-31,579,2116381.44,0
2025-01-31,580,1305094.41,0
2025-02-28,580,1248351.17,0
2025-03-31,580,1191607.93,0
2025-04-30,580,1134864.69,0
2025-05-31,580,1078121.45,0
2025-06-30,580,1078121.45,25
2025-07-31,580,1078121.45,56
2025-08-31,580,1021378.21,87
2025-09-30,580,964634.97,117
2025-10-31,580,907891.73,148
2025-11-30,580,851148.49,178
2025-12-31,580,794405.25,209
2025-01-31,581,834883.43,0
2025-02-28,581,827867.6,0
2025-03-31,581,820851.77,0
2025-04-30,581,813835.94,0
2025-05-31,581,806820.11,0
2025-06-30,581,799804.28,0
2025-07-31,581,792788.45,0
2025-08-31,581,785772.62,0
2025-09-30,581,778756.79,0
2025-10-31,581,771740.96,0
2025-11-30,581,764725.13,0
2025-12-31,581,757709.3,0
2025-01-31,582,791414.21,0
2025-02-28,582,778000.41,0
2025-03-31,582,764586.61,0
2025-04-30,582,751172.81,0
2025-05-31,582,737759.01,0
2025-06-30,582,724345.21,0
2025-07-31,582,710931.41,0
2025-08-31,582,697517.61,0
2025-09-30,582,697517.61,25
2025-10-31,582,684103.81,56
2025-11-30,582,670690.01,86
2025-12-31,582,657276.21,117
2025-01-31,583,454917.44,0
2025-02-28,583,435138.42,0
2025-03-31,583,415359.4,0
2025-04-30,583,395580.38,0
2025-05-31,583,395580.38,26
2025-06-30,583,375801.36,56
2025-07-31,583,356022.34,87
2025-08-31,583,336243.32,118
2025-09-30,583,316464.3,148
2025-10-31,583,296685.28,179
2025-11-30,583,276906.26,209
2025-12-31,583,257127.24,240
2025-01-31,584,1304715.25,0
2025-02-28,584,1247988.5,0
2025-03-31,584,1191261.75,0
2025-04-30,584,1134535.0,0
2025-05-31,584,1077808.25,0
2025-06-30,584,1021081.5,0
2025-07-31,584,964354.75,0
2025-08-31,584,907628.0,0
2025-09-30,584,850901.25,0
2025-10-31,584,794174.5,0
2025-11-30,584,737447.75,0
2025-12-31,584,680721.0,0
2025-01-31,585,1006077.96,26
2025-02-28,585,964158.04,54
2025-03-31,585,922238.12,85
2025-04-30,585,880318.2,115
2025-05-31,585,838398.28,146
2025-06-30,585,796478.36,176
2025-07-31,585,754558.44,207
2025-08-31,585,712638.52,238
2025-09-30,585,670718.6,268
2025-10-31,585,628798.68,299
2025-11-30,585,586878.76,329
2025-12-31,585,544958.84,360
2025-01-31,586,2150651.77,0
2025-02-28,586,2089204.58,0
2025-03-31,586,2027757.39,0
2025-04-30,586,1966310.2,0
2025-05-31,586,1904863.01,0
2025-06-30,586,1843415.82,0
2025-07-31,586,1781968.63,0
2025-08-31,586,1720521.44,0
2025-09-30,586,1659074.25,0
2025-10-31,586,1659074.25,26
2025-11-30,586,1597627.06,56
2025-12-31,586,1536179.87,87
2025-01-31,587,700550.12,0
2025-02-28,587,680534.4,0
2025-03-31,587,660518.68,0
2025-04-30,587,640502.96,0
2025-05-31,587,620487.24,0
2025-06-30,587,600471.52,0
2025-07-31,587,580455.8,0
2025-08-31,587,560440.08,0
2025-09-30,587,540424.36,0
2025-10-31,587,520408.64,0
2025-11-30,587,500392.92,0
2025-12-31,587,480377.2,0
2025-01-31,588,1037412.08,0
2025-02-28,588,992307.21,0
2025-03-31,588,947202.34,0
2025-04-30,588,902097.47,0
2025-05-31,588,856992.6,0
2025-06-30,588,811887.73,0
2025-07-31,588,766782.86,0
2025-08-31,588,721677.99,0
2025-09-30,588,676573.12,0
2025-10-31,588,631468.25,0
2025-11-30,588,586363.38,0
2025-12-31,588,541258.51,0
2025-01-31,589,391374.38,26
2025-02-28,589,391374.38,54
2025-03-31,589,380502.87,85
2025-04-30,589,369631.36,115
2025-05-31,589,358759.85,146
2025-06-30,589,347888.34,176
2025-07-31,589,337016.83,207
2025-08-31,589,326145.32,238
2025-09-30,589,315273.81,268
2025-10-31,589,304402.3,299
2025-11-30,589,293530.79,329
2025-12-31,589,282659.28,360
2025-01-31,590,561841.64,0
2025-02-28,590,545789.02,0
2025-03-31,590,529736.4,0
2025-04-30,590,513683.78,0
2025-05-31,590,497631.16,0
2025-06-30,590,481578.54,0
2025-07-31,590,465525.92,0
2025-08-31,590,449473.3,0
2025-09-30,590,433420.68,0
2025-10-31,590,417368.06,0
2025-11-30,590,401315.44,0
2025-12-31,590,385262.82,0
2025-01-31,591,1037615.26,0
2025-02-28,591,1007969.11,0
2025-03-31,591,978322.96,0
2025-04-30,591,948676.81,0
2025-05-31,591,919030.66,0
2025-06-30,591,889384.51,0
2025-07-31,591,859738.36,0
2025-08-31,591,830092.21,0
2025-09-30,591,800446.06,0
2025-10-31,591,770799.91,0
2025-11-30,591,741153.76,0
2025-12-31,591,711507.61,0
2025-01-31,592,613187.0,0
2025-02-28,592,586526.7,0
2025-03-31,592,559866.4,0
2025-04-30,592,533206.1,0
2025-05-31,592,506545.8,0
2025-06-30,592,479885.5,0
2025-07-31,592,453225.2,0
2025-08-31,592,426564.9,0
2025-09-30,592,399904.6,0
2025-10-31,592,373244.3,0
2025-11-30,592,346584.0,0
2025-12-31,592,319923.7,0
2025-01-31,593,606004.7,0
2025-02-28,593,579656.67,0
2025-03-31,593,553308.64,0
2025-04-30,593,526960.61,0
2025-05-31,593,500612.58,0
2025-06-30,593,474264.55,0
2025-07-31,593,447916.52,0
2025-08-31,593,421568.49,0
2025-09-30,593,395220.46,0
2025-10-31,593,368872.43,0
2025-11-30,593,368872.43,25
2025-12-31,593,342524.4,56
2025-01-31,594,1930769.27,0
2025-02-28,594,1875604.43,0
2025-03-31,594,1820439.59,0
2025-04-30,594,1765274.75,0
2025-05-31,594,1710109.91,0
2025-06-30,594,1654945.07,0
2025-07-31,594,1599780.23,0
2025-08-31,594,1544615.39,0
2025-09-30,594,1489450.55,0
2025-10-31,594,1434285.71,0
2025-11-30,594,1379120.87,0
2025-12-31,594,1323956.03,0
2025-01-31,595,136466.72,0
2025-02-28,595,135319.94,0
2025-03-31,595,134173.16,0
2025-04-30,595,133026.38,0
2025-05-31,595,131879.6,0
2025-06-30,595,130732.82,0
2025-07-31,595,129586.04,0
2025-08-31,595,128439.26,0
2025-09-30,595,127292.48,0
2025-10-31,595,126145.7,0
2025-11-30,595,124998.92,0
2025-12-31,595,123852.14,0
2025-01-31,596,606249.97,0
2025-02-28,596,601155.43,0
2025-03-31,596,596060.89,0
2025-04-30,596,590966.35,0
2025-05-31,596,590966.35,26
2025-06-30,596,585871.81,56
2025-07-31,596,580777.27,87
2025-08-31,596,575682.73,118
2025-09-30,596,570588.19,148
2025-10-31,596,565493.65,179
2025-11-30,596,560399.11,209
2025-12-31,596,560399.11,240
2025-01-31,597,940119.39,0
2025-02-28,597,924185.16,0
2025-03-31,597,908250.93,0
2025-04-30,597,892316.7,0
2025-05-31,597,892316.7,26
2025-06-30,597,876382.47,56
2025-07-31,597,860448.24,87
2025-08-31,597,844514.01,118
2025-09-30,597,828579.78,148
2025-10-31,597,812645.55,179
2025-11-30,597,796711.32,209
2025-12-31,597,780777.09,240
2025-01-31,598,231942.22,0
2025-02-28,598,229993.13,0
2025-03-31,598,228044.04,0
2025-04-30,598,226094.95,0
2025-05-31,598,226094.95,26
2025-06-30,598,224145.86,56
2025-07-31,598,222196.77,87
2025-08-31,598,220247.68,118
2025-09-30,598,218298.59,148
2025-10-31,598,216349.5,179
2025-11-30,598,214400.41,209
2025-12-31,598,212451.32,240
2025-01-31,599,1645092.85,0
2025-02-28,599,1631268.54,0
2025-03-31,599,1617444.23,0
2025-04-30,599,1603619.92,0
2025-05-31,599,1589795.61,0
2025-06-30,599,1575971.3,0
2025-07-31,599,1562146.99,0
2025-08-31,599,1548322.68,0
2025-09-30,599,1534498.37,0
2025-10-31,599,1520674.06,0
2025-11-30,599,1506849.75,0
2025-12-31,599,1493025.44,0
2025-01-31,600,349849.83,0
2025-02-28,600,334638.97,0
2025-03-31,600,319428.11,0
2025-04-30,600,304217.25,0
2025-05-31,600,289006.39,0
2025-06-30,600,273795.53,0
2025-07-31,600,258584.67,0
2025-08-31,600,243373.81,0
2025-09-30,600,228162.95,0
2025-10-31,600,212952.09,0
2025-11-30,600,197741.23,0
2025-12-31,600,197741.23,26
2025-01-31,601,289504.95,0
2025-02-28,601,281233.38,0
2025-03-31,601,272961.81,0
2025-04-30,601,264690.24,0
2025-05-31,601,256418.67,0
2025-06-30,601,248147.1,0
2025-07-31,601,239875.53,0
2025-08-31,601,231603.96,0
2025-09-30,601,223332.39,0
2025-10-31,601,215060.82,0
2025-11-30,601,206789.25,0
2025-12-31,601,198517.68,0
2025-01-31,602,1366288.88,0
2025-02-28,602,1354807.46,0
2025-03-31,602,1343326.04,0
2025-04-30,602,1331844.62,0
2025-05-31,602,1320363.2,0
2025-06-30,602,1308881.78,0
2025-07-31,602,1297400.36,0
2025-08-31,602,1285918.94,0
2025-09-30,602,1285918.94,25
2025-10-31,602,1274437.52,56
2025-11-30,602,1274437.52,86
2025-12-31,602,1262956.1,117
2025-01-31,603,824409.66,0
2025-02-28,603,817481.85,0
2025-03-31,603,810554.04,0
2025-04-30,603,803626.23,0
2025-05-31,603,803626.23,26
2025-06-30,603,803626.23,56
2025-07-31,603,796698.42,87
2025-08-31,603,789770.61,118
2025-09-30,603,789770.61,148
2025-10-31,603,782842.8,179
2025-11-30,603,775914.99,209
2025-12-31,603,768987.18,240
2025-01-31,604,1897372.89,0
2025-02-28,604,1881428.58,0
2025-03-31,604,1865484.27,0
2025-04-30,604,1849539.96,0
2025-05-31,604,1833595.65,0
2025-06-30,604,1817651.34,0
2025-07-31,604,1801707.03,0
2025-08-31,604,1785762.72,0
2025-09-30,604,1769818.41,0
2025-10-31,604,1753874.1,0
2025-11-30,604,1737929.79,0
2025-12-31,604,1721985.48,0
2025-01-31,605,487667.94,0
2025-02-28,605,479402.38,0
2025-03-31,605,471136.82,0
2025-04-30,605,462871.26,0
2025-05-31,605,454605.7,0
2025-06-30,605,446340.14,0
2025-07-31,605,438074.58,0
2025-08-31,605,429809.02,0
2025-09-30,605,421543.46,0
2025-10-31,605,413277.9,0
2025-11-30,605,405012.34,0
2025-12-31,605,396746.78,0
2025-01-31,606,1210838.32,0
2025-02-28,606,1176242.94,0
2025-03-31,606,1141647.56,0
2025-04-30,606,1107052.18,0
2025-05-31,606,1072456.8,0
2025-06-30,606,1037861.42,0
2025-07-31,606,1003266.04,0
2025-08-31,606,968670.66,0
2025-09-30,606,934075.28,0
2025-10-31,606,899479.9,0
2025-11-30,606,864884.52,0
2025-12-31,606,830289.14,0
2025-01-31,607,978347.31,0
2025-02-28,607,935810.47,0
2025-03-31,607,893273.63,0
2025-04-30,607,850736.79,0
2025-05-31,607,808199.95,0
2025-06-30,607,765663.11,0
2025-07-31,607,723126.27,0
2025-08-31,607,680589.43,0
2025-09-30,607,638052.59,0
2025-10-31,607,595515.75,0
2025-11-30,607,552978.91,0
2025-12-31,607,510442.07,0
2025-01-31,608,688516.11,0
2025-02-28,608,682730.26,0
2025-03-31,608,676944.41,0
2025-04-30,608,671158.56,0
2025-05-31,608,665372.71,0
2025-06-30,608,659586.86,0
2025-07-31,608,659586.86,26
2025-08-31,608,653801.01,57
2025-09-30,608,648015.16,87
2025-10-31,608,642229.31,118
2025-11-30,608,636443.46,148
2025-12-31,608,630657.61,179
2025-01-31,609,1198912.28,0
2025-02-28,609,1188837.39,0
2025-03-31,609,1178762.5,0
2025-04-30,609,1168687.61,0
2025-05-31,609,1158612.72,0
2025-06-30,609,1148537.83,0
2025-07-31,609,1138462.94,0
2025-08-31,609,1128388.05,0
2025-09-30,609,1118313.16,0
2025-10-31,609,1108238.27,0
2025-11-30,609,1098163.38,0
2025-12-31,609,1098163.38,26
2025-01-31,610,2152363.26,0
2025-02-28,610,2090867.17,0
2025-03-31,610,2029371.08,0
2025-04-30,610,1967874.99,0
2025-05-31,610,1906378.9,0
2025-06-30,610,1844882.81,0
2025-07-31,610,1783386.72,0
2025-08-31,610,1721890.63,0
2025-09-30,610,1660394.54,0
2025-10-31,610,1598898.45,0
2025-11-30,610,1537402.36,0
2025-12-31,610,1475906.27,0
2025-01-31,611,427714.8,0
2025-02-28,611,420465.4,0
2025-03-31,611,413216.0,0
2025-04-30,611,405966.6,0
2025-05-31,611,398717.2,0
2025-06-30,611,391467.8,0
2025-07-31,611,384218.4,0
2025-08-31,611,384218.4,26
2025-09-30,611,376969.0,56
2025-10-31,611,369719.6,87
2025-11-30,611,362470.2,117
2025-12-31,611,355220.8,148
2025-01-31,612,533410.32,0
2025-02-28,612,518170.02,0
2025-03-31,612,502929.72,0
2025-04-30,612,487689.42,0
2025-05-31,612,472449.12,0
2025-06-30,612,457208.82,0
2025-07-31,612,441968.52,0
2025-08-31,612,426728.22,0
2025-09-30,612,411487.92,0
2025-10-31,612,396247.62,0
2025-11-30,612,381007.32,0
2025-12-31,612,365767.02,0
2025-01-31,613,1446188.8,0
2025-02-28,613,1404869.12,0
2025-03-31,613,1363549.44,0
2025-04-30,613,1322229.76,0
2025-05-31,613,1280910.08,0
2025-06-30,613,1239590.4,0
2025-07-31,613,1198270.72,0
2025-08-31,613,1156951.04,0
2025-09-30,613,1115631.36,0
2025-10-31,613,1074311.68,0
2025-11-30,613,1032992.0,0
2025-12-31,613,991672.32,0
2025-01-31,614,504564.7,0
2025-02-28,614,500324.66,0
2025-03-31,614,500324.66,26
2025-04-30,614,496084.62,56
2025-05-31,614,491844.58,87
2025-06-30,614,487604.54,117
2025-07-31,614,483364.5,148
2025-08-31,614,479124.46,179
2025-09-30,614,474884.42,209
2025-10-31,614,470644.38,240
2025-11-30,614,466404.34,270
2025-12-31,614,462164.3,301
2025-01-31,615,963902.93,0
2025-02-28,615,936362.85,0
2025-03-31,615,908822.77,0
2025-04-30,615,881282.69,0
2025-05-31,615,853742.61,0
2025-06-30,615,826202.53,0
2025-07-31,615,798662.45,0
2025-08-31,615,771122.37,0
2025-09-30,615,743582.29,0
2025-10-31,615,716042.21,0
2025-11-30,615,688502.13,0
2025-12-31,615,660962.05,0
2025-01-31,616,2623055.81,0
2025-02-28,616,2578597.24,0
2025-03-31,616,2534138.67,0
2025-04-30,616,2489680.1,0
2025-05-31,616,2445221.53,0
2025-06-30,616,2400762.96,0
2025-07-31,616,2356304.39,0
2025-08-31,616,2356304.39,26
2025-09-30,616,2311845.82,56
2025-10-31,616,2267387.25,87
2025-11-30,616,2222928.68,117
2025-12-31,616,2178470.11,148
2025-01-31,617,626697.68,0
2025-02-28,617,608792.03,0
2025-03-31,617,590886.38,0
2025-04-30,617,572980.73,0
2025-05-31,617,555075.08,0
2025-06-30,617,537169.43,0
2025-07-31,617,537169.43,26
2025-08-31,617,519263.78,57
2025-09-30,617,519263.78,87
2025-10-31,617,501358.13,118
2025-11-30,617,483452.48,148
2025-12-31,617,465546.83,179
2025-01-31,618,2280622.17,26
2025-02-28,618,2217271.55,54
2025-03-31,618,2153920.93,85
2025-04-30,618,2090570.31,115
2025-05-31,618,2027219.69,146
2025-06-30,618,1963869.07,176
2025-07-31,618,1900518.45,207
2025-08-31,618,1837167.83,238
2025-09-30,618,1773817.21,268
2025-10-31,618,1710466.59,299
2025-11-30,618,1647115.97,329
2025-12-31,618,1583765.35,360
2025-01-31,619,772304.21,0
2025-02-28,619,759214.31,0
2025-03-31,619,746124.41,0
2025-04-30,619,733034.51,0
2025-05-31,619,719944.61,0
2025-06-30,619,706854.71,0
2025-07-31,619,693764.81,0
2025-08-31,619,680674.91,0
2025-09-30,619,667585.01,0
2025-10-31,619,654495.11,0
2025-11-30,619,641405.21,0
2025-12-31,619,628315.31,0
2025-01-31,620,711345.07,0
2025-02-28,620,705367.38,0
2025-03-31,620,699389.69,0
2025-04-30,620,693412.0,0
2025-05-31,620,687434.31,0
2025-06-30,620,681456.62,0
2025-07-31,620,675478.93,0
2025-08-31,620,669501.24,0
2025-09-30,620,663523.55,0
2025-10-31,620,657545.86,0
2025-11-30,620,651568.17,0
2025-12-31,620,645590.48,0
2025-01-31,621,197411.71,0
2025-02-28,621,195752.79,0
2025-03-31,621,194093.87,0
2025-04-30,621,192434.95,0
2025-05-31,621,190776.03,0
2025-06-30,621,189117.11,0
2025-07-31,621,187458.19,0
2025-08-31,621,185799.27,0
2025-09-30,621,184140.35,0
2025-10-31,621,182481.43,0
2025-11-30,621,180822.51,0
2025-12-31,621,179163.59,0
2025-01-31,622,713184.78,0
2025-02-28,622,707191.63,0
2025-03-31,622,701198.48,0
2025-04-30,622,695205.33,0
2025-05-31,622,689212.18,0
2025-06-30,622,683219.03,0
2025-07-31,622,677225.88,0
2025-08-31,622,671232.73,0
2025-09-30,622,665239.58,0
2025-10-31,622,659246.43,0
2025-11-30,622,653253.28,0
2025-12-31,622,647260.13,0
2025-01-31,623,1805111.34,0
2025-02-28,623,1774516.23,0
2025-03-31,623,1743921.12,0
2025-04-30,623,1713326.01,0
2025-05-31,623,1682730.9,0
2025-06-30,623,1652135.79,0
2025-07-31,623,1621540.68,0
2025-08-31,623,1590945.57,0
2025-09-30,623,1560350.46,0
2025-10-31,623,1529755.35,0
2025-11-30,623,1499160.24,0
2025-12-31,623,1468565.13,0
2025-01-31,624,468496.46,0
2025-02-28,624,460555.84,0
2025-03-31,624,452615.22,0
2025-04-30,624,444674.6,0
2025-05-31,624,436733.98,0
2025-06-30,624,428793.36,0
2025-07-31,624,420852.74,0
2025-08-31,624,412912.12,0
2025-09-30,624,404971.5,0
2025-10-31,624,397030.88,0
2025-11-30,624,389090.26,0
2025-12-31,624,381149.64,0
2025-01-31,625,250600.47,0
2025-02-28,625,250600.47,23
2025-03-31,625,246353.0,54
2025-04-30,625,242105.53,84
2025-05-31,625,237858.06,115
2025-06-30,625,233610.59,145
2025-07-31,625,229363.12,176
2025-08-31,625,225115.65,207
2025-09-30,625,220868.18,237
2025-10-31,625,216620.71,268
2025-11-30,625,212373.24,298
2025-12-31,625,208125.77,329
2025-01-31,626,561791.03,0
2025-02-28,626,552269.15,0
2025-03-31,626,542747.27,0
2025-04-30,626,533225.39,0
2025-05-31,626,523703.51,0
2025-06-30,626,514181.63,0
2025-07-31,626,504659.75,0
2025-08-31,626,495137.87,0
2025-09-30,626,485615.99,0
2025-10-31,626,476094.11,0
2025-11-30,626,466572.23,0
2025-12-31,626,457050.35,0
2025-01-31,627,406060.94,0
2025-02-28,627,394459.2,0
2025-03-31,627,382857.46,0
2025-04-30,627,371255.72,0
2025-05-31,627,359653.98,0
2025-06-30,627,348052.24,0
2025-07-31,627,336450.5,0
2025-08-31,627,336450.5,26
2025-09-30,627,324848.76,56
2025-10-31,627,313247.02,87
2025-11-30,627,301645.28,117
2025-12-31,627,290043.54,148
2025-01-31,628,1042173.88,0
2025-02-28,628,1024509.92,0
2025-03-31,628,1006845.96,0
2025-04-30,628,989182.0,0
2025-05-31,628,971518.04,0
2025-06-30,628,953854.08,0
2025-07-31,628,936190.12,0
2025-08-31,628,918526.16,0
2025-09-30,628,900862.2,0
2025-10-31,628,883198.24,0
2025-11-30,628,865534.28,0
2025-12-31,628,847870.32,0
2025-01-31,629,879820.25,0
2025-02-28,629,841567.2,0
2025-03-31,629,803314.15,0
2025-04-30,629,765061.1,0
2025-05-31,629,726808.05,0
2025-06-30,629,688555.0,0
2025-07-31,629,650301.95,0
2025-08-31,629,612048.9,0
2025-09-30,629,573795.85,0
2025-10-31,629,535542.8,0
2025-11-30,629,497289.75,0
2025-12-31,629,459036.7,0
2025-01-31,630,2236718.86,0
2025-02-28,630,2139470.21,0
2025-03-31,630,2042221.56,0
2025-04-30,630,1944972.91,0
2025-05-31,630,1847724.26,0
2025-06-30,630,1750475.61,0
2025-07-31,630,1653226.96,0
2025-08-31,630,1555978.31,0
2025-09-30,630,1458729.66,0
2025-10-31,630,1361481.01,0
2025-11-30,630,1264232.36,0
2025-12-31,630,1166983.71,0
2025-01-31,631,1058238.44,0
2025-02-28,631,1049345.68,0
2025-03-31,631,1040452.92,0
2025-04-30,631,1040452.92,25
2025-05-31,631,1031560.16,56
2025-06-30,631,1031560.16,86
2025-07-31,631,1022667.4,117
2025-08-31,631,1013774.64,148
2025-09-30,631,1004881.88,178
2025-10-31,631,995989.12,209
2025-11-30,631,987096.36,239
2025-12-31,631,978203.6,270
2025-01-31,632,956537.16,0
2025-02-28,632,940324.67,0
2025-03-31,632,924112.18,0
2025-04-30,632,907899.69,0
2025-05-31,632,891687.2,0
2025-06-30,632,875474.71,0
2025-07-31,632,859262.22,0
2025-08-31,632,843049.73,0
2025-09-30,632,826837.24,0
2025-10-31,632,810624.75,0
2025-11-30,632,794412.26,0
2025-12-31,632,778199.77,0
2025-01-31,633,1821024.63,0
2025-02-28,633,1821024.63,23
2025-03-31,633,1741849.65,54
2025-04-30,633,1662674.67,84
2025-05-31,633,1583499.69,115
2025-06-30,633,1504324.71,145
2025-07-31,633,1425149.73,176
2025-08-31,633,1345974.75,207
2025-09-30,633,1266799.77,237
2025-10-31,633,1187624.79,268
2025-11-30,633,1108449.81,298
2025-12-31,633,1029274.83,329
2025-01-31,634,1301627.98,0
2025-02-28,634,1290689.93,0
2025-03-31,634,1279751.88,0
2025-04-30,634,1268813.83,0
2025-05-31,634,1257875.78,0
2025-06-30,634,1246937.73,0
2025-07-31,634,1235999.68,0
2025-08-31,634,1235999.68,26
2025-09-30,634,1225061.63,56
2025-10-31,634,1214123.58,87
2025-11-30,634,1203185.53,117
2025-12-31,634,1192247.48,148
2025-01-31,635,310510.61,0
2025-02-28,635,297010.15,0
2025-03-31,635,283509.69,0
2025-04-30,635,270009.23,0
2025-05-31,635,256508.77,0
2025-06-30,635,243008.31,0
2025-07-31,635,229507.85,0
2025-08-31,635,216007.39,0
2025-09-30,635,202506.93,0
2025-10-31,635,189006.47,0
2025-11-30,635,175506.01,0
2025-12-31,635,162005.55,0
2025-01-31,636,984974.12,0
2025-02-28,636,976697.03,0
2025-03-31,636,968419.94,0
2025-04-30,636,960142.85,0
2025-05-31,636,951865.76,0
2025-06-30,636,943588.67,0
2025-07-31,636,935311.58,0
2025-08-31,636,927034.49,0
2025-09-30,636,918757.4,0
2025-10-31,636,910480.31,0
2025-11-30,636,902203.22,0
2025-12-31,636,893926.13,0
2025-01-31,637,481802.12,0
2025-02-28,637,468036.34,0
2025-03-31,637,454270.56,0
2025-04-30,637,440504.78,0
2025-05-31,637,426739.0,0
2025-06-30,637,412973.22,0
2025-07-31,637,399207.44,0
2025-08-31,637,385441.66,0
2025-09-30,637,371675.88,0
2025-10-31,637,357910.1,0
2025-11-30,637,344144.32,0
2025-12-31,637,330378.54,0
2025-01-31,638,2297176.62,0
2025-02-28,638,2197299.38,0
2025-03-31,638,2097422.14,0
2025-04-30,638,1997544.9,0
2025-05-31,638,1897667.66,0
2025-06-30,638,1797790.42,0
2025-07-31,638,1697913.18,0
2025-08-31,638,1598035.94,0
2025-09-30,638,1498158.7,0
2025-10-31,638,1398281.46,0
2025-11-30,638,1298404.22,0
2025-12-31,638,1198526.98,0
2025-01-31,639,1337818.92,0
2025-02-28,639,1279652.88,0
2025-03-31,639,1221486.84,0
2025-04-30,639,1163320.8,0
2025-05-31,639,1105154.76,0
2025-06-30,639,1046988.72,0
2025-07-31,639,988822.68,0
2025-08-31,639,930656.64,0
2025-09-30,639,872490.6,0
2025-10-31,639,814324.56,0
2025-11-30,639,756158.52,0
2025-12-31,639,697992.48,0
2025-01-31,640,1989540.89,0
2025-02-28,640,1972822.06,0
2025-03-31,640,1956103.23,0
2025-04-30,640,1939384.4,0
2025-05-31,640,1922665.57,0
2025-06-30,640,1905946.74,0
2025-07-31,640,1889227.91,0
2025-08-31,640,1872509.08,0
2025-09-30,640,1855790.25,0
2025-10-31,640,1839071.42,0
2025-11-30,640,1822352.59,0
2025-12-31,640,1805633.76,0
2025-01-31,641,1045569.03,0
2025-02-28,641,1027847.52,0
2025-03-31,641,1010126.01,0
2025-04-30,641,992404.5,0
2025-05-31,641,974682.99,0
2025-06-30,641,956961.48,0
2025-07-31,641,939239.97,0
2025-08-31,641,921518.46,0
2025-09-30,641,903796.95,0
2025-10-31,641,886075.44,0
2025-11-30,641,886075.44,25
2025-12-31,641,868353.93,56
2025-01-31,642,2007008.23,0
2025-02-28,642,1919747.0,0
2025-03-31,642,1832485.77,0
2025-04-30,642,1745224.54,0
2025-05-31,642,1657963.31,0
2025-06-30,642,1570702.08,0
2025-07-31,642,1483440.85,0
2025-08-31,642,1396179.62,0
2025-09-30,642,1308918.39,0
2025-10-31,642,1221657.16,0
2025-11-30,642,1134395.93,0
2025-12-31,642,1047134.7,0
2025-01-31,643,821374.74,0
2025-02-28,643,807453.13,0
2025-03-31,643,793531.52,0
2025-04-30,643,779609.91,0
2025-05-31,643,765688.3,0
2025-06-30,643,751766.69,0
2025-07-31,643,737845.08,0
2025-08-31,643,723923.47,0
2025-09-30,643,723923.47,25
2025-10-31,643,710001.86,56
2025-11-30,643,696080.25,86
2025-12-31,643,682158.64,117
2025-01-31,644,1402344.45,0
2025-02-28,644,1390560.04,0
2025-03-31,644,1378775.63,0
2025-04-30,644,1366991.22,0
2025-05-31,644,1355206.81,0
2025-06-30,644,1343422.4,0
2025-07-31,644,1331637.99,0
2025-08-31,644,1319853.58,0
2025-09-30,644,1308069.17,0
2025-10-31,644,1296284.76,0
2025-11-30,644,1284500.35,0
2025-12-31,644,1272715.94,0
2025-01-31,645,445454.97,0
2025-02-28,645,432727.69,0
2025-03-31,645,420000.41,0
2025-04-30,645,407273.13,0
2025-05-31,645,394545.85,0
2025-06-30,645,381818.57,0
2025-07-31,645,369091.29,0
2025-08-31,645,356364.01,0
2025-09-30,645,343636.73,0
2025-10-31,645,330909.45,0
2025-11-30,645,318182.17,0
2025-12-31,645,305454.89,0
2025-01-31,646,2964228.34,0
2025-02-28,646,2913987.18,0
2025-03-31,646,2913987.18,26
2025-04-30,646,2863746.02,56
2025-05-31,646,2813504.86,87
2025-06-30,646,2763263.7,117
2025-07-31,646,2713022.54,148
2025-08-31,646,2662781.38,179
2025-09-30,646,2612540.22,209
2025-10-31,646,2562299.06,240
2025-11-30,646,2512057.9,270
2025-12-31,646,2461816.74,301
2025-01-31,647,1657321.07,0
2025-02-28,647,1609969.04,0
2025-03-31,647,1562617.01,0
2025-04-30,647,1515264.98,0
2025-05-31,647,1467912.95,0
2025-06-30,647,1420560.92,0
2025-07-31,647,1373208.89,0
2025-08-31,647,1325856.86,0
2025-09-30,647,1278504.83,0
2025-10-31,647,1231152.8,0
2025-11-30,647,1183800.77,0
2025-12-31,647,1136448.74,0
2025-01-31,648,1468808.23,0
2025-02-28,648,1426842.28,0
2025-03-31,648,1426842.28,26
2025-04-30,648,1384876.33,56
2025-05-31,648,1342910.38,87
2025-06-30,648,1300944.43,117
2025-07-31,648,1258978.48,148
2025-08-31,648,1217012.53,179
2025-09-30,648,1175046.58,209
2025-10-31,648,1133080.63,240
2025-11-30,648,1091114.68,270
2025-12-31,648,1049148.73,301
2025-01-31,649,4835001.96,0
2025-02-28,649,4696859.05,0
2025-03-31,649,4558716.14,0
2025-04-30,649,4420573.23,0
2025-05-31,649,4282430.32,0
2025-06-30,649,4144287.41,0
2025-07-31,649,4144287.41,26
2025-08-31,649,4006144.5,57
2025-09-30,649,3868001.59,87
2025-10-31,649,3729858.68,118
2025-11-30,649,3591715.77,148
2025-12-31,649,3453572.86,179
2025-01-31,650,2966461.33,26
2025-02-28,650,2842858.77,54
2025-03-31,650,2842858.77,85
2025-04-30,650,2719256.21,115
2025-05-31,650,2719256.21,146
2025-06-30,650,2595653.65,176
2025-07-31,650,2472051.09,207
2025-08-31,650,2348448.53,238
2025-09-30,650,2224845.97,268
2025-10-31,650,2101243.41,299
2025-11-30,650,1977640.85,329
2025-12-31,650,1854038.29,360
2025-01-31,651,1703228.97,0
2025-02-28,651,1674360.68,0
2025-03-31,651,1645492.39,0
2025-04-30,651,1645492.39,25
2025-05-31,651,1616624.1,56
2025-06-30,651,1587755.81,86
2025-07-31,651,1558887.52,117
2025-08-31,651,1558887.52,148
2025-09-30,651,1530019.23,178
2025-10-31,651,1501150.94,209
2025-11-30,651,1472282.65,239
2025-12-31,651,1443414.36,270
2025-01-31,652,254431.76,0
2025-02-28,652,243369.51,0
2025-03-31,652,243369.51,26
2025-04-30,652,232307.26,56
2025-05-31,652,221245.01,87
2025-06-30,652,210182.76,117
2025-07-31,652,199120.51,148
2025-08-31,652,188058.26,179
2025-09-30,652,176996.01,209
2025-10-31,652,165933.76,240
2025-11-30,652,154871.51,270
2025-12-31,652,143809.26,301
2025-01-31,653,464868.32,26
2025-02-28,653,457120.51,54
2025-03-31,653,449372.7,85
2025-04-30,653,441624.89,115
2025-05-31,653,433877.08,146
2025-06-30,653,426129.27,176
2025-07-31,653,418381.46,207
2025-08-31,653,410633.65,238
2025-09-30,653,410633.65,268
2025-10-31,653,402885.84,299
2025-11-30,653,395138.03,329
2025-12-31,653,387390.22,360
2025-01-31,654,877090.91,0
2025-02-28,654,852031.17,0
2025-03-31,654,826971.43,0
2025-04-30,654,801911.69,0
2025-05-31,654,776851.95,0
2025-06-30,654,776851.95,25
2025-07-31,654,751792.21,56
2025-08-31,654,726732.47,87
2025-09-30,654,701672.73,117
2025-10-31,654,676612.99,148
2025-11-30,654,651553.25,178
2025-12-31,654,626493.51,209
2025-01-31,655,662286.06,0
2025-02-28,655,643363.6,0
2025-03-31,655,624441.14,0
2025-04-30,655,605518.68,0
2025-05-31,655,586596.22,0
2025-06-30,655,586596.22,25
2025-07-31,655,567673.76,56
2025-08-31,655,548751.3,87
2025-09-30,655,529828.84,117
2025-10-31,655,510906.38,148
2025-11-30,655,491983.92,178
2025-12-31,655,473061.46,209
2025-01-31,656,488197.19,0
2025-02-28,656,488197.19,23
2025-03-31,656,484094.69,54
2025-04-30,656,479992.19,84
2025-05-31,656,475889.69,115
2025-06-30,656,471787.19,145
2025-07-31,656,467684.69,176
2025-08-31,656,463582.19,207
2025-09-30,656,459479.69,237
2025-10-31,656,455377.19,268
2025-11-30,656,451274.69,298
2025-12-31,656,447172.19,329
2025-01-31,657,2253610.55,0
2025-02-28,657,2215413.76,0
2025-03-31,657,2177216.97,0
2025-04-30,657,2139020.18,0
2025-05-31,657,2100823.39,0
2025-06-30,657,2062626.6,0
2025-07-31,657,2024429.81,0
2025-08-31,657,1986233.02,0
2025-09-30,657,1948036.23,0
2025-10-31,657,1909839.44,0
2025-11-30,657,1871642.65,0
2025-12-31,657,1871642.65,26
2025-01-31,658,826688.49,0
2025-02-28,658,812676.82,0
2025-03-31,658,798665.15,0
2025-04-30,658,784653.48,0
2025-05-31,658,770641.81,0
2025-06-30,658,756630.14,0
2025-07-31,658,742618.47,0
2025-08-31,658,728606.8,0
2025-09-30,658,714595.13,0
2025-10-31,658,700583.46,0
2025-11-30,658,686571.79,0
2025-12-31,658,672560.12,0
2025-01-31,659,567914.23,0
2025-02-28,659,558288.56,0
2025-03-31,659,548662.89,0
2025-04-30,659,539037.22,0
2025-05-31,659,529411.55,0
2025-06-30,659,519785.88,0
2025-07-31,659,510160.21,0
2025-08-31,659,500534.54,0
2025-09-30,659,490908.87,0
2025-10-31,659,481283.2,0
2025-11-30,659,471657.53,0
2025-12-31,659,462031.86,0
2025-01-31,660,1932766.33,0
2025-02-28,660,1848733.01,0
2025-03-31,660,1764699.69,0
2025-04-30,660,1680666.37,0
2025-05-31,660,1596633.05,0
2025-06-30,660,1512599.73,0
2025-07-31,660,1428566.41,0
2025-08-31,660,1344533.09,0
2025-09-30,660,1260499.77,0
2025-10-31,660,1176466.45,0
2025-11-30,660,1092433.13,0
2025-12-31,660,1008399.81,0
2025-01-31,661,1219756.22,0
2025-02-28,661,1184906.04,0
2025-03-31,661,1150055.86,0
2025-04-30,661,1115205.68,0
2025-05-31,661,1080355.5,0
2025-06-30,661,1045505.32,0
2025-07-31,661,1010655.14,0
2025-08-31,661,975804.96,0
2025-09-30,661,940954.78,0
2025-10-31,661,906104.6,0
2025-11-30,661,871254.42,0
2025-12-31,661,871254.42,26
2025-01-31,662,1411881.97,0
2025-02-28,662,1387951.77,0
2025-03-31,662,1364021.57,0
2025-04-30,662,1340091.37,0
2025-05-31,662,1316161.17,0
2025-06-30,662,1292230.97,0
2025-07-31,662,1268300.77,0
2025-08-31,662,1244370.57,0
2025-09-30,662,1220440.37,0
2025-10-31,662,1196510.17,0
2025-11-30,662,1172579.97,0
2025-12-31,662,1148649.77,0
2025-01-31,663,2342067.94,0
2025-02-28,663,2322386.7,0
2025-03-31,663,2302705.46,0
2025-04-30,663,2283024.22,0
2025-05-31,663,2263342.98,0
2025-06-30,663,2243661.74,0
2025-07-31,663,2223980.5,0
2025-08-31,663,2204299.26,0
2025-09-30,663,2184618.02,0
2025-10-31,663,2164936.78,0
2025-11-30,663,2164936.78,25
2025-12-31,663,2145255.54,56
2025-01-31,664,435842.9,0
2025-02-28,664,428455.73,0
2025-03-31,664,421068.56,0
2025-04-30,664,421068.56,25
2025-05-31,664,413681.39,56
2025-06-30,664,406294.22,86
2025-07-31,664,398907.05,117
2025-08-31,664,391519.88,148
2025-09-30,664,384132.71,178
2025-10-31,664,376745.54,209
2025-11-30,664,369358.37,239
2025-12-31,664,361971.2,270
2025-01-31,665,598193.87,0
2025-02-28,665,588054.99,0
2025-03-31,665,577916.11,0
2025-04-30,665,577916.11,25
2025-05-31,665,567777.23,56
2025-06-30,665,557638.35,86
2025-07-31,665,547499.47,117
2025-08-31,665,537360.59,148
2025-09-30,665,527221.71,178
2025-10-31,665,517082.83,209
2025-11-30,665,506943.95,239
2025-12-31,665,496805.07,270
2025-01-31,666,1094432.92,0
2025-02-28,666,1085236.0,0
2025-03-31,666,1076039.08,0
2025-04-30,666,1066842.16,0
2025-05-31,666,1057645.24,0
2025-06-30,666,1048448.32,0
2025-07-31,666,1039251.4,0
2025-08-31,666,1030054.48,0
2025-09-30,666,1020857.56,0
2025-10-31,666,1011660.64,0
2025-11-30,666,1002463.72,0
2025-12-31,666,993266.8,0
2025-01-31,667,544364.08,0
2025-02-28,667,528810.82,0
2025-03-31,667,513257.56,0
2025-04-30,667,497704.3,0
2025-05-31,667,482151.04,0
2025-06-30,667,466597.78,0
2025-07-31,667,451044.52,0
2025-08-31,667,435491.26,0
2025-09-30,667,419938.0,0
2025-10-31,667,404384.74,0
2025-11-30,667,388831.48,0
2025-12-31,667,373278.22,0
2025-01-31,668,638806.23,0
2025-02-28,668,620554.62,0
2025-03-31,668,602303.01,0
2025-04-30,668,584051.4,0
2025-05-31,668,565799.79,0
2025-06-30,668,547548.18,0
2025-07-31,668,547548.18,26
2025-08-31,668,529296.57,57
2025-09-30,668,511044.96,87
2025-10-31,668,492793.35,118
2025-11-30,668,474541.74,148
2025-12-31,668,456290.13,179
2025-01-31,669,1367693.88,0
2025-02-28,669,1356200.65,0
2025-03-31,669,1344707.42,0
2025-04-30,669,1333214.19,0
2025-05-31,669,1321720.96,0
2025-06-30,669,1310227.73,0
2025-07-31,669,1298734.5,0
2025-08-31,669,1287241.27,0
2025-09-30,669,1275748.04,0
2025-10-31,669,1264254.81,0
2025-11-30,669,1252761.58,0
2025-12-31,669,1241268.35,0
2025-01-31,670,1302385.16,0
2025-02-28,670,1265174.16,0
2025-03-31,670,1227963.16,0
2025-04-30,670,1190752.16,0
2025-05-31,670,1153541.16,0
2025-06-30,670,1116330.16,0
2025-07-31,670,1116330.16,26
2025-08-31,670,1079119.16,57
2025-09-30,670,1041908.16,87
2025-10-31,670,1041908.16,118
2025-11-30,670,1004697.16,148
2025-12-31,670,967486.16,179
2025-01-31,671,1334341.98,0
2025-02-28,671,1311726.01,0
2025-03-31,671,1289110.04,0
2025-04-30,671,1266494.07,0
2025-05-31,671,1243878.1,0
2025-06-30,671,1221262.13,0
2025-07-31,671,1198646.16,0
2025-08-31,671,1176030.19,0
2025-09-30,671,1153414.22,0
2025-10-31,671,1153414.22,26
2025-11-30,671,1130798.25,56
2025-12-31,671,1108182.28,87
2025-01-31,672,550849.95,0
2025-02-28,672,550849.95,23
2025-03-31,672,535111.38,54
2025-04-30,672,519372.81,84
2025-05-31,672,503634.24,115
2025-06-30,672,487895.67,145
2025-07-31,672,472157.1,176
2025-08-31,672,456418.53,207
2025-09-30,672,440679.96,237
2025-10-31,672,440679.96,268
2025-11-30,672,424941.39,298
2025-12-31,672,409202.82,329
2025-01-31,673,403678.94,0
2025-02-28,673,396836.92,0
2025-03-31,673,389994.9,0
2025-04-30,673,383152.88,0
2025-05-31,673,376310.86,0
2025-06-30,673,369468.84,0
2025-07-31,673,362626.82,0
2025-08-31,673,355784.8,0
2025-09-30,673,348942.78,0
2025-10-31,673,342100.76,0
2025-11-30,673,335258.74,0
2025-12-31,673,328416.72,0
2025-01-31,674,287001.25,0
2025-02-28,674,284589.47,0
2025-03-31,674,282177.69,0
2025-04-30,674,279765.91,0
2025-05-31,674,277354.13,0
2025-06-30,674,274942.35,0
2025-07-31,674,272530.57,0
2025-08-31,674,270118.79,0
2025-09-30,674,267707.01,0
2025-10-31,674,265295.23,0
2025-11-30,674,262883.45,0
2025-12-31,674,260471.67,0
2025-01-31,675,1377538.31,0
2025-02-28,675,1317645.34,0
2025-03-31,675,1257752.37,0
2025-04-30,675,1197859.4,0
2025-05-31,675,1137966.43,0
2025-06-30,675,1137966.43,25
2025-07-31,675,1078073.46,56
2025-08-31,675,1018180.49,87
2025-09-30,675,958287.52,117
2025-10-31,675,898394.55,148
2025-11-30,675,838501.58,178
2025-12-31,675,838501.58,209
2025-01-31,676,218613.52,0
2025-02-28,676,214908.21,0
2025-03-31,676,211202.9,0
2025-04-30,676,207497.59,0
2025-05-31,676,203792.28,0
2025-06-30,676,200086.97,0
2025-07-31,676,196381.66,0
2025-08-31,676,192676.35,0
2025-09-30,676,188971.04,0
2025-10-31,676,185265.73,0
2025-11-30,676,181560.42,0
2025-12-31,676,177855.11,0
2025-01-31,677,1100607.07,0
2025-02-28,677,1091358.27,0
2025-03-31,677,1082109.47,0
2025-04-30,677,1072860.67,0
2025-05-31,677,1063611.87,0
2025-06-30,677,1054363.07,0
2025-07-31,677,1045114.27,0
2025-08-31,677,1035865.47,0
2025-09-30,677,1026616.67,0
2025-10-31,677,1017367.87,0
2025-11-30,677,1008119.07,0
2025-12-31,677,998870.27,0
2025-01-31,678,791667.46,0
2025-02-28,678,757247.14,0
2025-03-31,678,722826.82,0
2025-04-30,678,688406.5,0
2025-05-31,678,653986.18,0
2025-06-30,678,619565.86,0
2025-07-31,678,585145.54,0
2025-08-31,678,550725.22,0
2025-09-30,678,516304.9,0
2025-10-31,678,481884.58,0
2025-11-30,678,447464.26,0
2025-12-31,678,413043.94,0
2025-01-31,679,291087.88,26
2025-02-28,679,283002.11,54
2025-03-31,679,274916.34,85
2025-04-30,679,266830.57,115
2025-05-31,679,258744.8,146
2025-06-30,679,250659.03,176
2025-07-31,679,242573.26,207
2025-08-31,679,234487.49,238
2025-09-30,679,226401.72,268
2025-10-31,679,218315.95,299
2025-11-30,679,210230.18,329
2025-12-31,679,202144.41,360
2025-01-31,680,1116900.22,0
2025-02-28,680,1084988.79,0
2025-03-31,680,1084988.79,26
2025-04-30,680,1053077.36,56
2025-05-31,680,1021165.93,87
2025-06-30,680,989254.5,117
2025-07-31,680,957343.07,148
2025-08-31,680,925431.64,179
2025-09-30,680,893520.21,209
2025-10-31,680,861608.78,240
2025-11-30,680,829697.35,270
2025-12-31,680,797785.92,301
2025-01-31,681,900740.68,0
2025-02-28,681,885473.89,0
2025-03-31,681,870207.1,0
2025-04-30,681,854940.31,0
2025-05-31,681,839673.52,0
2025-06-30,681,824406.73,0
2025-07-31,681,809139.94,0
2025-08-31,681,793873.15,0
2025-09-30,681,778606.36,0
2025-10-31,681,778606.36,26
2025-11-30,681,763339.57,56
2025-12-31,681,748072.78,87
2025-01-31,682,1387462.5,0
2025-02-28,682,1375803.15,0
2025-03-31,682,1364143.8,0
2025-04-30,682,1352484.45,0
2025-05-31,682,1340825.1,0
2025-06-30,682,1329165.75,0
2025-07-31,682,1317506.4,0
2025-08-31,682,1305847.05,0
2025-09-30,682,1294187.7,0
2025-10-31,682,1282528.35,0
2025-11-30,682,1270869.0,0
2025-12-31,682,1259209.65,0
2025-01-31,683,2480517.78,0
2025-02-28,683,2409645.84,0
2025-03-31,683,2338773.9,0
2025-04-30,683,2267901.96,0
2025-05-31,683,2197030.02,0
2025-06-30,683,2126158.08,0
2025-07-31,683,2055286.14,0
2025-08-31,683,1984414.2,0
2025-09-30,683,1984414.2,25
2025-10-31,683,1913542.26,56
2025-11-30,683,1913542.26,86
2025-12-31,683,1842670.32,117
2025-01-31,684,985903.13,0
2025-02-28,684,943037.78,0
2025-03-31,684,900172.43,0
2025-04-30,684,857307.08,0
2025-05-31,684,814441.73,0
2025-06-30,684,771576.38,0
2025-07-31,684,728711.03,0
2025-08-31,684,685845.68,0
2025-09-30,684,642980.33,0
2025-10-31,684,600114.98,0
2025-11-30,684,557249.63,0
2025-12-31,684,514384.28,0
2025-01-31,685,657839.28,0
2025-02-28,685,646689.46,0
2025-03-31,685,635539.64,0
2025-04-30,685,624389.82,0
2025-05-31,685,613240.0,0
2025-06-30,685,602090.18,0
2025-07-31,685,590940.36,0
2025-08-31,685,579790.54,0
2025-09-30,685,568640.72,0
2025-10-31,685,568640.72,26
2025-11-30,685,557490.9,56
2025-12-31,685,546341.08,87
2025-01-31,686,930362.35,0
2025-02-28,686,903780.57,0
2025-03-31,686,877198.79,0
2025-04-30,686,850617.01,0
2025-05-31,686,850617.01,26
2025-06-30,686,824035.23,56
2025-07-31,686,797453.45,87
2025-08-31,686,770871.67,118
2025-09-30,686,744289.89,148
2025-10-31,686,717708.11,179
2025-11-30,686,691126.33,209
2025-12-31,686,664544.55,240
2025-01-31,687,363496.38,0
2025-02-28,687,347692.19,0
2025-03-31,687,331888.0,0
2025-04-30,687,316083.81,0
2025-05-31,687,300279.62,0
2025-06-30,687,284475.43,0
2025-07-31,687,268671.24,0
2025-08-31,687,268671.24,26
2025-09-30,687,252867.05,56
2025-10-31,687,237062.86,87
2025-11-30,687,221258.67,117
2025-12-31,687,205454.48,148
2025-01-31,688,2212819.13,0
2025-02-28,688,2116609.6,0
2025-03-31,688,2020400.07,0
2025-04-30,688,1924190.54,0
2025-05-31,688,1827981.01,0
2025-06-30,688,1731771.48,0
2025-07-31,688,1635561.95,0
2025-08-31,688,1539352.42,0
2025-09-30,688,1443142.89,0
2025-10-31,688,1346933.36,0
2025-11-30,688,1250723.83,0
2025-12-31,688,1154514.3,0
2025-01-31,689,1055787.58,0
2025-02-28,689,1046915.42,0
2025-03-31,689,1038043.26,0
2025-04-30,689,1029171.1,0
2025-05-31,689,1029171.1,26
2025-06-30,689,1020298.94,56
2025-07-31,689,1011426.78,87
2025-08-31,689,1002554.62,118
2025-09-30,689,993682.46,148
2025-10-31,689,984810.3,179
2025-11-30,689,975938.14,209
2025-12-31,689,967065.98,240
2025-01-31,690,521295.63,0
2025-02-28,690,516914.99,0
2025-03-31,690,512534.35,0
2025-04-30,690,508153.71,0
2025-05-31,690,503773.07,0
2025-06-30,690,499392.43,0
2025-07-31,690,495011.79,0
2025-08-31,690,490631.15,0
2025-09-30,690,486250.51,0
2025-10-31,690,481869.87,0
2025-11-30,690,477489.23,0
2025-12-31,690,473108.59,0
2025-01-31,691,961966.98,0
2025-02-28,691,953883.22,0
2025-03-31,691,945799.46,0
2025-04-30,691,937715.7,0
2025-05-31,691,929631.94,0
2025-06-30,691,921548.18,0
2025-07-31,691,913464.42,0
2025-08-31,691,905380.66,0
2025-09-30,691,897296.9,0
2025-10-31,691,897296.9,26
2025-11-30,691,889213.14,56
2025-12-31,691,881129.38,87
2025-01-31,692,933177.26,0
2025-02-28,692,925335.43,0
2025-03-31,692,917493.6,0
2025-04-30,692,909651.77,0
2025-05-31,692,901809.94,0
2025-06-30,692,893968.11,0
2025-07-31,692,886126.28,0
2025-08-31,692,878284.45,0
2025-09-30,692,870442.62,0
2025-10-31,692,862600.79,0
2025-11-30,692,854758.96,0
2025-12-31,692,846917.13,0
2025-01-31,693,935239.68,0
2025-02-28,693,908518.55,0
2025-03-31,693,881797.42,0
2025-04-30,693,855076.29,0
2025-05-31,693,828355.16,0
2025-06-30,693,801634.03,0
2025-07-31,693,774912.9,0
2025-08-31,693,748191.77,0
2025-09-30,693,721470.64,0
2025-10-31,693,694749.51,0
2025-11-30,693,668028.38,0
2025-12-31,693,641307.25,0
2025-01-31,694,342110.02,0
2025-02-28,694,336311.55,0
2025-03-31,694,330513.08,0
2025-04-30,694,324714.61,0
2025-05-31,694,318916.14,0
2025-06-30,694,313117.67,0
2025-07-31,694,307319.2,0
2025-08-31,694,301520.73,0
2025-09-30,694,295722.26,0
2025-10-31,694,289923.79,0
2025-11-30,694,284125.32,0
2025-12-31,694,278326.85,0
2025-01-31,695,568452.5,0
2025-02-28,695,543737.17,0
2025-03-31,695,519021.84,0
2025-04-30,695,494306.51,0
2025-05-31,695,469591.18,0
2025-06-30,695,469591.18,25
2025-07-31,695,444875.85,56
2025-08-31,695,420160.52,87
2025-09-30,695,395445.19,117
2025-10-31,695,370729.86,148
2025-11-30,695,346014.53,178
2025-12-31,695,321299.2,209
2025-01-31,696,259961.39,0
2025-02-28,696,248658.72,0
2025-03-31,696,237356.05,0
2025-04-30,696,226053.38,0
2025-05-31,696,214750.71,0
2025-06-30,696,203448.04,0
2025-07-31,696,192145.37,0
2025-08-31,696,180842.7,0
2025-09-30,696,169540.03,0
2025-10-31,696,158237.36,0
2025-11-30,696,146934.69,0
2025-12-31,696,135632.02,0
2025-01-31,697,853004.57,0
2025-02-28,697,853004.57,23
2025-03-31,697,838546.87,54
2025-04-30,697,824089.17,84
2025-05-31,697,809631.47,115
2025-06-30,697,795173.77,145
2025-07-31,697,780716.07,176
2025-08-31,697,766258.37,207
2025-09-30,697,751800.67,237
2025-10-31,697,737342.97,268
2025-11-30,697,722885.27,298
2025-12-31,697,708427.57,329
2025-01-31,698,656139.99,0
2025-02-28,698,656139.99,23
2025-03-31,698,637393.13,54
2025-04-30,698,618646.27,84
2025-05-31,698,599899.41,115
2025-06-30,698,581152.55,145
2025-07-31,698,562405.69,176
2025-08-31,698,543658.83,207
2025-09-30,698,524911.97,237
2025-10-31,698,506165.11,268
2025-11-30,698,487418.25,298
2025-12-31,698,468671.39,329
2025-01-31,699,2099303.63,0
2025-02-28,699,2039323.53,0
2025-03-31,699,1979343.43,0
2025-04-30,699,1919363.33,0
2025-05-31,699,1859383.23,0
2025-06-30,699,1799403.13,0
2025-07-31,699,1739423.03,0
2025-08-31,699,1679442.93,0
2025-09-30,699,1619462.83,0
2025-10-31,699,1559482.73,0
2025-11-30,699,1499502.63,0
2025-12-31,699,1439522.53,0
2025-01-31,700,1361427.26,26
2025-02-28,700,1304701.12,54
2025-03-31,700,1247974.98,85
2025-04-30,700,1191248.84,115
2025-05-31,700,1134522.7,146
2025-06-30,700,1077796.56,176
2025-07-31,700,1077796.56,207
2025-08-31,700,1077796.56,238
2025-09-30,700,1021070.42,268
2025-10-31,700,964344.28,299
2025-11-30,700,907618.14,329
2025-12-31,700,850892.0,360
2025-01-31,701,1914417.16,0
2025-02-28,701,1898329.62,0
2025-03-31,701,1882242.08,0
2025-04-30,701,1866154.54,0
2025-05-31,701,1850067.0,0
2025-06-30,701,1850067.0,25
2025-07-31,701,1833979.46,56
2025-08-31,701,1817891.92,87
2025-09-30,701,1801804.38,117
2025-10-31,701,1785716.84,148
2025-11-30,701,1769629.3,178
2025-12-31,701,1753541.76,209
2025-01-31,702,448360.75,0
2025-02-28,702,448360.75,23
2025-03-31,702,428866.8,54
2025-04-30,702,409372.85,84
2025-05-31,702,389878.9,115
2025-06-30,702,370384.95,145
2025-07-31,702,350891.0,176
2025-08-31,702,331397.05,207
2025-09-30,702,331397.05,237
2025-10-31,702,311903.1,268
2025-11-30,702,292409.15,298
2025-12-31,702,272915.2,329
2025-01-31,703,522436.17,0
2025-02-28,703,507509.42,0
2025-03-31,703,492582.67,0
2025-04-30,703,477655.92,0
2025-05-31,703,462729.17,0
2025-06-30,703,447802.42,0
2025-07-31,703,432875.67,0
2025-08-31,703,417948.92,0
2025-09-30,703,403022.17,0
2025-10-31,703,388095.42,0
2025-11-30,703,373168.67,0
2025-12-31,703,358241.92,0
2025-01-31,704,478769.17,0
2025-02-28,704,457953.12,0
2025-03-31,704,437137.07,0
2025-04-30,704,416321.02,0
2025-05-31,704,395504.97,0
2025-06-30,704,374688.92,0
2025-07-31,704,353872.87,0
2025-08-31,704,333056.82,0
2025-09-30,704,312240.77,0
2025-10-31,704,291424.72,0
2025-11-30,704,270608.67,0
2025-12-31,704,249792.62,0
2025-01-31,705,709774.7,0
2025-02-28,705,709774.7,23
2025-03-31,705,697744.62,54
2025-04-30,705,685714.54,84
2025-05-31,705,673684.46,115
2025-06-30,705,661654.38,145
2025-07-31,705,649624.3,176
2025-08-31,705,637594.22,207
2025-09-30,705,625564.14,237
2025-10-31,705,613534.06,268
2025-11-30,705,601503.98,298
2025-12-31,705,589473.9,329
2025-01-31,706,1431556.83,0
2025-02-28,706,1407293.16,0
2025-03-31,706,1383029.49,0
2025-04-30,706,1358765.82,0
2025-05-31,706,1334502.15,0
2025-06-30,706,1310238.48,0
2025-07-31,706,1285974.81,0
2025-08-31,706,1261711.14,0
2025-09-30,706,1237447.47,0
2025-10-31,706,1213183.8,0
2025-11-30,706,1188920.13,0
2025-12-31,706,1164656.46,0
2025-01-31,707,1935193.86,0
2025-02-28,707,1918931.73,0
2025-03-31,707,1918931.73,26
2025-04-30,707,1902669.6,56
2025-05-31,707,1886407.47,87
2025-06-30,707,1870145.34,117
2025-07-31,707,1853883.21,148
2025-08-31,707,1837621.08,179
2025-09-30,707,1821358.95,209
2025-10-31,707,1805096.82,240
2025-11-30,707,1788834.69,270
2025-12-31,707,1772572.56,301
2025-01-31,708,1141331.6,0
2025-02-28,708,1131740.58,0
2025-03-31,708,1122149.56,0
2025-04-30,708,1112558.54,0
2025-05-31,708,1102967.52,0
2025-06-30,708,1093376.5,0
2025-07-31,708,1083785.48,0
2025-08-31,708,1074194.46,0
2025-09-30,708,1064603.44,0
2025-10-31,708,1055012.42,0
2025-11-30,708,1045421.4,0
2025-12-31,708,1035830.38,0
2025-01-31,709,953780.41,0
2025-02-28,709,937614.64,0
2025-03-31,709,921448.87,0
2025-04-30,709,905283.1,0
2025-05-31,709,889117.33,0
2025-06-30,709,872951.56,0
2025-07-31,709,856785.79,0
2025-08-31,709,840620.02,0
2025-09-30,709,840620.02,25
2025-10-31,709,824454.25,56
2025-11-30,709,808288.48,86
2025-12-31,709,792122.71,117
2025-01-31,710,660326.47,0
2025-02-28,710,641460.0,0
2025-03-31,710,622593.53,0
2025-04-30,710,603727.06,0
2025-05-31,710,584860.59,0
2025-06-30,710,565994.12,0
2025-07-31,710,547127.65,0
2025-08-31,710,528261.18,0
2025-09-30,710,509394.71,0
2025-10-31,710,490528.24,0
2025-11-30,710,471661.77,0
2025-12-31,710,452795.3,0
2025-01-31,711,341743.1,0
2025-02-28,711,326884.7,0
2025-03-31,711,312026.3,0
2025-04-30,711,297167.9,0
2025-05-31,711,282309.5,0
2025-06-30,711,267451.1,0
2025-07-31,711,252592.7,0
2025-08-31,711,237734.3,0
2025-09-30,711,222875.9,0
2025-10-31,711,208017.5,0
2025-11-30,711,193159.1,0
2025-12-31,711,178300.7,0
2025-01-31,712,1439182.39,0
2025-02-28,712,1376609.24,0
2025-03-31,712,1314036.09,0
2025-04-30,712,1251462.94,0
2025-05-31,712,1188889.79,0
2025-06-30,712,1126316.64,0
2025-07-31,712,1063743.49,0
2025-08-31,712,1001170.34,0
2025-09-30,712,1001170.34,25
2025-10-31,712,938597.19,56
2025-11-30,712,876024.04,86
2025-12-31,712,813450.89,117
2025-01-31,713,1855629.65,0
2025-02-28,713,1802611.66,0
2025-03-31,713,1749593.67,0
2025-04-30,713,1696575.68,0
2025-05-31,713,1696575.68,26
2025-06-30,713,1643557.69,56
2025-07-31,713,1590539.7,87
2025-08-31,713,1537521.71,118
2025-09-30,713,1484503.72,148
2025-10-31,713,1431485.73,179
2025-11-30,713,1378467.74,209
2025-12-31,713,1325449.75,240
2025-01-31,714,1559761.98,0
2025-02-28,714,1515197.35,0
2025-03-31,714,1470632.72,0
2025-04-30,714,1426068.09,0
2025-05-31,714,1381503.46,0
2025-06-30,714,1336938.83,0
2025-07-31,714,1292374.2,0
2025-08-31,714,1247809.57,0
2025-09-30,714,1203244.94,0
2025-10-31,714,1158680.31,0
2025-11-30,714,1114115.68,0
2025-12-31,714,1069551.05,0
2025-01-31,715,462980.96,0
2025-02-28,715,455133.83,0
2025-03-31,715,447286.7,0
2025-04-30,715,439439.57,0
2025-05-31,715,431592.44,0
2025-06-30,715,423745.31,0
2025-07-31,715,415898.18,0
2025-08-31,715,408051.05,0
2025-09-30,715,400203.92,0
2025-10-31,715,392356.79,0
2025-11-30,715,384509.66,0
2025-12-31,715,376662.53,0
2025-01-31,716,596885.25,0
2025-02-28,716,591869.41,0
2025-03-31,716,586853.57,0
2025-04-30,716,581837.73,0
2025-05-31,716,576821.89,0
2025-06-30,716,571806.05,0
2025-07-31,716,566790.21,0
2025-08-31,716,561774.37,0
2025-09-30,716,556758.53,0
2025-10-31,716,551742.69,0
2025-11-30,716,546726.85,0
2025-12-31,716,541711.01,0
2025-01-31,717,1461241.0,0
2025-02-28,717,1419491.26,0
2025-03-31,717,1377741.52,0
2025-04-30,717,1335991.78,0
2025-05-31,717,1294242.04,0
2025-06-30,717,1252492.3,0
2025-07-31,717,1210742.56,0
2025-08-31,717,1168992.82,0
2025-09-30,717,1127243.08,0
2025-10-31,717,1085493.34,0
2025-11-30,717,1043743.6,0
2025-12-31,717,1001993.86,0
2025-01-31,718,88289.55,0
2025-02-28,718,84450.87,0
2025-03-31,718,80612.19,0
2025-04-30,718,76773.51,0
2025-05-31,718,72934.83,0
2025-06-30,718,69096.15,0
2025-07-31,718,65257.47,0
2025-08-31,718,61418.79,0
2025-09-30,718,57580.11,0
2025-10-31,718,53741.43,0
2025-11-30,718,49902.75,0
2025-12-31,718,46064.07,0
2025-01-31,719,1656785.56,0
2025-02-28,719,1642862.99,0
2025-03-31,719,1628940.42,0
2025-04-30,719,1615017.85,0
2025-05-31,719,1601095.28,0
2025-06-30,719,1587172.71,0
2025-07-31,719,1573250.14,0
2025-08-31,719,1559327.57,0
2025-09-30,719,1545405.0,0
2025-10-31,719,1531482.43,0
2025-11-30,719,1517559.86,0
2025-12-31,719,1517559.86,26
2025-01-31,720,838680.91,0
2025-02-28,720,824465.98,0
2025-03-31,720,810251.05,0
2025-04-30,720,796036.12,0
2025-05-31,720,781821.19,0
2025-06-30,720,781821.19,25
2025-07-31,720,767606.26,56
2025-08-31,720,753391.33,87
2025-09-30,720,739176.4,117
2025-10-31,720,724961.47,148
2025-11-30,720,724961.47,178
2025-12-31,720,710746.54,209
2025-01-31,721,3334021.34,0
2025-02-28,721,3306004.35,0
2025-03-31,721,3277987.36,0
2025-04-30,721,3249970.37,0
2025-05-31,721,3221953.38,0
2025-06-30,721,3193936.39,0
2025-07-31,721,3165919.4,0
2025-08-31,721,3137902.41,0
2025-09-30,721,3109885.42,0
2025-10-31,721,3081868.43,0
2025-11-30,721,3053851.44,0
2025-12-31,721,3025834.45,0
2025-01-31,722,1774990.4,0
2025-02-28,722,1760074.51,0
2025-03-31,722,1745158.62,0
2025-04-30,722,1730242.73,0
2025-05-31,722,1715326.84,0
2025-06-30,722,1700410.95,0
2025-07-31,722,1685495.06,0
2025-08-31,722,1670579.17,0
2025-09-30,722,1655663.28,0
2025-10-31,722,1640747.39,0
2025-11-30,722,1625831.5,0
2025-12-31,722,1610915.61,0
2025-01-31,723,647929.27,0
2025-02-28,723,636947.42,0
2025-03-31,723,625965.57,0
2025-04-30,723,614983.72,0
2025-05-31,723,604001.87,0
2025-06-30,723,593020.02,0
2025-07-31,723,582038.17,0
2025-08-31,723,571056.32,0
2025-09-30,723,560074.47,0
2025-10-31,723,549092.62,0
2025-11-30,723,538110.77,0
2025-12-31,723,527128.92,0
2025-01-31,724,847069.42,0
2025-02-28,724,839951.19,0
2025-03-31,724,832832.96,0
2025-04-30,724,825714.73,0
2025-05-31,724,818596.5,0
2025-06-30,724,811478.27,0
2025-07-31,724,804360.04,0
2025-08-31,724,797241.81,0
2025-09-30,724,790123.58,0
2025-10-31,724,783005.35,0
2025-11-30,724,775887.12,0
2025-12-31,724,775887.12,26
2025-01-31,725,696998.79,0
2025-02-28,725,666694.49,0
2025-03-31,725,636390.19,0
2025-04-30,725,606085.89,0
2025-05-31,725,575781.59,0
2025-06-30,725,545477.29,0
2025-07-31,725,515172.99,0
2025-08-31,725,484868.69,0
2025-09-30,725,454564.39,0
2025-10-31,725,424260.09,0
2025-11-30,725,393955.79,0
2025-12-31,725,363651.49,0
2025-01-31,726,629234.54,0
2025-02-28,726,611256.41,0
2025-03-31,726,593278.28,0
2025-04-30,726,575300.15,0
2025-05-31,726,557322.02,0
2025-06-30,726,539343.89,0
2025-07-31,726,521365.76,0
2025-08-31,726,503387.63,0
2025-09-30,726,485409.5,0
2025-10-31,726,467431.37,0
2025-11-30,726,449453.24,0
2025-12-31,726,449453.24,26
2025-01-31,727,332583.99,0
2025-02-28,727,326946.97,0
2025-03-31,727,321309.95,0
2025-04-30,727,315672.93,0
2025-05-31,727,310035.91,0
2025-06-30,727,304398.89,0
2025-07-31,727,298761.87,0
2025-08-31,727,293124.85,0
2025-09-30,727,287487.83,0
2025-10-31,727,281850.81,0
2025-11-30,727,276213.79,0
2025-12-31,727,270576.77,0
2025-01-31,728,562008.48,0
2025-02-28,728,552482.91,0
2025-03-31,728,542957.34,0
2025-04-30,728,533431.77,0
2025-05-31,728,523906.2,0
2025-06-30,728,514380.63,0
2025-07-31,728,504855.06,0
2025-08-31,728,495329.49,0
2025-09-30,728,495329.49,25
2025-10-31,728,485803.92,56
2025-11-30,728,476278.35,86
2025-12-31,728,466752.78,117
2025-01-31,729,2969979.06,0
2025-02-28,729,2885122.52,0
2025-03-31,729,2800265.98,0
2025-04-30,729,2715409.44,0
2025-05-31,729,2630552.9,0
2025-06-30,729,2545696.36,0
2025-07-31,729,2460839.82,0
2025-08-31,729,2375983.28,0
2025-09-30,729,2291126.74,0
2025-10-31,729,2206270.2,0
2025-11-30,729,2121413.66,0
2025-12-31,729,2036557.12,0
2025-01-31,730,741645.8,0
2025-02-28,730,729075.53,0
2025-03-31,730,716505.26,0
2025-04-30,730,703934.99,0
2025-05-31,730,691364.72,0
2025-06-30,730,678794.45,0
2025-07-31,730,666224.18,0
2025-08-31,730,653653.91,0
2025-09-30,730,641083.64,0
2025-10-31,730,628513.37,0
2025-11-30,730,615943.1,0
2025-12-31,730,603372.83,0
2025-01-31,731,553569.93,0
2025-02-28,731,544187.39,0
2025-03-31,731,534804.85,0
2025-04-30,731,525422.31,0
2025-05-31,731,516039.77,0
2025-06-30,731,506657.23,0
2025-07-31,731,497274.69,0
2025-08-31,731,487892.15,0
2025-09-30,731,478509.61,0
2025-10-31,731,469127.07,0
2025-11-30,731,459744.53,0
2025-12-31,731,450361.99,0
2025-01-31,732,168151.09,0
2025-02-28,732,166738.06,0
2025-03-31,732,165325.03,0
2025-04-30,732,163912.0,0
2025-05-31,732,162498.97,0
2025-06-30,732,161085.94,0
2025-07-31,732,159672.91,0
2025-08-31,732,158259.88,0
2025-09-30,732,156846.85,0
2025-10-31,732,155433.82,0
2025-11-30,732,154020.79,0
2025-12-31,732,152607.76,0
2025-01-31,733,1523455.0,0
2025-02-28,733,1497633.73,0
2025-03-31,733,1471812.46,0
2025-04-30,733,1445991.19,0
2025-05-31,733,1420169.92,0
2025-06-30,733,1394348.65,0
2025-07-31,733,1368527.38,0
2025-08-31,733,1342706.11,0
2025-09-30,733,1316884.84,0
2025-10-31,733,1291063.57,0
2025-11-30,733,1265242.3,0
2025-12-31,733,1239421.03,0
2025-01-31,734,1487261.53,0
2025-02-28,734,1462053.71,0
2025-03-31,734,1436845.89,0
2025-04-30,734,1411638.07,0
2025-05-31,734,1386430.25,0
2025-06-30,734,1361222.43,0
2025-07-31,734,1361222.43,26
2025-08-31,734,1336014.61,57
2025-09-30,734,1310806.79,87
2025-10-31,734,1285598.97,118
2025-11-30,734,1260391.15,148
2025-12-31,734,1235183.33,179
2025-01-31,735,382866.64,0
2025-02-28,735,366220.26,0
2025-03-31,735,349573.88,0
2025-04-30,735,332927.5,0
2025-05-31,735,316281.12,0
2025-06-30,735,299634.74,0
2025-07-31,735,299634.74,26
2025-08-31,735,282988.36,57
2025-09-30,735,266341.98,87
2025-10-31,735,249695.6,118
2025-11-30,735,233049.22,148
2025-12-31,735,216402.84,179
2025-01-31,736,1583238.38,0
2025-02-28,736,1569933.86,0
2025-03-31,736,1556629.34,0
2025-04-30,736,1543324.82,0
2025-05-31,736,1530020.3,0
2025-06-30,736,1516715.78,0
2025-07-31,736,1503411.26,0
2025-08-31,736,1490106.74,0
2025-09-30,736,1476802.22,0
2025-10-31,736,1463497.7,0
2025-11-30,736,1450193.18,0
2025-12-31,736,1436888.66,0
2025-01-31,737,959812.05,0
2025-02-28,737,959812.05,23
2025-03-31,737,932388.85,54
2025-04-30,737,904965.65,84
2025-05-31,737,877542.45,115
2025-06-30,737,850119.25,145
2025-07-31,737,822696.05,176
2025-08-31,737,795272.85,207
2025-09-30,737,767849.65,237
2025-10-31,737,740426.45,268
2025-11-30,737,713003.25,298
2025-12-31,737,685580.05,329
2025-01-31,738,625767.41,0
2025-02-28,738,620508.86,0
2025-03-31,738,615250.31,0
2025-04-30,738,609991.76,0
2025-05-31,738,604733.21,0
2025-06-30,738,599474.66,0
2025-07-31,738,594216.11,0
2025-08-31,738,594216.11,26
2025-09-30,738,588957.56,56
2025-10-31,738,583699.01,87
2025-11-30,738,578440.46,117
2025-12-31,738,573181.91,148
2025-01-31,739,2353417.46,0
2025-02-28,739,2286176.96,0
2025-03-31,739,2218936.46,0
2025-04-30,739,2151695.96,0
2025-05-31,739,2084455.46,0
2025-06-30,739,2084455.46,25
2025-07-31,739,2017214.96,56
2025-08-31,739,1949974.46,87
2025-09-30,739,1882733.96,117
2025-10-31,739,1815493.46,148
2025-11-30,739,1748252.96,178
2025-12-31,739,1681012.46,209
2025-01-31,740,1036304.48,26
2025-02-28,740,1036304.48,54
2025-03-31,740,993125.13,85
2025-04-30,740,949945.78,115
2025-05-31,740,906766.43,146
2025-06-30,740,863587.08,176
2025-07-31,740,820407.73,207
2025-08-31,740,777228.38,238
2025-09-30,740,777228.38,268
2025-10-31,740,734049.03,299
2025-11-30,740,690869.68,329
2025-12-31,740,647690.33,360
2025-01-31,741,639040.65,0
2025-02-28,741,633670.56,0
2025-03-31,741,628300.47,0
2025-04-30,741,622930.38,0
2025-05-31,741,617560.29,0
2025-06-30,741,612190.2,0
2025-07-31,741,606820.11,0
2025-08-31,741,601450.02,0
2025-09-30,741,596079.93,0
2025-10-31,741,590709.84,0
2025-11-30,741,585339.75,0
2025-12-31,741,579969.66,0
2025-01-31,742,1523738.88,0
2025-02-28,742,1510934.35,0
2025-03-31,742,1498129.82,0
2025-04-30,742,1485325.29,0
2025-05-31,742,1472520.76,0
2025-06-30,742,1459716.23,0
2025-07-31,742,1446911.7,0
2025-08-31,742,1434107.17,0
2025-09-30,742,1421302.64,0
2025-10-31,742,1408498.11,0
2025-11-30,742,1395693.58,0
2025-12-31,742,1382889.05,0
2025-01-31,743,793909.66,0
2025-02-28,743,780453.56,0
2025-03-31,743,766997.46,0
2025-04-30,743,753541.36,0
2025-05-31,743,740085.26,0
2025-06-30,743,726629.16,0
2025-07-31,743,713173.06,0
2025-08-31,743,699716.96,0
2025-09-30,743,686260.86,0
2025-10-31,743,672804.76,0
2025-11-30,743,659348.66,0
2025-12-31,743,645892.56,0
2025-01-31,744,218060.08,0
2025-02-28,744,208579.21,0
2025-03-31,744,199098.34,0
2025-04-30,744,199098.34,25
2025-05-31,744,189617.47,56
2025-06-30,744,180136.6,86
2025-07-31,744,170655.73,117
2025-08-31,744,161174.86,148
2025-09-30,744,151693.99,178
2025-10-31,744,142213.12,209
2025-11-30,744,132732.25,239
2025-12-31,744,123251.38,270
2025-01-31,745,222894.35,0
2025-02-28,745,213203.29,0
2025-03-31,745,203512.23,0
2025-04-30,745,193821.17,0
2025-05-31,745,184130.11,0
2025-06-30,745,174439.05,0
2025-07-31,745,164747.99,0
2025-08-31,745,155056.93,0
2025-09-30,745,145365.87,0
2025-10-31,745,135674.81,0
2025-11-30,745,125983.75,0
2025-12-31,745,116292.69,0
2025-01-31,746,307950.95,0
2025-02-28,746,299152.35,0
2025-03-31,746,290353.75,0
2025-04-30,746,281555.15,0
2025-05-31,746,272756.55,0
2025-06-30,746,263957.95,0
2025-07-31,746,255159.35,0
2025-08-31,746,255159.35,26
2025-09-30,746,246360.75,56
2025-10-31,746,237562.15,87
2025-11-30,746,228763.55,117
2025-12-31,746,219964.95,148
2025-01-31,747,205437.12,26
2025-02-28,747,196877.24,54
2025-03-31,747,196877.24,85
2025-04-30,747,188317.36,115
2025-05-31,747,179757.48,146
2025-06-30,747,171197.6,176
2025-07-31,747,162637.72,207
2025-08-31,747,154077.84,238
2025-09-30,747,145517.96,268
2025-10-31,747,136958.08,299
2025-11-30,747,128398.2,329
2025-12-31,747,119838.32,360
2025-01-31,748,641431.79,0
2025-02-28,748,613543.45,0
2025-03-31,748,613543.45,26
2025-04-30,748,585655.11,56
2025-05-31,748,557766.77,87
2025-06-30,748,529878.43,117
2025-07-31,748,501990.09,148
2025-08-31,748,474101.75,179
2025-09-30,748,446213.41,209
2025-10-31,748,418325.07,240
2025-11-30,748,418325.07,270
2025-12-31,748,390436.73,301
2025-01-31,749,534592.36,26
2025-02-28,749,512317.68,54
2025-03-31,749,490043.0,85
2025-04-30,749,467768.32,115
2025-05-31,749,445493.64,146
2025-06-30,749,423218.96,176
2025-07-31,749,423218.96,207
2025-08-31,749,400944.28,238
2025-09-30,749,378669.6,268
2025-10-31,749,356394.92,299
2025-11-30,749,334120.24,329
2025-12-31,749,311845.56,360
2025-01-31,750,2092953.54,0
2025-02-28,750,2001955.56,0
2025-03-31,750,1910957.58,0
2025-04-30,750,1819959.6,0
2025-05-31,750,1728961.62,0
2025-06-30,750,1637963.64,0
2025-07-31,750,1546965.66,0
2025-08-31,750,1455967.68,0
2025-09-30,750,1364969.7,0
2025-10-31,750,1273971.72,0
2025-11-30,750,1182973.74,0
2025-12-31,750,1091975.76,0
2025-01-31,751,1125128.26,0
2025-02-28,751,1115673.4,0
2025-03-31,751,1106218.54,0
2025-04-30,751,1096763.68,0
2025-05-31,751,1087308.82,0
2025-06-30,751,1077853.96,0
2025-07-31,751,1068399.1,0
2025-08-31,751,1058944.24,0
2025-09-30,751,1049489.38,0
2025-10-31,751,1040034.52,0
2025-11-30,751,1030579.66,0
2025-12-31,751,1021124.8,0
2025-01-31,752,1081239.35,0
2025-02-28,752,1072153.31,0
2025-03-31,752,1063067.27,0
2025-04-30,752,1053981.23,0
2025-05-31,752,1044895.19,0
2025-06-30,752,1035809.15,0
2025-07-31,752,1026723.11,0
2025-08-31,752,1017637.07,0
2025-09-30,752,1008551.03,0
2025-10-31,752,999464.99,0
2025-11-30,752,990378.95,0
2025-12-31,752,981292.91,0
2025-01-31,753,758573.07,0
2025-02-28,753,736899.55,0
2025-03-31,753,715226.03,0
2025-04-30,753,693552.51,0
2025-05-31,753,693552.51,26
2025-06-30,753,671878.99,56
2025-07-31,753,650205.47,87
2025-08-31,753,628531.95,118
2025-09-30,753,606858.43,148
2025-10-31,753,585184.91,179
2025-11-30,753,563511.39,209
2025-12-31,753,541837.87,240
2025-01-31,754,202903.28,0
2025-02-28,754,201198.21,0
2025-03-31,754,199493.14,0
2025-04-30,754,197788.07,0
2025-05-31,754,196083.0,0
2025-06-30,754,194377.93,0
2025-07-31,754,192672.86,0
2025-08-31,754,190967.79,0
2025-09-30,754,189262.72,0
2025-10-31,754,187557.65,0
2025-11-30,754,185852.58,0
2025-12-31,754,184147.51,0
2025-01-31,755,439724.03,0
2025-02-28,755,432271.08,0
2025-03-31,755,424818.13,0
2025-04-30,755,417365.18,0
2025-05-31,755,409912.23,0
2025-06-30,755,402459.28,0
2025-07-31,755,395006.33,0
2025-08-31,755,387553.38,0
2025-09-30,755,380100.43,0
2025-10-31,755,372647.48,0
2025-11-30,755,365194.53,0
2025-12-31,755,357741.58,0
2025-01-31,756,916127.02,0
2025-02-28,756,889951.96,0
2025-03-31,756,863776.9,0
2025-04-30,756,837601.84,0
2025-05-31,756,811426.78,0
2025-06-30,756,785251.72,0
2025-07-31,756,759076.66,0
2025-08-31,756,732901.6,0
2025-09-30,756,706726.54,0
2025-10-31,756,680551.48,0
2025-11-30,756,654376.42,0
2025-12-31,756,628201.36,0
2025-01-31,757,1114475.26,0
2025-02-28,757,1082633.11,0
2025-03-31,757,1050790.96,0
2025-04-30,757,1050790.96,25
2025-05-31,757,1018948.81,56
2025-06-30,757,987106.66,86
2025-07-31,757,955264.51,117
2025-08-31,757,923422.36,148
2025-09-30,757,891580.21,178
2025-10-31,757,891580.21,209
2025-11-30,757,891580.21,239
2025-12-31,757,859738.06,270
2025-01-31,758,651043.66,0
2025-02-28,758,640009.02,0
2025-03-31,758,628974.38,0
2025-04-30,758,617939.74,0
2025-05-31,758,606905.1,0
2025-06-30,758,595870.46,0
2025-07-31,758,584835.82,0
2025-08-31,758,573801.18,0
2025-09-30,758,562766.54,0
2025-10-31,758,551731.9,0
2025-11-30,758,540697.26,0
2025-12-31,758,529662.62,0
2025-01-31,759,582532.99,26
2025-02-28,759,577678.55,54
2025-03-31,759,572824.11,85
2025-04-30,759,567969.67,115
2025-05-31,759,563115.23,146
2025-06-30,759,558260.79,176
2025-07-31,759,553406.35,207
2025-08-31,759,548551.91,238
2025-09-30,759,543697.47,268
2025-10-31,759,538843.03,299
2025-11-30,759,538843.03,329
2025-12-31,759,533988.59,360
2025-01-31,760,881013.27,0
2025-02-28,760,873609.8,0
2025-03-31,760,866206.33,0
2025-04-30,760,858802.86,0
2025-05-31,760,851399.39,0
2025-06-30,760,843995.92,0
2025-07-31,760,836592.45,0
2025-08-31,760,829188.98,0
2025-09-30,760,821785.51,0
2025-10-31,760,814382.04,0
2025-11-30,760,806978.57,0
2025-12-31,760,806978.57,26
2025-01-31,761,944361.91,0
2025-02-28,761,936426.1,0
2025-03-31,761,928490.29,0
2025-04-30,761,920554.48,0
2025-05-31,761,912618.67,0
2025-06-30,761,904682.86,0
2025-07-31,761,896747.05,0
2025-08-31,761,888811.24,0
2025-09-30,761,880875.43,0
2025-10-31,761,872939.62,0
2025-11-30,761,865003.81,0
2025-12-31,761,857068.0,0
2025-01-31,762,479969.87,0
2025-02-28,762,475936.51,0
2025-03-31,762,471903.15,0
2025-04-30,762,467869.79,0
2025-05-31,762,463836.43,0
2025-06-30,762,459803.07,0
2025-07-31,762,455769.71,0
2025-08-31,762,451736.35,0
2025-09-30,762,447702.99,0
2025-10-31,762,443669.63,0
2025-11-30,762,439636.27,0
2025-12-31,762,435602.91,0
2025-01-31,763,295804.04,0
2025-02-28,763,293318.29,0
2025-03-31,763,290832.54,0
2025-04-30,763,288346.79,0
2025-05-31,763,285861.04,0
2025-06-30,763,283375.29,0
2025-07-31,763,280889.54,0
2025-08-31,763,278403.79,0
2025-09-30,763,275918.04,0
2025-10-31,763,273432.29,0
2025-11-30,763,270946.54,0
2025-12-31,763,268460.79,0
2025-01-31,764,1075725.72,0
2025-02-28,764,1057493.08,0
2025-03-31,764,1039260.44,0
2025-04-30,764,1021027.8,0
2025-05-31,764,1002795.16,0
2025-06-30,764,984562.52,0
2025-07-31,764,966329.88,0
2025-08-31,764,948097.24,0
2025-09-30,764,929864.6,0
2025-10-31,764,911631.96,0
2025-11-30,764,893399.32,0
2025-12-31,764,875166.68,0
2025-01-31,765,130715.86,0
2025-02-28,765,128500.34,0
2025-03-31,765,126284.82,0
2025-04-30,765,124069.3,0
2025-05-31,765,121853.78,0
2025-06-30,765,119638.26,0
2025-07-31,765,117422.74,0
2025-08-31,765,115207.22,0
2025-09-30,765,112991.7,0
2025-10-31,765,110776.18,0
2025-11-30,765,108560.66,0
2025-12-31,765,106345.14,0
2025-01-31,766,629047.91,0
2025-02-28,766,601698.0,0
2025-03-31,766,574348.09,0
2025-04-30,766,574348.09,25
2025-05-31,766,546998.18,56
2025-06-30,766,519648.27,86
2025-07-31,766,492298.36,117
2025-08-31,766,464948.45,148
2025-09-30,766,437598.54,178
2025-10-31,766,410248.63,209
2025-11-30,766,382898.72,239
2025-12-31,766,355548.81,270
2025-01-31,767,845488.59,0
2025-02-28,767,808728.22,0
2025-03-31,767,771967.85,0
2025-04-30,767,735207.48,0
2025-05-31,767,698447.11,0
2025-06-30,767,661686.74,0
2025-07-31,767,624926.37,0
2025-08-31,767,588166.0,0
2025-09-30,767,551405.63,0
2025-10-31,767,514645.26,0
2025-11-30,767,477884.89,0
2025-12-31,767,441124.52,0
2025-01-31,768,929740.93,0
2025-02-28,768,921927.98,0
2025-03-31,768,914115.03,0
2025-04-30,768,906302.08,0
2025-05-31,768,898489.13,0
2025-06-30,768,890676.18,0
2025-07-31,768,882863.23,0
2025-08-31,768,875050.28,0
2025-09-30,768,867237.33,0
2025-10-31,768,859424.38,0
2025-11-30,768,851611.43,0
2025-12-31,768,843798.48,0
2025-01-31,769,571427.65,0
2025-02-28,769,566625.74,0
2025-03-31,769,561823.83,0
2025-04-30,769,557021.92,0
2025-05-31,769,552220.01,0
2025-06-30,769,547418.1,0
2025-07-31,769,542616.19,0
2025-08-31,769,537814.28,0
2025-09-30,769,533012.37,0
2025-10-31,769,528210.46,0
2025-11-30,769,523408.55,0
2025-12-31,769,518606.64,0
2025-01-31,770,484724.94,0
2025-02-28,770,463649.94,0
2025-03-31,770,442574.94,0
2025-04-30,770,421499.94,0
2025-05-31,770,400424.94,0
2025-06-30,770,379349.94,0
2025-07-31,770,358274.94,0
2025-08-31,770,337199.94,0
2025-09-30,770,316124.94,0
2025-10-31,770,295049.94,0
2025-11-30,770,273974.94,0
2025-12-31,770,252899.94,0
2025-01-31,771,1735431.57,0
2025-02-28,771,1659978.02,0
2025-03-31,771,1584524.47,0
2025-04-30,771,1509070.92,0
2025-05-31,771,1433617.37,0
2025-06-30,771,1358163.82,0
2025-07-31,771,1282710.27,0
2025-08-31,771,1207256.72,0
2025-09-30,771,1131803.17,0
2025-10-31,771,1056349.62,0
2025-11-30,771,980896.07,0
2025-12-31,771,905442.52,0
2025-01-31,772,952266.97,0
2025-02-28,772,936126.85,0
2025-03-31,772,919986.73,0
2025-04-30,772,903846.61,0
2025-05-31,772,887706.49,0
2025-06-30,772,871566.37,0
2025-07-31,772,855426.25,0
2025-08-31,772,839286.13,0
2025-09-30,772,823146.01,0
2025-10-31,772,807005.89,0
2025-11-30,772,790865.77,0
2025-12-31,772,774725.65,0
2025-01-31,773,464999.18,0
2025-02-28,773,461091.62,0
2025-03-31,773,457184.06,0
2025-04-30,773,453276.5,0
2025-05-31,773,449368.94,0
2025-06-30,773,445461.38,0
2025-07-31,773,441553.82,0
2025-08-31,773,437646.26,0
2025-09-30,773,433738.7,0
2025-10-31,773,429831.14,0
2025-11-30,773,425923.58,0
2025-12-31,773,422016.02,0
2025-01-31,774,1074397.17,0
2025-02-28,774,1043700.11,0
2025-03-31,774,1013003.05,0
2025-04-30,774,982305.99,0
2025-05-31,774,951608.93,0
2025-06-30,774,920911.87,0
2025-07-31,774,890214.81,0
2025-08-31,774,859517.75,0
2025-09-30,774,828820.69,0
2025-10-31,774,798123.63,0
2025-11-30,774,798123.63,25
2025-12-31,774,767426.57,56
2025-01-31,775,1273632.8,0
2025-02-28,775,1218257.46,0
2025-03-31,775,1162882.12,0
2025-04-30,775,1107506.78,0
2025-05-31,775,1052131.44,0
2025-06-30,775,996756.1,0
2025-07-31,775,941380.76,0
2025-08-31,775,886005.42,0
2025-09-30,775,830630.08,0
2025-10-31,775,775254.74,0
2025-11-30,775,719879.4,0
2025-12-31,775,664504.06,0
2025-01-31,776,1041689.26,0
2025-02-28,776,1024033.51,0
2025-03-31,776,1006377.76,0
2025-04-30,776,988722.01,0
2025-05-31,776,971066.26,0
2025-06-30,776,953410.51,0
2025-07-31,776,935754.76,0
2025-08-31,776,918099.01,0
2025-09-30,776,900443.26,0
2025-10-31,776,882787.51,0
2025-11-30,776,865131.76,0
2025-12-31,776,847476.01,0
2025-01-31,777,602143.37,0
2025-02-28,777,597083.34,0
2025-03-31,777,592023.31,0
2025-04-30,777,586963.28,0
2025-05-31,777,581903.25,0
2025-06-30,777,576843.22,0
2025-07-31,777,571783.19,0
2025-08-31,777,571783.19,26
2025-09-30,777,566723.16,56
2025-10-31,777,561663.13,87
2025-11-30,777,556603.1,117
2025-12-31,777,551543.07,148
2025-01-31,778,396114.86,0
2025-02-28,778,389401.05,0
2025-03-31,778,382687.24,0
2025-04-30,778,375973.43,0
2025-05-31,778,369259.62,0
2025-06-30,778,362545.81,0
2025-07-31,778,355832.0,0
2025-08-31,778,349118.19,0
2025-09-30,778,342404.38,0
2025-10-31,778,335690.57,0
2025-11-30,778,328976.76,0
2025-12-31,778,322262.95,0
2025-01-31,779,1465184.03,0
2025-02-28,779,1440350.4,0
2025-03-31,779,1415516.77,0
2025-04-30,779,1390683.14,0
2025-05-31,779,1365849.51,0
2025-06-30,779,1341015.88,0
2025-07-31,779,1316182.25,0
2025-08-31,779,1291348.62,0
2025-09-30,779,1266514.99,0
2025-10-31,779,1241681.36,0
2025-11-30,779,1216847.73,0
2025-12-31,779,1192014.1,0
2025-01-31,780,970748.2,0
2025-02-28,780,928541.76,0
2025-03-31,780,928541.76,26
2025-04-30,780,886335.32,56
2025-05-31,780,844128.88,87
2025-06-30,780,801922.44,117
2025-07-31,780,759716.0,148
2025-08-31,780,717509.56,179
2025-09-30,780,675303.12,209
2025-10-31,780,633096.68,240
2025-11-30,780,590890.24,270
2025-12-31,780,548683.8,301
2025-01-31,781,243008.79,0
2025-02-28,781,240966.7,0
2025-03-31,781,238924.61,0
2025-04-30,781,236882.52,0
2025-05-31,781,236882.52,26
2025-06-30,781,234840.43,56
2025-07-31,781,232798.34,87
2025-08-31,781,230756.25,118
2025-09-30,781,228714.16,148
2025-10-31,781,226672.07,179
2025-11-30,781,224629.98,209
2025-12-31,781,222587.89,240
2025-01-31,782,1109610.54,0
2025-02-28,782,1090803.58,0
2025-03-31,782,1071996.62,0
2025-04-30,782,1053189.66,0
2025-05-31,782,1034382.7,0
2025-06-30,782,1015575.74,0
2025-07-31,782,996768.78,0
2025-08-31,782,977961.82,0
2025-09-30,782,959154.86,0
2025-10-31,782,940347.9,0
2025-11-30,782,940347.9,25
2025-12-31,782,921540.94,56
2025-01-31,783,565475.59,0
2025-02-28,783,560723.69,0
2025-03-31,783,555971.79,0
2025-04-30,783,551219.89,0
2025-05-31,783,546467.99,0
2025-06-30,783,541716.09,0
2025-07-31,783,536964.19,0
2025-08-31,783,532212.29,0
2025-09-30,783,527460.39,0
2025-10-31,783,522708.49,0
2025-11-30,783,517956.59,0
2025-12-31,783,513204.69,0
2025-01-31,784,2047222.09,0
2025-02-28,784,1988730.03,0
2025-03-31,784,1930237.97,0
2025-04-30,784,1871745.91,0
2025-05-31,784,1813253.85,0
2025-06-30,784,1754761.79,0
2025-07-31,784,1754761.79,26
2025-08-31,784,1696269.73,57
2025-09-30,784,1637777.67,87
2025-10-31,784,1579285.61,118
2025-11-30,784,1520793.55,148
2025-12-31,784,1462301.49,179
2025-01-31,785,178694.68,0
2025-02-28,785,177193.04,0
2025-03-31,785,175691.4,0
2025-04-30,785,174189.76,0
2025-05-31,785,172688.12,0
2025-06-30,785,171186.48,0
2025-07-31,785,169684.84,0
2025-08-31,785,168183.2,0
2025-09-30,785,166681.56,0
2025-10-31,785,165179.92,0
2025-11-30,785,163678.28,0
2025-12-31,785,162176.64,0
2025-01-31,786,1560701.38,0
2025-02-28,786,1547586.24,0
2025-03-31,786,1534471.1,0
2025-04-30,786,1521355.96,0
2025-05-31,786,1508240.82,0
2025-06-30,786,1495125.68,0
2025-07-31,786,1482010.54,0
2025-08-31,786,1468895.4,0
2025-09-30,786,1455780.26,0
2025-10-31,786,1442665.12,0
2025-11-30,786,1429549.98,0
2025-12-31,786,1416434.84,0
2025-01-31,787,871660.18,0
2025-02-28,787,846755.6,0
2025-03-31,787,821851.02,0
2025-04-30,787,796946.44,0
2025-05-31,787,772041.86,0
2025-06-30,787,747137.28,0
2025-07-31,787,722232.7,0
2025-08-31,787,697328.12,0
2025-09-30,787,672423.54,0
2025-10-31,787,647518.96,0
2025-11-30,787,622614.38,0
2025-12-31,787,597709.8,0
2025-01-31,788,2349057.29,0
2025-02-28,788,2329317.31,0
2025-03-31,788,2309577.33,0
2025-04-30,788,2309577.33,25
2025-05-31,788,2289837.35,56
2025-06-30,788,2270097.37,86
2025-07-31,788,2270097.37,117
2025-08-31,788,2250357.39,148
2025-09-30,788,2230617.41,178
2025-10-31,788,2230617.41,209
2025-11-30,788,2210877.43,239
2025-12-31,788,2191137.45,270
2025-01-31,789,1275685.13,0
2025-02-28,789,1254063.35,0
2025-03-31,789,1232441.57,0
2025-04-30,789,1210819.79,0
2025-05-31,789,1189198.01,0
2025-06-30,789,1167576.23,0
2025-07-31,789,1145954.45,0
2025-08-31,789,1124332.67,0
2025-09-30,789,1102710.89,0
2025-10-31,789,1081089.11,0
2025-11-30,789,1059467.33,0
2025-12-31,789,1037845.55,0
2025-01-31,790,784095.73,0
2025-02-28,790,761692.99,0
2025-03-31,790,739290.25,0
2025-04-30,790,716887.51,0
2025-05-31,790,694484.77,0
2025-06-30,790,672082.03,0
2025-07-31,790,649679.29,0
2025-08-31,790,627276.55,0
2025-09-30,790,604873.81,0
2025-10-31,790,582471.07,0
2025-11-30,790,560068.33,0
2025-12-31,790,537665.59,0
2025-01-31,791,1795498.54,0
2025-02-28,791,1717433.39,0
2025-03-31,791,1717433.39,26
2025-04-30,791,1639368.24,56
2025-05-31,791,1561303.09,87
2025-06-30,791,1483237.94,117
2025-07-31,791,1405172.79,148
2025-08-31,791,1327107.64,179
2025-09-30,791,1249042.49,209
2025-10-31,791,1170977.34,240
2025-11-30,791,1092912.19,270
2025-12-31,791,1014847.04,301
2025-01-31,792,327894.66,26
2025-02-28,792,314232.38,54
2025-03-31,792,300570.1,85
2025-04-30,792,286907.82,115
2025-05-31,792,273245.54,146
2025-06-30,792,259583.26,176
2025-07-31,792,245920.98,207
2025-08-31,792,232258.7,238
2025-09-30,792,218596.42,268
2025-10-31,792,204934.14,299
2025-11-30,792,191271.86,329
2025-12-31,792,177609.58,360
2025-01-31,793,1063951.99,0
2025-02-28,793,1017693.21,0
2025-03-31,793,971434.43,0
2025-04-30,793,925175.65,0
2025-05-31,793,878916.87,0
2025-06-30,793,832658.09,0
2025-07-31,793,786399.31,0
2025-08-31,793,740140.53,0
2025-09-30,793,693881.75,0
2025-10-31,793,693881.75,26
2025-11-30,793,647622.97,56
2025-12-31,793,601364.19,87
2025-01-31,794,603561.04,0
2025-02-28,794,598489.1,0
2025-03-31,794,598489.1,26
2025-04-30,794,593417.16,56
2025-05-31,794,588345.22,87
2025-06-30,794,583273.28,117
2025-07-31,794,578201.34,148
2025-08-31,794,573129.4,179
2025-09-30,794,568057.46,209
2025-10-31,794,562985.52,240
2025-11-30,794,557913.58,270
2025-12-31,794,552841.64,301
2025-01-31,795,753677.41,0
2025-02-28,795,732143.77,0
2025-03-31,795,710610.13,0
2025-04-30,795,689076.49,0
2025-05-31,795,667542.85,0
2025-06-30,795,667542.85,25
2025-07-31,795,646009.21,56
2025-08-31,795,624475.57,87
2025-09-30,795,602941.93,117
2025-10-31,795,581408.29,148
2025-11-30,795,559874.65,178
2025-12-31,795,538341.01,209
2025-01-31,796,960602.98,0
2025-02-28,796,918837.63,0
2025-03-31,796,877072.28,0
2025-04-30,796,835306.93,0
2025-05-31,796,793541.58,0
2025-06-30,796,751776.23,0
2025-07-31,796,710010.88,0
2025-08-31,796,668245.53,0
2025-09-30,796,626480.18,0
2025-10-31,796,584714.83,0
2025-11-30,796,542949.48,0
2025-12-31,796,501184.13,0
2025-01-31,797,313999.15,0
2025-02-28,797,300347.01,0
2025-03-31,797,286694.87,0
2025-04-30,797,273042.73,0
2025-05-31,797,259390.59,0
2025-06-30,797,245738.45,0
2025-07-31,797,232086.31,0
2025-08-31,797,218434.17,0
2025-09-30,797,218434.17,25
2025-10-31,797,204782.03,56
2025-11-30,797,191129.89,86
2025-12-31,797,177477.75,117
2025-01-31,798,303312.81,0
2025-02-28,798,300763.96,0
2025-03-31,798,298215.11,0
2025-04-30,798,295666.26,0
2025-05-31,798,293117.41,0
2025-06-30,798,290568.56,0
2025-07-31,798,288019.71,0
2025-08-31,798,285470.86,0
2025-09-30,798,282922.01,0
2025-10-31,798,280373.16,0
2025-11-30,798,277824.31,0
2025-12-31,798,275275.46,0
2025-01-31,799,728430.78,26
2025-02-28,799,698079.5,54
2025-03-31,799,667728.22,85
2025-04-30,799,637376.94,115
2025-05-31,799,607025.66,146
2025-06-30,799,576674.38,176
2025-07-31,799,546323.1,207
2025-08-31,799,515971.82,238
2025-09-30,799,485620.54,268
2025-10-31,799,455269.26,299
2025-11-30,799,424917.98,329
2025-12-31,799,394566.7,360
2025-01-31,800,428079.71,0
2025-02-28,800,409467.55,0
2025-03-31,800,390855.39,0
2025-04-30,800,372243.23,0
2025-05-31,800,353631.07,0
2025-06-30,800,335018.91,0
2025-07-31,800,316406.75,0
2025-08-31,800,297794.59,0
2025-09-30,800,297794.59,25
2025-10-31,800,279182.43,56
2025-11-30,800,260570.27,86
2025-12-31,800,241958.11,117
2025-01-31,801,1075397.46,0
2025-02-28,801,1066360.51,0
2025-03-31,801,1057323.56,0
2025-04-30,801,1048286.61,0
2025-05-31,801,1039249.66,0
2025-06-30,801,1039249.66,25
2025-07-31,801,1030212.71,56
2025-08-31,801,1021175.76,87
2025-09-30,801,1012138.81,117
2025-10-31,801,1003101.86,148
2025-11-30,801,994064.91,178
2025-12-31,801,985027.96,209
2025-01-31,802,278557.43,0
2025-02-28,802,273836.12,0
2025-03-31,802,269114.81,0
2025-04-30,802,264393.5,0
2025-05-31,802,259672.19,0
2025-06-30,802,254950.88,0
2025-07-31,802,250229.57,0
2025-08-31,802,245508.26,0
2025-09-30,802,240786.95,0
2025-10-31,802,236065.64,0
2025-11-30,802,236065.64,25
2025-12-31,802,231344.33,56
2025-01-31,803,1395390.49,0
2025-02-28,803,1383664.52,0
2025-03-31,803,1371938.55,0
2025-04-30,803,1360212.58,0
2025-05-31,803,1348486.61,0
2025-06-30,803,1336760.64,0
2025-07-31,803,1325034.67,0
2025-08-31,803,1313308.7,0
2025-09-30,803,1301582.73,0
2025-10-31,803,1289856.76,0
2025-11-30,803,1278130.79,0
2025-12-31,803,1266404.82,0
2025-01-31,804,1060461.97,0
2025-02-28,804,1051550.52,0
2025-03-31,804,1042639.07,0
2025-04-30,804,1033727.62,0
2025-05-31,804,1024816.17,0
2025-06-30,804,1015904.72,0
2025-07-31,804,1006993.27,0
2025-08-31,804,998081.82,0
2025-09-30,804,989170.37,0
2025-10-31,804,980258.92,0
2025-11-30,804,971347.47,0
2025-12-31,804,962436.02,0
2025-01-31,805,312458.92,0
2025-02-28,805,307163.01,0
2025-03-31,805,301867.1,0
2025-04-30,805,296571.19,0
2025-05-31,805,291275.28,0
2025-06-30,805,285979.37,0
2025-07-31,805,280683.46,0
2025-08-31,805,280683.46,26
2025-09-30,805,275387.55,56
2025-10-31,805,270091.64,87
2025-11-30,805,264795.73,117
2025-12-31,805,259499.82,148
2025-01-31,806,607474.22,0
2025-02-28,806,581062.3,0
2025-03-31,806,554650.38,0
2025-04-30,806,528238.46,0
2025-05-31,806,501826.54,0
2025-06-30,806,475414.62,0
2025-07-31,806,449002.7,0
2025-08-31,806,422590.78,0
2025-09-30,806,396178.86,0
2025-10-31,806,369766.94,0
2025-11-30,806,343355.02,0
2025-12-31,806,316943.1,0
2025-01-31,807,268784.5,0
2025-02-28,807,264228.83,0
2025-03-31,807,259673.16,0
2025-04-30,807,255117.49,0
2025-05-31,807,250561.82,0
2025-06-30,807,246006.15,0
2025-07-31,807,241450.48,0
2025-08-31,807,236894.81,0
2025-09-30,807,232339.14,0
2025-10-31,807,227783.47,0
2025-11-30,807,223227.8,0
2025-12-31,807,218672.13,0
2025-01-31,808,753396.16,0
2025-02-28,808,747065.1,0
2025-03-31,808,740734.04,0
2025-04-30,808,734402.98,0
2025-05-31,808,728071.92,0
2025-06-30,808,721740.86,0
2025-07-31,808,715409.8,0
2025-08-31,808,709078.74,0
2025-09-30,808,702747.68,0
2025-10-31,808,696416.62,0
2025-11-30,808,690085.56,0
2025-12-31,808,683754.5,0
2025-01-31,809,300888.65,0
2025-02-28,809,287806.54,0
2025-03-31,809,274724.43,0
2025-04-30,809,261642.32,0
2025-05-31,809,248560.21,0
2025-06-30,809,235478.1,0
2025-07-31,809,222395.99,0
2025-08-31,809,209313.88,0
2025-09-30,809,196231.77,0
2025-10-31,809,183149.66,0
2025-11-30,809,170067.55,0
2025-12-31,809,156985.44,0
2025-01-31,810,734815.31,0
2025-02-28,810,722360.81,0
2025-03-31,810,709906.31,0
2025-04-30,810,697451.81,0
2025-05-31,810,684997.31,0
2025-06-30,810,684997.31,25
2025-07-31,810,672542.81,56
2025-08-31,810,660088.31,87
2025-09-30,810,660088.31,117
2025-10-31,810,647633.81,148
2025-11-30,810,635179.31,178
2025-12-31,810,622724.81,209
2025-01-31,811,718610.53,0
2025-02-28,811,687366.59,0
2025-03-31,811,656122.65,0
2025-04-30,811,624878.71,0
2025-05-31,811,593634.77,0
2025-06-30,811,562390.83,0
2025-07-31,811,531146.89,0
2025-08-31,811,499902.95,0
2025-09-30,811,468659.01,0
2025-10-31,811,437415.07,0
2025-11-30,811,406171.13,0
2025-12-31,811,374927.19,0
2025-01-31,812,1474753.93,0
2025-02-28,812,1410634.19,0
2025-03-31,812,1346514.45,0
2025-04-30,812,1282394.71,0
2025-05-31,812,1218274.97,0
2025-06-30,812,1154155.23,0
2025-07-31,812,1090035.49,0
2025-08-31,812,1025915.75,0
2025-09-30,812,961796.01,0
2025-10-31,812,897676.27,0
2025-11-30,812,833556.53,0
2025-12-31,812,769436.79,0
2025-01-31,813,501306.46,0
2025-02-28,813,492809.74,0
2025-03-31,813,492809.74,26
2025-04-30,813,484313.02,56
2025-05-31,813,475816.3,87
2025-06-30,813,467319.58,117
2025-07-31,813,458822.86,148
2025-08-31,813,450326.14,179
2025-09-30,813,441829.42,209
2025-10-31,813,433332.7,240
2025-11-30,813,424835.98,270
2025-12-31,813,416339.26,301
2025-01-31,814,1468493.53,0
2025-02-28,814,1404645.99,0
2025-03-31,814,1340798.45,0
2025-04-30,814,1276950.91,0
2025-05-31,814,1213103.37,0
2025-06-30,814,1149255.83,0
2025-07-31,814,1085408.29,0
2025-08-31,814,1021560.75,0
2025-09-30,814,957713.21,0
2025-10-31,814,893865.67,0
2025-11-30,814,830018.13,0
2025-12-31,814,766170.59,0
2025-01-31,815,493178.47,0
2025-02-28,815,471735.93,0
2025-03-31,815,450293.39,0
2025-04-30,815,428850.85,0
2025-05-31,815,407408.31,0
2025-06-30,815,385965.77,0
2025-07-31,815,364523.23,0
2025-08-31,815,343080.69,0
2025-09-30,815,321638.15,0
2025-10-31,815,300195.61,0
2025-11-30,815,278753.07,0
2025-12-31,815,257310.53,0
2025-01-31,816,383475.65,0
2025-02-28,816,366802.8,0
2025-03-31,816,350129.95,0
2025-04-30,816,333457.1,0
2025-05-31,816,316784.25,0
2025-06-30,816,300111.4,0
2025-07-31,816,283438.55,0
2025-08-31,816,266765.7,0
2025-09-30,816,250092.85,0
2025-10-31,816,233420.0,0
2025-11-30,816,216747.15,0
2025-12-31,816,200074.3,0
2025-01-31,817,351732.29,0
2025-02-28,817,336439.58,0
2025-03-31,817,321146.87,0
2025-04-30,817,305854.16,0
2025-05-31,817,290561.45,0
2025-06-30,817,275268.74,0
2025-07-31,817,259976.03,0
2025-08-31,817,244683.32,0
2025-09-30,817,229390.61,0
2025-10-31,817,214097.9,0
2025-11-30,817,198805.19,0
2025-12-31,817,183512.48,0
2025-01-31,818,896916.2,0
2025-02-28,818,871290.02,0
2025-03-31,818,845663.84,0
2025-04-30,818,820037.66,0
2025-05-31,818,794411.48,0
2025-06-30,818,768785.3,0
2025-07-31,818,743159.12,0
2025-08-31,818,717532.94,0
2025-09-30,818,691906.76,0
2025-10-31,818,666280.58,0
2025-11-30,818,640654.4,0
2025-12-31,818,615028.22,0
2025-01-31,819,175310.54,0
2025-02-28,819,173837.34,0
2025-03-31,819,172364.14,0
2025-04-30,819,170890.94,0
2025-05-31,819,169417.74,0
2025-06-30,819,167944.54,0
2025-07-31,819,166471.34,0
2025-08-31,819,164998.14,0
2025-09-30,819,163524.94,0
2025-10-31,819,162051.74,0
2025-11-30,819,160578.54,0
2025-12-31,819,159105.34,0
2025-01-31,820,859518.67,0
2025-02-28,820,859518.67,23
2025-03-31,820,834960.99,54
2025-04-30,820,810403.31,84
2025-05-31,820,785845.63,115
2025-06-30,820,761287.95,145
2025-07-31,820,736730.27,176
2025-08-31,820,712172.59,207
2025-09-30,820,687614.91,237
2025-10-31,820,687614.91,268
2025-11-30,820,663057.23,298
2025-12-31,820,638499.55,329
2025-01-31,821,202503.57,0
2025-02-28,821,200801.86,0
2025-03-31,821,199100.15,0
2025-04-30,821,197398.44,0
2025-05-31,821,195696.73,0
2025-06-30,821,193995.02,0
2025-07-31,821,192293.31,0
2025-08-31,821,190591.6,0
2025-09-30,821,188889.89,0
2025-10-31,821,187188.18,0
2025-11-30,821,185486.47,0
2025-12-31,821,183784.76,0
2025-01-31,822,2327675.14,0
2025-02-28,822,2226471.87,0
2025-03-31,822,2125268.6,0
2025-04-30,822,2024065.33,0
2025-05-31,822,1922862.06,0
2025-06-30,822,1821658.79,0
2025-07-31,822,1720455.52,0
2025-08-31,822,1619252.25,0
2025-09-30,822,1518048.98,0
2025-10-31,822,1416845.71,0
2025-11-30,822,1315642.44,0
2025-12-31,822,1214439.17,0
2025-01-31,823,1409456.89,0
2025-02-28,823,1397612.71,0
2025-03-31,823,1385768.53,0
2025-04-30,823,1373924.35,0
2025-05-31,823,1362080.17,0
2025-06-30,823,1350235.99,0
2025-07-31,823,1338391.81,0
2025-08-31,823,1326547.63,0
2025-09-30,823,1314703.45,0
2025-10-31,823,1302859.27,0
2025-11-30,823,1291015.09,0
2025-12-31,823,1291015.09,26
2025-01-31,824,1968742.03,0
2025-02-28,824,1952197.98,0
2025-03-31,824,1935653.93,0
2025-04-30,824,1919109.88,0
2025-05-31,824,1902565.83,0
2025-06-30,824,1886021.78,0
2025-07-31,824,1869477.73,0
2025-08-31,824,1852933.68,0
2025-09-30,824,1836389.63,0
2025-10-31,824,1836389.63,26
2025-11-30,824,1819845.58,56
2025-12-31,824,1803301.53,87
2025-01-31,825,679608.56,0
2025-02-28,825,660191.17,0
2025-03-31,825,640773.78,0
2025-04-30,825,621356.39,0
2025-05-31,825,601939.0,0
2025-06-30,825,582521.61,0
2025-07-31,825,563104.22,0
2025-08-31,825,543686.83,0
2025-09-30,825,524269.44,0
2025-10-31,825,504852.05,0
2025-11-30,825,485434.66,0
2025-12-31,825,466017.27,0
2025-01-31,826,873481.17,0
2025-02-28,826,866140.99,0
2025-03-31,826,858800.81,0
2025-04-30,826,851460.63,0
2025-05-31,826,844120.45,0
2025-06-30,826,836780.27,0
2025-07-31,826,829440.09,0
2025-08-31,826,822099.91,0
2025-09-30,826,814759.73,0
2025-10-31,826,807419.55,0
2025-11-30,826,800079.37,0
2025-12-31,826,792739.19,0
2025-01-31,827,3158428.45,0
2025-02-28,827,3104895.76,0
2025-03-31,827,3051363.07,0
2025-04-30,827,2997830.38,0
2025-05-31,827,2944297.69,0
2025-06-30,827,2890765.0,0
2025-07-31,827,2837232.31,0
2025-08-31,827,2783699.62,0
2025-09-30,827,2730166.93,0
2025-10-31,827,2676634.24,0
2025-11-30,827,2623101.55,0
2025-12-31,827,2569568.86,0
2025-01-31,828,602646.6,0
2025-02-28,828,585428.13,0
2025-03-31,828,568209.66,0
2025-04-30,828,550991.19,0
2025-05-31,828,533772.72,0
2025-06-30,828,516554.25,0
2025-07-31,828,499335.78,0
2025-08-31,828,482117.31,0
2025-09-30,828,464898.84,0
2025-10-31,828,447680.37,0
2025-11-30,828,430461.9,0
2025-12-31,828,413243.43,0
2025-01-31,829,1193543.14,0
2025-02-28,829,1183513.37,0
2025-03-31,829,1173483.6,0
2025-04-30,829,1163453.83,0
2025-05-31,829,1153424.06,0
2025-06-30,829,1143394.29,0
2025-07-31,829,1133364.52,0
2025-08-31,829,1123334.75,0
2025-09-30,829,1113304.98,0
2025-10-31,829,1103275.21,0
2025-11-30,829,1093245.44,0
2025-12-31,829,1083215.67,0
2025-01-31,830,1009515.57,0
2025-02-28,830,980672.27,0
2025-03-31,830,951828.97,0
2025-04-30,830,922985.67,0
2025-05-31,830,894142.37,0
2025-06-30,830,865299.07,0
2025-07-31,830,836455.77,0
2025-08-31,830,807612.47,0
2025-09-30,830,778769.17,0
2025-10-31,830,749925.87,0
2025-11-30,830,721082.57,0
2025-12-31,830,692239.27,0
2025-01-31,831,1183296.34,0
2025-02-28,831,1131848.67,0
2025-03-31,831,1080401.0,0
2025-04-30,831,1028953.33,0
2025-05-31,831,977505.66,0
2025-06-30,831,926057.99,0
2025-07-31,831,874610.32,0
2025-08-31,831,823162.65,0
2025-09-30,831,771714.98,0
2025-10-31,831,720267.31,0
2025-11-30,831,668819.64,0
2025-12-31,831,617371.97,0
2025-01-31,832,2443072.7,0
2025-02-28,832,2401664.69,0
2025-03-31,832,2401664.69,26
2025-04-30,832,2360256.68,56
2025-05-31,832,2318848.67,87
2025-06-30,832,2277440.66,117
2025-07-31,832,2236032.65,148
2025-08-31,832,2194624.64,179
2025-09-30,832,2153216.63,209
2025-10-31,832,2111808.62,240
2025-11-30,832,2070400.61,270
2025-12-31,832,2028992.6,301
2025-01-31,833,528238.64,0
2025-02-28,833,523799.66,0
2025-03-31,833,519360.68,0
2025-04-30,833,514921.7,0
2025-05-31,833,510482.72,0
2025-06-30,833,510482.72,25
2025-07-31,833,506043.74,56
2025-08-31,833,501604.76,87
2025-09-30,833,497165.78,117
2025-10-31,833,492726.8,148
2025-11-30,833,488287.82,178
2025-12-31,833,483848.84,209
2025-01-31,834,123650.42,0
2025-02-28,834,123650.42,23
2025-03-31,834,120117.55,54
2025-04-30,834,116584.68,84
2025-05-31,834,113051.81,115
2025-06-30,834,109518.94,145
2025-07-31,834,105986.07,176
2025-08-31,834,102453.2,207
2025-09-30,834,98920.33,237
2025-10-31,834,95387.46,268
2025-11-30,834,91854.59,298
2025-12-31,834,88321.72,329
2025-01-31,835,1574600.09,0
2025-02-28,835,1547911.95,0
2025-03-31,835,1521223.81,0
2025-04-30,835,1494535.67,0
2025-05-31,835,1467847.53,0
2025-06-30,835,1441159.39,0
2025-07-31,835,1414471.25,0
2025-08-31,835,1387783.11,0
2025-09-30,835,1361094.97,0
2025-10-31,835,1334406.83,0
2025-11-30,835,1334406.83,25
2025-12-31,835,1307718.69,56
2025-01-31,836,1470796.58,0
2025-02-28,836,1458436.94,0
2025-03-31,836,1446077.3,0
2025-04-30,836,1433717.66,0
2025-05-31,836,1421358.02,0
2025-06-30,836,1408998.38,0
2025-07-31,836,1396638.74,0
2025-08-31,836,1384279.1,0
2025-09-30,836,1371919.46,0
2025-10-31,836,1359559.82,0
2025-11-30,836,1347200.18,0
2025-12-31,836,1334840.54,0
2025-01-31,837,466411.79,0
2025-02-28,837,453085.74,0
2025-03-31,837,439759.69,0
2025-04-30,837,426433.64,0
2025-05-31,837,413107.59,0
2025-06-30,837,399781.54,0
2025-07-31,837,386455.49,0
2025-08-31,837,373129.44,0
2025-09-30,837,359803.39,0
2025-10-31,837,346477.34,0
2025-11-30,837,333151.29,0
2025-12-31,837,319825.24,0
2025-01-31,838,905391.15,0
2025-02-28,838,890045.54,0
2025-03-31,838,874699.93,0
2025-04-30,838,859354.32,0
2025-05-31,838,844008.71,0
2025-06-30,838,828663.1,0
2025-07-31,838,813317.49,0
2025-08-31,838,797971.88,0
2025-09-30,838,782626.27,0
2025-10-31,838,767280.66,0
2025-11-30,838,751935.05,0
2025-12-31,838,736589.44,0
2025-01-31,839,434787.94,0
2025-02-28,839,431134.26,0
2025-03-31,839,427480.58,0
2025-04-30,839,423826.9,0
2025-05-31,839,420173.22,0
2025-06-30,839,416519.54,0
2025-07-31,839,412865.86,0
2025-08-31,839,409212.18,0
2025-09-30,839,405558.5,0
2025-10-31,839,401904.82,0
2025-11-30,839,398251.14,0
2025-12-31,839,394597.46,0
2025-01-31,840,373232.18,0
2025-02-28,840,366906.21,0
2025-03-31,840,360580.24,0
2025-04-30,840,354254.27,0
2025-05-31,840,347928.3,0
2025-06-30,840,341602.33,0
2025-07-31,840,335276.36,0
2025-08-31,840,328950.39,0
2025-09-30,840,322624.42,0
2025-10-31,840,316298.45,0
2025-11-30,840,309972.48,0
2025-12-31,840,303646.51,0
2025-01-31,841,242805.4,0
2025-02-28,841,238690.05,0
2025-03-31,841,234574.7,0
2025-04-30,841,230459.35,0
2025-05-31,841,226344.0,0
2025-06-30,841,222228.65,0
2025-07-31,841,218113.3,0
2025-08-31,841,213997.95,0
2025-09-30,841,209882.6,0
2025-10-31,841,205767.25,0
2025-11-30,841,201651.9,0
2025-12-31,841,197536.55,0
2025-01-31,842,7278789.44,0
2025-02-28,842,7217623.14,0
2025-03-31,842,7156456.84,0
2025-04-30,842,7095290.54,0
2025-05-31,842,7034124.24,0
2025-06-30,842,6972957.94,0
2025-07-31,842,6911791.64,0
2025-08-31,842,6850625.34,0
2025-09-30,842,6789459.04,0
2025-10-31,842,6728292.74,0
2025-11-30,842,6667126.44,0
2025-12-31,842,6605960.14,0
2025-01-31,843,382005.69,0
2025-02-28,843,365396.75,0
2025-03-31,843,348787.81,0
2025-04-30,843,332178.87,0
2025-05-31,843,315569.93,0
2025-06-30,843,298960.99,0
2025-07-31,843,282352.05,0
2025-08-31,843,265743.11,0
2025-09-30,843,249134.17,0
2025-10-31,843,249134.17,26
2025-11-30,843,232525.23,56
2025-12-31,843,215916.29,87
2025-01-31,844,1222988.27,0
2025-02-28,844,1202259.66,0
2025-03-31,844,1181531.05,0
2025-04-30,844,1160802.44,0
2025-05-31,844,1140073.83,0
2025-06-30,844,1119345.22,0
2025-07-31,844,1098616.61,0
2025-08-31,844,1077888.0,0
2025-09-30,844,1077888.0,25
2025-10-31,844,1057159.39,56
2025-11-30,844,1036430.78,86
2025-12-31,844,1015702.17,117
2025-01-31,845,1898567.9,0
2025-02-28,845,1882613.55,0
2025-03-31,845,1866659.2,0
2025-04-30,845,1850704.85,0
2025-05-31,845,1834750.5,0
2025-06-30,845,1818796.15,0
2025-07-31,845,1802841.8,0
2025-08-31,845,1786887.45,0
2025-09-30,845,1770933.1,0
2025-10-31,845,1754978.75,0
2025-11-30,845,1739024.4,0
2025-12-31,845,1723070.05,0
2025-01-31,846,599385.9,0
2025-02-28,846,582260.59,0
2025-03-31,846,565135.28,0
2025-04-30,846,548009.97,0
2025-05-31,846,530884.66,0
2025-06-30,846,513759.35,0
2025-07-31,846,496634.04,0
2025-08-31,846,479508.73,0
2025-09-30,846,462383.42,0
2025-10-31,846,445258.11,0
2025-11-30,846,428132.8,0
2025-12-31,846,411007.49,0
2025-01-31,847,1842757.19,0
2025-02-28,847,1762637.31,0
2025-03-31,847,1682517.43,0
2025-04-30,847,1602397.55,0
2025-05-31,847,1522277.67,0
2025-06-30,847,1442157.79,0
2025-07-31,847,1442157.79,26
2025-08-31,847,1362037.91,57
2025-09-30,847,1281918.03,87
2025-10-31,847,1201798.15,118
2025-11-30,847,1121678.27,148
2025-12-31,847,1121678.27,179
2025-01-31,848,2825194.65,0
2025-02-28,848,2777310.0,0
2025-03-31,848,2729425.35,0
2025-04-30,848,2681540.7,0
2025-05-31,848,2633656.05,0
2025-06-30,848,2585771.4,0
2025-07-31,848,2537886.75,0
2025-08-31,848,2490002.1,0
2025-09-30,848,2442117.45,0
2025-10-31,848,2442117.45,26
2025-11-30,848,2394232.8,56
2025-12-31,848,2394232.8,87
2025-01-31,849,1781080.91,0
2025-02-28,849,1766113.84,0
2025-03-31,849,1751146.77,0
2025-04-30,849,1736179.7,0
2025-05-31,849,1721212.63,0
2025-06-30,849,1706245.56,0
2025-07-31,849,1691278.49,0
2025-08-31,849,1676311.42,0
2025-09-30,849,1661344.35,0
2025-10-31,849,1646377.28,0
2025-11-30,849,1646377.28,25
2025-12-31,849,1631410.21,56
2025-01-31,850,1364973.62,0
2025-02-28,850,1353503.25,0
2025-03-31,850,1342032.88,0
2025-04-30,850,1330562.51,0
2025-05-31,850,1319092.14,0
2025-06-30,850,1307621.77,0
2025-07-31,850,1296151.4,0
2025-08-31,850,1284681.03,0
2025-09-30,850,1273210.66,0
2025-10-31,850,1261740.29,0
2025-11-30,850,1250269.92,0
2025-12-31,850,1238799.55,0
2025-01-31,851,310712.29,0
2025-02-28,851,305445.98,0
2025-03-31,851,300179.67,0
2025-04-30,851,294913.36,0
2025-05-31,851,289647.05,0
2025-06-30,851,284380.74,0
2025-07-31,851,279114.43,0
2025-08-31,851,273848.12,0
2025-09-30,851,268581.81,0
2025-10-31,851,263315.5,0
2025-11-30,851,258049.19,0
2025-12-31,851,252782.88,0
2025-01-31,852,717967.13,0
2025-02-28,852,697453.78,0
2025-03-31,852,676940.43,0
2025-04-30,852,656427.08,0
2025-05-31,852,635913.73,0
2025-06-30,852,615400.38,0
2025-07-31,852,594887.03,0
2025-08-31,852,574373.68,0
2025-09-30,852,553860.33,0
2025-10-31,852,533346.98,0
2025-11-30,852,512833.63,0
2025-12-31,852,492320.28,0
2025-01-31,853,301367.25,0
2025-02-28,853,292756.76,0
2025-03-31,853,284146.27,0
2025-04-30,853,275535.78,0
2025-05-31,853,266925.29,0
2025-06-30,853,258314.8,0
2025-07-31,853,249704.31,0
2025-08-31,853,241093.82,0
2025-09-30,853,232483.33,0
2025-10-31,853,223872.84,0
2025-11-30,853,215262.35,0
2025-12-31,853,206651.86,0
2025-01-31,854,861148.49,0
2025-02-28,854,846552.75,0
2025-03-31,854,831957.01,0
2025-04-30,854,817361.27,0
2025-05-31,854,802765.53,0
2025-06-30,854,788169.79,0
2025-07-31,854,773574.05,0
2025-08-31,854,758978.31,0
2025-09-30,854,744382.57,0
2025-10-31,854,729786.83,0
2025-11-30,854,715191.09,0
2025-12-31,854,700595.35,0
2025-01-31,855,1096940.77,0
2025-02-28,855,1087722.78,0
2025-03-31,855,1078504.79,0
2025-04-30,855,1069286.8,0
2025-05-31,855,1060068.81,0
2025-06-30,855,1050850.82,0
2025-07-31,855,1041632.83,0
2025-08-31,855,1032414.84,0
2025-09-30,855,1023196.85,0
2025-10-31,855,1013978.86,0
2025-11-30,855,1004760.87,0
2025-12-31,855,995542.88,0
2025-01-31,856,493054.15,0
2025-02-28,856,471617.01,0
2025-03-31,856,450179.87,0
2025-04-30,856,450179.87,25
2025-05-31,856,428742.73,56
2025-06-30,856,407305.59,86
2025-07-31,856,385868.45,117
2025-08-31,856,364431.31,148
2025-09-30,856,342994.17,178
2025-10-31,856,321557.03,209
2025-11-30,856,300119.89,239
2025-12-31,856,278682.75,270
2025-01-31,857,865614.31,0
2025-02-28,857,840882.47,0
2025-03-31,857,816150.63,0
2025-04-30,857,791418.79,0
2025-05-31,857,766686.95,0
2025-06-30,857,741955.11,0
2025-07-31,857,717223.27,0
2025-08-31,857,692491.43,0
2025-09-30,857,667759.59,0
2025-10-31,857,643027.75,0
2025-11-30,857,618295.91,0
2025-12-31,857,593564.07,0
2025-01-31,858,118895.5,0
2025-02-28,858,115498.49,0
2025-03-31,858,112101.48,0
2025-04-30,858,112101.48,25
2025-05-31,858,108704.47,56
2025-06-30,858,105307.46,86
2025-07-31,858,101910.45,117
2025-08-31,858,98513.44,148
2025-09-30,858,98513.44,178
2025-10-31,858,95116.43,209
2025-11-30,858,91719.42,239
2025-12-31,858,88322.41,270
2025-01-31,859,607540.79,0
2025-02-28,859,590182.48,0
2025-03-31,859,572824.17,0
2025-04-30,859,555465.86,0
2025-05-31,859,538107.55,0
2025-06-30,859,520749.24,0
2025-07-31,859,503390.93,0
2025-08-31,859,486032.62,0
2025-09-30,859,468674.31,0
2025-10-31,859,451316.0,0
2025-11-30,859,433957.69,0
2025-12-31,859,416599.38,0
2025-01-31,860,1050859.32,0
2025-02-28,860,1005169.78,0
2025-03-31,860,959480.24,0
2025-04-30,860,913790.7,0
2025-05-31,860,868101.16,0
2025-06-30,860,822411.62,0
2025-07-31,860,776722.08,0
2025-08-31,860,731032.54,0
2025-09-30,860,685343.0,0
2025-10-31,860,639653.46,0
2025-11-30,860,593963.92,0
2025-12-31,860,548274.38,0
2025-01-31,861,608318.33,0
2025-02-28,861,603206.41,0
2025-03-31,861,598094.49,0
2025-04-30,861,592982.57,0
2025-05-31,861,587870.65,0
2025-06-30,861,582758.73,0
2025-07-31,861,577646.81,0
2025-08-31,861,572534.89,0
2025-09-30,861,567422.97,0
2025-10-31,861,562311.05,0
2025-11-30,861,557199.13,0
2025-12-31,861,552087.21,0
2025-01-31,862,448492.05,0
2025-02-28,862,444723.21,0
2025-03-31,862,440954.37,0
2025-04-30,862,440954.37,25
2025-05-31,862,437185.53,56
2025-06-30,862,433416.69,86
2025-07-31,862,429647.85,117
2025-08-31,862,425879.01,148
2025-09-30,862,422110.17,178
2025-10-31,862,418341.33,209
2025-11-30,862,414572.49,239
2025-12-31,862,410803.65,270
2025-01-31,863,1689133.46,26
2025-02-28,863,1660981.24,54
2025-03-31,863,1632829.02,85
2025-04-30,863,1604676.8,115
2025-05-31,863,1576524.58,146
2025-06-30,863,1548372.36,176
2025-07-31,863,1548372.36,207
2025-08-31,863,1520220.14,238
2025-09-30,863,1492067.92,268
2025-10-31,863,1463915.7,299
2025-11-30,863,1435763.48,329
2025-12-31,863,1407611.26,360
2025-01-31,864,443000.52,0
2025-02-28,864,435492.04,0
2025-03-31,864,427983.56,0
2025-04-30,864,420475.08,0
2025-05-31,864,412966.6,0
2025-06-30,864,405458.12,0
2025-07-31,864,397949.64,0
2025-08-31,864,390441.16,0
2025-09-30,864,382932.68,0
2025-10-31,864,375424.2,0
2025-11-30,864,367915.72,0
2025-12-31,864,360407.24,0
2025-01-31,865,797912.8,0
2025-02-28,865,775115.29,0
2025-03-31,865,752317.78,0
2025-04-30,865,729520.27,0
2025-05-31,865,706722.76,0
2025-06-30,865,683925.25,0
2025-07-31,865,661127.74,0
2025-08-31,865,638330.23,0
2025-09-30,865,615532.72,0
2025-10-31,865,592735.21,0
2025-11-30,865,569937.7,0
2025-12-31,865,547140.19,0
2025-01-31,866,2605564.29,0
2025-02-28,866,2561402.18,0
2025-03-31,866,2517240.07,0
2025-04-30,866,2473077.96,0
2025-05-31,866,2428915.85,0
2025-06-30,866,2384753.74,0
2025-07-31,866,2340591.63,0
2025-08-31,866,2296429.52,0
2025-09-30,866,2252267.41,0
2025-10-31,866,2208105.3,0
2025-11-30,866,2163943.19,0
2025-12-31,866,2119781.08,0
2025-01-31,867,2569086.42,0
2025-02-28,867,2495683.95,0
2025-03-31,867,2422281.48,0
2025-04-30,867,2348879.01,0
2025-05-31,867,2275476.54,0
2025-06-30,867,2202074.07,0
2025-07-31,867,2128671.6,0
2025-08-31,867,2055269.13,0
2025-09-30,867,1981866.66,0
2025-10-31,867,1908464.19,0
2025-11-30,867,1835061.72,0
2025-12-31,867,1835061.72,26
2025-01-31,868,233291.26,0
2025-02-28,868,229337.17,0
2025-03-31,868,225383.08,0
2025-04-30,868,221428.99,0
2025-05-31,868,221428.99,26
2025-06-30,868,217474.9,56
2025-07-31,868,213520.81,87
2025-08-31,868,209566.72,118
2025-09-30,868,205612.63,148
2025-10-31,868,201658.54,179
2025-11-30,868,197704.45,209
2025-12-31,868,193750.36,240
2025-01-31,869,711089.22,0
2025-02-28,869,680172.3,0
2025-03-31,869,649255.38,0
2025-04-30,869,618338.46,0
2025-05-31,869,587421.54,0
2025-06-30,869,556504.62,0
2025-07-31,869,525587.7,0
2025-08-31,869,494670.78,0
2025-09-30,869,463753.86,0
2025-10-31,869,432836.94,0
2025-11-30,869,401920.02,0
2025-12-31,869,371003.1,0
2025-01-31,870,783132.6,0
2025-02-28,870,749083.36,0
2025-03-31,870,715034.12,0
2025-04-30,870,680984.88,0
2025-05-31,870,680984.88,26
2025-06-30,870,646935.64,56
2025-07-31,870,612886.4,87
2025-08-31,870,578837.16,118
2025-09-30,870,544787.92,148
2025-10-31,870,510738.68,179
2025-11-30,870,476689.44,209
2025-12-31,870,442640.2,240
2025-01-31,871,1296875.81,0
2025-02-28,871,1285977.69,0
2025-03-31,871,1275079.57,0
2025-04-30,871,1264181.45,0
2025-05-31,871,1253283.33,0
2025-06-30,871,1242385.21,0
2025-07-31,871,1231487.09,0
2025-08-31,871,1220588.97,0
2025-09-30,871,1209690.85,0
2025-10-31,871,1198792.73,0
2025-11-30,871,1187894.61,0
2025-12-31,871,1187894.61,26
2025-01-31,872,1288799.04,0
2025-02-28,872,1277968.8,0
2025-03-31,872,1267138.56,0
2025-04-30,872,1256308.32,0
2025-05-31,872,1245478.08,0
2025-06-30,872,1234647.84,0
2025-07-31,872,1223817.6,0
2025-08-31,872,1212987.36,0
2025-09-30,872,1202157.12,0
2025-10-31,872,1191326.88,0
2025-11-30,872,1180496.64,0
2025-12-31,872,1169666.4,0
2025-01-31,873,521926.22,0
2025-02-28,873,513080.01,0
2025-03-31,873,504233.8,0
2025-04-30,873,495387.59,0
2025-05-31,873,486541.38,0
2025-06-30,873,477695.17,0
2025-07-31,873,477695.17,26
2025-08-31,873,468848.96,57
2025-09-30,873,460002.75,87
2025-10-31,873,451156.54,118
2025-11-30,873,451156.54,148
2025-12-31,873,442310.33,179
2025-01-31,874,574691.42,0
2025-02-28,874,549704.84,0
2025-03-31,874,524718.26,0
2025-04-30,874,499731.68,0
2025-05-31,874,474745.1,0
2025-06-30,874,449758.52,0
2025-07-31,874,424771.94,0
2025-08-31,874,399785.36,0
2025-09-30,874,374798.78,0
2025-10-31,874,349812.2,0
2025-11-30,874,324825.62,0
2025-12-31,874,299839.04,0
2025-01-31,875,716116.46,0
2025-02-28,875,716116.46,23
2025-03-31,875,710098.67,54
2025-04-30,875,704080.88,84
2025-05-31,875,698063.09,115
2025-06-30,875,692045.3,145
2025-07-31,875,686027.51,176
2025-08-31,875,680009.72,207
2025-09-30,875,673991.93,237
2025-10-31,875,667974.14,268
2025-11-30,875,661956.35,298
2025-12-31,875,655938.56,329
2025-01-31,876,1370232.45,0
2025-02-28,876,1358717.89,0
2025-03-31,876,1347203.33,0
2025-04-30,876,1335688.77,0
2025-05-31,876,1324174.21,0
2025-06-30,876,1312659.65,0
2025-07-31,876,1301145.09,0
2025-08-31,876,1289630.53,0
2025-09-30,876,1278115.97,0
2025-10-31,876,1266601.41,0
2025-11-30,876,1255086.85,0
2025-12-31,876,1243572.29,0
2025-01-31,877,808146.38,0
2025-02-28,877,794448.98,0
2025-03-31,877,780751.58,0
2025-04-30,877,767054.18,0
2025-05-31,877,753356.78,0
2025-06-30,877,739659.38,0
2025-07-31,877,725961.98,0
2025-08-31,877,712264.58,0
2025-09-30,877,698567.18,0
2025-10-31,877,684869.78,0
2025-11-30,877,671172.38,0
2025-12-31,877,657474.98,0
2025-01-31,878,1077781.74,0
2025-02-28,878,1068724.75,0
2025-03-31,878,1059667.76,0
2025-04-30,878,1050610.77,0
2025-05-31,878,1041553.78,0
2025-06-30,878,1032496.79,0
2025-07-31,878,1023439.8,0
2025-08-31,878,1014382.81,0
2025-09-30,878,1005325.82,0
2025-10-31,878,1005325.82,26
2025-11-30,878,996268.83,56
2025-12-31,878,987211.84,87
2025-01-31,879,2980914.27,0
2025-02-28,879,2955864.57,0
2025-03-31,879,2930814.87,0
2025-04-30,879,2905765.17,0
2025-05-31,879,2880715.47,0
2025-06-30,879,2855665.77,0
2025-07-31,879,2830616.07,0
2025-08-31,879,2805566.37,0
2025-09-30,879,2780516.67,0
2025-10-31,879,2755466.97,0
2025-11-30,879,2730417.27,0
2025-12-31,879,2705367.57,0
2025-01-31,880,423248.7,0
2025-02-28,880,404846.58,0
2025-03-31,880,386444.46,0
2025-04-30,880,368042.34,0
2025-05-31,880,349640.22,0
2025-06-30,880,331238.1,0
2025-07-31,880,312835.98,0
2025-08-31,880,294433.86,0
2025-09-30,880,276031.74,0
2025-10-31,880,257629.62,0
2025-11-30,880,239227.5,0
2025-12-31,880,220825.38,0
2025-01-31,881,694833.01,0
2025-02-28,881,664622.88,0
2025-03-31,881,634412.75,0
2025-04-30,881,604202.62,0
2025-05-31,881,573992.49,0
2025-06-30,881,543782.36,0
2025-07-31,881,513572.23,0
2025-08-31,881,483362.1,0
2025-09-30,881,453151.97,0
2025-10-31,881,422941.84,0
2025-11-30,881,392731.71,0
2025-12-31,881,362521.58,0
2025-01-31,882,426751.76,0
2025-02-28,882,414558.85,0
2025-03-31,882,402365.94,0
2025-04-30,882,390173.03,0
2025-05-31,882,377980.12,0
2025-06-30,882,365787.21,0
2025-07-31,882,353594.3,0
2025-08-31,882,341401.39,0
2025-09-30,882,329208.48,0
2025-10-31,882,317015.57,0
2025-11-30,882,317015.57,25
2025-12-31,882,304822.66,56
2025-01-31,883,1030628.31,0
2025-02-28,883,1001181.79,0
2025-03-31,883,971735.27,0
2025-04-30,883,942288.75,0
2025-05-31,883,912842.23,0
2025-06-30,883,883395.71,0
2025-07-31,883,853949.19,0
2025-08-31,883,824502.67,0
2025-09-30,883,795056.15,0
2025-10-31,883,765609.63,0
2025-11-30,883,736163.11,0
2025-12-31,883,706716.59,0
2025-01-31,884,446373.09,0
2025-02-28,884,433619.57,0
2025-03-31,884,420866.05,0
2025-04-30,884,420866.05,25
2025-05-31,884,408112.53,56
2025-06-30,884,395359.01,86
2025-07-31,884,382605.49,117
2025-08-31,884,369851.97,148
2025-09-30,884,357098.45,178
2025-10-31,884,344344.93,209
2025-11-30,884,331591.41,239
2025-12-31,884,318837.89,270
2025-01-31,885,926513.14,0
2025-02-28,885,926513.14,23
2025-03-31,885,918727.32,54
2025-04-30,885,910941.5,84
2025-05-31,885,903155.68,115
2025-06-30,885,895369.86,145
2025-07-31,885,887584.04,176
2025-08-31,885,879798.22,207
2025-09-30,885,872012.4,237
2025-10-31,885,864226.58,268
2025-11-30,885,856440.76,298
2025-12-31,885,848654.94,329
2025-01-31,886,786615.35,0
2025-02-28,886,780005.14,0
2025-03-31,886,773394.93,0
2025-04-30,886,766784.72,0
2025-05-31,886,760174.51,0
2025-06-30,886,753564.3,0
2025-07-31,886,746954.09,0
2025-08-31,886,740343.88,0
2025-09-30,886,733733.67,0
2025-10-31,886,727123.46,0
2025-11-30,886,720513.25,0
2025-12-31,886,713903.04,0
2025-01-31,887,1290301.03,0
2025-02-28,887,1279458.16,0
2025-03-31,887,1268615.29,0
2025-04-30,887,1257772.42,0
2025-05-31,887,1246929.55,0
2025-06-30,887,1236086.68,0
2025-07-31,887,1225243.81,0
2025-08-31,887,1214400.94,0
2025-09-30,887,1203558.07,0
2025-10-31,887,1192715.2,0
2025-11-30,887,1181872.33,0
2025-12-31,887,1171029.46,0
2025-01-31,888,1213732.01,0
2025-02-28,888,1179053.95,0
2025-03-31,888,1144375.89,0
2025-04-30,888,1144375.89,25
2025-05-31,888,1109697.83,56
2025-06-30,888,1075019.77,86
2025-07-31,888,1040341.71,117
2025-08-31,888,1005663.65,148
2025-09-30,888,970985.59,178
2025-10-31,888,936307.53,209
2025-11-30,888,901629.47,239
2025-12-31,888,866951.41,270
2025-01-31,889,253113.48,0
2025-02-28,889,250986.48,0
2025-03-31,889,248859.48,0
2025-04-30,889,246732.48,0
2025-05-31,889,244605.48,0
2025-06-30,889,242478.48,0
2025-07-31,889,240351.48,0
2025-08-31,889,238224.48,0
2025-09-30,889,236097.48,0
2025-10-31,889,233970.48,0
2025-11-30,889,231843.48,0
2025-12-31,889,229716.48,0
2025-01-31,890,520334.83,0
2025-02-28,890,511515.6,0
2025-03-31,890,502696.37,0
2025-04-30,890,493877.14,0
2025-05-31,890,485057.91,0
2025-06-30,890,476238.68,0
2025-07-31,890,467419.45,0
2025-08-31,890,458600.22,0
2025-09-30,890,449780.99,0
2025-10-31,890,440961.76,0
2025-11-30,890,432142.53,0
2025-12-31,890,423323.3,0
2025-01-31,891,1111240.31,0
2025-02-28,891,1062925.51,0
2025-03-31,891,1014610.71,0
2025-04-30,891,966295.91,0
2025-05-31,891,917981.11,0
2025-06-30,891,869666.31,0
2025-07-31,891,821351.51,0
2025-08-31,891,773036.71,0
2025-09-30,891,724721.91,0
2025-10-31,891,676407.11,0
2025-11-30,891,676407.11,25
2025-12-31,891,628092.31,56
2025-01-31,892,721270.63,0
2025-02-28,892,709045.7,0
2025-03-31,892,696820.77,0
2025-04-30,892,684595.84,0
2025-05-31,892,672370.91,0
2025-06-30,892,660145.98,0
2025-07-31,892,647921.05,0
2025-08-31,892,635696.12,0
2025-09-30,892,623471.19,0
2025-10-31,892,623471.19,26
2025-11-30,892,611246.26,56
2025-12-31,892,599021.33,87
2025-01-31,893,1895277.01,0
2025-02-28,893,1812873.66,0
2025-03-31,893,1730470.31,0
2025-04-30,893,1648066.96,0
2025-05-31,893,1565663.61,0
2025-06-30,893,1483260.26,0
2025-07-31,893,1400856.91,0
2025-08-31,893,1318453.56,0
2025-09-30,893,1318453.56,25
2025-10-31,893,1236050.21,56
2025-11-30,893,1153646.86,86
2025-12-31,893,1071243.51,117
2025-01-31,894,475685.83,0
2025-02-28,894,467623.36,0
2025-03-31,894,459560.89,0
2025-04-30,894,459560.89,25
2025-05-31,894,451498.42,56
2025-06-30,894,443435.95,86
2025-07-31,894,435373.48,117
2025-08-31,894,427311.01,148
2025-09-30,894,419248.54,178
2025-10-31,894,411186.07,209
2025-11-30,894,403123.6,239
2025-12-31,894,395061.13,270
2025-01-31,895,535177.93,0
2025-02-28,895,519887.13,0
2025-03-31,895,504596.33,0
2025-04-30,895,489305.53,0
2025-05-31,895,474014.73,0
2025-06-30,895,458723.93,0
2025-07-31,895,443433.13,0
2025-08-31,895,443433.13,26
2025-09-30,895,428142.33,56
2025-10-31,895,428142.33,87
2025-11-30,895,412851.53,117
2025-12-31,895,397560.73,148
2025-01-31,896,407110.28,0
2025-02-28,896,400210.11,0
2025-03-31,896,393309.94,0
2025-04-30,896,386409.77,0
2025-05-31,896,379509.6,0
2025-06-30,896,372609.43,0
2025-07-31,896,365709.26,0
2025-08-31,896,358809.09,0
2025-09-30,896,351908.92,0
2025-10-31,896,345008.75,0
2025-11-30,896,338108.58,0
2025-12-31,896,331208.41,0
2025-01-31,897,1429685.61,0
2025-02-28,897,1405453.65,0
2025-03-31,897,1381221.69,0
2025-04-30,897,1356989.73,0
2025-05-31,897,1332757.77,0
2025-06-30,897,1308525.81,0
2025-07-31,897,1284293.85,0
2025-08-31,897,1260061.89,0
2025-09-30,897,1235829.93,0
2025-10-31,897,1211597.97,0
2025-11-30,897,1187366.01,0
2025-12-31,897,1163134.05,0
2025-01-31,898,816090.89,0
2025-02-28,898,802258.84,0
2025-03-31,898,788426.79,0
2025-04-30,898,774594.74,0
2025-05-31,898,760762.69,0
2025-06-30,898,746930.64,0
2025-07-31,898,733098.59,0
2025-08-31,898,719266.54,0
2025-09-30,898,705434.49,0
2025-10-31,898,691602.44,0
2025-11-30,898,677770.39,0
2025-12-31,898,663938.34,0
2025-01-31,899,429419.8,0
2025-02-28,899,429419.8,23
2025-03-31,899,417150.66,54
2025-04-30,899,404881.52,84
2025-05-31,899,392612.38,115
2025-06-30,899,380343.24,145
2025-07-31,899,368074.1,176
2025-08-31,899,355804.96,207
2025-09-30,899,343535.82,237
2025-10-31,899,331266.68,268
2025-11-30,899,318997.54,298
2025-12-31,899,306728.4,329
2025-01-31,900,613932.44,0
2025-02-28,900,587239.72,0
2025-03-31,900,560547.0,0
2025-04-30,900,533854.28,0
2025-05-31,900,507161.56,0
2025-06-30,900,480468.84,0
2025-07-31,900,453776.12,0
2025-08-31,900,427083.4,0
2025-09-30,900,400390.68,0
2025-10-31,900,373697.96,0
2025-11-30,900,347005.24,0
2025-12-31,900,320312.52,0
2025-01-31,901,355339.21,0
2025-02-28,901,352353.17,0
2025-03-31,901,349367.13,0
2025-04-30,901,346381.09,0
2025-05-31,901,343395.05,0
2025-06-30,901,340409.01,0
2025-07-31,901,337422.97,0
2025-08-31,901,334436.93,0
2025-09-30,901,331450.89,0
2025-10-31,901,331450.89,26
2025-11-30,901,328464.85,56
2025-12-31,901,325478.81,87
2025-01-31,902,752234.07,0
2025-02-28,902,739484.34,0
2025-03-31,902,726734.61,0
2025-04-30,902,713984.88,0
2025-05-31,902,701235.15,0
2025-06-30,902,688485.42,0
2025-07-31,902,675735.69,0
2025-08-31,902,662985.96,0
2025-09-30,902,650236.23,0
2025-10-31,902,637486.5,0
2025-11-30,902,624736.77,0
2025-12-31,902,611987.04,0
2025-01-31,903,476449.67,0
2025-02-28,903,472445.89,0
2025-03-31,903,468442.11,0
2025-04-30,903,464438.33,0
2025-05-31,903,460434.55,0
2025-06-30,903,456430.77,0
2025-07-31,903,452426.99,0
2025-08-31,903,448423.21,0
2025-09-30,903,444419.43,0
2025-10-31,903,440415.65,0
2025-11-30,903,436411.87,0
2025-12-31,903,432408.09,0
2025-01-31,904,384128.68,0
2025-02-28,904,373153.57,0
2025-03-31,904,362178.46,0
2025-04-30,904,351203.35,0
2025-05-31,904,340228.24,0
2025-06-30,904,329253.13,0
2025-07-31,904,318278.02,0
2025-08-31,904,307302.91,0
2025-09-30,904,296327.8,0
2025-10-31,904,285352.69,0
2025-11-30,904,274377.58,0
2025-12-31,904,263402.47,0
2025-01-31,905,1287306.12,0
2025-02-28,905,1250525.95,0
2025-03-31,905,1213745.78,0
2025-04-30,905,1176965.61,0
2025-05-31,905,1140185.44,0
2025-06-30,905,1103405.27,0
2025-07-31,905,1066625.1,0
2025-08-31,905,1029844.93,0
2025-09-30,905,993064.76,0
2025-10-31,905,956284.59,0
2025-11-30,905,919504.42,0
2025-12-31,905,882724.25,0
2025-01-31,906,325339.39,26
2025-02-28,906,322628.23,54
2025-03-31,906,319917.07,85
2025-04-30,906,317205.91,115
2025-05-31,906,317205.91,146
2025-06-30,906,314494.75,176
2025-07-31,906,311783.59,207
2025-08-31,906,309072.43,238
2025-09-30,906,306361.27,268
2025-10-31,906,303650.11,299
2025-11-30,906,300938.95,329
2025-12-31,906,298227.79,360
2025-01-31,907,1309972.4,0
2025-02-28,907,1287769.48,0
2025-03-31,907,1265566.56,0
2025-04-30,907,1243363.64,0
2025-05-31,907,1221160.72,0
2025-06-30,907,1198957.8,0
2025-07-31,907,1176754.88,0
2025-08-31,907,1154551.96,0
2025-09-30,907,1132349.04,0
2025-10-31,907,1110146.12,0
2025-11-30,907,1087943.2,0
2025-12-31,907,1065740.28,0
2025-01-31,908,1483745.2,0
2025-02-28,908,1441352.48,0
2025-03-31,908,1398959.76,0
2025-04-30,908,1356567.04,0
2025-05-31,908,1314174.32,0
2025-06-30,908,1271781.6,0
2025-07-31,908,1229388.88,0
2025-08-31,908,1186996.16,0
2025-09-30,908,1144603.44,0
2025-10-31,908,1102210.72,0
2025-11-30,908,1059818.0,0
2025-12-31,908,1017425.28,0
2025-01-31,909,419809.66,0
2025-02-28,909,401557.07,0
2025-03-31,909,383304.48,0
2025-04-30,909,365051.89,0
2025-05-31,909,346799.3,0
2025-06-30,909,328546.71,0
2025-07-31,909,310294.12,0
2025-08-31,909,292041.53,0
2025-09-30,909,273788.94,0
2025-10-31,909,255536.35,0
2025-11-30,909,255536.35,25
2025-12-31,909,237283.76,56
2025-01-31,910,630221.24,0
2025-02-28,910,624925.26,0
2025-03-31,910,619629.28,0
2025-04-30,910,619629.28,25
2025-05-31,910,614333.3,56
2025-06-30,910,614333.3,86
2025-07-31,910,609037.32,117
2025-08-31,910,603741.34,148
2025-09-30,910,598445.36,178
2025-10-31,910,593149.38,209
2025-11-30,910,587853.4,239
2025-12-31,910,582557.42,270
2025-01-31,911,1528547.27,0
2025-02-28,911,1502639.69,0
2025-03-31,911,1476732.11,0
2025-04-30,911,1450824.53,0
2025-05-31,911,1424916.95,0
2025-06-30,911,1399009.37,0
2025-07-31,911,1373101.79,0
2025-08-31,911,1347194.21,0
2025-09-30,911,1347194.21,25
2025-10-31,911,1321286.63,56
2025-11-30,911,1295379.05,86
2025-12-31,911,1269471.47,117
2025-01-31,912,252670.47,0
2025-02-28,912,245451.31,0
2025-03-31,912,238232.15,0
2025-04-30,912,231012.99,0
2025-05-31,912,223793.83,0
2025-06-30,912,216574.67,0
2025-07-31,912,209355.51,0
2025-08-31,912,202136.35,0
2025-09-30,912,194917.19,0
2025-10-31,912,187698.03,0
2025-11-30,912,180478.87,0
2025-12-31,912,173259.71,0
2025-01-31,913,1309050.25,0
2025-02-28,913,1252135.02,0
2025-03-31,913,1195219.79,0
2025-04-30,913,1138304.56,0
2025-05-31,913,1081389.33,0
2025-06-30,913,1024474.1,0
2025-07-31,913,967558.87,0
2025-08-31,913,910643.64,0
2025-09-30,913,853728.41,0
2025-10-31,913,796813.18,0
2025-11-30,913,739897.95,0
2025-12-31,913,682982.72,0
2025-01-31,914,576010.3,0
2025-02-28,914,550966.37,0
2025-03-31,914,550966.37,26
2025-04-30,914,525922.44,56
2025-05-31,914,500878.51,87
2025-06-30,914,475834.58,117
2025-07-31,914,450790.65,148
2025-08-31,914,425746.72,179
2025-09-30,914,400702.79,209
2025-10-31,914,375658.86,240
2025-11-30,914,350614.93,270
2025-12-31,914,325571.0,301
2025-01-31,915,2050394.27,0
2025-02-28,915,2015641.82,0
2025-03-31,915,1980889.37,0
2025-04-30,915,1946136.92,0
2025-05-31,915,1911384.47,0
2025-06-30,915,1876632.02,0
2025-07-31,915,1841879.57,0
2025-08-31,915,1807127.12,0
2025-09-30,915,1772374.67,0
2025-10-31,915,1737622.22,0
2025-11-30,915,1702869.77,0
2025-12-31,915,1668117.32,0
2025-01-31,916,953220.81,0
2025-02-28,916,925985.93,0
2025-03-31,916,898751.05,0
2025-04-30,916,871516.17,0
2025-05-31,916,844281.29,0
2025-06-30,916,817046.41,0
2025-07-31,916,789811.53,0
2025-08-31,916,762576.65,0
2025-09-30,916,735341.77,0
2025-10-31,916,708106.89,0
2025-11-30,916,680872.01,0
2025-12-31,916,653637.13,0
2025-01-31,917,641340.28,0
2025-02-28,917,630470.11,0
2025-03-31,917,619599.94,0
2025-04-30,917,608729.77,0
2025-05-31,917,597859.6,0
2025-06-30,917,586989.43,0
2025-07-31,917,576119.26,0
2025-08-31,917,565249.09,0
2025-09-30,917,554378.92,0
2025-10-31,917,543508.75,0
2025-11-30,917,532638.58,0
2025-12-31,917,521768.41,0
2025-01-31,918,512612.83,0
2025-02-28,918,497966.75,0
2025-03-31,918,483320.67,0
2025-04-30,918,468674.59,0
2025-05-31,918,454028.51,0
2025-06-30,918,439382.43,0
2025-07-31,918,424736.35,0
2025-08-31,918,410090.27,0
2025-09-30,918,395444.19,0
2025-10-31,918,380798.11,0
2025-11-30,918,366152.03,0
2025-12-31,918,351505.95,0
2025-01-31,919,1434061.57,0
2025-02-28,919,1409755.44,0
2025-03-31,919,1385449.31,0
2025-04-30,919,1361143.18,0
2025-05-31,919,1336837.05,0
2025-06-30,919,1312530.92,0
2025-07-31,919,1288224.79,0
2025-08-31,919,1263918.66,0
2025-09-30,919,1239612.53,0
2025-10-31,919,1215306.4,0
2025-11-30,919,1191000.27,0
2025-12-31,919,1166694.14,0
2025-01-31,920,1363703.57,0
2025-02-28,920,1304412.11,0
2025-03-31,920,1245120.65,0
2025-04-30,920,1185829.19,0
2025-05-31,920,1126537.73,0
2025-06-30,920,1067246.27,0
2025-07-31,920,1007954.81,0
2025-08-31,920,948663.35,0
2025-09-30,920,889371.89,0
2025-10-31,920,830080.43,0
2025-11-30,920,770788.97,0
2025-12-31,920,770788.97,26
2025-01-31,921,338434.32,0
2025-02-28,921,328764.77,0
2025-03-31,921,319095.22,0
2025-04-30,921,309425.67,0
2025-05-31,921,299756.12,0
2025-06-30,921,290086.57,0
2025-07-31,921,280417.02,0
2025-08-31,921,270747.47,0
2025-09-30,921,270747.47,25
2025-10-31,921,261077.92,56
2025-11-30,921,251408.37,86
2025-12-31,921,251408.37,117
2025-01-31,922,912072.17,0
2025-02-28,922,886012.97,0
2025-03-31,922,859953.77,0
2025-04-30,922,833894.57,0
2025-05-31,922,807835.37,0
2025-06-30,922,781776.17,0
2025-07-31,922,755716.97,0
2025-08-31,922,729657.77,0
2025-09-30,922,703598.57,0
2025-10-31,922,677539.37,0
2025-11-30,922,651480.17,0
2025-12-31,922,651480.17,26
2025-01-31,923,657346.88,0
2025-02-28,923,651822.96,0
2025-03-31,923,646299.04,0
2025-04-30,923,640775.12,0
2025-05-31,923,635251.2,0
2025-06-30,923,635251.2,25
2025-07-31,923,629727.28,56
2025-08-31,923,624203.36,87
2025-09-30,923,618679.44,117
2025-10-31,923,613155.52,148
2025-11-30,923,607631.6,178
2025-12-31,923,602107.68,209
2025-01-31,924,1217460.2,0
2025-02-28,924,1196825.28,0
2025-03-31,924,1176190.36,0
2025-04-30,924,1155555.44,0
2025-05-31,924,1134920.52,0
2025-06-30,924,1114285.6,0
2025-07-31,924,1093650.68,0
2025-08-31,924,1073015.76,0
2025-09-30,924,1052380.84,0
2025-10-31,924,1031745.92,0
2025-11-30,924,1011111.0,0
2025-12-31,924,990476.08,0
2025-01-31,925,985595.08,0
2025-02-28,925,957435.22,0
2025-03-31,925,929275.36,0
2025-04-30,925,901115.5,0
2025-05-31,925,872955.64,0
2025-06-30,925,872955.64,25
2025-07-31,925,844795.78,56
2025-08-31,925,816635.92,87
2025-09-30,925,788476.06,117
2025-10-31,925,760316.2,148
2025-11-30,925,732156.34,178
2025-12-31,925,703996.48,209
2025-01-31,926,1168343.92,0
2025-02-28,926,1158525.9,0
2025-03-31,926,1148707.88,0
2025-04-30,926,1138889.86,0
2025-05-31,926,1129071.84,0
2025-06-30,926,1119253.82,0
2025-07-31,926,1109435.8,0
2025-08-31,926,1099617.78,0
2025-09-30,926,1089799.76,0
2025-10-31,926,1079981.74,0
2025-11-30,926,1070163.72,0
2025-12-31,926,1060345.7,0
2025-01-31,927,1715262.18,0
2025-02-28,927,1700848.21,0
2025-03-31,927,1686434.24,0
2025-04-30,927,1672020.27,0
2025-05-31,927,1657606.3,0
2025-06-30,927,1643192.33,0
2025-07-31,927,1628778.36,0
2025-08-31,927,1614364.39,0
2025-09-30,927,1599950.42,0
2025-10-31,927,1585536.45,0
2025-11-30,927,1571122.48,0
2025-12-31,927,1556708.51,0
2025-01-31,928,670662.73,0
2025-02-28,928,641503.48,0
2025-03-31,928,612344.23,0
2025-04-30,928,583184.98,0
2025-05-31,928,583184.98,26
2025-06-30,928,554025.73,56
2025-07-31,928,524866.48,87
2025-08-31,928,495707.23,118
2025-09-30,928,466547.98,148
2025-10-31,928,437388.73,179
2025-11-30,928,408229.48,209
2025-12-31,928,379070.23,240
2025-01-31,929,737276.48,0
2025-02-28,929,731080.88,0
2025-03-31,929,724885.28,0
2025-04-30,929,718689.68,0
2025-05-31,929,712494.08,0
2025-06-30,929,706298.48,0
2025-07-31,929,700102.88,0
2025-08-31,929,693907.28,0
2025-09-30,929,687711.68,0
2025-10-31,929,681516.08,0
2025-11-30,929,681516.08,25
2025-12-31,929,675320.48,56
2025-01-31,930,1898165.12,0
2025-02-28,930,1865992.83,0
2025-03-31,930,1833820.54,0
2025-04-30,930,1801648.25,0
2025-05-31,930,1769475.96,0
2025-06-30,930,1737303.67,0
2025-07-31,930,1705131.38,0
2025-08-31,930,1672959.09,0
2025-09-30,930,1672959.09,25
2025-10-31,930,1640786.8,56
2025-11-30,930,1608614.51,86
2025-12-31,930,1576442.22,117
2025-01-31,931,1330482.45,0
2025-02-28,931,1272635.39,0
2025-03-31,931,1214788.33,0
2025-04-30,931,1156941.27,0
2025-05-31,931,1099094.21,0
2025-06-30,931,1041247.15,0
2025-07-31,931,983400.09,0
2025-08-31,931,925553.03,0
2025-09-30,931,867705.97,0
2025-10-31,931,809858.91,0
2025-11-30,931,752011.85,0
2025-12-31,931,694164.79,0
2025-01-31,932,2009149.42,0
2025-02-28,932,1992265.81,0
2025-03-31,932,1975382.2,0
2025-04-30,932,1958498.59,0
2025-05-31,932,1941614.98,0
2025-06-30,932,1924731.37,0
2025-07-31,932,1907847.76,0
2025-08-31,932,1890964.15,0
2025-09-30,932,1874080.54,0
2025-10-31,932,1857196.93,0
2025-11-30,932,1840313.32,0
2025-12-31,932,1823429.71,0
2025-01-31,933,3162600.33,26
2025-02-28,933,3136245.33,54
2025-03-31,933,3109890.33,85
2025-04-30,933,3083535.33,115
2025-05-31,933,3057180.33,146
2025-06-30,933,3030825.33,176
2025-07-31,933,3004470.33,207
2025-08-31,933,2978115.33,238
2025-09-30,933,2951760.33,268
2025-10-31,933,2925405.33,299
2025-11-30,933,2899050.33,329
2025-12-31,933,2872695.33,360
2025-01-31,934,592402.77,0
2025-02-28,934,587424.6,0
2025-03-31,934,582446.43,0
2025-04-30,934,577468.26,0
2025-05-31,934,572490.09,0
2025-06-30,934,567511.92,0
2025-07-31,934,562533.75,0
2025-08-31,934,557555.58,0
2025-09-30,934,552577.41,0
2025-10-31,934,547599.24,0
2025-11-30,934,542621.07,0
2025-12-31,934,537642.9,0
2025-01-31,935,1792732.44,0
2025-02-28,935,1741511.51,0
2025-03-31,935,1690290.58,0
2025-04-30,935,1639069.65,0
2025-05-31,935,1587848.72,0
2025-06-30,935,1536627.79,0
2025-07-31,935,1485406.86,0
2025-08-31,935,1434185.93,0
2025-09-30,935,1382965.0,0
2025-10-31,935,1331744.07,0
2025-11-30,935,1280523.14,0
2025-12-31,935,1229302.21,0
2025-01-31,936,925319.76,0
2025-02-28,936,898882.05,0
2025-03-31,936,872444.34,0
2025-04-30,936,846006.63,0
2025-05-31,936,819568.92,0
2025-06-30,936,793131.21,0
2025-07-31,936,766693.5,0
2025-08-31,936,740255.79,0
2025-09-30,936,713818.08,0
2025-10-31,936,687380.37,0
2025-11-30,936,660942.66,0
2025-12-31,936,634504.95,0
2025-01-31,937,318058.95,26
2025-02-28,937,304806.49,54
2025-03-31,937,291554.03,85
2025-04-30,937,278301.57,115
2025-05-31,937,265049.11,146
2025-06-30,937,265049.11,176
2025-07-31,937,251796.65,207
2025-08-31,937,238544.19,238
2025-09-30,937,225291.73,268
2025-10-31,937,212039.27,299
2025-11-30,937,198786.81,329
2025-12-31,937,185534.35,360
2025-01-31,938,1115157.91,0
2025-02-28,938,1105786.84,0
2025-03-31,938,1096415.77,0
2025-04-30,938,1087044.7,0
2025-05-31,938,1087044.7,26
2025-06-30,938,1077673.63,56
2025-07-31,938,1068302.56,87
2025-08-31,938,1058931.49,118
2025-09-30,938,1049560.42,148
2025-10-31,938,1049560.42,179
2025-11-30,938,1040189.35,209
2025-12-31,938,1030818.28,240
2025-01-31,939,1032209.13,0
2025-02-28,939,987330.47,0
2025-03-31,939,942451.81,0
2025-04-30,939,897573.15,0
2025-05-31,939,852694.49,0
2025-06-30,939,807815.83,0
2025-07-31,939,762937.17,0
2025-08-31,939,718058.51,0
2025-09-30,939,673179.85,0
2025-10-31,939,628301.19,0
2025-11-30,939,583422.53,0
2025-12-31,939,538543.87,0
2025-01-31,940,748463.52,0
2025-02-28,940,742173.91,0
2025-03-31,940,735884.3,0
2025-04-30,940,729594.69,0
2025-05-31,940,723305.08,0
2025-06-30,940,717015.47,0
2025-07-31,940,710725.86,0
2025-08-31,940,704436.25,0
2025-09-30,940,698146.64,0
2025-10-31,940,691857.03,0
2025-11-30,940,685567.42,0
2025-12-31,940,679277.81,0
2025-01-31,941,232215.09,0
2025-02-28,941,232215.09,23
2025-03-31,941,225580.37,54
2025-04-30,941,218945.65,84
2025-05-31,941,212310.93,115
2025-06-30,941,205676.21,145
2025-07-31,941,199041.49,176
2025-08-31,941,192406.77,207
2025-09-30,941,185772.05,237
2025-10-31,941,179137.33,268
2025-11-30,941,172502.61,298
2025-12-31,941,165867.89,329
2025-01-31,942,1893790.36,0
2025-02-28,942,1861692.22,0
2025-03-31,942,1829594.08,0
2025-04-30,942,1797495.94,0
2025-05-31,942,1765397.8,0
2025-06-30,942,1733299.66,0
2025-07-31,942,1701201.52,0
2025-08-31,942,1669103.38,0
2025-09-30,942,1637005.24,0
2025-10-31,942,1604907.1,0
2025-11-30,942,1572808.96,0
2025-12-31,942,1540710.82,0
2025-01-31,943,1809030.27,0
2025-02-28,943,1757343.69,0
2025-03-31,943,1705657.11,0
2025-04-30,943,1653970.53,0
2025-05-31,943,1602283.95,0
2025-06-30,943,1602283.95,25
2025-07-31,943,1550597.37,56
2025-08-31,943,1498910.79,87
2025-09-30,943,1447224.21,117
2025-10-31,943,1395537.63,148
2025-11-30,943,1343851.05,178
2025-12-31,943,1292164.47,209
2025-01-31,944,557431.8,0
2025-02-28,944,541505.18,0
2025-03-31,944,525578.56,0
2025-04-30,944,509651.94,0
2025-05-31,944,493725.32,0
2025-06-30,944,477798.7,0
2025-07-31,944,461872.08,0
2025-08-31,944,445945.46,0
2025-09-30,944,430018.84,0
2025-10-31,944,414092.22,0
2025-11-30,944,398165.6,0
2025-12-31,944,382238.98,0
2025-01-31,945,1478379.79,0
2025-02-28,945,1436140.37,0
2025-03-31,945,1393900.95,0
2025-04-30,945,1351661.53,0
2025-05-31,945,1309422.11,0
2025-06-30,945,1309422.11,25
2025-07-31,945,1267182.69,56
2025-08-31,945,1224943.27,87
2025-09-30,945,1182703.85,117
2025-10-31,945,1140464.43,148
2025-11-30,945,1098225.01,178
2025-12-31,945,1055985.59,209
2025-01-31,946,1480730.13,0
2025-02-28,946,1438423.55,0
2025-03-31,946,1396116.97,0
2025-04-30,946,1353810.39,0
2025-05-31,946,1311503.81,0
2025-06-30,946,1269197.23,0
2025-07-31,946,1226890.65,0
2025-08-31,946,1184584.07,0
2025-09-30,946,1142277.49,0
2025-10-31,946,1099970.91,0
2025-11-30,946,1057664.33,0
2025-12-31,946,1015357.75,0
2025-01-31,947,359526.56,0
2025-02-28,947,343894.97,0
2025-03-31,947,328263.38,0
2025-04-30,947,312631.79,0
2025-05-31,947,297000.2,0
2025-06-30,947,281368.61,0
2025-07-31,947,265737.02,0
2025-08-31,947,250105.43,0
2025-09-30,947,234473.84,0
2025-10-31,947,218842.25,0
2025-11-30,947,203210.66,0
2025-12-31,947,187579.07,0
2025-01-31,948,900379.83,0
2025-02-28,948,861232.88,0
2025-03-31,948,822085.93,0
2025-04-30,948,782938.98,0
2025-05-31,948,743792.03,0
2025-06-30,948,704645.08,0
2025-07-31,948,665498.13,0
2025-08-31,948,626351.18,0
2025-09-30,948,587204.23,0
2025-10-31,948,548057.28,0
2025-11-30,948,508910.33,0
2025-12-31,948,469763.38,0
2025-01-31,949,816399.14,0
2025-02-28,949,793073.45,0
2025-03-31,949,769747.76,0
2025-04-30,949,746422.07,0
2025-05-31,949,723096.38,0
2025-06-30,949,699770.69,0
2025-07-31,949,676445.0,0
2025-08-31,949,653119.31,0
2025-09-30,949,653119.31,25
2025-10-31,949,629793.62,56
2025-11-30,949,606467.93,86
2025-12-31,949,583142.24,117
2025-01-31,950,4711438.7,0
2025-02-28,950,4576826.17,0
2025-03-31,950,4442213.64,0
2025-04-30,950,4307601.11,0
2025-05-31,950,4172988.58,0
2025-06-30,950,4038376.05,0
2025-07-31,950,3903763.52,0
2025-08-31,950,3769150.99,0
2025-09-30,950,3634538.46,0
2025-10-31,950,3499925.93,0
2025-11-30,950,3365313.4,0
2025-12-31,950,3230700.87,0
2025-01-31,951,692334.54,26
2025-02-28,951,692334.54,54
2025-03-31,951,663487.27,85
2025-04-30,951,634640.0,115
2025-05-31,951,605792.73,146
2025-06-30,951,576945.46,176
2025-07-31,951,548098.19,207
2025-08-31,951,519250.92,238
2025-09-30,951,519250.92,268
2025-10-31,951,490403.65,299
2025-11-30,951,461556.38,329
2025-12-31,951,432709.11,360
2025-01-31,952,1461774.02,0
2025-02-28,952,1461774.02,23
2025-03-31,952,1398218.63,54
2025-04-30,952,1334663.24,84
2025-05-31,952,1271107.85,115
2025-06-30,952,1207552.46,145
2025-07-31,952,1143997.07,176
2025-08-31,952,1080441.68,207
2025-09-30,952,1080441.68,237
2025-10-31,952,1016886.29,268
2025-11-30,952,1016886.29,298
2025-12-31,952,953330.9,329
2025-01-31,953,505413.98,0
2025-02-28,953,501166.8,0
2025-03-31,953,496919.62,0
2025-04-30,953,492672.44,0
2025-05-31,953,488425.26,0
2025-06-30,953,484178.08,0
2025-07-31,953,479930.9,0
2025-08-31,953,475683.72,0
2025-09-30,953,471436.54,0
2025-10-31,953,467189.36,0
2025-11-30,953,462942.18,0
2025-12-31,953,458695.0,0
2025-01-31,954,1141071.73,0
2025-02-28,954,1091459.92,0
2025-03-31,954,1041848.11,0
2025-04-30,954,992236.3,0
2025-05-31,954,942624.49,0
2025-06-30,954,893012.68,0
2025-07-31,954,843400.87,0
2025-08-31,954,793789.06,0
2025-09-30,954,744177.25,0
2025-10-31,954,694565.44,0
2025-11-30,954,644953.63,0
2025-12-31,954,595341.82,0
2025-01-31,955,933303.36,0
2025-02-28,955,917484.66,0
2025-03-31,955,901665.96,0
2025-04-30,955,885847.26,0
2025-05-31,955,870028.56,0
2025-06-30,955,854209.86,0
2025-07-31,955,838391.16,0
2025-08-31,955,822572.46,0
2025-09-30,955,806753.76,0
2025-10-31,955,790935.06,0
2025-11-30,955,775116.36,0
2025-12-31,955,759297.66,0
2025-01-31,956,656359.34,26
2025-02-28,956,656359.34,54
2025-03-31,956,645420.02,85
2025-04-30,956,634480.7,115
2025-05-31,956,623541.38,146
2025-06-30,956,612602.06,176
2025-07-31,956,601662.74,207
2025-08-31,956,590723.42,238
2025-09-30,956,579784.1,268
2025-10-31,956,568844.78,299
2025-11-30,956,568844.78,329
2025-12-31,956,557905.46,360
2025-01-31,957,814027.99,0
2025-02-28,957,790770.05,0
2025-03-31,957,767512.11,0
2025-04-30,957,744254.17,0
2025-05-31,957,720996.23,0
2025-06-30,957,697738.29,0
2025-07-31,957,674480.35,0
2025-08-31,957,651222.41,0
2025-09-30,957,627964.47,0
2025-10-31,957,604706.53,0
2025-11-30,957,581448.59,0
2025-12-31,957,558190.65,0
2025-01-31,958,274882.93,0
2025-02-28,958,262931.5,0
2025-03-31,958,250980.07,0
2025-04-30,958,239028.64,0
2025-05-31,958,227077.21,0
2025-06-30,958,227077.21,25
2025-07-31,958,215125.78,56
2025-08-31,958,203174.35,87
2025-09-30,958,191222.92,117
2025-10-31,958,179271.49,148
2025-11-30,958,167320.06,178
2025-12-31,958,155368.63,209
2025-01-31,959,1000648.43,0
2025-02-28,959,957141.98,0
2025-03-31,959,913635.53,0
2025-04-30,959,870129.08,0
2025-05-31,959,826622.63,0
2025-06-30,959,783116.18,0
2025-07-31,959,739609.73,0
2025-08-31,959,696103.28,0
2025-09-30,959,652596.83,0
2025-10-31,959,609090.38,0
2025-11-30,959,565583.93,0
2025-12-31,959,522077.48,0
2025-01-31,960,973529.3,26
2025-02-28,960,965416.56,54
2025-03-31,960,957303.82,85
2025-04-30,960,949191.08,115
2025-05-31,960,941078.34,146
2025-06-30,960,941078.34,176
2025-07-31,960,932965.6,207
2025-08-31,960,924852.86,238
2025-09-30,960,916740.12,268
2025-10-31,960,908627.38,299
2025-11-30,960,908627.38,329
2025-12-31,960,900514.64,360
2025-01-31,961,289355.38,0
2025-02-28,961,284451.05,0
2025-03-31,961,279546.72,0
2025-04-30,961,274642.39,0
2025-05-31,961,269738.06,0
2025-06-30,961,264833.73,0
2025-07-31,961,259929.4,0
2025-08-31,961,255025.07,0
2025-09-30,961,250120.74,0
2025-10-31,961,245216.41,0
2025-11-30,961,240312.08,0
2025-12-31,961,235407.75,0
2025-01-31,962,1513650.71,0
2025-02-28,962,1500930.96,0
2025-03-31,962,1488211.21,0
2025-04-30,962,1475491.46,0
2025-05-31,962,1462771.71,0
2025-06-30,962,1462771.71,25
2025-07-31,962,1450051.96,56
2025-08-31,962,1437332.21,87
2025-09-30,962,1424612.46,117
2025-10-31,962,1411892.71,148
2025-11-30,962,1399172.96,178
2025-12-31,962,1386453.21,209
2025-01-31,963,538670.86,0
2025-02-28,963,523280.26,0
2025-03-31,963,507889.66,0
2025-04-30,963,507889.66,25
2025-05-31,963,492499.06,56
2025-06-30,963,477108.46,86
2025-07-31,963,477108.46,117
2025-08-31,963,461717.86,148
2025-09-30,963,446327.26,178
2025-10-31,963,430936.66,209
2025-11-30,963,415546.06,239
2025-12-31,963,400155.46,270
2025-01-31,964,2524044.61,0
2025-02-28,964,2451929.05,0
2025-03-31,964,2379813.49,0
2025-04-30,964,2307697.93,0
2025-05-31,964,2235582.37,0
2025-06-30,964,2163466.81,0
2025-07-31,964,2091351.25,0
2025-08-31,964,2019235.69,0
2025-09-30,964,1947120.13,0
2025-10-31,964,1875004.57,0
2025-11-30,964,1802889.01,0
2025-12-31,964,1730773.45,0
2025-01-31,965,558214.89,0
2025-02-28,965,542265.89,0
2025-03-31,965,526316.89,0
2025-04-30,965,510367.89,0
2025-05-31,965,494418.89,0
2025-06-30,965,478469.89,0
2025-07-31,965,462520.89,0
2025-08-31,965,446571.89,0
2025-09-30,965,430622.89,0
2025-10-31,965,414673.89,0
2025-11-30,965,398724.89,0
2025-12-31,965,382775.89,0
2025-01-31,966,469570.64,0
2025-02-28,966,465624.67,0
2025-03-31,966,461678.7,0
2025-04-30,966,457732.73,0
2025-05-31,966,453786.76,0
2025-06-30,966,449840.79,0
2025-07-31,966,445894.82,0
2025-08-31,966,441948.85,0
2025-09-30,966,438002.88,0
2025-10-31,966,434056.91,0
2025-11-30,966,430110.94,0
2025-12-31,966,426164.97,0
2025-01-31,967,2582453.75,0
2025-02-28,967,2538683.35,0
2025-03-31,967,2494912.95,0
2025-04-30,967,2451142.55,0
2025-05-31,967,2407372.15,0
2025-06-30,967,2363601.75,0
2025-07-31,967,2319831.35,0
2025-08-31,967,2276060.95,0
2025-09-30,967,2232290.55,0
2025-10-31,967,2188520.15,0
2025-11-30,967,2144749.75,0
2025-12-31,967,2100979.35,0
2025-01-31,968,1033826.43,0
2025-02-28,968,988877.45,0
2025-03-31,968,943928.47,0
2025-04-30,968,898979.49,0
2025-05-31,968,854030.51,0
2025-06-30,968,809081.53,0
2025-07-31,968,764132.55,0
2025-08-31,968,719183.57,0
2025-09-30,968,674234.59,0
2025-10-31,968,629285.61,0
2025-11-30,968,584336.63,0
2025-12-31,968,539387.65,0
2025-01-31,969,1379745.21,0
2025-02-28,969,1340323.92,0
2025-03-31,969,1300902.63,0
2025-04-30,969,1261481.34,0
2025-05-31,969,1222060.05,0
2025-06-30,969,1182638.76,0
2025-07-31,969,1143217.47,0
2025-08-31,969,1103796.18,0
2025-09-30,969,1064374.89,0
2025-10-31,969,1024953.6,0
2025-11-30,969,985532.31,0
2025-12-31,969,946111.02,0
2025-01-31,970,2041871.85,0
2025-02-28,970,1983532.65,0
2025-03-31,970,1925193.45,0
2025-04-30,970,1866854.25,0
2025-05-31,970,1808515.05,0
2025-06-30,970,1750175.85,0
2025-07-31,970,1691836.65,0
2025-08-31,970,1633497.45,0
2025-09-30,970,1575158.25,0
2025-10-31,970,1516819.05,0
2025-11-30,970,1458479.85,0
2025-12-31,970,1400140.65,0
2025-01-31,971,592053.4,0
2025-02-28,971,582018.6,0
2025-03-31,971,571983.8,0
2025-04-30,971,561949.0,0
2025-05-31,971,551914.2,0
2025-06-30,971,551914.2,25
2025-07-31,971,541879.4,56
2025-08-31,971,531844.6,87
2025-09-30,971,521809.8,117
2025-10-31,971,511775.0,148
2025-11-30,971,501740.2,178
2025-12-31,971,491705.4,209
2025-01-31,972,295150.93,0
2025-02-28,972,286718.05,0
2025-03-31,972,278285.17,0
2025-04-30,972,269852.29,0
2025-05-31,972,261419.41,0
2025-06-30,972,252986.53,0
2025-07-31,972,244553.65,0
2025-08-31,972,236120.77,0
2025-09-30,972,227687.89,0
2025-10-31,972,219255.01,0
2025-11-30,972,210822.13,0
2025-12-31,972,202389.25,0
2025-01-31,973,514932.56,0
2025-02-28,973,500220.2,0
2025-03-31,973,485507.84,0
2025-04-30,973,470795.48,0
2025-05-31,973,456083.12,0
2025-06-30,973,441370.76,0
2025-07-31,973,426658.4,0
2025-08-31,973,411946.04,0
2025-09-30,973,397233.68,0
2025-10-31,973,382521.32,0
2025-11-30,973,367808.96,0
2025-12-31,973,353096.6,0
2025-01-31,974,725507.52,0
2025-02-28,974,713210.78,0
2025-03-31,974,700914.04,0
2025-04-30,974,688617.3,0
2025-05-31,974,676320.56,0
2025-06-30,974,664023.82,0
2025-07-31,974,651727.08,0
2025-08-31,974,639430.34,0
2025-09-30,974,627133.6,0
2025-10-31,974,614836.86,0
2025-11-30,974,602540.12,0
2025-12-31,974,602540.12,26
2025-01-31,975,657732.47,0
2025-02-28,975,646584.46,0
2025-03-31,975,635436.45,0
2025-04-30,975,624288.44,0
2025-05-31,975,613140.43,0
2025-06-30,975,601992.42,0
2025-07-31,975,590844.41,0
2025-08-31,975,579696.4,0
2025-09-30,975,568548.39,0
2025-10-31,975,557400.38,0
2025-11-30,975,546252.37,0
2025-12-31,975,535104.36,0
2025-01-31,976,514616.8,0
2025-02-28,976,492242.16,0
2025-03-31,976,469867.52,0
2025-04-30,976,447492.88,0
2025-05-31,976,425118.24,0
2025-06-30,976,402743.6,0
2025-07-31,976,380368.96,0
2025-08-31,976,357994.32,0
2025-09-30,976,335619.68,0
2025-10-31,976,313245.04,0
2025-11-30,976,290870.4,0
2025-12-31,976,268495.76,0
2025-01-31,977,1267062.65,0
2025-02-28,977,1256415.06,0
2025-03-31,977,1245767.47,0
2025-04-30,977,1235119.88,0
2025-05-31,977,1224472.29,0
2025-06-30,977,1213824.7,0
2025-07-31,977,1203177.11,0
2025-08-31,977,1192529.52,0
2025-09-30,977,1181881.93,0
2025-10-31,977,1171234.34,0
2025-11-30,977,1160586.75,0
2025-12-31,977,1149939.16,0
2025-01-31,978,378474.74,0
2025-02-28,978,362019.32,0
2025-03-31,978,345563.9,0
2025-04-30,978,329108.48,0
2025-05-31,978,312653.06,0
2025-06-30,978,296197.64,0
2025-07-31,978,279742.22,0
2025-08-31,978,263286.8,0
2025-09-30,978,263286.8,25
2025-10-31,978,263286.8,56
2025-11-30,978,246831.38,86
2025-12-31,978,230375.96,117
2025-01-31,979,491564.31,0
2025-02-28,979,483232.71,0
2025-03-31,979,474901.11,0
2025-04-30,979,466569.51,0
2025-05-31,979,458237.91,0
2025-06-30,979,449906.31,0
2025-07-31,979,441574.71,0
2025-08-31,979,441574.71,26
2025-09-30,979,433243.11,56
2025-10-31,979,424911.51,87
2025-11-30,979,416579.91,117
2025-12-31,979,408248.31,148
2025-01-31,980,693081.02,0
2025-02-28,980,662947.06,0
2025-03-31,980,632813.1,0
2025-04-30,980,602679.14,0
2025-05-31,980,572545.18,0
2025-06-30,980,542411.22,0
2025-07-31,980,512277.26,0
2025-08-31,980,482143.3,0
2025-09-30,980,452009.34,0
2025-10-31,980,421875.38,0
2025-11-30,980,391741.42,0
2025-12-31,980,361607.46,0
2025-01-31,981,495298.41,0
2025-02-28,981,481147.03,0
2025-03-31,981,466995.65,0
2025-04-30,981,452844.27,0
2025-05-31,981,438692.89,0
2025-06-30,981,424541.51,0
2025-07-31,981,410390.13,0
2025-08-31,981,396238.75,0
2025-09-30,981,382087.37,0
2025-10-31,981,367935.99,0
2025-11-30,981,353784.61,0
2025-12-31,981,339633.23,0
2025-01-31,982,819673.35,0
2025-02-28,982,812785.34,0
2025-03-31,982,805897.33,0
2025-04-30,982,799009.32,0
2025-05-31,982,792121.31,0
2025-06-30,982,785233.3,0
2025-07-31,982,778345.29,0
2025-08-31,982,771457.28,0
2025-09-30,982,764569.27,0
2025-10-31,982,757681.26,0
2025-11-30,982,750793.25,0
2025-12-31,982,743905.24,0
2025-01-31,983,535992.1,0
2025-02-28,983,531487.96,0
2025-03-31,983,526983.82,0
2025-04-30,983,522479.68,0
2025-05-31,983,517975.54,0
2025-06-30,983,513471.4,0
2025-07-31,983,508967.26,0
2025-08-31,983,504463.12,0
2025-09-30,983,499958.98,0
2025-10-31,983,495454.84,0
2025-11-30,983,490950.7,0
2025-12-31,983,486446.56,0
2025-01-31,984,573802.72,0
2025-02-28,984,548854.78,0
2025-03-31,984,523906.84,0
2025-04-30,984,498958.9,0
2025-05-31,984,474010.96,0
2025-06-30,984,449063.02,0
2025-07-31,984,424115.08,0
2025-08-31,984,399167.14,0
2025-09-30,984,374219.2,0
2025-10-31,984,349271.26,0
2025-11-30,984,324323.32,0
2025-12-31,984,299375.38,0
2025-01-31,985,995704.28,0
2025-02-28,985,978827.94,0
2025-03-31,985,961951.6,0
2025-04-30,985,961951.6,25
2025-05-31,985,945075.26,56
2025-06-30,985,928198.92,86
2025-07-31,985,911322.58,117
2025-08-31,985,894446.24,148
2025-09-30,985,877569.9,178
2025-10-31,985,860693.56,209
2025-11-30,985,843817.22,239
2025-12-31,985,826940.88,270
2025-01-31,986,1337296.82,0
2025-02-28,986,1314630.77,0
2025-03-31,986,1291964.72,0
2025-04-30,986,1269298.67,0
2025-05-31,986,1269298.67,26
2025-06-30,986,1246632.62,56
2025-07-31,986,1223966.57,87
2025-08-31,986,1201300.52,118
2025-09-30,986,1201300.52,148
2025-10-31,986,1201300.52,179
2025-11-30,986,1178634.47,209
2025-12-31,986,1155968.42,240
2025-01-31,987,3518898.31,0
2025-02-28,987,3489327.74,0
2025-03-31,987,3459757.17,0
2025-04-30,987,3430186.6,0
2025-05-31,987,3400616.03,0
2025-06-30,987,3371045.46,0
2025-07-31,987,3341474.89,0
2025-08-31,987,3311904.32,0
2025-09-30,987,3282333.75,0
2025-10-31,987,3252763.18,0
2025-11-30,987,3223192.61,0
2025-12-31,987,3193622.04,0
2025-01-31,988,293926.65,0
2025-02-28,988,281147.23,0
2025-03-31,988,268367.81,0
2025-04-30,988,255588.39,0
2025-05-31,988,242808.97,0
2025-06-30,988,230029.55,0
2025-07-31,988,217250.13,0
2025-08-31,988,204470.71,0
2025-09-30,988,191691.29,0
2025-10-31,988,178911.87,0
2025-11-30,988,166132.45,0
2025-12-31,988,153353.03,0
2025-01-31,989,479612.94,0
2025-02-28,989,475582.58,0
2025-03-31,989,471552.22,0
2025-04-30,989,467521.86,0
2025-05-31,989,463491.5,0
2025-06-30,989,459461.14,0
2025-07-31,989,455430.78,0
2025-08-31,989,451400.42,0
2025-09-30,989,447370.06,0
2025-10-31,989,443339.7,0
2025-11-30,989,439309.34,0
2025-12-31,989,435278.98,0
2025-01-31,990,4431731.24,0
2025-02-28,990,4305110.35,0
2025-03-31,990,4178489.46,0
2025-04-30,990,4051868.57,0
2025-05-31,990,4051868.57,26
2025-06-30,990,3925247.68,56
2025-07-31,990,3798626.79,87
2025-08-31,990,3672005.9,118
2025-09-30,990,3545385.01,148
2025-10-31,990,3418764.12,179
2025-11-30,990,3292143.23,209
2025-12-31,990,3165522.34,240
2025-01-31,991,2909102.84,0
2025-02-28,991,2884656.6,0
2025-03-31,991,2860210.36,0
2025-04-30,991,2835764.12,0
2025-05-31,991,2811317.88,0
2025-06-30,991,2786871.64,0
2025-07-31,991,2762425.4,0
2025-08-31,991,2737979.16,0
2025-09-30,991,2713532.92,0
2025-10-31,991,2689086.68,0
2025-11-30,991,2664640.44,0
2025-12-31,991,2640194.2,0
2025-01-31,992,98018.15,0
2025-02-28,992,93756.49,0
2025-03-31,992,89494.83,0
2025-04-30,992,85233.17,0
2025-05-31,992,80971.51,0
2025-06-30,992,76709.85,0
2025-07-31,992,72448.19,0
2025-08-31,992,68186.53,0
2025-09-30,992,63924.87,0
2025-10-31,992,59663.21,0
2025-11-30,992,55401.55,0
2025-12-31,992,51139.89,0
2025-01-31,993,160015.83,0
2025-02-28,993,155443.95,0
2025-03-31,993,150872.07,0
2025-04-30,993,146300.19,0
2025-05-31,993,141728.31,0
2025-06-30,993,137156.43,0
2025-07-31,993,132584.55,0
2025-08-31,993,128012.67,0
2025-09-30,993,123440.79,0
2025-10-31,993,118868.91,0
2025-11-30,993,114297.03,0
2025-12-31,993,109725.15,0
2025-01-31,994,2100924.14,0
2025-02-28,994,2083269.32,0
2025-03-31,994,2065614.5,0
2025-04-30,994,2047959.68,0
2025-05-31,994,2030304.86,0
2025-06-30,994,2012650.04,0
2025-07-31,994,1994995.22,0
2025-08-31,994,1977340.4,0
2025-09-30,994,1959685.58,0
2025-10-31,994,1942030.76,0
2025-11-30,994,1924375.94,0
2025-12-31,994,1906721.12,0
2025-01-31,995,467924.15,0
2025-02-28,995,463992.01,0
2025-03-31,995,460059.87,0
2025-04-30,995,456127.73,0
2025-05-31,995,452195.59,0
2025-06-30,995,448263.45,0
2025-07-31,995,444331.31,0
2025-08-31,995,440399.17,0
2025-09-30,995,436467.03,0
2025-10-31,995,432534.89,0
2025-11-30,995,428602.75,0
2025-12-31,995,428602.75,26
2025-01-31,996,293049.19,0
2025-02-28,996,290586.59,0
2025-03-31,996,288123.99,0
2025-04-30,996,285661.39,0
2025-05-31,996,283198.79,0
2025-06-30,996,280736.19,0
2025-07-31,996,278273.59,0
2025-08-31,996,275810.99,0
2025-09-30,996,273348.39,0
2025-10-31,996,270885.79,0
2025-11-30,996,268423.19,0
2025-12-31,996,265960.59,0
2025-01-31,997,509660.2,0
2025-02-28,997,495098.48,0
2025-03-31,997,495098.48,26
2025-04-30,997,480536.76,56
2025-05-31,997,465975.04,87
2025-06-30,997,451413.32,117
2025-07-31,997,436851.6,148
2025-08-31,997,422289.88,179
2025-09-30,997,407728.16,209
2025-10-31,997,393166.44,240
2025-11-30,997,378604.72,270
2025-12-31,997,364043.0,301
2025-01-31,998,856929.16,0
2025-02-28,998,849728.07,0
2025-03-31,998,842526.98,0
2025-04-30,998,835325.89,0
2025-05-31,998,828124.8,0
2025-06-30,998,820923.71,0
2025-07-31,998,813722.62,0
2025-08-31,998,806521.53,0
2025-09-30,998,806521.53,25
2025-10-31,998,799320.44,56
2025-11-30,998,792119.35,86
2025-12-31,998,784918.26,117
2025-01-31,999,241764.63,0
2025-02-28,999,239732.99,0
2025-03-31,999,237701.35,0
2025-04-30,999,235669.71,0
2025-05-31,999,233638.07,0
2025-06-30,999,231606.43,0
2025-07-31,999,229574.79,0
2025-08-31,999,227543.15,0
2025-09-30,999,225511.51,0
2025-10-31,999,223479.87,0
2025-11-30,999,221448.23,0
2025-12-31,999,219416.59,0
2025-01-31,1000,721771.94,0
2025-02-28,1000,721771.94,23
2025-03-31,1000,721771.94,54
2025-04-30,1000,721771.94,84
2025-05-31,1000,709538.52,115
2025-06-30,1000,697305.1,145
2025-07-31,1000,685071.68,176
2025-08-31,1000,685071.68,207
2025-09-30,1000,672838.26,237
2025-10-31,1000,660604.84,268
2025-11-30,1000,648371.42,298
2025-12-31,1000,636138.0,329
2025-01-31,1001,383928.45,0
2025-02-28,1001,372959.07,0
2025-03-31,1001,361989.69,0
2025-04-30,1001,351020.31,0
2025-05-31,1001,340050.93,0
2025-06-30,1001,329081.55,0
2025-07-31,1001,318112.17,0
2025-08-31,1001,307142.79,0
2025-09-30,1001,296173.41,0
2025-10-31,1001,296173.41,26
2025-11-30,1001,285204.03,56
2025-12-31,1001,274234.65,87
2025-01-31,1002,1862324.86,0
2025-02-28,1002,1846675.07,0
2025-03-31,1002,1846675.07,26
2025-04-30,1002,1846675.07,56
2025-05-31,1002,1846675.07,87
2025-06-30,1002,1831025.28,117
2025-07-31,1002,1815375.49,148
2025-08-31,1002,1799725.7,179
2025-09-30,1002,1784075.91,209
2025-10-31,1002,1768426.12,240
2025-11-30,1002,1752776.33,270
2025-12-31,1002,1737126.54,301
2025-01-31,1003,959790.87,26
2025-02-28,1003,943794.36,54
2025-03-31,1003,927797.85,85
2025-04-30,1003,911801.34,115
2025-05-31,1003,895804.83,146
2025-06-30,1003,879808.32,176
2025-07-31,1003,863811.81,207
2025-08-31,1003,847815.3,238
2025-09-30,1003,831818.79,268
2025-10-31,1003,815822.28,299
2025-11-30,1003,799825.77,329
2025-12-31,1003,783829.26,360
2025-01-31,1004,493505.97,0
2025-02-28,1004,489358.86,0
2025-03-31,1004,485211.75,0
2025-04-30,1004,481064.64,0
2025-05-31,1004,476917.53,0
2025-06-30,1004,472770.42,0
2025-07-31,1004,468623.31,0
2025-08-31,1004,464476.2,0
2025-09-30,1004,460329.09,0
2025-10-31,1004,456181.98,0
2025-11-30,1004,452034.87,0
2025-12-31,1004,447887.76,0
2025-01-31,1005,474511.42,0
2025-02-28,1005,470523.93,0
2025-03-31,1005,466536.44,0
2025-04-30,1005,466536.44,25
2025-05-31,1005,462548.95,56
2025-06-30,1005,458561.46,86
2025-07-31,1005,454573.97,117
2025-08-31,1005,450586.48,148
2025-09-30,1005,446598.99,178
2025-10-31,1005,442611.5,209
2025-11-30,1005,438624.01,239
2025-12-31,1005,434636.52,270
2025-01-31,1006,1020457.45,26
2025-02-28,1006,992111.41,54
2025-03-31,1006,963765.37,85
2025-04-30,1006,935419.33,115
2025-05-31,1006,935419.33,146
2025-06-30,1006,907073.29,176
2025-07-31,1006,878727.25,207
2025-08-31,1006,850381.21,238
2025-09-30,1006,822035.17,268
2025-10-31,1006,793689.13,299
2025-11-30,1006,765343.09,329
2025-12-31,1006,736997.05,360
2025-01-31,1007,1330848.27,0
2025-02-28,1007,1272985.3,0
2025-03-31,1007,1215122.33,0
2025-04-30,1007,1157259.36,0
2025-05-31,1007,1099396.39,0
2025-06-30,1007,1041533.42,0
2025-07-31,1007,983670.45,0
2025-08-31,1007,925807.48,0
2025-09-30,1007,867944.51,0
2025-10-31,1007,810081.54,0
2025-11-30,1007,752218.57,0
2025-12-31,1007,694355.6,0
2025-01-31,1008,634178.5,0
2025-02-28,1008,634178.5,23
2025-03-31,1008,606605.52,54
2025-04-30,1008,606605.52,84
2025-05-31,1008,579032.54,115
2025-06-30,1008,551459.56,145
2025-07-31,1008,523886.58,176
2025-08-31,1008,496313.6,207
2025-09-30,1008,468740.62,237
2025-10-31,1008,441167.64,268
2025-11-30,1008,413594.66,298
2025-12-31,1008,386021.68,329
2025-01-31,1009,1462765.96,0
2025-02-28,1009,1450473.81,0
2025-03-31,1009,1438181.66,0
2025-04-30,1009,1425889.51,0
2025-05-31,1009,1413597.36,0
2025-06-30,1009,1401305.21,0
2025-07-31,1009,1389013.06,0
2025-08-31,1009,1376720.91,0
2025-09-30,1009,1364428.76,0
2025-10-31,1009,1352136.61,0
2025-11-30,1009,1339844.46,0
2025-12-31,1009,1327552.31,0
2025-01-31,1010,478915.57,0
2025-02-28,1010,470798.36,0
2025-03-31,1010,462681.15,0
2025-04-30,1010,454563.94,0
2025-05-31,1010,446446.73,0
2025-06-30,1010,438329.52,0
2025-07-31,1010,430212.31,0
2025-08-31,1010,422095.1,0
2025-09-30,1010,422095.1,25
2025-10-31,1010,413977.89,56
2025-11-30,1010,405860.68,86
2025-12-31,1010,397743.47,117
2025-01-31,1011,1014733.02,0
2025-02-28,1011,997534.16,0
2025-03-31,1011,980335.3,0
2025-04-30,1011,963136.44,0
2025-05-31,1011,945937.58,0
2025-06-30,1011,928738.72,0
2025-07-31,1011,911539.86,0
2025-08-31,1011,894341.0,0
2025-09-30,1011,877142.14,0
2025-10-31,1011,859943.28,0
2025-11-30,1011,842744.42,0
2025-12-31,1011,825545.56,0
2025-01-31,1012,561277.43,0
2025-02-28,1012,556560.81,0
2025-03-31,1012,551844.19,0
2025-04-30,1012,547127.57,0
2025-05-31,1012,542410.95,0
2025-06-30,1012,537694.33,0
2025-07-31,1012,532977.71,0
2025-08-31,1012,528261.09,0
2025-09-30,1012,523544.47,0
2025-10-31,1012,518827.85,0
2025-11-30,1012,514111.23,0
2025-12-31,1012,509394.61,0
2025-01-31,1013,2174460.89,0
2025-02-28,1013,2112333.44,0
2025-03-31,1013,2050205.99,0
2025-04-30,1013,1988078.54,0
2025-05-31,1013,1925951.09,0
2025-06-30,1013,1863823.64,0
2025-07-31,1013,1801696.19,0
2025-08-31,1013,1739568.74,0
2025-09-30,1013,1677441.29,0
2025-10-31,1013,1615313.84,0
2025-11-30,1013,1553186.39,0
2025-12-31,1013,1491058.94,0
2025-01-31,1014,453865.66,0
2025-02-28,1014,450051.66,0
2025-03-31,1014,446237.66,0
2025-04-30,1014,442423.66,0
2025-05-31,1014,438609.66,0
2025-06-30,1014,434795.66,0
2025-07-31,1014,430981.66,0
2025-08-31,1014,427167.66,0
2025-09-30,1014,423353.66,0
2025-10-31,1014,419539.66,0
2025-11-30,1014,415725.66,0
2025-12-31,1014,411911.66,0
2025-01-31,1015,508780.07,0
2025-02-28,1015,486659.2,0
2025-03-31,1015,464538.33,0
2025-04-30,1015,442417.46,0
2025-05-31,1015,420296.59,0
2025-06-30,1015,398175.72,0
2025-07-31,1015,376054.85,0
2025-08-31,1015,353933.98,0
2025-09-30,1015,353933.98,25
2025-10-31,1015,331813.11,56
2025-11-30,1015,309692.24,86
2025-12-31,1015,287571.37,117
2025-01-31,1016,1870768.77,0
2025-02-28,1016,1855048.02,0
2025-03-31,1016,1839327.27,0
2025-04-30,1016,1823606.52,0
2025-05-31,1016,1807885.77,0
2025-06-30,1016,1792165.02,0
2025-07-31,1016,1776444.27,0
2025-08-31,1016,1760723.52,0
2025-09-30,1016,1745002.77,0
2025-10-31,1016,1729282.02,0
2025-11-30,1016,1713561.27,0
2025-12-31,1016,1697840.52,0
2025-01-31,1017,306601.76,0
2025-02-28,1017,304025.27,0
2025-03-31,1017,301448.78,0
2025-04-30,1017,298872.29,0
2025-05-31,1017,296295.8,0
2025-06-30,1017,293719.31,0
2025-07-31,1017,291142.82,0
2025-08-31,1017,288566.33,0
2025-09-30,1017,285989.84,0
2025-10-31,1017,283413.35,0
2025-11-30,1017,280836.86,0
2025-12-31,1017,278260.37,0
2025-01-31,1018,670432.6,0
2025-02-28,1018,659069.34,0
2025-03-31,1018,647706.08,0
2025-04-30,1018,636342.82,0
2025-05-31,1018,624979.56,0
2025-06-30,1018,613616.3,0
2025-07-31,1018,602253.04,0
2025-08-31,1018,590889.78,0
2025-09-30,1018,579526.52,0
2025-10-31,1018,568163.26,0
2025-11-30,1018,556800.0,0
2025-12-31,1018,545436.74,0
2025-01-31,1019,793611.51,0
2025-02-28,1019,780160.47,0
2025-03-31,1019,766709.43,0
2025-04-30,1019,753258.39,0
2025-05-31,1019,739807.35,0
2025-06-30,1019,726356.31,0
2025-07-31,1019,712905.27,0
2025-08-31,1019,699454.23,0
2025-09-30,1019,686003.19,0
2025-10-31,1019,672552.15,0
2025-11-30,1019,659101.11,0
2025-12-31,1019,645650.07,0
2025-01-31,1020,1375471.89,0
2025-02-28,1020,1363913.3,0
2025-03-31,1020,1352354.71,0
2025-04-30,1020,1340796.12,0
2025-05-31,1020,1329237.53,0
2025-06-30,1020,1317678.94,0
2025-07-31,1020,1317678.94,26
2025-08-31,1020,1306120.35,57
2025-09-30,1020,1306120.35,87
2025-10-31,1020,1294561.76,118
2025-11-30,1020,1283003.17,148
2025-12-31,1020,1271444.58,179
2025-01-31,1021,2045532.8,0
2025-02-28,1021,2010862.75,0
2025-03-31,1021,1976192.7,0
2025-04-30,1021,1941522.65,0
2025-05-31,1021,1906852.6,0
2025-06-30,1021,1872182.55,0
2025-07-31,1021,1837512.5,0
2025-08-31,1021,1802842.45,0
2025-09-30,1021,1768172.4,0
2025-10-31,1021,1733502.35,0
2025-11-30,1021,1698832.3,0
2025-12-31,1021,1664162.25,0
2025-01-31,1022,617235.02,0
2025-02-28,1022,590398.71,0
2025-03-31,1022,563562.4,0
2025-04-30,1022,536726.09,0
2025-05-31,1022,509889.78,0
2025-06-30,1022,483053.47,0
2025-07-31,1022,456217.16,0
2025-08-31,1022,429380.85,0
2025-09-30,1022,402544.54,0
2025-10-31,1022,375708.23,0
2025-11-30,1022,348871.92,0
2025-12-31,1022,322035.61,0
2025-01-31,1023,425970.15,0
2025-02-28,1023,413799.57,0
2025-03-31,1023,401628.99,0
2025-04-30,1023,389458.41,0
2025-05-31,1023,377287.83,0
2025-06-30,1023,365117.25,0
2025-07-31,1023,352946.67,0
2025-08-31,1023,340776.09,0
2025-09-30,1023,328605.51,0
2025-10-31,1023,316434.93,0
2025-11-30,1023,304264.35,0
2025-12-31,1023,292093.77,0
2025-01-31,1024,856368.39,0
2025-02-28,1024,831900.72,0
2025-03-31,1024,807433.05,0
2025-04-30,1024,782965.38,0
2025-05-31,1024,758497.71,0
2025-06-30,1024,734030.04,0
2025-07-31,1024,709562.37,0
2025-08-31,1024,685094.7,0
2025-09-30,1024,660627.03,0
2025-10-31,1024,636159.36,0
2025-11-30,1024,611691.69,0
2025-12-31,1024,587224.02,0
2025-01-31,1025,1990768.62,0
2025-02-28,1025,1904213.46,0
2025-03-31,1025,1817658.3,0
2025-04-30,1025,1731103.14,0
2025-05-31,1025,1644547.98,0
2025-06-30,1025,1557992.82,0
2025-07-31,1025,1471437.66,0
2025-08-31,1025,1384882.5,0
2025-09-30,1025,1298327.34,0
2025-10-31,1025,1211772.18,0
2025-11-30,1025,1125217.02,0
2025-12-31,1025,1038661.86,0
2025-01-31,1026,1074462.62,0
2025-02-28,1026,1043763.69,0
2025-03-31,1026,1013064.76,0
2025-04-30,1026,982365.83,0
2025-05-31,1026,951666.9,0
2025-06-30,1026,951666.9,25
2025-07-31,1026,920967.97,56
2025-08-31,1026,890269.04,87
2025-09-30,1026,859570.11,117
2025-10-31,1026,828871.18,148
2025-11-30,1026,798172.25,178
2025-12-31,1026,767473.32,209
2025-01-31,1027,506799.33,0
2025-02-28,1027,492319.35,0
2025-03-31,1027,477839.37,0
2025-04-30,1027,463359.39,0
2025-05-31,1027,448879.41,0
2025-06-30,1027,434399.43,0
2025-07-31,1027,419919.45,0
2025-08-31,1027,405439.47,0
2025-09-30,1027,390959.49,0
2025-10-31,1027,376479.51,0
2025-11-30,1027,361999.53,0
2025-12-31,1027,347519.55,0
2025-01-31,1028,1387014.4,0
2025-02-28,1028,1375358.82,0
2025-03-31,1028,1363703.24,0
2025-04-30,1028,1352047.66,0
2025-05-31,1028,1340392.08,0
2025-06-30,1028,1328736.5,0
2025-07-31,1028,1317080.92,0
2025-08-31,1028,1317080.92,26
2025-09-30,1028,1317080.92,56
2025-10-31,1028,1305425.34,87
2025-11-30,1028,1293769.76,117
2025-12-31,1028,1282114.18,148
2025-01-31,1029,1514065.92,0
2025-02-28,1029,1488403.79,0
2025-03-31,1029,1462741.66,0
2025-04-30,1029,1437079.53,0
2025-05-31,1029,1411417.4,0
2025-06-30,1029,1385755.27,0
2025-07-31,1029,1360093.14,0
2025-08-31,1029,1334431.01,0
2025-09-30,1029,1308768.88,0
2025-10-31,1029,1283106.75,0
2025-11-30,1029,1257444.62,0
2025-12-31,1029,1231782.49,0
2025-01-31,1030,348483.72,0
2025-02-28,1030,333332.25,0
2025-03-31,1030,318180.78,0
2025-04-30,1030,303029.31,0
2025-05-31,1030,287877.84,0
2025-06-30,1030,272726.37,0
2025-07-31,1030,257574.9,0
2025-08-31,1030,242423.43,0
2025-09-30,1030,227271.96,0
2025-10-31,1030,212120.49,0
2025-11-30,1030,196969.02,0
2025-12-31,1030,181817.55,0
2025-01-31,1031,518756.03,0
2025-02-28,1031,503934.43,0
2025-03-31,1031,489112.83,0
2025-04-30,1031,474291.23,0
2025-05-31,1031,459469.63,0
2025-06-30,1031,444648.03,0
2025-07-31,1031,429826.43,0
2025-08-31,1031,415004.83,0
2025-09-30,1031,400183.23,0
2025-10-31,1031,385361.63,0
2025-11-30,1031,370540.03,0
2025-12-31,1031,355718.43,0
2025-01-31,1032,848146.37,0
2025-02-28,1032,841019.09,0
2025-03-31,1032,833891.81,0
2025-04-30,1032,826764.53,0
2025-05-31,1032,819637.25,0
2025-06-30,1032,812509.97,0
2025-07-31,1032,805382.69,0
2025-08-31,1032,798255.41,0
2025-09-30,1032,791128.13,0
2025-10-31,1032,784000.85,0
2025-11-30,1032,776873.57,0
2025-12-31,1032,769746.29,0
2025-01-31,1033,2311394.68,26
2025-02-28,1033,2292133.06,54
2025-03-31,1033,2272871.44,85
2025-04-30,1033,2253609.82,115
2025-05-31,1033,2234348.2,146
2025-06-30,1033,2215086.58,176
2025-07-31,1033,2195824.96,207
2025-08-31,1033,2176563.34,238
2025-09-30,1033,2157301.72,268
2025-10-31,1033,2138040.1,299
2025-11-30,1033,2118778.48,329
2025-12-31,1033,2099516.86,360
2025-01-31,1034,1342841.89,26
2025-02-28,1034,1305540.73,54
2025-03-31,1034,1268239.57,85
2025-04-30,1034,1230938.41,115
2025-05-31,1034,1193637.25,146
2025-06-30,1034,1156336.09,176
2025-07-31,1034,1119034.93,207
2025-08-31,1034,1081733.77,238
2025-09-30,1034,1044432.61,268
2025-10-31,1034,1007131.45,299
2025-11-30,1034,969830.29,329
2025-12-31,1034,932529.13,360
2025-01-31,1035,597569.58,0
2025-02-28,1035,571588.29,0
2025-03-31,1035,545607.0,0
2025-04-30,1035,519625.71,0
2025-05-31,1035,493644.42,0
2025-06-30,1035,467663.13,0
2025-07-31,1035,441681.84,0
2025-08-31,1035,415700.55,0
2025-09-30,1035,389719.26,0
2025-10-31,1035,363737.97,0
2025-11-30,1035,337756.68,0
2025-12-31,1035,311775.39,0
2025-01-31,1036,1178938.8,0
2025-02-28,1036,1169031.75,0
2025-03-31,1036,1159124.7,0
2025-04-30,1036,1149217.65,0
2025-05-31,1036,1139310.6,0
2025-06-30,1036,1129403.55,0
2025-07-31,1036,1119496.5,0
2025-08-31,1036,1109589.45,0
2025-09-30,1036,1109589.45,25
2025-10-31,1036,1099682.4,56
2025-11-30,1036,1089775.35,86
2025-12-31,1036,1079868.3,117
2025-01-31,1037,536864.39,0
2025-02-28,1037,521525.41,0
2025-03-31,1037,506186.43,0
2025-04-30,1037,490847.45,0
2025-05-31,1037,475508.47,0
2025-06-30,1037,460169.49,0
2025-07-31,1037,444830.51,0
2025-08-31,1037,444830.51,26
2025-09-30,1037,429491.53,56
2025-10-31,1037,414152.55,87
2025-11-30,1037,398813.57,117
2025-12-31,1037,383474.59,148
2025-01-31,1038,443395.72,0
2025-02-28,1038,435880.54,0
2025-03-31,1038,428365.36,0
2025-04-30,1038,420850.18,0
2025-05-31,1038,413335.0,0
2025-06-30,1038,405819.82,0
2025-07-31,1038,398304.64,0
2025-08-31,1038,390789.46,0
2025-09-30,1038,383274.28,0
2025-10-31,1038,375759.1,0
2025-11-30,1038,368243.92,0
2025-12-31,1038,360728.74,0
2025-01-31,1039,868372.62,0
2025-02-28,1039,830617.29,0
2025-03-31,1039,792861.96,0
2025-04-30,1039,755106.63,0
2025-05-31,1039,717351.3,0
2025-06-30,1039,679595.97,0
2025-07-31,1039,641840.64,0
2025-08-31,1039,604085.31,0
2025-09-30,1039,566329.98,0
2025-10-31,1039,528574.65,0
2025-11-30,1039,490819.32,0
2025-12-31,1039,453063.99,0
2025-01-31,1040,1977624.7,0
2025-02-28,1040,1961006.01,0
2025-03-31,1040,1961006.01,26
2025-04-30,1040,1944387.32,56
2025-05-31,1040,1927768.63,87
2025-06-30,1040,1911149.94,117
2025-07-31,1040,1894531.25,148
2025-08-31,1040,1877912.56,179
2025-09-30,1040,1877912.56,209
2025-10-31,1040,1861293.87,240
2025-11-30,1040,1844675.18,270
2025-12-31,1040,1828056.49,301
2025-01-31,1041,241041.57,0
2025-02-28,1041,239016.01,0
2025-03-31,1041,239016.01,26
2025-04-30,1041,236990.45,56
2025-05-31,1041,234964.89,87
2025-06-30,1041,232939.33,117
2025-07-31,1041,230913.77,148
2025-08-31,1041,228888.21,179
2025-09-30,1041,226862.65,209
2025-10-31,1041,224837.09,240
2025-11-30,1041,222811.53,270
2025-12-31,1041,220785.97,301
2025-01-31,1042,4834936.18,0
2025-02-28,1042,4752988.11,0
2025-03-31,1042,4671040.04,0
2025-04-30,1042,4589091.97,0
2025-05-31,1042,4507143.9,0
2025-06-30,1042,4425195.83,0
2025-07-31,1042,4343247.76,0
2025-08-31,1042,4261299.69,0
2025-09-30,1042,4179351.62,0
2025-10-31,1042,4097403.55,0
2025-11-30,1042,4015455.48,0
2025-12-31,1042,3933507.41,0
2025-01-31,1043,532738.55,0
2025-02-28,1043,509576.0,0
2025-03-31,1043,486413.45,0
2025-04-30,1043,463250.9,0
2025-05-31,1043,440088.35,0
2025-06-30,1043,416925.8,0
2025-07-31,1043,393763.25,0
2025-08-31,1043,370600.7,0
2025-09-30,1043,347438.15,0
2025-10-31,1043,324275.6,0
2025-11-30,1043,324275.6,25
2025-12-31,1043,301113.05,56
2025-01-31,1044,385925.54,0
2025-02-28,1044,382682.47,0
2025-03-31,1044,379439.4,0
2025-04-30,1044,376196.33,0
2025-05-31,1044,372953.26,0
2025-06-30,1044,369710.19,0
2025-07-31,1044,366467.12,0
2025-08-31,1044,363224.05,0
2025-09-30,1044,359980.98,0
2025-10-31,1044,356737.91,0
2025-11-30,1044,353494.84,0
2025-12-31,1044,350251.77,0
2025-01-31,1045,1103476.61,0
2025-02-28,1045,1084773.62,0
2025-03-31,1045,1066070.63,0
2025-04-30,1045,1047367.64,0
2025-05-31,1045,1028664.65,0
2025-06-30,1045,1009961.66,0
2025-07-31,1045,991258.67,0
2025-08-31,1045,972555.68,0
2025-09-30,1045,953852.69,0
2025-10-31,1045,935149.7,0
2025-11-30,1045,916446.71,0
2025-12-31,1045,897743.72,0
2025-01-31,1046,815282.88,0
2025-02-28,1046,791989.08,0
2025-03-31,1046,768695.28,0
2025-04-30,1046,745401.48,0
2025-05-31,1046,722107.68,0
2025-06-30,1046,698813.88,0
2025-07-31,1046,675520.08,0
2025-08-31,1046,652226.28,0
2025-09-30,1046,628932.48,0
2025-10-31,1046,605638.68,0
2025-11-30,1046,582344.88,0
2025-12-31,1046,559051.08,0
2025-01-31,1047,952732.69,0
2025-02-28,1047,925511.76,0
2025-03-31,1047,898290.83,0
2025-04-30,1047,871069.9,0
2025-05-31,1047,843848.97,0
2025-06-30,1047,816628.04,0
2025-07-31,1047,789407.11,0
2025-08-31,1047,762186.18,0
2025-09-30,1047,734965.25,0
2025-10-31,1047,707744.32,0
2025-11-30,1047,680523.39,0
2025-12-31,1047,653302.46,0
2025-01-31,1048,365586.34,0
2025-02-28,1048,355141.02,0
2025-03-31,1048,344695.7,0
2025-04-30,1048,334250.38,0
2025-05-31,1048,323805.06,0
2025-06-30,1048,313359.74,0
2025-07-31,1048,302914.42,0
2025-08-31,1048,292469.1,0
2025-09-30,1048,282023.78,0
2025-10-31,1048,271578.46,0
2025-11-30,1048,261133.14,0
2025-12-31,1048,250687.82,0
2025-01-31,1049,1353865.15,0
2025-02-28,1049,1330918.28,0
2025-03-31,1049,1307971.41,0
2025-04-30,1049,1285024.54,0
2025-05-31,1049,1262077.67,0
2025-06-30,1049,1239130.8,0
2025-07-31,1049,1216183.93,0
2025-08-31,1049,1193237.06,0
2025-09-30,1049,1170290.19,0
2025-10-31,1049,1147343.32,0
2025-11-30,1049,1124396.45,0
2025-12-31,1049,1101449.58,0
2025-01-31,1050,1547015.78,0
2025-02-28,1050,1502815.33,0
2025-03-31,1050,1458614.88,0
2025-04-30,1050,1414414.43,0
2025-05-31,1050,1370213.98,0
2025-06-30,1050,1326013.53,0
2025-07-31,1050,1281813.08,0
2025-08-31,1050,1237612.63,0
2025-09-30,1050,1193412.18,0
2025-10-31,1050,1149211.73,0
2025-11-30,1050,1105011.28,0
2025-12-31,1050,1060810.83,0
2025-01-31,1051,648221.99,0
2025-02-28,1051,648221.99,23
2025-03-31,1051,629701.36,54
2025-04-30,1051,611180.73,84
2025-05-31,1051,592660.1,115
2025-06-30,1051,574139.47,145
2025-07-31,1051,574139.47,176
2025-08-31,1051,555618.84,207
2025-09-30,1051,537098.21,237
2025-10-31,1051,518577.58,268
2025-11-30,1051,500056.95,298
2025-12-31,1051,481536.32,329
2025-01-31,1052,295234.09,0
2025-02-28,1052,292753.13,0
2025-03-31,1052,290272.17,0
2025-04-30,1052,287791.21,0
2025-05-31,1052,285310.25,0
2025-06-30,1052,282829.29,0
2025-07-31,1052,280348.33,0
2025-08-31,1052,277867.37,0
2025-09-30,1052,275386.41,0
2025-10-31,1052,272905.45,0
2025-11-30,1052,270424.49,0
2025-12-31,1052,267943.53,0
2025-01-31,1053,1726666.09,0
2025-02-28,1053,1651593.65,0
2025-03-31,1053,1576521.21,0
2025-04-30,1053,1501448.77,0
2025-05-31,1053,1426376.33,0
2025-06-30,1053,1351303.89,0
2025-07-31,1053,1276231.45,0
2025-08-31,1053,1201159.01,0
2025-09-30,1053,1126086.57,0
2025-10-31,1053,1051014.13,0
2025-11-30,1053,975941.69,0
2025-12-31,1053,900869.25,0
2025-01-31,1054,1417500.96,0
2025-02-28,1054,1405589.19,0
2025-03-31,1054,1393677.42,0
2025-04-30,1054,1381765.65,0
2025-05-31,1054,1369853.88,0
2025-06-30,1054,1357942.11,0
2025-07-31,1054,1346030.34,0
2025-08-31,1054,1334118.57,0
2025-09-30,1054,1322206.8,0
2025-10-31,1054,1310295.03,0
2025-11-30,1054,1298383.26,0
2025-12-31,1054,1286471.49,0
2025-01-31,1055,777360.12,0
2025-02-28,1055,755149.83,0
2025-03-31,1055,732939.54,0
2025-04-30,1055,710729.25,0
2025-05-31,1055,688518.96,0
2025-06-30,1055,666308.67,0
2025-07-31,1055,644098.38,0
2025-08-31,1055,621888.09,0
2025-09-30,1055,599677.8,0
2025-10-31,1055,577467.51,0
2025-11-30,1055,555257.22,0
2025-12-31,1055,533046.93,0
2025-01-31,1056,363054.8,0
2025-02-28,1056,360003.92,0
2025-03-31,1056,356953.04,0
2025-04-30,1056,353902.16,0
2025-05-31,1056,350851.28,0
2025-06-30,1056,347800.4,0
2025-07-31,1056,344749.52,0
2025-08-31,1056,341698.64,0
2025-09-30,1056,338647.76,0
2025-10-31,1056,335596.88,0
2025-11-30,1056,332546.0,0
2025-12-31,1056,329495.12,0
2025-01-31,1057,905663.71,0
2025-02-28,1057,866287.03,0
2025-03-31,1057,826910.35,0
2025-04-30,1057,787533.67,0
2025-05-31,1057,748156.99,0
2025-06-30,1057,708780.31,0
2025-07-31,1057,669403.63,0
2025-08-31,1057,630026.95,0
2025-09-30,1057,590650.27,0
2025-10-31,1057,551273.59,0
2025-11-30,1057,511896.91,0
2025-12-31,1057,511896.91,26
2025-01-31,1058,1144771.89,0
2025-02-28,1058,1094999.2,0
2025-03-31,1058,1045226.51,0
2025-04-30,1058,995453.82,0
2025-05-31,1058,945681.13,0
2025-06-30,1058,895908.44,0
2025-07-31,1058,846135.75,0
2025-08-31,1058,796363.06,0
2025-09-30,1058,746590.37,0
2025-10-31,1058,696817.68,0
2025-11-30,1058,647044.99,0
2025-12-31,1058,597272.3,0
2025-01-31,1059,720146.56,0
2025-02-28,1059,699570.94,0
2025-03-31,1059,678995.32,0
2025-04-30,1059,658419.7,0
2025-05-31,1059,637844.08,0
2025-06-30,1059,617268.46,0
2025-07-31,1059,596692.84,0
2025-08-31,1059,576117.22,0
2025-09-30,1059,555541.6,0
2025-10-31,1059,534965.98,0
2025-11-30,1059,514390.36,0
2025-12-31,1059,493814.74,0
2025-01-31,1060,452342.94,0
2025-02-28,1060,452342.94,23
2025-03-31,1060,439418.86,54
2025-04-30,1060,426494.78,84
2025-05-31,1060,413570.7,115
2025-06-30,1060,400646.62,145
2025-07-31,1060,387722.54,176
2025-08-31,1060,374798.46,207
2025-09-30,1060,374798.46,237
2025-10-31,1060,374798.46,268
2025-11-30,1060,361874.38,298
2025-12-31,1060,348950.3,329
2025-01-31,1061,1216439.93,0
2025-02-28,1061,1195822.3,0
2025-03-31,1061,1175204.67,0
2025-04-30,1061,1154587.04,0
2025-05-31,1061,1133969.41,0
2025-06-30,1061,1113351.78,0
2025-07-31,1061,1092734.15,0
2025-08-31,1061,1072116.52,0
2025-09-30,1061,1051498.89,0
2025-10-31,1061,1030881.26,0
2025-11-30,1061,1010263.63,0
2025-12-31,1061,989646.0,0
2025-01-31,1062,1015113.53,0
2025-02-28,1062,1006583.16,0
2025-03-31,1062,998052.79,0
2025-04-30,1062,989522.42,0
2025-05-31,1062,980992.05,0
2025-06-30,1062,972461.68,0
2025-07-31,1062,963931.31,0
2025-08-31,1062,955400.94,0
2025-09-30,1062,946870.57,0
2025-10-31,1062,946870.57,26
2025-11-30,1062,938340.2,56
2025-12-31,1062,929809.83,87
2025-01-31,1063,4454366.13,26
2025-02-28,1063,4380126.69,54
2025-03-31,1063,4305887.25,85
2025-04-30,1063,4231647.81,115
2025-05-31,1063,4231647.81,146
2025-06-30,1063,4157408.37,176
2025-07-31,1063,4083168.93,207
2025-08-31,1063,4008929.49,238
2025-09-30,1063,3934690.05,268
2025-10-31,1063,3934690.05,299
2025-11-30,1063,3860450.61,329
2025-12-31,1063,3786211.17,360
2025-01-31,1064,514226.9,0
2025-02-28,1064,499534.7,0
2025-03-31,1064,484842.5,0
2025-04-30,1064,484842.5,25
2025-05-31,1064,470150.3,56
2025-06-30,1064,455458.1,86
2025-07-31,1064,440765.9,117
2025-08-31,1064,426073.7,148
2025-09-30,1064,411381.5,178
2025-10-31,1064,396689.3,209
2025-11-30,1064,381997.1,239
2025-12-31,1064,367304.9,270
2025-01-31,1065,1444654.65,0
2025-02-28,1065,1403378.8,0
2025-03-31,1065,1362102.95,0
2025-04-30,1065,1320827.1,0
2025-05-31,1065,1279551.25,0
2025-06-30,1065,1238275.4,0
2025-07-31,1065,1196999.55,0
2025-08-31,1065,1155723.7,0
2025-09-30,1065,1114447.85,0
2025-10-31,1065,1073172.0,0
2025-11-30,1065,1031896.15,0
2025-12-31,1065,990620.3,0
2025-01-31,1066,523024.97,0
2025-02-28,1066,500284.75,0
2025-03-31,1066,477544.53,0
2025-04-30,1066,454804.31,0
2025-05-31,1066,432064.09,0
2025-06-30,1066,409323.87,0
2025-07-31,1066,386583.65,0
2025-08-31,1066,363843.43,0
2025-09-30,1066,341103.21,0
2025-10-31,1066,318362.99,0
2025-11-30,1066,295622.77,0
2025-12-31,1066,272882.55,0
2025-01-31,1067,1082876.9,0
2025-02-28,1067,1064523.05,0
2025-03-31,1067,1046169.2,0
2025-04-30,1067,1027815.35,0
2025-05-31,1067,1027815.35,26
2025-06-30,1067,1009461.5,56
2025-07-31,1067,991107.65,87
2025-08-31,1067,991107.65,118
2025-09-30,1067,972753.8,148
2025-10-31,1067,954399.95,179
2025-11-30,1067,936046.1,209
2025-12-31,1067,917692.25,240
2025-01-31,1068,4933471.54,0
2025-02-28,1068,4892013.8,0
2025-03-31,1068,4850556.06,0
2025-04-30,1068,4809098.32,0
2025-05-31,1068,4767640.58,0
2025-06-30,1068,4726182.84,0
2025-07-31,1068,4684725.1,0
2025-08-31,1068,4643267.36,0
2025-09-30,1068,4601809.62,0
2025-10-31,1068,4560351.88,0
2025-11-30,1068,4518894.14,0
2025-12-31,1068,4477436.4,0
2025-01-31,1069,1140265.36,0
2025-02-28,1069,1107686.35,0
2025-03-31,1069,1075107.34,0
2025-04-30,1069,1042528.33,0
2025-05-31,1069,1009949.32,0
2025-06-30,1069,977370.31,0
2025-07-31,1069,977370.31,26
2025-08-31,1069,944791.3,57
2025-09-30,1069,944791.3,87
2025-10-31,1069,944791.3,118
2025-11-30,1069,912212.29,148
2025-12-31,1069,879633.28,179
2025-01-31,1070,600729.57,0
2025-02-28,1070,595681.42,0
2025-03-31,1070,590633.27,0
2025-04-30,1070,585585.12,0
2025-05-31,1070,580536.97,0
2025-06-30,1070,575488.82,0
2025-07-31,1070,570440.67,0
2025-08-31,1070,565392.52,0
2025-09-30,1070,560344.37,0
2025-10-31,1070,555296.22,0
2025-11-30,1070,550248.07,0
2025-12-31,1070,545199.92,0
2025-01-31,1071,713908.82,0
2025-02-28,1071,682869.31,0
2025-03-31,1071,651829.8,0
2025-04-30,1071,620790.29,0
2025-05-31,1071,589750.78,0
2025-06-30,1071,558711.27,0
2025-07-31,1071,527671.76,0
2025-08-31,1071,496632.25,0
2025-09-30,1071,465592.74,0
2025-10-31,1071,434553.23,0
2025-11-30,1071,403513.72,0
2025-12-31,1071,372474.21,0
2025-01-31,1072,707562.8,0
2025-02-28,1072,676799.2,0
2025-03-31,1072,646035.6,0
2025-04-30,1072,615272.0,0
2025-05-31,1072,584508.4,0
2025-06-30,1072,553744.8,0
2025-07-31,1072,522981.2,0
2025-08-31,1072,492217.6,0
2025-09-30,1072,461454.0,0
2025-10-31,1072,430690.4,0
2025-11-30,1072,399926.8,0
2025-12-31,1072,369163.2,0
2025-01-31,1073,820481.89,0
2025-02-28,1073,806575.42,0
2025-03-31,1073,792668.95,0
2025-04-30,1073,778762.48,0
2025-05-31,1073,764856.01,0
2025-06-30,1073,750949.54,0
2025-07-31,1073,737043.07,0
2025-08-31,1073,723136.6,0
2025-09-30,1073,709230.13,0
2025-10-31,1073,695323.66,0
2025-11-30,1073,681417.19,0
2025-12-31,1073,667510.72,0
2025-01-31,1074,668591.4,0
2025-02-28,1074,639522.21,0
2025-03-31,1074,610453.02,0
2025-04-30,1074,581383.83,0
2025-05-31,1074,552314.64,0
2025-06-30,1074,523245.45,0
2025-07-31,1074,494176.26,0
2025-08-31,1074,465107.07,0
2025-09-30,1074,436037.88,0
2025-10-31,1074,406968.69,0
2025-11-30,1074,377899.5,0
2025-12-31,1074,348830.31,0
2025-01-31,1075,1052432.14,0
2025-02-28,1075,1043588.17,0
2025-03-31,1075,1034744.2,0
2025-04-30,1075,1034744.2,25
2025-05-31,1075,1025900.23,56
2025-06-30,1075,1017056.26,86
2025-07-31,1075,1008212.29,117
2025-08-31,1075,999368.32,148
2025-09-30,1075,990524.35,178
2025-10-31,1075,981680.38,209
2025-11-30,1075,981680.38,239
2025-12-31,1075,972836.41,270
2025-01-31,1076,694876.57,0
2025-02-28,1076,683099.0,0
2025-03-31,1076,683099.0,26
2025-04-30,1076,671321.43,56
2025-05-31,1076,659543.86,87
2025-06-30,1076,659543.86,117
2025-07-31,1076,647766.29,148
2025-08-31,1076,635988.72,179
2025-09-30,1076,624211.15,209
2025-10-31,1076,612433.58,240
2025-11-30,1076,600656.01,270
2025-12-31,1076,600656.01,301
2025-01-31,1077,287819.87,0
2025-02-28,1077,287819.87,23
2025-03-31,1077,282941.57,54
2025-04-30,1077,278063.27,84
2025-05-31,1077,273184.97,115
2025-06-30,1077,268306.67,145
2025-07-31,1077,263428.37,176
2025-08-31,1077,258550.07,207
2025-09-30,1077,253671.77,237
2025-10-31,1077,248793.47,268
2025-11-30,1077,248793.47,298
2025-12-31,1077,243915.17,329
2025-01-31,1078,1060575.91,0
2025-02-28,1078,1060575.91,23
2025-03-31,1078,1030273.74,54
2025-04-30,1078,999971.57,84
2025-05-31,1078,969669.4,115
2025-06-30,1078,939367.23,145
2025-07-31,1078,909065.06,176
2025-08-31,1078,878762.89,207
2025-09-30,1078,848460.72,237
2025-10-31,1078,818158.55,268
2025-11-30,1078,787856.38,298
2025-12-31,1078,757554.21,329
2025-01-31,1079,255326.48,0
2025-02-28,1079,250998.91,0
2025-03-31,1079,246671.34,0
2025-04-30,1079,242343.77,0
2025-05-31,1079,242343.77,26
2025-06-30,1079,238016.2,56
2025-07-31,1079,233688.63,87
2025-08-31,1079,229361.06,118
2025-09-30,1079,225033.49,148
2025-10-31,1079,220705.92,179
2025-11-30,1079,216378.35,209
2025-12-31,1079,212050.78,240
2025-01-31,1080,1226255.86,0
2025-02-28,1080,1205471.86,0
2025-03-31,1080,1184687.86,0
2025-04-30,1080,1163903.86,0
2025-05-31,1080,1143119.86,0
2025-06-30,1080,1122335.86,0
2025-07-31,1080,1101551.86,0
2025-08-31,1080,1080767.86,0
2025-09-30,1080,1059983.86,0
2025-10-31,1080,1039199.86,0
2025-11-30,1080,1018415.86,0
2025-12-31,1080,997631.86,0
2025-01-31,1081,620847.22,0
2025-02-28,1081,593853.86,0
2025-03-31,1081,566860.5,0
2025-04-30,1081,539867.14,0
2025-05-31,1081,512873.78,0
2025-06-30,1081,485880.42,0
2025-07-31,1081,458887.06,0
2025-08-31,1081,431893.7,0
2025-09-30,1081,404900.34,0
2025-10-31,1081,377906.98,0
2025-11-30,1081,350913.62,0
2025-12-31,1081,323920.26,0
2025-01-31,1082,1484592.37,0
2025-02-28,1082,1472116.8,0
2025-03-31,1082,1459641.23,0
2025-04-30,1082,1447165.66,0
2025-05-31,1082,1447165.66,26
2025-06-30,1082,1434690.09,56
2025-07-31,1082,1422214.52,87
2025-08-31,1082,1409738.95,118
2025-09-30,1082,1397263.38,148
2025-10-31,1082,1384787.81,179
2025-11-30,1082,1372312.24,209
2025-12-31,1082,1359836.67,240
2025-01-31,1083,2499150.93,0
2025-02-28,1083,2390492.19,0
2025-03-31,1083,2281833.45,0
2025-04-30,1083,2173174.71,0
2025-05-31,1083,2064515.97,0
2025-06-30,1083,1955857.23,0
2025-07-31,1083,1847198.49,0
2025-08-31,1083,1738539.75,0
2025-09-30,1083,1629881.01,0
2025-10-31,1083,1521222.27,0
2025-11-30,1083,1412563.53,0
2025-12-31,1083,1303904.79,0
2025-01-31,1084,841579.87,0
2025-02-28,1084,834507.77,0
2025-03-31,1084,827435.67,0
2025-04-30,1084,820363.57,0
2025-05-31,1084,813291.47,0
2025-06-30,1084,806219.37,0
2025-07-31,1084,799147.27,0
2025-08-31,1084,792075.17,0
2025-09-30,1084,785003.07,0
2025-10-31,1084,777930.97,0
2025-11-30,1084,770858.87,0
2025-12-31,1084,763786.77,0
2025-01-31,1085,1174869.34,0
2025-02-28,1085,1141301.64,0
2025-03-31,1085,1107733.94,0
2025-04-30,1085,1074166.24,0
2025-05-31,1085,1040598.54,0
2025-06-30,1085,1007030.84,0
2025-07-31,1085,973463.14,0
2025-08-31,1085,939895.44,0
2025-09-30,1085,906327.74,0
2025-10-31,1085,872760.04,0
2025-11-30,1085,839192.34,0
2025-12-31,1085,805624.64,0
2025-01-31,1086,898121.42,0
2025-02-28,1086,872460.81,0
2025-03-31,1086,846800.2,0
2025-04-30,1086,821139.59,0
2025-05-31,1086,795478.98,0
2025-06-30,1086,769818.37,0
2025-07-31,1086,744157.76,0
2025-08-31,1086,718497.15,0
2025-09-30,1086,692836.54,0
2025-10-31,1086,667175.93,0
2025-11-30,1086,641515.32,0
2025-12-31,1086,615854.71,0
2025-01-31,1087,2140536.84,0
2025-02-28,1087,2104256.55,0
2025-03-31,1087,2067976.26,0
2025-04-30,1087,2031695.97,0
2025-05-31,1087,1995415.68,0
2025-06-30,1087,1959135.39,0
2025-07-31,1087,1922855.1,0
2025-08-31,1087,1886574.81,0
2025-09-30,1087,1850294.52,0
2025-10-31,1087,1814014.23,0
2025-11-30,1087,1777733.94,0
2025-12-31,1087,1741453.65,0
2025-01-31,1088,1660973.44,0
2025-02-28,1088,1588757.2,0
2025-03-31,1088,1516540.96,0
2025-04-30,1088,1444324.72,0
2025-05-31,1088,1372108.48,0
2025-06-30,1088,1299892.24,0
2025-07-31,1088,1227676.0,0
2025-08-31,1088,1155459.76,0
2025-09-30,1088,1083243.52,0
2025-10-31,1088,1011027.28,0
2025-11-30,1088,938811.04,0
2025-12-31,1088,866594.8,0
2025-01-31,1089,1214476.4,0
2025-02-28,1089,1204270.72,0
2025-03-31,1089,1194065.04,0
2025-04-30,1089,1183859.36,0
2025-05-31,1089,1173653.68,0
2025-06-30,1089,1163448.0,0
2025-07-31,1089,1153242.32,0
2025-08-31,1089,1143036.64,0
2025-09-30,1089,1132830.96,0
2025-10-31,1089,1122625.28,0
2025-11-30,1089,1112419.6,0
2025-12-31,1089,1102213.92,0
2025-01-31,1090,164948.66,0
2025-02-28,1090,160235.84,0
2025-03-31,1090,155523.02,0
2025-04-30,1090,150810.2,0
2025-05-31,1090,146097.38,0
2025-06-30,1090,141384.56,0
2025-07-31,1090,136671.74,0
2025-08-31,1090,131958.92,0
2025-09-30,1090,127246.1,0
2025-10-31,1090,122533.28,0
2025-11-30,1090,117820.46,0
2025-12-31,1090,113107.64,0
2025-01-31,1091,638781.5,0
2025-02-28,1091,627954.69,0
2025-03-31,1091,617127.88,0
2025-04-30,1091,606301.07,0
2025-05-31,1091,595474.26,0
2025-06-30,1091,584647.45,0
2025-07-31,1091,573820.64,0
2025-08-31,1091,562993.83,0
2025-09-30,1091,552167.02,0
2025-10-31,1091,541340.21,0
2025-11-30,1091,530513.4,0
2025-12-31,1091,519686.59,0
2025-01-31,1092,941262.29,0
2025-02-28,1092,900337.84,0
2025-03-31,1092,859413.39,0
2025-04-30,1092,818488.94,0
2025-05-31,1092,777564.49,0
2025-06-30,1092,736640.04,0
2025-07-31,1092,695715.59,0
2025-08-31,1092,654791.14,0
2025-09-30,1092,613866.69,0
2025-10-31,1092,572942.24,0
2025-11-30,1092,532017.79,0
2025-12-31,1092,491093.34,0
2025-01-31,1093,480413.57,0
2025-02-28,1093,472270.97,0
2025-03-31,1093,464128.37,0
2025-04-30,1093,455985.77,0
2025-05-31,1093,447843.17,0
2025-06-30,1093,439700.57,0
2025-07-31,1093,431557.97,0
2025-08-31,1093,423415.37,0
2025-09-30,1093,415272.77,0
2025-10-31,1093,407130.17,0
2025-11-30,1093,398987.57,0
2025-12-31,1093,390844.97,0
2025-01-31,1094,317402.78,0
2025-02-28,1094,314735.53,0
2025-03-31,1094,312068.28,0
2025-04-30,1094,309401.03,0
2025-05-31,1094,306733.78,0
2025-06-30,1094,304066.53,0
2025-07-31,1094,301399.28,0
2025-08-31,1094,298732.03,0
2025-09-30,1094,296064.78,0
2025-10-31,1094,293397.53,0
2025-11-30,1094,290730.28,0
2025-12-31,1094,290730.28,26
2025-01-31,1095,1001541.98,0
2025-02-28,1095,984566.69,0
2025-03-31,1095,967591.4,0
2025-04-30,1095,950616.11,0
2025-05-31,1095,933640.82,0
2025-06-30,1095,916665.53,0
2025-07-31,1095,899690.24,0
2025-08-31,1095,882714.95,0
2025-09-30,1095,865739.66,0
2025-10-31,1095,848764.37,0
2025-11-30,1095,831789.08,0
2025-12-31,1095,814813.79,0
2025-01-31,1096,660152.02,26
2025-02-28,1096,641814.46,54
2025-03-31,1096,623476.9,85
2025-04-30,1096,605139.34,115
2025-05-31,1096,586801.78,146
2025-06-30,1096,586801.78,176
2025-07-31,1096,568464.22,207
2025-08-31,1096,568464.22,238
2025-09-30,1096,550126.66,268
2025-10-31,1096,531789.1,299
2025-11-30,1096,513451.54,329
2025-12-31,1096,495113.98,360
2025-01-31,1097,521675.54,0
2025-02-28,1097,517291.71,0
2025-03-31,1097,512907.88,0
2025-04-30,1097,508524.05,0
2025-05-31,1097,504140.22,0
2025-06-30,1097,499756.39,0
2025-07-31,1097,495372.56,0
2025-08-31,1097,490988.73,0
2025-09-30,1097,486604.9,0
2025-10-31,1097,482221.07,0
2025-11-30,1097,477837.24,0
2025-12-31,1097,473453.41,0
2025-01-31,1098,1081109.94,26
2025-02-28,1098,1051079.11,54
2025-03-31,1098,1021048.28,85
2025-04-30,1098,991017.45,115
2025-05-31,1098,960986.62,146
2025-06-30,1098,930955.79,176
2025-07-31,1098,900924.96,207
2025-08-31,1098,870894.13,238
2025-09-30,1098,840863.3,268
2025-10-31,1098,840863.3,299
2025-11-30,1098,840863.3,329
2025-12-31,1098,810832.47,360
2025-01-31,1099,1410456.57,0
2025-02-28,1099,1349132.37,0
2025-03-31,1099,1287808.17,0
2025-04-30,1099,1226483.97,0
2025-05-31,1099,1165159.77,0
2025-06-30,1099,1103835.57,0
2025-07-31,1099,1042511.37,0
2025-08-31,1099,981187.17,0
2025-09-30,1099,919862.97,0
2025-10-31,1099,858538.77,0
2025-11-30,1099,797214.57,0
2025-12-31,1099,735890.37,0
2025-01-31,1100,406328.82,0
2025-02-28,1100,394719.43,0
2025-03-31,1100,383110.04,0
2025-04-30,1100,371500.65,0
2025-05-31,1100,359891.26,0
2025-06-30,1100,348281.87,0
2025-07-31,1100,336672.48,0
2025-08-31,1100,325063.09,0
2025-09-30,1100,313453.7,0
2025-10-31,1100,301844.31,0
2025-11-30,1100,290234.92,0
2025-12-31,1100,278625.53,0
2025-01-31,1101,3687998.61,0
2025-02-28,1101,3527650.84,0
2025-03-31,1101,3367303.07,0
2025-04-30,1101,3206955.3,0
2025-05-31,1101,3046607.53,0
2025-06-30,1101,2886259.76,0
2025-07-31,1101,2725911.99,0
2025-08-31,1101,2565564.22,0
2025-09-30,1101,2405216.45,0
2025-10-31,1101,2244868.68,0
2025-11-30,1101,2084520.91,0
2025-12-31,1101,1924173.14,0
2025-01-31,1102,340467.6,0
2025-02-28,1102,334696.96,0
2025-03-31,1102,328926.32,0
2025-04-30,1102,323155.68,0
2025-05-31,1102,317385.04,0
2025-06-30,1102,311614.4,0
2025-07-31,1102,305843.76,0
2025-08-31,1102,300073.12,0
2025-09-30,1102,294302.48,0
2025-10-31,1102,288531.84,0
2025-11-30,1102,282761.2,0
2025-12-31,1102,276990.56,0
2025-01-31,1103,608500.9,0
2025-02-28,1103,603387.45,0
2025-03-31,1103,598274.0,0
2025-04-30,1103,593160.55,0
2025-05-31,1103,588047.1,0
2025-06-30,1103,582933.65,0
2025-07-31,1103,577820.2,0
2025-08-31,1103,572706.75,0
2025-09-30,1103,567593.3,0
2025-10-31,1103,562479.85,0
2025-11-30,1103,557366.4,0
2025-12-31,1103,552252.95,0
2025-01-31,1104,262817.03,0
2025-02-28,1104,251390.2,0
2025-03-31,1104,239963.37,0
2025-04-30,1104,228536.54,0
2025-05-31,1104,217109.71,0
2025-06-30,1104,205682.88,0
2025-07-31,1104,194256.05,0
2025-08-31,1104,182829.22,0
2025-09-30,1104,171402.39,0
2025-10-31,1104,159975.56,0
2025-11-30,1104,148548.73,0
2025-12-31,1104,137121.9,0
2025-01-31,1105,1198991.74,0
2025-02-28,1105,1164734.83,0
2025-03-31,1105,1130477.92,0
2025-04-30,1105,1096221.01,0
2025-05-31,1105,1061964.1,0
2025-06-30,1105,1027707.19,0
2025-07-31,1105,993450.28,0
2025-08-31,1105,959193.37,0
2025-09-30,1105,924936.46,0
2025-10-31,1105,890679.55,0
2025-11-30,1105,856422.64,0
2025-12-31,1105,822165.73,0
2025-01-31,1106,1470757.88,0
2025-02-28,1106,1428736.23,0
2025-03-31,1106,1386714.58,0
2025-04-30,1106,1344692.93,0
2025-05-31,1106,1302671.28,0
2025-06-30,1106,1260649.63,0
2025-07-31,1106,1218627.98,0
2025-08-31,1106,1176606.33,0
2025-09-30,1106,1134584.68,0
2025-10-31,1106,1092563.03,0
2025-11-30,1106,1050541.38,0
2025-12-31,1106,1008519.73,0
2025-01-31,1107,405436.63,0
2025-02-28,1107,393852.73,0
2025-03-31,1107,382268.83,0
2025-04-30,1107,370684.93,0
2025-05-31,1107,359101.03,0
2025-06-30,1107,347517.13,0
2025-07-31,1107,335933.23,0
2025-08-31,1107,324349.33,0
2025-09-30,1107,312765.43,0
2025-10-31,1107,301181.53,0
2025-11-30,1107,289597.63,0
2025-12-31,1107,278013.73,0
2025-01-31,1108,171199.39,0
2025-02-28,1108,163755.94,0
2025-03-31,1108,156312.49,0
2025-04-30,1108,148869.04,0
2025-05-31,1108,141425.59,0
2025-06-30,1108,133982.14,0
2025-07-31,1108,126538.69,0
2025-08-31,1108,119095.24,0
2025-09-30,1108,111651.79,0
2025-10-31,1108,104208.34,0
2025-11-30,1108,96764.89,0
2025-12-31,1108,89321.44,0
2025-01-31,1109,766716.81,0
2025-02-28,1109,766716.81,23
2025-03-31,1109,744810.62,54
2025-04-30,1109,722904.43,84
2025-05-31,1109,700998.24,115
2025-06-30,1109,679092.05,145
2025-07-31,1109,657185.86,176
2025-08-31,1109,635279.67,207
2025-09-30,1109,613373.48,237
2025-10-31,1109,591467.29,268
2025-11-30,1109,569561.1,298
2025-12-31,1109,547654.91,329
2025-01-31,1110,2810498.14,0
2025-02-28,1110,2730198.19,0
2025-03-31,1110,2649898.24,0
2025-04-30,1110,2569598.29,0
2025-05-31,1110,2489298.34,0
2025-06-30,1110,2408998.39,0
2025-07-31,1110,2408998.39,26
2025-08-31,1110,2328698.44,57
2025-09-30,1110,2248398.49,87
2025-10-31,1110,2168098.54,118
2025-11-30,1110,2087798.59,148
2025-12-31,1110,2007498.64,179
2025-01-31,1111,868468.48,26
2025-02-28,1111,853994.01,54
2025-03-31,1111,839519.54,85
2025-04-30,1111,825045.07,115
2025-05-31,1111,810570.6,146
2025-06-30,1111,810570.6,176
2025-07-31,1111,796096.13,207
2025-08-31,1111,796096.13,238
2025-09-30,1111,781621.66,268
2025-10-31,1111,767147.19,299
2025-11-30,1111,767147.19,329
2025-12-31,1111,752672.72,360
2025-01-31,1112,2638786.81,0
2025-02-28,1112,2616612.13,0
2025-03-31,1112,2594437.45,0
2025-04-30,1112,2572262.77,0
2025-05-31,1112,2550088.09,0
2025-06-30,1112,2527913.41,0
2025-07-31,1112,2505738.73,0
2025-08-31,1112,2483564.05,0
2025-09-30,1112,2461389.37,0
2025-10-31,1112,2439214.69,0
2025-11-30,1112,2417040.01,0
2025-12-31,1112,2417040.01,26
2025-01-31,1113,427101.45,0
2025-02-28,1113,419862.44,0
2025-03-31,1113,412623.43,0
2025-04-30,1113,405384.42,0
2025-05-31,1113,398145.41,0
2025-06-30,1113,390906.4,0
2025-07-31,1113,383667.39,0
2025-08-31,1113,376428.38,0
2025-09-30,1113,369189.37,0
2025-10-31,1113,361950.36,0
2025-11-30,1113,354711.35,0
2025-12-31,1113,347472.34,0
2025-01-31,1114,899036.81,0
2025-02-28,1114,883798.9,0
2025-03-31,1114,868560.99,0
2025-04-30,1114,853323.08,0
2025-05-31,1114,838085.17,0
2025-06-30,1114,822847.26,0
2025-07-31,1114,807609.35,0
2025-08-31,1114,792371.44,0
2025-09-30,1114,777133.53,0
2025-10-31,1114,761895.62,0
2025-11-30,1114,746657.71,0
2025-12-31,1114,731419.8,0
2025-01-31,1115,688771.94,0
2025-02-28,1115,682983.94,0
2025-03-31,1115,677195.94,0
2025-04-30,1115,671407.94,0
2025-05-31,1115,665619.94,0
2025-06-30,1115,659831.94,0
2025-07-31,1115,654043.94,0
2025-08-31,1115,648255.94,0
2025-09-30,1115,642467.94,0
2025-10-31,1115,636679.94,0
2025-11-30,1115,630891.94,0
2025-12-31,1115,625103.94,0
2025-01-31,1116,626531.61,0
2025-02-28,1116,615912.43,0
2025-03-31,1116,605293.25,0
2025-04-30,1116,594674.07,0
2025-05-31,1116,584054.89,0
2025-06-30,1116,573435.71,0
2025-07-31,1116,562816.53,0
2025-08-31,1116,552197.35,0
2025-09-30,1116,541578.17,0
2025-10-31,1116,530958.99,0
2025-11-30,1116,520339.81,0
2025-12-31,1116,509720.63,0
2025-01-31,1117,803007.16,0
2025-02-28,1117,780064.1,0
2025-03-31,1117,757121.04,0
2025-04-30,1117,734177.98,0
2025-05-31,1117,711234.92,0
2025-06-30,1117,688291.86,0
2025-07-31,1117,688291.86,26
2025-08-31,1117,665348.8,57
2025-09-30,1117,642405.74,87
2025-10-31,1117,619462.68,118
2025-11-30,1117,596519.62,148
2025-12-31,1117,573576.56,179
2025-01-31,1118,4920528.07,0
2025-02-28,1118,4706592.07,0
2025-03-31,1118,4492656.07,0
2025-04-30,1118,4278720.07,0
2025-05-31,1118,4278720.07,26
2025-06-30,1118,4064784.07,56
2025-07-31,1118,3850848.07,87
2025-08-31,1118,3636912.07,118
2025-09-30,1118,3422976.07,148
2025-10-31,1118,3209040.07,179
2025-11-30,1118,2995104.07,209
2025-12-31,1118,2995104.07,240
2025-01-31,1119,333400.02,0
2025-02-28,1119,330598.34,0
2025-03-31,1119,327796.66,0
2025-04-30,1119,324994.98,0
2025-05-31,1119,322193.3,0
2025-06-30,1119,319391.62,0
2025-07-31,1119,316589.94,0
2025-08-31,1119,313788.26,0
2025-09-30,1119,310986.58,0
2025-10-31,1119,308184.9,0
2025-11-30,1119,305383.22,0
2025-12-31,1119,302581.54,0
2025-01-31,1120,1415976.34,0
2025-02-28,1120,1391976.74,0
2025-03-31,1120,1367977.14,0
2025-04-30,1120,1343977.54,0
2025-05-31,1120,1319977.94,0
2025-06-30,1120,1295978.34,0
2025-07-31,1120,1271978.74,0
2025-08-31,1120,1247979.14,0
2025-09-30,1120,1223979.54,0
2025-10-31,1120,1199979.94,0
2025-11-30,1120,1175980.34,0
2025-12-31,1120,1151980.74,0
2025-01-31,1121,941215.22,0
2025-02-28,1121,914323.36,0
2025-03-31,1121,887431.5,0
2025-04-30,1121,860539.64,0
2025-05-31,1121,833647.78,0
2025-06-30,1121,806755.92,0
2025-07-31,1121,779864.06,0
2025-08-31,1121,752972.2,0
2025-09-30,1121,726080.34,0
2025-10-31,1121,699188.48,0
2025-11-30,1121,672296.62,0
2025-12-31,1121,645404.76,0
2025-01-31,1122,899378.69,0
2025-02-28,1122,873682.16,0
2025-03-31,1122,847985.63,0
2025-04-30,1122,822289.1,0
2025-05-31,1122,796592.57,0
2025-06-30,1122,770896.04,0
2025-07-31,1122,745199.51,0
2025-08-31,1122,719502.98,0
2025-09-30,1122,693806.45,0
2025-10-31,1122,668109.92,0
2025-11-30,1122,642413.39,0
2025-12-31,1122,616716.86,0
2025-01-31,1123,845597.08,0
2025-02-28,1123,821437.16,0
2025-03-31,1123,797277.24,0
2025-04-30,1123,773117.32,0
2025-05-31,1123,748957.4,0
2025-06-30,1123,724797.48,0
2025-07-31,1123,700637.56,0
2025-08-31,1123,700637.56,26
2025-09-30,1123,676477.64,56
2025-10-31,1123,676477.64,87
2025-11-30,1123,652317.72,117
2025-12-31,1123,628157.8,148
2025-01-31,1124,1246134.44,0
2025-02-28,1124,1191954.68,0
2025-03-31,1124,1137774.92,0
2025-04-30,1124,1083595.16,0
2025-05-31,1124,1083595.16,26
2025-06-30,1124,1029415.4,56
2025-07-31,1124,975235.64,87
2025-08-31,1124,921055.88,118
2025-09-30,1124,866876.12,148
2025-10-31,1124,812696.36,179
2025-11-30,1124,758516.6,209
2025-12-31,1124,704336.84,240
2025-01-31,1125,773770.69,0
2025-02-28,1125,767268.42,0
2025-03-31,1125,760766.15,0
2025-04-30,1125,754263.88,0
2025-05-31,1125,747761.61,0
2025-06-30,1125,741259.34,0
2025-07-31,1125,734757.07,0
2025-08-31,1125,728254.8,0
2025-09-30,1125,721752.53,0
2025-10-31,1125,715250.26,0
2025-11-30,1125,708747.99,0
2025-12-31,1125,702245.72,0
2025-01-31,1126,1521313.34,0
2025-02-28,1126,1521313.34,23
2025-03-31,1126,1495528.37,54
2025-04-30,1126,1469743.4,84
2025-05-31,1126,1443958.43,115
2025-06-30,1126,1418173.46,145
2025-07-31,1126,1392388.49,176
2025-08-31,1126,1366603.52,207
2025-09-30,1126,1340818.55,237
2025-10-31,1126,1315033.58,268
2025-11-30,1126,1289248.61,298
2025-12-31,1126,1263463.64,329
2025-01-31,1127,661215.37,0
2025-02-28,1127,655658.94,0
2025-03-31,1127,650102.51,0
2025-04-30,1127,644546.08,0
2025-05-31,1127,638989.65,0
2025-06-30,1127,633433.22,0
2025-07-31,1127,627876.79,0
2025-08-31,1127,622320.36,0
2025-09-30,1127,616763.93,0
2025-10-31,1127,611207.5,0
2025-11-30,1127,605651.07,0
2025-12-31,1127,600094.64,0
2025-01-31,1128,1439712.57,0
2025-02-28,1128,1427614.15,0
2025-03-31,1128,1415515.73,0
2025-04-30,1128,1403417.31,0
2025-05-31,1128,1391318.89,0
2025-06-30,1128,1391318.89,25
2025-07-31,1128,1379220.47,56
2025-08-31,1128,1367122.05,87
2025-09-30,1128,1355023.63,117
2025-10-31,1128,1342925.21,148
2025-11-30,1128,1330826.79,178
2025-12-31,1128,1318728.37,209
2025-01-31,1129,753234.7,0
2025-02-28,1129,740468.01,0
2025-03-31,1129,727701.32,0
2025-04-30,1129,714934.63,0
2025-05-31,1129,702167.94,0
2025-06-30,1129,689401.25,0
2025-07-31,1129,676634.56,0
2025-08-31,1129,663867.87,0
2025-09-30,1129,651101.18,0
2025-10-31,1129,638334.49,0
2025-11-30,1129,625567.8,0
2025-12-31,1129,612801.11,0
2025-01-31,1130,565363.14,0
2025-02-28,1130,565363.14,23
2025-03-31,1130,560612.19,54
2025-04-30,1130,555861.24,84
2025-05-31,1130,551110.29,115
2025-06-30,1130,546359.34,145
2025-07-31,1130,541608.39,176
2025-08-31,1130,536857.44,207
2025-09-30,1130,536857.44,237
2025-10-31,1130,532106.49,268
2025-11-30,1130,527355.54,298
2025-12-31,1130,522604.59,329
2025-01-31,1131,980739.38,0
2025-02-28,1131,952718.25,0
2025-03-31,1131,924697.12,0
2025-04-30,1131,896675.99,0
2025-05-31,1131,868654.86,0
2025-06-30,1131,840633.73,0
2025-07-31,1131,812612.6,0
2025-08-31,1131,784591.47,0
2025-09-30,1131,756570.34,0
2025-10-31,1131,728549.21,0
2025-11-30,1131,700528.08,0
2025-12-31,1131,672506.95,0
2025-01-31,1132,980690.6,0
2025-02-28,1132,938051.88,0
2025-03-31,1132,895413.16,0
2025-04-30,1132,852774.44,0
2025-05-31,1132,810135.72,0
2025-06-30,1132,767497.0,0
2025-07-31,1132,724858.28,0
2025-08-31,1132,724858.28,26
2025-09-30,1132,682219.56,56
2025-10-31,1132,639580.84,87
2025-11-30,1132,596942.12,117
2025-12-31,1132,554303.4,148
2025-01-31,1133,901669.39,0
2025-02-28,1133,894092.34,0
2025-03-31,1133,886515.29,0
2025-04-30,1133,878938.24,0
2025-05-31,1133,871361.19,0
2025-06-30,1133,863784.14,0
2025-07-31,1133,856207.09,0
2025-08-31,1133,848630.04,0
2025-09-30,1133,841052.99,0
2025-10-31,1133,833475.94,0
2025-11-30,1133,833475.94,25
2025-12-31,1133,825898.89,56
2025-01-31,1134,1965549.73,0
2025-02-28,1134,1880091.05,0
2025-03-31,1134,1880091.05,26
2025-04-30,1134,1794632.37,56
2025-05-31,1134,1709173.69,87
2025-06-30,1134,1623715.01,117
2025-07-31,1134,1538256.33,148
2025-08-31,1134,1452797.65,179
2025-09-30,1134,1367338.97,209
2025-10-31,1134,1281880.29,240
2025-11-30,1134,1196421.61,270
2025-12-31,1134,1110962.93,301
2025-01-31,1135,2061879.33,0
2025-02-28,1135,2044552.61,0
2025-03-31,1135,2027225.89,0
2025-04-30,1135,2009899.17,0
2025-05-31,1135,1992572.45,0
2025-06-30,1135,1975245.73,0
2025-07-31,1135,1957919.01,0
2025-08-31,1135,1940592.29,0
2025-09-30,1135,1923265.57,0
2025-10-31,1135,1905938.85,0
2025-11-30,1135,1888612.13,0
2025-12-31,1135,1871285.41,0
2025-01-31,1136,371337.06,0
2025-02-28,1136,360727.43,0
2025-03-31,1136,350117.8,0
2025-04-30,1136,339508.17,0
2025-05-31,1136,328898.54,0
2025-06-30,1136,318288.91,0
2025-07-31,1136,307679.28,0
2025-08-31,1136,297069.65,0
2025-09-30,1136,286460.02,0
2025-10-31,1136,275850.39,0
2025-11-30,1136,265240.76,0
2025-12-31,1136,254631.13,0
2025-01-31,1137,439765.42,0
2025-02-28,1137,432311.77,0
2025-03-31,1137,424858.12,0
2025-04-30,1137,417404.47,0
2025-05-31,1137,409950.82,0
2025-06-30,1137,402497.17,0
2025-07-31,1137,395043.52,0
2025-08-31,1137,387589.87,0
2025-09-30,1137,380136.22,0
2025-10-31,1137,372682.57,0
2025-11-30,1137,365228.92,0
2025-12-31,1137,357775.27,0
2025-01-31,1138,264114.1,0
2025-02-28,1138,252630.88,0
2025-03-31,1138,241147.66,0
2025-04-30,1138,229664.44,0
2025-05-31,1138,218181.22,0
2025-06-30,1138,206698.0,0
2025-07-31,1138,195214.78,0
2025-08-31,1138,183731.56,0
2025-09-30,1138,172248.34,0
2025-10-31,1138,160765.12,0
2025-11-30,1138,149281.9,0
2025-12-31,1138,149281.9,26
2025-01-31,1139,629129.55,0
2025-02-28,1139,611154.42,0
2025-03-31,1139,593179.29,0
2025-04-30,1139,575204.16,0
2025-05-31,1139,557229.03,0
2025-06-30,1139,539253.9,0
2025-07-31,1139,521278.77,0
2025-08-31,1139,503303.64,0
2025-09-30,1139,485328.51,0
2025-10-31,1139,467353.38,0
2025-11-30,1139,449378.25,0
2025-12-31,1139,431403.12,0
2025-01-31,1140,980691.7,0
2025-02-28,1140,938052.93,0
2025-03-31,1140,895414.16,0
2025-04-30,1140,852775.39,0
2025-05-31,1140,810136.62,0
2025-06-30,1140,767497.85,0
2025-07-31,1140,724859.08,0
2025-08-31,1140,682220.31,0
2025-09-30,1140,639581.54,0
2025-10-31,1140,596942.77,0
2025-11-30,1140,554304.0,0
2025-12-31,1140,511665.23,0
2025-01-31,1141,204560.16,0
2025-02-28,1141,202841.17,0
2025-03-31,1141,201122.18,0
2025-04-30,1141,199403.19,0
2025-05-31,1141,197684.2,0
2025-06-30,1141,195965.21,0
2025-07-31,1141,194246.22,0
2025-08-31,1141,192527.23,0
2025-09-30,1141,190808.24,0
2025-10-31,1141,189089.25,0
2025-11-30,1141,187370.26,0
2025-12-31,1141,185651.27,0
2025-01-31,1142,305389.68,0
2025-02-28,1142,296664.26,0
2025-03-31,1142,287938.84,0
2025-04-30,1142,279213.42,0
2025-05-31,1142,270488.0,0
2025-06-30,1142,261762.58,0
2025-07-31,1142,253037.16,0
2025-08-31,1142,244311.74,0
2025-09-30,1142,235586.32,0
2025-10-31,1142,226860.9,0
2025-11-30,1142,218135.48,0
2025-12-31,1142,209410.06,0
2025-01-31,1143,328230.41,0
2025-02-28,1143,322667.18,0
2025-03-31,1143,317103.95,0
2025-04-30,1143,311540.72,0
2025-05-31,1143,305977.49,0
2025-06-30,1143,300414.26,0
2025-07-31,1143,294851.03,0
2025-08-31,1143,289287.8,0
2025-09-30,1143,283724.57,0
2025-10-31,1143,278161.34,0
2025-11-30,1143,272598.11,0
2025-12-31,1143,267034.88,0
2025-01-31,1144,2782457.48,0
2025-02-28,1144,2759075.48,0
2025-03-31,1144,2735693.48,0
2025-04-30,1144,2712311.48,0
2025-05-31,1144,2712311.48,26
2025-06-30,1144,2688929.48,56
2025-07-31,1144,2665547.48,87
2025-08-31,1144,2642165.48,118
2025-09-30,1144,2642165.48,148
2025-10-31,1144,2618783.48,179
2025-11-30,1144,2595401.48,209
2025-12-31,1144,2572019.48,240
2025-01-31,1145,1138663.78,0
2025-02-28,1145,1089156.66,0
2025-03-31,1145,1039649.54,0
2025-04-30,1145,990142.42,0
2025-05-31,1145,940635.3,0
2025-06-30,1145,891128.18,0
2025-07-31,1145,841621.06,0
2025-08-31,1145,792113.94,0
2025-09-30,1145,742606.82,0
2025-10-31,1145,693099.7,0
2025-11-30,1145,643592.58,0
2025-12-31,1145,594085.46,0
2025-01-31,1146,1026450.02,0
2025-02-28,1146,997122.88,0
2025-03-31,1146,967795.74,0
2025-04-30,1146,938468.6,0
2025-05-31,1146,909141.46,0
2025-06-30,1146,879814.32,0
2025-07-31,1146,850487.18,0
2025-08-31,1146,821160.04,0
2025-09-30,1146,821160.04,25
2025-10-31,1146,791832.9,56
2025-11-30,1146,762505.76,86
2025-12-31,1146,733178.62,117
2025-01-31,1147,177320.43,0
2025-02-28,1147,172254.13,0
2025-03-31,1147,167187.83,0
2025-04-30,1147,162121.53,0
2025-05-31,1147,157055.23,0
2025-06-30,1147,151988.93,0
2025-07-31,1147,146922.63,0
2025-08-31,1147,141856.33,0
2025-09-30,1147,136790.03,0
2025-10-31,1147,131723.73,0
2025-11-30,1147,126657.43,0
2025-12-31,1147,121591.13,0
2025-01-31,1148,1748561.96,0
2025-02-28,1148,1698603.05,0
2025-03-31,1148,1648644.14,0
2025-04-30,1148,1598685.23,0
2025-05-31,1148,1548726.32,0
2025-06-30,1148,1498767.41,0
2025-07-31,1148,1448808.5,0
2025-08-31,1148,1398849.59,0
2025-09-30,1148,1348890.68,0
2025-10-31,1148,1298931.77,0
2025-11-30,1148,1298931.77,25
2025-12-31,1148,1248972.86,56
2025-01-31,1149,637544.42,0
2025-02-28,1149,626738.58,0
2025-03-31,1149,615932.74,0
2025-04-30,1149,605126.9,0
2025-05-31,1149,594321.06,0
2025-06-30,1149,583515.22,0
2025-07-31,1149,572709.38,0
2025-08-31,1149,561903.54,0
2025-09-30,1149,551097.7,0
2025-10-31,1149,540291.86,0
2025-11-30,1149,540291.86,25
2025-12-31,1149,529486.02,56
2025-01-31,1150,411735.1,0
2025-02-28,1150,399971.24,0
2025-03-31,1150,388207.38,0
2025-04-30,1150,376443.52,0
2025-05-31,1150,364679.66,0
2025-06-30,1150,352915.8,0
2025-07-31,1150,341151.94,0
2025-08-31,1150,329388.08,0
2025-09-30,1150,317624.22,0
2025-10-31,1150,305860.36,0
2025-11-30,1150,294096.5,0
2025-12-31,1150,282332.64,0
2025-01-31,1151,1198198.32,0
2025-02-28,1151,1188129.43,0
2025-03-31,1151,1178060.54,0
2025-04-30,1151,1167991.65,0
2025-05-31,1151,1157922.76,0
2025-06-30,1151,1147853.87,0
2025-07-31,1151,1137784.98,0
2025-08-31,1151,1127716.09,0
2025-09-30,1151,1117647.2,0
2025-10-31,1151,1107578.31,0
2025-11-30,1151,1097509.42,0
2025-12-31,1151,1097509.42,26
2025-01-31,1152,753174.08,0
2025-02-28,1152,740408.42,0
2025-03-31,1152,727642.76,0
2025-04-30,1152,714877.1,0
2025-05-31,1152,702111.44,0
2025-06-30,1152,689345.78,0
2025-07-31,1152,676580.12,0
2025-08-31,1152,663814.46,0
2025-09-30,1152,651048.8,0
2025-10-31,1152,638283.14,0
2025-11-30,1152,625517.48,0
2025-12-31,1152,612751.82,0
2025-01-31,1153,1746784.61,0
2025-02-28,1153,1696876.48,0
2025-03-31,1153,1646968.35,0
2025-04-30,1153,1597060.22,0
2025-05-31,1153,1547152.09,0
2025-06-30,1153,1497243.96,0
2025-07-31,1153,1447335.83,0
2025-08-31,1153,1397427.7,0
2025-09-30,1153,1347519.57,0
2025-10-31,1153,1297611.44,0
2025-11-30,1153,1247703.31,0
2025-12-31,1153,1197795.18,0
2025-01-31,1154,742593.91,0
2025-02-28,1154,710307.22,0
2025-03-31,1154,678020.53,0
2025-04-30,1154,645733.84,0
2025-05-31,1154,613447.15,0
2025-06-30,1154,581160.46,0
2025-07-31,1154,581160.46,26
2025-08-31,1154,548873.77,57
2025-09-30,1154,516587.08,87
2025-10-31,1154,516587.08,118
2025-11-30,1154,484300.39,148
2025-12-31,1154,452013.7,179
2025-01-31,1155,364240.26,0
2025-02-28,1155,361179.42,0
2025-03-31,1155,358118.58,0
2025-04-30,1155,355057.74,0
2025-05-31,1155,351996.9,0
2025-06-30,1155,348936.06,0
2025-07-31,1155,345875.22,0
2025-08-31,1155,342814.38,0
2025-09-30,1155,339753.54,0
2025-10-31,1155,336692.7,0
2025-11-30,1155,333631.86,0
2025-12-31,1155,330571.02,0
2025-01-31,1156,293653.91,0
2025-02-28,1156,288676.73,0
2025-03-31,1156,283699.55,0
2025-04-30,1156,278722.37,0
2025-05-31,1156,273745.19,0
2025-06-30,1156,268768.01,0
2025-07-31,1156,263790.83,0
2025-08-31,1156,258813.65,0
2025-09-30,1156,253836.47,0
2025-10-31,1156,248859.29,0
2025-11-30,1156,243882.11,0
2025-12-31,1156,238904.93,0
2025-01-31,1157,833398.29,26
2025-02-28,1157,826453.3,54
2025-03-31,1157,819508.31,85
2025-04-30,1157,812563.32,115
2025-05-31,1157,805618.33,146
2025-06-30,1157,798673.34,176
2025-07-31,1157,791728.35,207
2025-08-31,1157,784783.36,238
2025-09-30,1157,777838.37,268
2025-10-31,1157,770893.38,299
2025-11-30,1157,763948.39,329
2025-12-31,1157,757003.4,360
2025-01-31,1158,393095.57,0
2025-02-28,1158,386432.93,0
2025-03-31,1158,379770.29,0
2025-04-30,1158,373107.65,0
2025-05-31,1158,366445.01,0
2025-06-30,1158,366445.01,25
2025-07-31,1158,359782.37,56
2025-08-31,1158,353119.73,87
2025-09-30,1158,346457.09,117
2025-10-31,1158,339794.45,148
2025-11-30,1158,333131.81,178
2025-12-31,1158,326469.17,209
2025-01-31,1159,1043973.56,0
2025-02-28,1159,998583.41,0
2025-03-31,1159,953193.26,0
2025-04-30,1159,907803.11,0
2025-05-31,1159,862412.96,0
2025-06-30,1159,817022.81,0
2025-07-31,1159,771632.66,0
2025-08-31,1159,726242.51,0
2025-09-30,1159,726242.51,25
2025-10-31,1159,680852.36,56
2025-11-30,1159,635462.21,86
2025-12-31,1159,590072.06,117
2025-01-31,1160,364221.35,0
2025-02-28,1160,361160.67,0
2025-03-31,1160,358099.99,0
2025-04-30,1160,355039.31,0
2025-05-31,1160,351978.63,0
2025-06-30,1160,348917.95,0
2025-07-31,1160,345857.27,0
2025-08-31,1160,342796.59,0
2025-09-30,1160,339735.91,0
2025-10-31,1160,336675.23,0
2025-11-30,1160,333614.55,0
2025-12-31,1160,330553.87,0
2025-01-31,1161,1151359.19,0
2025-02-28,1161,1118463.21,0
2025-03-31,1161,1085567.23,0
2025-04-30,1161,1052671.25,0
2025-05-31,1161,1019775.27,0
2025-06-30,1161,986879.29,0
2025-07-31,1161,953983.31,0
2025-08-31,1161,921087.33,0
2025-09-30,1161,888191.35,0
2025-10-31,1161,855295.37,0
2025-11-30,1161,822399.39,0
2025-12-31,1161,789503.41,0
2025-01-31,1162,679222.72,0
2025-02-28,1162,673514.97,0
2025-03-31,1162,667807.22,0
2025-04-30,1162,662099.47,0
2025-05-31,1162,656391.72,0
2025-06-30,1162,650683.97,0
2025-07-31,1162,650683.97,26
2025-08-31,1162,644976.22,57
2025-09-30,1162,639268.47,87
2025-10-31,1162,633560.72,118
2025-11-30,1162,627852.97,148
2025-12-31,1162,622145.22,179
2025-01-31,1163,504713.57,0
2025-02-28,1163,500472.28,0
2025-03-31,1163,496230.99,0
2025-04-30,1163,491989.7,0
2025-05-31,1163,487748.41,0
2025-06-30,1163,483507.12,0
2025-07-31,1163,479265.83,0
2025-08-31,1163,475024.54,0
2025-09-30,1163,470783.25,0
2025-10-31,1163,466541.96,0
2025-11-30,1163,462300.67,0
2025-12-31,1163,458059.38,0
2025-01-31,1164,399843.44,0
2025-02-28,1164,396483.41,0
2025-03-31,1164,393123.38,0
2025-04-30,1164,389763.35,0
2025-05-31,1164,386403.32,0
2025-06-30,1164,383043.29,0
2025-07-31,1164,379683.26,0
2025-08-31,1164,376323.23,0
2025-09-30,1164,372963.2,0
2025-10-31,1164,369603.17,0
2025-11-30,1164,366243.14,0
2025-12-31,1164,362883.11,0
2025-01-31,1165,857209.6,0
2025-02-28,1165,832717.9,0
2025-03-31,1165,808226.2,0
2025-04-30,1165,783734.5,0
2025-05-31,1165,759242.8,0
2025-06-30,1165,734751.1,0
2025-07-31,1165,710259.4,0
2025-08-31,1165,685767.7,0
2025-09-30,1165,661276.0,0
2025-10-31,1165,636784.3,0
2025-11-30,1165,612292.6,0
2025-12-31,1165,587800.9,0
2025-01-31,1166,372033.01,0
2025-02-28,1166,361403.5,0
2025-03-31,1166,350773.99,0
2025-04-30,1166,340144.48,0
2025-05-31,1166,329514.97,0
2025-06-30,1166,318885.46,0
2025-07-31,1166,308255.95,0
2025-08-31,1166,297626.44,0
2025-09-30,1166,286996.93,0
2025-10-31,1166,276367.42,0
2025-11-30,1166,265737.91,0
2025-12-31,1166,255108.4,0
2025-01-31,1167,950213.96,0
2025-02-28,1167,934108.64,0
2025-03-31,1167,918003.32,0
2025-04-30,1167,901898.0,0
2025-05-31,1167,885792.68,0
2025-06-30,1167,869687.36,0
2025-07-31,1167,853582.04,0
2025-08-31,1167,837476.72,0
2025-09-30,1167,821371.4,0
2025-10-31,1167,805266.08,0
2025-11-30,1167,789160.76,0
2025-12-31,1167,773055.44,0
2025-01-31,1168,1020546.13,0
2025-02-28,1168,1003248.74,0
2025-03-31,1168,985951.35,0
2025-04-30,1168,968653.96,0
2025-05-31,1168,951356.57,0
2025-06-30,1168,934059.18,0
2025-07-31,1168,916761.79,0
2025-08-31,1168,899464.4,0
2025-09-30,1168,882167.01,0
2025-10-31,1168,864869.62,0
2025-11-30,1168,847572.23,0
2025-12-31,1168,830274.84,0
2025-01-31,1169,578393.83,0
2025-02-28,1169,568590.54,0
2025-03-31,1169,568590.54,26
2025-04-30,1169,558787.25,56
2025-05-31,1169,548983.96,87
2025-06-30,1169,539180.67,117
2025-07-31,1169,529377.38,148
2025-08-31,1169,519574.09,179
2025-09-30,1169,509770.8,209
2025-10-31,1169,499967.51,240
2025-11-30,1169,490164.22,270
2025-12-31,1169,480360.93,301
2025-01-31,1170,1275524.71,0
2025-02-28,1170,1220067.11,0
2025-03-31,1170,1164609.51,0
2025-04-30,1170,1109151.91,0
2025-05-31,1170,1053694.31,0
2025-06-30,1170,998236.71,0
2025-07-31,1170,942779.11,0
2025-08-31,1170,887321.51,0
2025-09-30,1170,831863.91,0
2025-10-31,1170,831863.91,26
2025-11-30,1170,776406.31,56
2025-12-31,1170,720948.71,87
2025-01-31,1171,374413.79,0
2025-02-28,1171,363716.25,0
2025-03-31,1171,353018.71,0
2025-04-30,1171,342321.17,0
2025-05-31,1171,331623.63,0
2025-06-30,1171,320926.09,0
2025-07-31,1171,310228.55,0
2025-08-31,1171,299531.01,0
2025-09-30,1171,288833.47,0
2025-10-31,1171,278135.93,0
2025-11-30,1171,267438.39,0
2025-12-31,1171,256740.85,0
2025-01-31,1172,646261.88,0
2025-02-28,1172,627797.25,0
2025-03-31,1172,609332.62,0
2025-04-30,1172,609332.62,25
2025-05-31,1172,590867.99,56
2025-06-30,1172,590867.99,86
2025-07-31,1172,572403.36,117
2025-08-31,1172,553938.73,148
2025-09-30,1172,553938.73,178
2025-10-31,1172,535474.1,209
2025-11-30,1172,517009.47,239
2025-12-31,1172,498544.84,270
2025-01-31,1173,122841.1,0
2025-02-28,1173,117500.18,0
2025-03-31,1173,112159.26,0
2025-04-30,1173,106818.34,0
2025-05-31,1173,101477.42,0
2025-06-30,1173,96136.5,0
2025-07-31,1173,90795.58,0
2025-08-31,1173,85454.66,0
2025-09-30,1173,80113.74,0
2025-10-31,1173,74772.82,0
2025-11-30,1173,69431.9,0
2025-12-31,1173,64090.98,0
2025-01-31,1174,276047.98,0
2025-02-28,1174,273728.25,0
2025-03-31,1174,271408.52,0
2025-04-30,1174,269088.79,0
2025-05-31,1174,266769.06,0
2025-06-30,1174,264449.33,0
2025-07-31,1174,262129.6,0
2025-08-31,1174,259809.87,0
2025-09-30,1174,257490.14,0
2025-10-31,1174,255170.41,0
2025-11-30,1174,255170.41,25
2025-12-31,1174,252850.68,56
2025-01-31,1175,668726.23,0
2025-02-28,1175,639651.18,0
2025-03-31,1175,610576.13,0
2025-04-30,1175,581501.08,0
2025-05-31,1175,552426.03,0
2025-06-30,1175,523350.98,0
2025-07-31,1175,494275.93,0
2025-08-31,1175,465200.88,0
2025-09-30,1175,436125.83,0
2025-10-31,1175,407050.78,0
2025-11-30,1175,377975.73,0
2025-12-31,1175,348900.68,0
2025-01-31,1176,1585516.5,0
2025-02-28,1176,1516581.0,0
2025-03-31,1176,1447645.5,0
2025-04-30,1176,1378710.0,0
2025-05-31,1176,1309774.5,0
2025-06-30,1176,1240839.0,0
2025-07-31,1176,1171903.5,0
2025-08-31,1176,1102968.0,0
2025-09-30,1176,1034032.5,0
2025-10-31,1176,965097.0,0
2025-11-30,1176,896161.5,0
2025-12-31,1176,827226.0,0
2025-01-31,1177,1779024.99,26
2025-02-28,1177,1764199.78,54
2025-03-31,1177,1749374.57,85
2025-04-30,1177,1749374.57,115
2025-05-31,1177,1734549.36,146
2025-06-30,1177,1719724.15,176
2025-07-31,1177,1704898.94,207
2025-08-31,1177,1690073.73,238
2025-09-30,1177,1675248.52,268
2025-10-31,1177,1660423.31,299
2025-11-30,1177,1645598.1,329
2025-12-31,1177,1630772.89,360
2025-01-31,1178,1158432.51,0
2025-02-28,1178,1158432.51,23
2025-03-31,1178,1148697.78,54
2025-04-30,1178,1138963.05,84
2025-05-31,1178,1129228.32,115
2025-06-30,1178,1119493.59,145
2025-07-31,1178,1109758.86,176
2025-08-31,1178,1100024.13,207
2025-09-30,1178,1090289.4,237
2025-10-31,1178,1080554.67,268
2025-11-30,1178,1070819.94,298
2025-12-31,1178,1061085.21,329
2025-01-31,1179,1135238.06,0
2025-02-28,1179,1125698.24,0
2025-03-31,1179,1116158.42,0
2025-04-30,1179,1106618.6,0
2025-05-31,1179,1097078.78,0
2025-06-30,1179,1087538.96,0
2025-07-31,1179,1077999.14,0
2025-08-31,1179,1068459.32,0
2025-09-30,1179,1058919.5,0
2025-10-31,1179,1049379.68,0
2025-11-30,1179,1039839.86,0
2025-12-31,1179,1030300.04,0
2025-01-31,1180,567153.62,0
2025-02-28,1180,557540.85,0
2025-03-31,1180,547928.08,0
2025-04-30,1180,538315.31,0
2025-05-31,1180,528702.54,0
2025-06-30,1180,519089.77,0
2025-07-31,1180,509477.0,0
2025-08-31,1180,499864.23,0
2025-09-30,1180,490251.46,0
2025-10-31,1180,480638.69,0
2025-11-30,1180,471025.92,0
2025-12-31,1180,461413.15,0
2025-01-31,1181,728382.85,0
2025-02-28,1181,728382.85,23
2025-03-31,1181,716037.38,54
2025-04-30,1181,703691.91,84
2025-05-31,1181,691346.44,115
2025-06-30,1181,679000.97,145
2025-07-31,1181,666655.5,176
2025-08-31,1181,654310.03,207
2025-09-30,1181,641964.56,237
2025-10-31,1181,629619.09,268
2025-11-30,1181,617273.62,298
2025-12-31,1181,604928.15,329
2025-01-31,1182,921838.49,0
2025-02-28,1182,914091.95,0
2025-03-31,1182,906345.41,0
2025-04-30,1182,898598.87,0
2025-05-31,1182,890852.33,0
2025-06-30,1182,883105.79,0
2025-07-31,1182,875359.25,0
2025-08-31,1182,867612.71,0
2025-09-30,1182,859866.17,0
2025-10-31,1182,852119.63,0
2025-11-30,1182,844373.09,0
2025-12-31,1182,836626.55,0
2025-01-31,1183,1114144.4,0
2025-02-28,1183,1095260.6,0
2025-03-31,1183,1076376.8,0
2025-04-30,1183,1057493.0,0
2025-05-31,1183,1038609.2,0
2025-06-30,1183,1019725.4,0
2025-07-31,1183,1000841.6,0
2025-08-31,1183,981957.8,0
2025-09-30,1183,963074.0,0
2025-10-31,1183,944190.2,0
2025-11-30,1183,925306.4,0
2025-12-31,1183,906422.6,0
2025-01-31,1184,1314576.16,0
2025-02-28,1184,1257420.67,0
2025-03-31,1184,1200265.18,0
2025-04-30,1184,1143109.69,0
2025-05-31,1184,1085954.2,0
2025-06-30,1184,1028798.71,0
2025-07-31,1184,971643.22,0
2025-08-31,1184,914487.73,0
2025-09-30,1184,857332.24,0
2025-10-31,1184,800176.75,0
2025-11-30,1184,743021.26,0
2025-12-31,1184,685865.77,0
2025-01-31,1185,348762.22,0
2025-02-28,1185,338797.58,0
2025-03-31,1185,328832.94,0
2025-04-30,1185,318868.3,0
2025-05-31,1185,308903.66,0
2025-06-30,1185,298939.02,0
2025-07-31,1185,288974.38,0
2025-08-31,1185,279009.74,0
2025-09-30,1185,269045.1,0
2025-10-31,1185,259080.46,0
2025-11-30,1185,249115.82,0
2025-12-31,1185,239151.18,0
2025-01-31,1186,894542.8,0
2025-02-28,1186,887025.63,0
2025-03-31,1186,879508.46,0
2025-04-30,1186,871991.29,0
2025-05-31,1186,864474.12,0
2025-06-30,1186,856956.95,0
2025-07-31,1186,849439.78,0
2025-08-31,1186,841922.61,0
2025-09-30,1186,834405.44,0
2025-10-31,1186,826888.27,0
2025-11-30,1186,819371.1,0
2025-12-31,1186,811853.93,0
2025-01-31,1187,1659149.94,0
2025-02-28,1187,1645207.5,0
2025-03-31,1187,1631265.06,0
2025-04-30,1187,1617322.62,0
2025-05-31,1187,1603380.18,0
2025-06-30,1187,1589437.74,0
2025-07-31,1187,1575495.3,0
2025-08-31,1187,1561552.86,0
2025-09-30,1187,1547610.42,0
2025-10-31,1187,1533667.98,0
2025-11-30,1187,1519725.54,0
2025-12-31,1187,1505783.1,0
2025-01-31,1188,209432.37,0
2025-02-28,1188,209432.37,23
2025-03-31,1188,207672.43,54
2025-04-30,1188,205912.49,84
2025-05-31,1188,204152.55,115
2025-06-30,1188,202392.61,145
2025-07-31,1188,200632.67,176
2025-08-31,1188,198872.73,207
2025-09-30,1188,197112.79,237
2025-10-31,1188,195352.85,268
2025-11-30,1188,193592.91,298
2025-12-31,1188,191832.97,329
2025-01-31,1189,371893.66,0
2025-02-28,1189,361268.13,0
2025-03-31,1189,350642.6,0
2025-04-30,1189,340017.07,0
2025-05-31,1189,329391.54,0
2025-06-30,1189,318766.01,0
2025-07-31,1189,318766.01,26
2025-08-31,1189,308140.48,57
2025-09-30,1189,297514.95,87
2025-10-31,1189,286889.42,118
2025-11-30,1189,276263.89,148
2025-12-31,1189,265638.36,179
2025-01-31,1190,460807.63,0
2025-02-28,1190,440772.52,0
2025-03-31,1190,420737.41,0
2025-04-30,1190,400702.3,0
2025-05-31,1190,380667.19,0
2025-06-30,1190,360632.08,0
2025-07-31,1190,340596.97,0
2025-08-31,1190,320561.86,0
2025-09-30,1190,300526.75,0
2025-10-31,1190,280491.64,0
2025-11-30,1190,260456.53,0
2025-12-31,1190,240421.42,0
2025-01-31,1191,1120655.45,0
2025-02-28,1191,1088636.72,0
2025-03-31,1191,1056617.99,0
2025-04-30,1191,1024599.26,0
2025-05-31,1191,992580.53,0
2025-06-30,1191,960561.8,0
2025-07-31,1191,928543.07,0
2025-08-31,1191,896524.34,0
2025-09-30,1191,864505.61,0
2025-10-31,1191,864505.61,26
2025-11-30,1191,832486.88,56
2025-12-31,1191,800468.15,87
2025-01-31,1192,555514.63,0
2025-02-28,1192,546099.13,0
2025-03-31,1192,536683.63,0
2025-04-30,1192,527268.13,0
2025-05-31,1192,517852.63,0
2025-06-30,1192,508437.13,0
2025-07-31,1192,499021.63,0
2025-08-31,1192,489606.13,0
2025-09-30,1192,480190.63,0
2025-10-31,1192,470775.13,0
2025-11-30,1192,461359.63,0
2025-12-31,1192,451944.13,0
2025-01-31,1193,242940.8,0
2025-02-28,1193,238823.16,0
2025-03-31,1193,234705.52,0
2025-04-30,1193,230587.88,0
2025-05-31,1193,226470.24,0
2025-06-30,1193,222352.6,0
2025-07-31,1193,218234.96,0
2025-08-31,1193,214117.32,0
2025-09-30,1193,209999.68,0
2025-10-31,1193,205882.04,0
2025-11-30,1193,201764.4,0
2025-12-31,1193,197646.76,0
2025-01-31,1194,400534.83,0
2025-02-28,1194,389090.98,0
2025-03-31,1194,377647.13,0
2025-04-30,1194,366203.28,0
2025-05-31,1194,354759.43,0
2025-06-30,1194,343315.58,0
2025-07-31,1194,331871.73,0
2025-08-31,1194,320427.88,0
2025-09-30,1194,308984.03,0
2025-10-31,1194,297540.18,0
2025-11-30,1194,286096.33,0
2025-12-31,1194,274652.48,0
2025-01-31,1195,1710836.45,0
2025-02-28,1195,1681839.22,0
2025-03-31,1195,1652841.99,0
2025-04-30,1195,1623844.76,0
2025-05-31,1195,1594847.53,0
2025-06-30,1195,1565850.3,0
2025-07-31,1195,1536853.07,0
2025-08-31,1195,1507855.84,0
2025-09-30,1195,1507855.84,25
2025-10-31,1195,1478858.61,56
2025-11-30,1195,1449861.38,86
2025-12-31,1195,1420864.15,117
2025-01-31,1196,290227.95,0
2025-02-28,1196,287789.06,0
2025-03-31,1196,285350.17,0
2025-04-30,1196,282911.28,0
2025-05-31,1196,280472.39,0
2025-06-30,1196,278033.5,0
2025-07-31,1196,275594.61,0
2025-08-31,1196,273155.72,0
2025-09-30,1196,270716.83,0
2025-10-31,1196,268277.94,0
2025-11-30,1196,265839.05,0
2025-12-31,1196,263400.16,0
2025-01-31,1197,2247057.08,0
2025-02-28,1197,2228174.25,0
2025-03-31,1197,2209291.42,0
2025-04-30,1197,2190408.59,0
2025-05-31,1197,2171525.76,0
2025-06-30,1197,2152642.93,0
2025-07-31,1197,2133760.1,0
2025-08-31,1197,2114877.27,0
2025-09-30,1197,2095994.44,0
2025-10-31,1197,2077111.61,0
2025-11-30,1197,2058228.78,0
2025-12-31,1197,2039345.95,0
2025-01-31,1198,959337.07,0
2025-02-28,1198,917626.76,0
2025-03-31,1198,875916.45,0
2025-04-30,1198,834206.14,0
2025-05-31,1198,834206.14,26
2025-06-30,1198,792495.83,56
2025-07-31,1198,750785.52,87
2025-08-31,1198,709075.21,118
2025-09-30,1198,667364.9,148
2025-10-31,1198,625654.59,179
2025-11-30,1198,583944.28,209
2025-12-31,1198,542233.97,240
2025-01-31,1199,2326744.09,0
2025-02-28,1199,2260265.69,0
2025-03-31,1199,2193787.29,0
2025-04-30,1199,2127308.89,0
2025-05-31,1199,2060830.49,0
2025-06-30,1199,1994352.09,0
2025-07-31,1199,1927873.69,0
2025-08-31,1199,1861395.29,0
2025-09-30,1199,1794916.89,0
2025-10-31,1199,1728438.49,0
2025-11-30,1199,1661960.09,0
2025-12-31,1199,1595481.69,0
2025-01-31,1200,318510.99,26
2025-02-28,1200,313202.47,54
2025-03-31,1200,307893.95,85
2025-04-30,1200,302585.43,115
2025-05-31,1200,297276.91,146
2025-06-30,1200,291968.39,176
2025-07-31,1200,286659.87,207
2025-08-31,1200,281351.35,238
2025-09-30,1200,276042.83,268
2025-10-31,1200,270734.31,299
2025-11-30,1200,265425.79,329
2025-12-31,1200,260117.27,360
