payment_id,loan_id,due_date,payment_date,principal_due,interest_due,principal_paid,interest_paid,payment_status
1,1,2025-01-05,2025-01-05,71994.05,19999.95,71994.05,19999.95,Paid
2,1,2025-02-05,2025-02-07,71994.05,19444.39,71994.05,19444.39,Paid
3,1,2025-03-05,,71994.05,18888.84,0.0,0.0,Unpaid
4,1,2025-04-05,2025-04-10,71994.05,18888.84,71994.05,18888.84,Paid
5,1,2025-05-05,2025-05-09,71994.05,18333.29,71994.05,18333.29,Paid
6,1,2025-06-05,2025-06-09,71994.05,17777.73,71994.05,17777.73,Paid
7,1,2025-07-05,2025-07-08,71994.05,17222.18,71994.05,17222.18,Paid
8,1,2025-08-05,2025-08-07,71994.05,16666.62,71994.05,16666.62,Paid
9,1,2025-09-05,2025-09-10,71994.05,16111.07,71994.05,16111.07,Paid
10,1,2025-10-05,2025-10-07,71994.05,15555.51,71994.05,15555.51,Paid
11,1,2025-11-05,,71994.05,14999.96,0.0,0.0,Unpaid
12,1,2025-12-05,2025-12-07,71994.05,14999.96,71994.05,14999.96,Paid
13,2,2025-01-05,2025-01-05,3320.95,2098.84,3320.95,2098.84,Paid
14,2,2025-02-05,2025-02-05,3320.95,2063.86,3320.95,2063.86,Paid
15,2,2025-03-05,2025-03-10,3320.95,2028.88,3320.95,2028.88,Paid
16,2,2025-04-05,2025-04-08,3320.95,1993.9,3320.95,1993.9,Paid
17,2,2025-05-05,2025-05-09,3320.95,1958.92,3320.95,1958.92,Paid
18,2,2025-06-05,2025-06-07,3320.95,1923.94,3320.95,1923.94,Paid
19,2,2025-07-05,2025-07-06,3320.95,1888.95,3320.95,1888.95,Paid
20,2,2025-08-05,2025-08-05,3320.95,1853.97,3320.95,1853.97,Paid
21,2,2025-09-05,2025-09-10,3320.95,1818.99,3320.95,1818.99,Paid
22,2,2025-10-05,2025-10-08,3320.95,1784.01,3320.95,1784.01,Paid
23,2,2025-11-05,2025-11-07,3320.95,1749.03,3320.95,1749.03,Paid
24,2,2025-12-05,2025-12-08,3320.95,1714.05,3320.95,1714.05,Paid
25,3,2025-01-05,2025-01-07,6012.48,5092.57,6012.48,5092.57,Paid
26,3,2025-02-05,2025-02-08,6012.48,5050.13,6012.48,5050.13,Paid
27,3,2025-03-05,2025-03-07,6012.48,5007.69,6012.48,5007.69,Paid
28,3,2025-04-05,2025-04-07,6012.48,4965.25,6012.48,4965.25,Paid
29,3,2025-05-05,2025-05-05,6012.48,4922.82,6012.48,4922.82,Paid
30,3,2025-06-05,2025-06-05,6012.48,4880.38,6012.48,4880.38,Paid
31,3,2025-07-05,2025-07-06,6012.48,4837.94,6012.48,4837.94,Paid
32,3,2025-08-05,2025-08-09,6012.48,4795.5,6012.48,4795.5,Paid
33,3,2025-09-05,2025-09-07,6012.48,4753.06,6012.48,4753.06,Paid
34,3,2025-10-05,2025-10-06,6012.48,4710.63,6012.48,4710.63,Paid
35,3,2025-11-05,2025-11-06,6012.48,4668.19,6012.48,4668.19,Paid
36,3,2025-12-05,2025-12-06,6012.48,4625.75,6012.48,4625.75,Paid
37,4,2025-01-05,2025-01-05,43908.31,17717.0,43908.31,17717.0,Paid
38,4,2025-02-05,2025-02-07,43908.31,17224.87,43908.31,17224.87,Paid
39,4,2025-03-05,2025-03-09,43908.31,16732.73,43908.31,16732.73,Paid
40,4,2025-04-05,2025-04-10,43908.31,16240.59,43908.31,16240.59,Paid
41,4,2025-05-05,2025-05-10,43908.31,15748.45,43908.31,15748.45,Paid
42,4,2025-06-05,2025-06-05,43908.31,15256.31,43908.31,15256.31,Paid
43,4,2025-07-05,2025-07-08,43908.31,14764.17,43908.31,14764.17,Paid
44,4,2025-08-05,2025-08-05,43908.31,14272.03,43908.31,14272.03,Paid
45,4,2025-09-05,2025-09-07,43908.31,13779.89,43908.31,13779.89,Paid
46,4,2025-10-05,2025-10-06,43908.31,13287.75,43908.31,13287.75,Paid
47,4,2025-11-05,2025-11-10,43908.31,12795.61,43908.31,12795.61,Paid
48,4,2025-12-05,2025-12-05,43908.31,12303.48,43908.31,12303.48,Paid
49,5,2025-01-05,2025-01-09,38222.67,20089.84,38222.67,20089.84,Paid
50,5,2025-02-05,2025-02-06,38222.67,19531.79,38222.67,19531.79,Paid
51,5,2025-03-05,2025-03-09,38222.67,18973.74,38222.67,18973.74,Paid
52,5,2025-04-05,2025-04-10,38222.67,18415.68,38222.67,18415.68,Paid
53,5,2025-05-05,2025-05-07,38222.67,17857.63,38222.67,17857.63,Paid
54,5,2025-06-05,2025-06-06,38222.67,17299.58,38222.67,17299.58,Paid
55,5,2025-07-05,2025-07-06,38222.67,16741.53,38222.67,16741.53,Paid
56,5,2025-08-05,2025-08-06,38222.67,16183.48,38222.67,16183.48,Paid
57,5,2025-09-05,2025-09-10,38222.67,15625.43,38222.67,15625.43,Paid
58,5,2025-10-05,2025-10-08,38222.67,15067.38,38222.67,15067.38,Paid
59,5,2025-11-05,,38222.67,14509.33,0.0,0.0,Unpaid
60,5,2025-12-05,2025-12-10,38222.67,14509.33,38222.67,14509.33,Paid
61,6,2025-01-05,2025-01-08,90397.37,21333.78,90397.37,21333.78,Paid
62,6,2025-02-05,2025-02-08,90397.37,20444.87,90397.37,20444.87,Paid
63,6,2025-03-05,2025-03-08,90397.37,19555.96,90397.37,19555.96,Paid
64,6,2025-04-05,2025-04-07,90397.37,18667.06,90397.37,18667.06,Paid
65,6,2025-05-05,2025-05-05,90397.37,17778.15,90397.37,17778.15,Paid
66,6,2025-06-05,2025-06-07,90397.37,16889.24,90397.37,16889.24,Paid
67,6,2025-07-05,2025-07-10,90397.37,16000.33,90397.37,16000.33,Paid
68,6,2025-08-05,2025-08-07,90397.37,15111.43,90397.37,15111.43,Paid
69,6,2025-09-05,2025-09-09,90397.37,14222.52,90397.37,14222.52,Paid
70,6,2025-10-05,2025-10-05,90397.37,13333.61,90397.37,13333.61,Paid
71,6,2025-11-05,2025-11-10,90397.37,12444.7,90397.37,12444.7,Paid
72,6,2025-12-05,2025-12-06,90397.37,11555.8,90397.37,11555.8,Paid
73,7,2025-01-05,2025-01-07,7430.34,13352.32,7430.34,13352.32,Paid
74,7,2025-02-05,2025-02-09,7430.34,13241.05,7430.34,13241.05,Paid
75,7,2025-03-05,2025-03-05,7430.34,13129.78,7430.34,13129.78,Paid
76,7,2025-04-05,2025-04-05,7430.34,13018.52,7430.34,13018.52,Paid
77,7,2025-05-05,2025-05-07,7430.34,12907.25,7430.34,12907.25,Paid
78,7,2025-06-05,2025-06-06,7430.34,12795.98,7430.34,12795.98,Paid
79,7,2025-07-05,2025-07-08,7430.34,12684.71,7430.34,12684.71,Paid
80,7,2025-08-05,2025-08-10,7430.34,12573.44,7430.34,12573.44,Paid
81,7,2025-09-05,2025-09-06,7430.34,12462.17,7430.34,12462.17,Paid
82,7,2025-10-05,2025-10-09,7430.34,12350.9,7430.34,12350.9,Paid
83,7,2025-11-05,2025-11-10,7430.34,12239.63,7430.34,12239.63,Paid
84,7,2025-12-05,2025-12-06,7430.34,12128.36,7430.34,12128.36,Paid
85,8,2025-01-05,,9477.51,10501.08,0.0,0.0,Unpaid
86,8,2025-02-05,2025-02-06,9477.51,10501.08,9477.51,10501.08,Paid
87,8,2025-03-05,2025-03-08,9477.51,10413.57,9477.51,10413.57,Paid
88,8,2025-04-05,2025-04-10,9477.51,10326.06,9477.51,10326.06,Paid
89,8,2025-05-05,2025-05-08,9477.51,10238.55,9477.51,10238.55,Paid
90,8,2025-06-05,2025-06-05,9477.51,10151.04,9477.51,10151.04,Paid
91,8,2025-07-05,2025-07-05,9477.51,10063.53,9477.51,10063.53,Paid
92,8,2025-08-05,2025-08-06,9477.51,9976.02,9477.51,9976.02,Paid
93,8,2025-09-05,2025-09-09,9477.51,9888.51,9477.51,9888.51,Paid
94,8,2025-10-05,2025-10-10,9477.51,9801.0,9477.51,9801.0,Paid
95,8,2025-11-05,2025-11-05,9477.51,9713.5,9477.51,9713.5,Paid
96,8,2025-12-05,2025-12-09,9477.51,9625.99,9477.51,9625.99,Paid
97,9,2025-01-05,,11758.06,5111.23,0.0,0.0,Unpaid
98,9,2025-02-05,2025-02-10,11758.06,5111.23,11758.06,5111.23,Paid
99,9,2025-03-05,2025-03-10,11758.06,4969.25,11758.06,4969.25,Paid
100,9,2025-04-05,2025-04-05,11758.06,4827.27,11758.06,4827.27,Paid
101,9,2025-05-05,2025-05-10,11758.06,4685.29,11758.06,4685.29,Paid
102,9,2025-06-05,2025-06-08,11758.06,4543.32,11758.06,4543.32,Paid
103,9,2025-07-05,2025-07-09,11758.06,4401.34,11758.06,4401.34,Paid
104,9,2025-08-05,2025-08-08,11758.06,4259.36,11758.06,4259.36,Paid
105,9,2025-09-05,2025-09-09,11758.06,4117.38,11758.06,4117.38,Paid
106,9,2025-10-05,2025-10-10,11758.06,3975.4,11758.06,3975.4,Paid
107,9,2025-11-05,2025-11-07,11758.06,3833.42,11758.06,3833.42,Paid
108,9,2025-12-05,2025-12-10,11758.06,3691.44,11758.06,3691.44,Paid
109,10,2025-01-05,2025-01-06,15684.59,11857.55,15684.59,11857.55,Paid
110,10,2025-02-05,2025-02-05,15684.59,11659.92,15684.59,11659.92,Paid
111,10,2025-03-05,2025-03-08,15684.59,11462.3,15684.59,11462.3,Paid
112,10,2025-04-05,2025-04-07,15684.59,11264.67,15684.59,11264.67,Paid
113,10,2025-05-05,2025-05-10,15684.59,11067.05,15684.59,11067.05,Paid
114,10,2025-06-05,2025-06-10,15684.59,10869.42,15684.59,10869.42,Paid
115,10,2025-07-05,2025-07-07,15684.59,10671.79,15684.59,10671.79,Paid
116,10,2025-08-05,2025-08-10,15684.59,10474.17,15684.59,10474.17,Paid
117,10,2025-09-05,2025-09-10,15684.59,10276.54,15684.59,10276.54,Paid
118,10,2025-10-05,2025-10-09,15684.59,10078.92,15684.59,10078.92,Paid
119,10,2025-11-05,2025-11-09,15684.59,9881.29,15684.59,9881.29,Paid
120,10,2025-12-05,2025-12-05,15684.59,9683.66,15684.59,9683.66,Paid
121,11,2025-01-05,2025-01-07,26198.03,19203.15,26198.03,19203.15,Paid
122,11,2025-02-05,,26198.03,18883.1,0.0,0.0,Unpaid
123,11,2025-03-05,2025-03-08,26198.03,18883.1,26198.03,18883.1,Paid
124,11,2025-04-05,2025-04-07,26198.03,18563.05,26198.03,18563.05,Paid
125,11,2025-05-05,2025-05-10,26198.03,18243.0,26198.03,18243.0,Paid
126,11,2025-06-05,2025-06-07,26198.03,17922.94,26198.03,17922.94,Paid
127,11,2025-07-05,2025-07-06,26198.03,17602.89,26198.03,17602.89,Paid
128,11,2025-08-05,2025-08-09,26198.03,17282.84,26198.03,17282.84,Paid
129,11,2025-09-05,,26198.03,16962.79,0.0,0.0,Unpaid
130,11,2025-10-05,2025-10-06,26198.03,16962.79,26198.03,16962.79,Paid
131,11,2025-11-05,2025-11-08,26198.03,16642.73,26198.03,16642.73,Paid
132,11,2025-12-05,,26198.03,16322.68,0.0,0.0,Unpaid
133,12,2025-01-05,2025-01-08,24122.81,34712.73,24122.81,34712.73,Paid
134,12,2025-02-05,2025-02-09,24122.81,34423.46,24122.81,34423.46,Paid
135,12,2025-03-05,2025-03-06,24122.81,34134.18,24122.81,34134.18,Paid
136,12,2025-04-05,2025-04-10,24122.81,33844.91,24122.81,33844.91,Paid
137,12,2025-05-05,2025-05-06,24122.81,33555.64,24122.81,33555.64,Paid
138,12,2025-06-05,,24122.81,33266.37,0.0,0.0,Unpaid
139,12,2025-07-05,2025-07-05,24122.81,33266.37,24122.81,33266.37,Paid
140,12,2025-08-05,2025-08-10,24122.81,32977.09,24122.81,32977.09,Paid
141,12,2025-09-05,2025-09-07,24122.81,32687.82,24122.81,32687.82,Paid
142,12,2025-10-05,2025-10-06,24122.81,32398.55,24122.81,32398.55,Paid
143,12,2025-11-05,2025-11-08,24122.81,32109.28,24122.81,32109.28,Paid
144,12,2025-12-05,,24122.81,31820.0,0.0,0.0,Unpaid
145,13,2025-01-05,2025-01-06,6925.4,3140.67,6925.4,3140.67,Paid
146,13,2025-02-05,2025-02-06,6925.4,3088.33,6925.4,3088.33,Paid
147,13,2025-03-05,,6925.4,3035.98,0.0,0.0,Unpaid
148,13,2025-04-05,2025-04-10,6925.4,3035.98,6925.4,3035.98,Paid
149,13,2025-05-05,2025-05-09,6925.4,2983.64,6925.4,2983.64,Paid
150,13,2025-06-05,2025-06-06,6925.4,2931.29,6925.4,2931.29,Paid
151,13,2025-07-05,2025-07-07,6925.4,2878.95,6925.4,2878.95,Paid
152,13,2025-08-05,2025-08-09,6925.4,2826.6,6925.4,2826.6,Paid
153,13,2025-09-05,2025-09-10,6925.4,2774.26,6925.4,2774.26,Paid
154,13,2025-10-05,2025-10-10,6925.4,2721.91,6925.4,2721.91,Paid
155,13,2025-11-05,2025-11-09,6925.4,2669.57,6925.4,2669.57,Paid
156,13,2025-12-05,2025-12-05,6925.4,2617.23,6925.4,2617.23,Paid
157,14,2025-01-05,2025-01-08,25995.22,21524.04,25995.22,21524.04,Paid
158,14,2025-02-05,2025-02-07,25995.22,21165.31,25995.22,21165.31,Paid
159,14,2025-03-05,2025-03-10,25995.22,20806.57,25995.22,20806.57,Paid
160,14,2025-04-05,2025-04-08,25995.22,20447.84,25995.22,20447.84,Paid
161,14,2025-05-05,2025-05-08,25995.22,20089.11,25995.22,20089.11,Paid
162,14,2025-06-05,2025-06-07,25995.22,19730.37,25995.22,19730.37,Paid
163,14,2025-07-05,2025-07-05,25995.22,19371.64,25995.22,19371.64,Paid
164,14,2025-08-05,2025-08-06,25995.22,19012.9,25995.22,19012.9,Paid
165,14,2025-09-05,2025-09-05,25995.22,18654.17,25995.22,18654.17,Paid
166,14,2025-10-05,2025-10-09,25995.22,18295.44,25995.22,18295.44,Paid
167,14,2025-11-05,2025-11-07,25995.22,17936.7,25995.22,17936.7,Paid
168,14,2025-12-05,2025-12-07,25995.22,17577.97,25995.22,17577.97,Paid
169,15,2025-01-05,2025-01-08,4961.67,3870.1,4961.67,3870.1,Paid
170,15,2025-02-05,2025-02-05,4961.67,3805.6,4961.67,3805.6,Paid
171,15,2025-03-05,2025-03-05,4961.67,3741.1,4961.67,3741.1,Paid
172,15,2025-04-05,2025-04-09,4961.67,3676.6,4961.67,3676.6,Paid
173,15,2025-05-05,2025-05-09,4961.67,3612.1,4961.67,3612.1,Paid
174,15,2025-06-05,2025-06-10,4961.67,3547.59,4961.67,3547.59,Paid
175,15,2025-07-05,2025-07-10,4961.67,3483.09,4961.67,3483.09,Paid
176,15,2025-08-05,2025-08-06,4961.67,3418.59,4961.67,3418.59,Paid
177,15,2025-09-05,2025-09-08,4961.67,3354.09,4961.67,3354.09,Paid
178,15,2025-10-05,2025-10-08,4961.67,3289.59,4961.67,3289.59,Paid
179,15,2025-11-05,2025-11-10,4961.67,3225.09,4961.67,3225.09,Paid
180,15,2025-12-05,2025-12-05,4961.67,3160.58,4961.67,3160.58,Paid
181,16,2025-01-05,2025-01-06,9705.22,7671.98,9705.22,7671.98,Paid
182,16,2025-02-05,2025-02-08,9705.22,7544.11,9705.22,7544.11,Paid
183,16,2025-03-05,2025-03-07,9705.22,7416.24,9705.22,7416.24,Paid
184,16,2025-04-05,2025-04-05,9705.22,7288.38,9705.22,7288.38,Paid
185,16,2025-05-05,2025-05-07,9705.22,7160.51,9705.22,7160.51,Paid
186,16,2025-06-05,2025-06-08,9705.22,7032.65,9705.22,7032.65,Paid
187,16,2025-07-05,2025-07-09,9705.22,6904.78,9705.22,6904.78,Paid
188,16,2025-08-05,2025-08-10,9705.22,6776.91,9705.22,6776.91,Paid
189,16,2025-09-05,2025-09-10,9705.22,6649.05,9705.22,6649.05,Paid
190,16,2025-10-05,2025-10-10,9705.22,6521.18,9705.22,6521.18,Paid
191,16,2025-11-05,,9705.22,6393.31,0.0,0.0,Unpaid
192,16,2025-12-05,2025-12-07,9705.22,6393.31,9705.22,6393.31,Paid
193,17,2025-01-05,2025-01-07,26433.21,7945.82,26433.21,7945.82,Paid
194,17,2025-02-05,2025-02-07,26433.21,7614.75,26433.21,7614.75,Paid
195,17,2025-03-05,2025-03-09,26433.21,7283.67,26433.21,7283.67,Paid
196,17,2025-04-05,2025-04-10,26433.21,6952.6,26433.21,6952.6,Paid
197,17,2025-05-05,2025-05-06,26433.21,6621.52,26433.21,6621.52,Paid
198,17,2025-06-05,2025-06-07,26433.21,6290.44,26433.21,6290.44,Paid
199,17,2025-07-05,2025-07-05,26433.21,5959.37,26433.21,5959.37,Paid
200,17,2025-08-05,2025-08-06,26433.21,5628.29,26433.21,5628.29,Paid
201,17,2025-09-05,2025-09-06,26433.21,5297.22,26433.21,5297.22,Paid
202,17,2025-10-05,2025-10-07,26433.21,4966.14,26433.21,4966.14,Paid
203,17,2025-11-05,2025-11-06,26433.21,4635.06,26433.21,4635.06,Paid
204,17,2025-12-05,2025-12-06,26433.21,4303.99,26433.21,4303.99,Paid
205,18,2025-01-05,2025-01-06,19413.42,17316.77,19413.42,17316.77,Paid
206,18,2025-02-05,2025-02-05,19413.42,17028.16,19413.42,17028.16,Paid
207,18,2025-03-05,2025-03-09,19413.42,16739.55,19413.42,16739.55,Paid
208,18,2025-04-05,2025-04-05,19413.42,16450.93,19413.42,16450.93,Paid
209,18,2025-05-05,2025-05-08,19413.42,16162.32,19413.42,16162.32,Paid
210,18,2025-06-05,2025-06-07,19413.42,15873.71,19413.42,15873.71,Paid
211,18,2025-07-05,,19413.42,15585.1,0.0,0.0,Unpaid
212,18,2025-08-05,2025-08-06,19413.42,15585.1,19413.42,15585.1,Paid
213,18,2025-09-05,2025-09-05,19413.42,15296.48,19413.42,15296.48,Paid
214,18,2025-10-05,2025-10-10,19413.42,15007.87,19413.42,15007.87,Paid
215,18,2025-11-05,2025-11-05,19413.42,14719.26,19413.42,14719.26,Paid
216,18,2025-12-05,2025-12-08,19413.42,14430.64,19413.42,14430.64,Paid
217,19,2025-01-05,2025-01-06,37798.28,18868.9,37798.28,18868.9,Paid
218,19,2025-02-05,,37798.28,18344.76,0.0,0.0,Unpaid
219,19,2025-03-05,,37798.28,18344.76,0.0,0.0,Unpaid
220,19,2025-04-05,2025-04-08,37798.28,18344.76,37798.28,18344.76,Paid
221,19,2025-05-05,2025-05-09,37798.28,17820.63,37798.28,17820.63,Paid
222,19,2025-06-05,2025-06-06,37798.28,17296.49,37798.28,17296.49,Paid
223,19,2025-07-05,2025-07-05,37798.28,16772.36,37798.28,16772.36,Paid
224,19,2025-08-05,2025-08-08,37798.28,16248.22,37798.28,16248.22,Paid
225,19,2025-09-05,,37798.28,15724.08,0.0,0.0,Unpaid
226,19,2025-10-05,2025-10-10,37798.28,15724.08,37798.28,15724.08,Paid
227,19,2025-11-05,2025-11-08,37798.28,15199.95,37798.28,15199.95,Paid
228,19,2025-12-05,2025-12-10,37798.28,14675.81,37798.28,14675.81,Paid
229,20,2025-01-05,2025-01-06,23520.92,27401.87,23520.92,27401.87,Paid
230,20,2025-02-05,2025-02-09,23520.92,27173.53,23520.92,27173.53,Paid
231,20,2025-03-05,2025-03-10,23520.92,26945.18,23520.92,26945.18,Paid
232,20,2025-04-05,2025-04-09,23520.92,26716.83,23520.92,26716.83,Paid
233,20,2025-05-05,2025-05-09,23520.92,26488.48,23520.92,26488.48,Paid
234,20,2025-06-05,2025-06-05,23520.92,26260.13,23520.92,26260.13,Paid
235,20,2025-07-05,2025-07-05,23520.92,26031.78,23520.92,26031.78,Paid
236,20,2025-08-05,2025-08-07,23520.92,25803.43,23520.92,25803.43,Paid
237,20,2025-09-05,2025-09-08,23520.92,25575.08,23520.92,25575.08,Paid
238,20,2025-10-05,2025-10-05,23520.92,25346.73,23520.92,25346.73,Paid
239,20,2025-11-05,2025-11-05,23520.92,25118.39,23520.92,25118.39,Paid
240,20,2025-12-05,2025-12-07,23520.92,24890.04,23520.92,24890.04,Paid
241,21,2025-01-05,2025-01-08,40707.02,7286.56,40707.02,7286.56,Paid
242,21,2025-02-05,2025-02-10,40707.02,6982.95,40707.02,6982.95,Paid
243,21,2025-03-05,2025-03-05,40707.02,6679.34,40707.02,6679.34,Paid
244,21,2025-04-05,2025-04-10,40707.02,6375.74,40707.02,6375.74,Paid
245,21,2025-05-05,2025-05-06,40707.02,6072.13,40707.02,6072.13,Paid
246,21,2025-06-05,2025-06-09,40707.02,5768.52,40707.02,5768.52,Paid
247,21,2025-07-05,2025-07-10,40707.02,5464.92,40707.02,5464.92,Paid
248,21,2025-08-05,2025-08-07,40707.02,5161.31,40707.02,5161.31,Paid
249,21,2025-09-05,2025-09-10,40707.02,4857.7,40707.02,4857.7,Paid
250,21,2025-10-05,2025-10-08,40707.02,4554.1,40707.02,4554.1,Paid
251,21,2025-11-05,2025-11-05,40707.02,4250.49,40707.02,4250.49,Paid
252,21,2025-12-05,2025-12-07,40707.02,3946.88,40707.02,3946.88,Paid
253,22,2025-01-05,2025-01-10,49345.71,8773.67,49345.71,8773.67,Paid
254,22,2025-02-05,2025-02-08,49345.71,8408.1,49345.71,8408.1,Paid
255,22,2025-03-05,2025-03-05,49345.71,8042.53,49345.71,8042.53,Paid
256,22,2025-04-05,2025-04-10,49345.71,7676.96,49345.71,7676.96,Paid
257,22,2025-05-05,2025-05-06,49345.71,7311.39,49345.71,7311.39,Paid
258,22,2025-06-05,2025-06-05,49345.71,6945.82,49345.71,6945.82,Paid
259,22,2025-07-05,2025-07-10,49345.71,6580.25,49345.71,6580.25,Paid
260,22,2025-08-05,2025-08-08,49345.71,6214.68,49345.71,6214.68,Paid
261,22,2025-09-05,2025-09-08,49345.71,5849.11,49345.71,5849.11,Paid
262,22,2025-10-05,2025-10-10,49345.71,5483.54,49345.71,5483.54,Paid
263,22,2025-11-05,2025-11-08,49345.71,5117.97,49345.71,5117.97,Paid
264,22,2025-12-05,2025-12-10,49345.71,4752.4,49345.71,4752.4,Paid
265,23,2025-01-05,2025-01-07,28712.06,9319.93,28712.06,9319.93,Paid
266,23,2025-02-05,2025-02-09,28712.06,8931.6,28712.06,8931.6,Paid
267,23,2025-03-05,2025-03-05,28712.06,8543.27,28712.06,8543.27,Paid
268,23,2025-04-05,2025-04-05,28712.06,8154.94,28712.06,8154.94,Paid
269,23,2025-05-05,2025-05-10,28712.06,7766.61,28712.06,7766.61,Paid
270,23,2025-06-05,2025-06-06,28712.06,7378.28,28712.06,7378.28,Paid
271,23,2025-07-05,2025-07-08,28712.06,6989.95,28712.06,6989.95,Paid
272,23,2025-08-05,,28712.06,6601.62,0.0,0.0,Unpaid
273,23,2025-09-05,2025-09-06,28712.06,6601.62,28712.06,6601.62,Paid
274,23,2025-10-05,,28712.06,6213.29,0.0,0.0,Unpaid
275,23,2025-11-05,2025-11-10,28712.06,6213.29,28712.06,6213.29,Paid
276,23,2025-12-05,,28712.06,5824.96,0.0,0.0,Unpaid
277,24,2025-01-05,2025-01-07,3937.78,6686.35,3937.78,6686.35,Paid
278,24,2025-02-05,2025-02-09,3937.78,6630.63,3937.78,6630.63,Paid
279,24,2025-03-05,2025-03-06,3937.78,6574.92,3937.78,6574.92,Paid
280,24,2025-04-05,2025-04-09,3937.78,6519.2,3937.78,6519.2,Paid
281,24,2025-05-05,2025-05-09,3937.78,6463.48,3937.78,6463.48,Paid
282,24,2025-06-05,2025-06-09,3937.78,6407.76,3937.78,6407.76,Paid
283,24,2025-07-05,2025-07-08,3937.78,6352.04,3937.78,6352.04,Paid
284,24,2025-08-05,2025-08-09,3937.78,6296.32,3937.78,6296.32,Paid
285,24,2025-09-05,2025-09-05,3937.78,6240.6,3937.78,6240.6,Paid
286,24,2025-10-05,2025-10-07,3937.78,6184.88,3937.78,6184.88,Paid
287,24,2025-11-05,2025-11-06,3937.78,6129.16,3937.78,6129.16,Paid
288,24,2025-12-05,2025-12-07,3937.78,6073.44,3937.78,6073.44,Paid
289,25,2025-01-05,2025-01-09,24546.85,16213.19,24546.85,16213.19,Paid
290,25,2025-02-05,2025-02-10,24546.85,15942.97,24546.85,15942.97,Paid
291,25,2025-03-05,2025-03-07,24546.85,15672.75,24546.85,15672.75,Paid
292,25,2025-04-05,2025-04-10,24546.85,15402.53,24546.85,15402.53,Paid
293,25,2025-05-05,2025-05-08,24546.85,15132.31,24546.85,15132.31,Paid
294,25,2025-06-05,2025-06-09,24546.85,14862.09,24546.85,14862.09,Paid
295,25,2025-07-05,2025-07-07,24546.85,14591.87,24546.85,14591.87,Paid
296,25,2025-08-05,2025-08-08,24546.85,14321.65,24546.85,14321.65,Paid
297,25,2025-09-05,2025-09-10,24546.85,14051.43,24546.85,14051.43,Paid
298,25,2025-10-05,2025-10-06,24546.85,13781.21,24546.85,13781.21,Paid
299,25,2025-11-05,2025-11-05,24546.85,13510.99,24546.85,13510.99,Paid
300,25,2025-12-05,2025-12-09,24546.85,13240.77,24546.85,13240.77,Paid
301,26,2025-01-05,2025-01-08,24260.77,6395.14,24260.77,6395.14,Paid
302,26,2025-02-05,2025-02-08,24260.77,6128.67,24260.77,6128.67,Paid
303,26,2025-03-05,2025-03-05,24260.77,5862.21,24260.77,5862.21,Paid
304,26,2025-04-05,2025-04-05,24260.77,5595.75,24260.77,5595.75,Paid
305,26,2025-05-05,2025-05-07,24260.77,5329.28,24260.77,5329.28,Paid
306,26,2025-06-05,2025-06-09,24260.77,5062.82,24260.77,5062.82,Paid
307,26,2025-07-05,2025-07-08,24260.77,4796.35,24260.77,4796.35,Paid
308,26,2025-08-05,2025-08-10,24260.77,4529.89,24260.77,4529.89,Paid
309,26,2025-09-05,2025-09-05,24260.77,4263.43,24260.77,4263.43,Paid
310,26,2025-10-05,2025-10-06,24260.77,3996.96,24260.77,3996.96,Paid
311,26,2025-11-05,2025-11-09,24260.77,3730.5,24260.77,3730.5,Paid
312,26,2025-12-05,2025-12-09,24260.77,3464.03,24260.77,3464.03,Paid
313,27,2025-01-05,2025-01-08,4742.21,5396.63,4742.21,5396.63,Paid
314,27,2025-02-05,2025-02-10,4742.21,5351.66,4742.21,5351.66,Paid
315,27,2025-03-05,2025-03-10,4742.21,5306.69,4742.21,5306.69,Paid
316,27,2025-04-05,2025-04-07,4742.21,5261.72,4742.21,5261.72,Paid
317,27,2025-05-05,2025-05-08,4742.21,5216.75,4742.21,5216.75,Paid
318,27,2025-06-05,2025-06-08,4742.21,5171.77,4742.21,5171.77,Paid
319,27,2025-07-05,2025-07-10,4742.21,5126.8,4742.21,5126.8,Paid
320,27,2025-08-05,2025-08-07,4742.21,5081.83,4742.21,5081.83,Paid
321,27,2025-09-05,2025-09-06,4742.21,5036.86,4742.21,5036.86,Paid
322,27,2025-10-05,2025-10-08,4742.21,4991.89,4742.21,4991.89,Paid
323,27,2025-11-05,2025-11-07,4742.21,4946.91,4742.21,4946.91,Paid
324,27,2025-12-05,2025-12-09,4742.21,4901.94,4742.21,4901.94,Paid
325,28,2025-01-05,2025-01-07,1361.96,1489.99,1361.96,1489.99,Paid
326,28,2025-02-05,,1361.96,1477.57,0.0,0.0,Unpaid
327,28,2025-03-05,2025-03-07,1361.96,1477.57,1361.96,1477.57,Paid
328,28,2025-04-05,2025-04-10,1361.96,1465.15,1361.96,1465.15,Paid
329,28,2025-05-05,,1361.96,1452.74,0.0,0.0,Unpaid
330,28,2025-06-05,2025-06-07,1361.96,1452.74,1361.96,1452.74,Paid
331,28,2025-07-05,2025-07-10,1361.96,1440.32,1361.96,1440.32,Paid
332,28,2025-08-05,2025-08-07,1361.96,1427.91,1361.96,1427.91,Paid
333,28,2025-09-05,2025-09-07,1361.96,1415.49,1361.96,1415.49,Paid
334,28,2025-10-05,,1361.96,1403.07,0.0,0.0,Unpaid
335,28,2025-11-05,2025-11-10,1361.96,1403.07,1361.96,1403.07,Paid
336,28,2025-12-05,2025-12-05,1361.96,1390.66,1361.96,1390.66,Paid
337,29,2025-01-05,2025-01-09,107392.1,27556.81,107392.1,27556.81,Paid
338,29,2025-02-05,2025-02-10,107392.1,26408.61,107392.1,26408.61,Paid
339,29,2025-03-05,,107392.1,25260.41,0.0,0.0,Unpaid
340,29,2025-04-05,2025-04-06,107392.1,25260.41,107392.1,25260.41,Paid
341,29,2025-05-05,2025-05-05,107392.1,24112.21,107392.1,24112.21,Paid
342,29,2025-06-05,2025-06-06,107392.1,22964.01,107392.1,22964.01,Paid
343,29,2025-07-05,2025-07-08,107392.1,21815.81,107392.1,21815.81,Paid
344,29,2025-08-05,2025-08-10,107392.1,20667.61,107392.1,20667.61,Paid
345,29,2025-09-05,2025-09-06,107392.1,19519.41,107392.1,19519.41,Paid
346,29,2025-10-05,2025-10-05,107392.1,18371.21,107392.1,18371.21,Paid
347,29,2025-11-05,2025-11-09,107392.1,17223.01,107392.1,17223.01,Paid
348,29,2025-12-05,2025-12-07,107392.1,16074.81,107392.1,16074.81,Paid
349,30,2025-01-05,2025-01-07,14489.41,17445.25,14489.41,17445.25,Paid
350,30,2025-02-05,2025-02-10,14489.41,17299.87,14489.41,17299.87,Paid
351,30,2025-03-05,2025-03-09,14489.41,17154.5,14489.41,17154.5,Paid
352,30,2025-04-05,2025-04-10,14489.41,17009.12,14489.41,17009.12,Paid
353,30,2025-05-05,2025-05-09,14489.41,16863.74,14489.41,16863.74,Paid
354,30,2025-06-05,2025-06-05,14489.41,16718.36,14489.41,16718.36,Paid
355,30,2025-07-05,2025-07-08,14489.41,16572.99,14489.41,16572.99,Paid
356,30,2025-08-05,2025-08-08,14489.41,16427.61,14489.41,16427.61,Paid
357,30,2025-09-05,2025-09-05,14489.41,16282.23,14489.41,16282.23,Paid
358,30,2025-10-05,2025-10-06,14489.41,16136.86,14489.41,16136.86,Paid
359,30,2025-11-05,2025-11-06,14489.41,15991.48,14489.41,15991.48,Paid
360,30,2025-12-05,2025-12-08,14489.41,15846.1,14489.41,15846.1,Paid
361,31,2025-01-05,2025-01-10,12505.48,5567.44,12505.48,5567.44,Paid
362,31,2025-02-05,2025-02-10,12505.48,5412.79,12505.48,5412.79,Paid
363,31,2025-03-05,2025-03-09,12505.48,5258.14,12505.48,5258.14,Paid
364,31,2025-04-05,2025-04-09,12505.48,5103.48,12505.48,5103.48,Paid
365,31,2025-05-05,2025-05-06,12505.48,4948.83,12505.48,4948.83,Paid
366,31,2025-06-05,2025-06-10,12505.48,4794.18,12505.48,4794.18,Paid
367,31,2025-07-05,2025-07-06,12505.48,4639.53,12505.48,4639.53,Paid
368,31,2025-08-05,2025-08-09,12505.48,4484.88,12505.48,4484.88,Paid
369,31,2025-09-05,2025-09-09,12505.48,4330.23,12505.48,4330.23,Paid
370,31,2025-10-05,2025-10-06,12505.48,4175.58,12505.48,4175.58,Paid
371,31,2025-11-05,2025-11-06,12505.48,4020.93,12505.48,4020.93,Paid
372,31,2025-12-05,,12505.48,3866.28,0.0,0.0,Unpaid
373,32,2025-01-05,2025-01-05,42621.18,19115.6,42621.18,19115.6,Paid
374,32,2025-02-05,2025-02-05,42621.18,18584.61,42621.18,18584.61,Paid
375,32,2025-03-05,2025-03-09,42621.18,18053.62,42621.18,18053.62,Paid
376,32,2025-04-05,2025-04-08,42621.18,17522.63,42621.18,17522.63,Paid
377,32,2025-05-05,2025-05-08,42621.18,16991.65,42621.18,16991.65,Paid
378,32,2025-06-05,2025-06-10,42621.18,16460.66,42621.18,16460.66,Paid
379,32,2025-07-05,2025-07-08,42621.18,15929.67,42621.18,15929.67,Paid
380,32,2025-08-05,2025-08-06,42621.18,15398.68,42621.18,15398.68,Paid
381,32,2025-09-05,2025-09-09,42621.18,14867.69,42621.18,14867.69,Paid
382,32,2025-10-05,2025-10-07,42621.18,14336.7,42621.18,14336.7,Paid
383,32,2025-11-05,2025-11-08,42621.18,13805.71,42621.18,13805.71,Paid
384,32,2025-12-05,2025-12-10,42621.18,13274.72,42621.18,13274.72,Paid
385,33,2025-01-05,2025-01-10,5257.05,2411.41,5257.05,2411.41,Paid
386,33,2025-02-05,2025-02-06,5257.05,2344.43,5257.05,2344.43,Paid
387,33,2025-03-05,2025-03-07,5257.05,2277.44,5257.05,2277.44,Paid
388,33,2025-04-05,2025-04-06,5257.05,2210.46,5257.05,2210.46,Paid
389,33,2025-05-05,2025-05-07,5257.05,2143.48,5257.05,2143.48,Paid
390,33,2025-06-05,2025-06-08,5257.05,2076.49,5257.05,2076.49,Paid
391,33,2025-07-05,,5257.05,2009.51,0.0,0.0,Unpaid
392,33,2025-08-05,2025-08-10,5257.05,2009.51,5257.05,2009.51,Paid
393,33,2025-09-05,2025-09-06,5257.05,1942.52,5257.05,1942.52,Paid
394,33,2025-10-05,2025-10-07,5257.05,1875.54,5257.05,1875.54,Paid
395,33,2025-11-05,,5257.05,1808.56,0.0,0.0,Unpaid
396,33,2025-12-05,2025-12-05,5257.05,1808.56,5257.05,1808.56,Paid
397,34,2025-01-05,2025-01-08,31058.91,9311.46,31058.91,9311.46,Paid
398,34,2025-02-05,2025-02-08,31058.91,8923.48,31058.91,8923.48,Paid
399,34,2025-03-05,2025-03-10,31058.91,8535.51,31058.91,8535.51,Paid
400,34,2025-04-05,2025-04-05,31058.91,8147.53,31058.91,8147.53,Paid
401,34,2025-05-05,2025-05-08,31058.91,7759.55,31058.91,7759.55,Paid
402,34,2025-06-05,2025-06-05,31058.91,7371.57,31058.91,7371.57,Paid
403,34,2025-07-05,2025-07-09,31058.91,6983.6,31058.91,6983.6,Paid
404,34,2025-08-05,2025-08-09,31058.91,6595.62,31058.91,6595.62,Paid
405,34,2025-09-05,2025-09-08,31058.91,6207.64,31058.91,6207.64,Paid
406,34,2025-10-05,2025-10-10,31058.91,5819.66,31058.91,5819.66,Paid
407,34,2025-11-05,2025-11-08,31058.91,5431.69,31058.91,5431.69,Paid
408,34,2025-12-05,2025-12-07,31058.91,5043.71,31058.91,5043.71,Paid
409,35,2025-01-05,2025-01-09,31882.39,15820.04,31882.39,15820.04,Paid
410,35,2025-02-05,2025-02-06,31882.39,15380.59,31882.39,15380.59,Paid
411,35,2025-03-05,2025-03-06,31882.39,14941.15,31882.39,14941.15,Paid
412,35,2025-04-05,2025-04-07,31882.39,14501.7,31882.39,14501.7,Paid
413,35,2025-05-05,2025-05-08,31882.39,14062.26,31882.39,14062.26,Paid
414,35,2025-06-05,2025-06-08,31882.39,13622.81,31882.39,13622.81,Paid
415,35,2025-07-05,,31882.39,13183.37,0.0,0.0,Unpaid
416,35,2025-08-05,2025-08-09,31882.39,13183.37,31882.39,13183.37,Paid
417,35,2025-09-05,2025-09-06,31882.39,12743.92,31882.39,12743.92,Paid
418,35,2025-10-05,2025-10-08,31882.39,12304.48,31882.39,12304.48,Paid
419,35,2025-11-05,2025-11-07,31882.39,11865.03,31882.39,11865.03,Paid
420,35,2025-12-05,2025-12-05,31882.39,11425.58,31882.39,11425.58,Paid
421,36,2025-01-05,2025-01-09,41703.2,12752.84,41703.2,12752.84,Paid
422,36,2025-02-05,2025-02-08,41703.2,12221.47,41703.2,12221.47,Paid
423,36,2025-03-05,2025-03-06,41703.2,11690.1,41703.2,11690.1,Paid
424,36,2025-04-05,2025-04-05,41703.2,11158.73,41703.2,11158.73,Paid
425,36,2025-05-05,2025-05-06,41703.2,10627.36,41703.2,10627.36,Paid
426,36,2025-06-05,2025-06-08,41703.2,10096.0,41703.2,10096.0,Paid
427,36,2025-07-05,2025-07-09,41703.2,9564.63,41703.2,9564.63,Paid
428,36,2025-08-05,2025-08-07,41703.2,9033.26,41703.2,9033.26,Paid
429,36,2025-09-05,2025-09-10,41703.2,8501.89,41703.2,8501.89,Paid
430,36,2025-10-05,2025-10-07,41703.2,7970.52,41703.2,7970.52,Paid
431,36,2025-11-05,2025-11-10,41703.2,7439.16,41703.2,7439.16,Paid
432,36,2025-12-05,2025-12-07,41703.2,6907.79,41703.2,6907.79,Paid
433,37,2025-01-05,2025-01-09,12543.57,21587.49,12543.57,21587.49,Paid
434,37,2025-02-05,2025-02-05,12543.57,21407.59,12543.57,21407.59,Paid
435,37,2025-03-05,2025-03-10,12543.57,21227.7,12543.57,21227.7,Paid
436,37,2025-04-05,2025-04-09,12543.57,21047.8,12543.57,21047.8,Paid
437,37,2025-05-05,2025-05-09,12543.57,20867.91,12543.57,20867.91,Paid
438,37,2025-06-05,2025-06-09,12543.57,20688.01,12543.57,20688.01,Paid
439,37,2025-07-05,2025-07-09,12543.57,20508.11,12543.57,20508.11,Paid
440,37,2025-08-05,2025-08-05,12543.57,20328.22,12543.57,20328.22,Paid
441,37,2025-09-05,2025-09-08,12543.57,20148.32,12543.57,20148.32,Paid
442,37,2025-10-05,2025-10-05,12543.57,19968.43,12543.57,19968.43,Paid
443,37,2025-11-05,2025-11-05,12543.57,19788.53,12543.57,19788.53,Paid
444,37,2025-12-05,2025-12-05,12543.57,19608.64,12543.57,19608.64,Paid
445,38,2025-01-05,2025-01-05,52877.45,36617.63,52877.45,36617.63,Paid
446,38,2025-02-05,2025-02-06,52877.45,36007.34,52877.45,36007.34,Paid
447,38,2025-03-05,2025-03-09,52877.45,35397.04,52877.45,35397.04,Paid
448,38,2025-04-05,2025-04-08,52877.45,34786.75,52877.45,34786.75,Paid
449,38,2025-05-05,2025-05-05,52877.45,34176.46,52877.45,34176.46,Paid
450,38,2025-06-05,2025-06-05,52877.45,33566.16,52877.45,33566.16,Paid
451,38,2025-07-05,2025-07-09,52877.45,32955.87,52877.45,32955.87,Paid
452,38,2025-08-05,2025-08-05,52877.45,32345.58,52877.45,32345.58,Paid
453,38,2025-09-05,2025-09-06,52877.45,31735.28,52877.45,31735.28,Paid
454,38,2025-10-05,2025-10-06,52877.45,31124.99,52877.45,31124.99,Paid
455,38,2025-11-05,2025-11-10,52877.45,30514.69,52877.45,30514.69,Paid
456,38,2025-12-05,2025-12-07,52877.45,29904.4,52877.45,29904.4,Paid
457,39,2025-01-05,2025-01-05,146907.38,40663.96,146907.38,40663.96,Paid
458,39,2025-02-05,2025-02-10,146907.38,38969.63,146907.38,38969.63,Paid
459,39,2025-03-05,2025-03-10,146907.38,37275.3,146907.38,37275.3,Paid
460,39,2025-04-05,,146907.38,35580.97,0.0,0.0,Unpaid
461,39,2025-05-05,2025-05-10,146907.38,35580.97,146907.38,35580.97,Paid
462,39,2025-06-05,2025-06-09,146907.38,33886.64,146907.38,33886.64,Paid
463,39,2025-07-05,2025-07-10,146907.38,32192.3,146907.38,32192.3,Paid
464,39,2025-08-05,2025-08-05,146907.38,30497.97,146907.38,30497.97,Paid
465,39,2025-09-05,2025-09-08,146907.38,28803.64,146907.38,28803.64,Paid
466,39,2025-10-05,2025-10-10,146907.38,27109.31,146907.38,27109.31,Paid
467,39,2025-11-05,2025-11-07,146907.38,25414.98,146907.38,25414.98,Paid
468,39,2025-12-05,2025-12-05,146907.38,23720.64,146907.38,23720.64,Paid
469,40,2025-01-05,2025-01-09,57259.43,14658.42,57259.43,14658.42,Paid
470,40,2025-02-05,2025-02-07,57259.43,14047.65,57259.43,14047.65,Paid
471,40,2025-03-05,2025-03-10,57259.43,13436.88,57259.43,13436.88,Paid
472,40,2025-04-05,2025-04-10,57259.43,12826.11,57259.43,12826.11,Paid
473,40,2025-05-05,2025-05-05,57259.43,12215.35,57259.43,12215.35,Paid
474,40,2025-06-05,2025-06-10,57259.43,11604.58,57259.43,11604.58,Paid
475,40,2025-07-05,2025-07-06,57259.43,10993.81,57259.43,10993.81,Paid
476,40,2025-08-05,2025-08-06,57259.43,10383.04,57259.43,10383.04,Paid
477,40,2025-09-05,2025-09-08,57259.43,9772.28,57259.43,9772.28,Paid
478,40,2025-10-05,2025-10-06,57259.43,9161.51,57259.43,9161.51,Paid
479,40,2025-11-05,2025-11-07,57259.43,8550.74,57259.43,8550.74,Paid
480,40,2025-12-05,2025-12-07,57259.43,7939.98,57259.43,7939.98,Paid
481,41,2025-01-05,2025-01-10,17460.58,17512.96,17460.58,17512.96,Paid
482,41,2025-02-05,2025-02-07,17460.58,17367.02,17460.58,17367.02,Paid
483,41,2025-03-05,2025-03-06,17460.58,17221.08,17460.58,17221.08,Paid
484,41,2025-04-05,2025-04-06,17460.58,17075.13,17460.58,17075.13,Paid
485,41,2025-05-05,2025-05-08,17460.58,16929.19,17460.58,16929.19,Paid
486,41,2025-06-05,2025-06-07,17460.58,16783.25,17460.58,16783.25,Paid
487,41,2025-07-05,2025-07-08,17460.58,16637.31,17460.58,16637.31,Paid
488,41,2025-08-05,2025-08-10,17460.58,16491.37,17460.58,16491.37,Paid
489,41,2025-09-05,2025-09-05,17460.58,16345.43,17460.58,16345.43,Paid
490,41,2025-10-05,2025-10-07,17460.58,16199.49,17460.58,16199.49,Paid
491,41,2025-11-05,2025-11-07,17460.58,16053.55,17460.58,16053.55,Paid
492,41,2025-12-05,2025-12-06,17460.58,15907.6,17460.58,15907.6,Paid
493,42,2025-01-05,2025-01-07,22251.18,13361.83,22251.18,13361.83,Paid
494,42,2025-02-05,2025-02-05,22251.18,13139.14,22251.18,13139.14,Paid
495,42,2025-03-05,2025-03-05,22251.18,12916.44,22251.18,12916.44,Paid
496,42,2025-04-05,2025-04-09,22251.18,12693.74,22251.18,12693.74,Paid
497,42,2025-05-05,2025-05-10,22251.18,12471.04,22251.18,12471.04,Paid
498,42,2025-06-05,2025-06-05,22251.18,12248.35,22251.18,12248.35,Paid
499,42,2025-07-05,2025-07-07,22251.18,12025.65,22251.18,12025.65,Paid
500,42,2025-08-05,2025-08-09,22251.18,11802.95,22251.18,11802.95,Paid
501,42,2025-09-05,2025-09-07,22251.18,11580.26,22251.18,11580.26,Paid
502,42,2025-10-05,2025-10-08,22251.18,11357.56,22251.18,11357.56,Paid
503,42,2025-11-05,2025-11-05,22251.18,11134.86,22251.18,11134.86,Paid
504,42,2025-12-05,2025-12-05,22251.18,10912.16,22251.18,10912.16,Paid
505,43,2025-01-05,2025-01-06,25307.95,19727.55,25307.95,19727.55,Paid
506,43,2025-02-05,2025-02-08,25307.95,19398.76,25307.95,19398.76,Paid
507,43,2025-03-05,2025-03-10,25307.95,19069.97,25307.95,19069.97,Paid
508,43,2025-04-05,2025-04-05,25307.95,18741.17,25307.95,18741.17,Paid
509,43,2025-05-05,2025-05-06,25307.95,18412.38,25307.95,18412.38,Paid
510,43,2025-06-05,2025-06-05,25307.95,18083.59,25307.95,18083.59,Paid
511,43,2025-07-05,2025-07-09,25307.95,17754.8,25307.95,17754.8,Paid
512,43,2025-08-05,2025-08-07,25307.95,17426.0,25307.95,17426.0,Paid
513,43,2025-09-05,2025-09-08,25307.95,17097.21,25307.95,17097.21,Paid
514,43,2025-10-05,2025-10-05,25307.95,16768.42,25307.95,16768.42,Paid
515,43,2025-11-05,2025-11-09,25307.95,16439.63,25307.95,16439.63,Paid
516,43,2025-12-05,2025-12-06,25307.95,16110.83,25307.95,16110.83,Paid
517,44,2025-01-05,2025-01-09,15728.92,20683.53,15728.92,20683.53,Paid
518,44,2025-02-05,2025-02-06,15728.92,20511.17,15728.92,20511.17,Paid
519,44,2025-03-05,2025-03-06,15728.92,20338.8,15728.92,20338.8,Paid
520,44,2025-04-05,2025-04-07,15728.92,20166.44,15728.92,20166.44,Paid
521,44,2025-05-05,2025-05-09,15728.92,19994.08,15728.92,19994.08,Paid
522,44,2025-06-05,2025-06-07,15728.92,19821.71,15728.92,19821.71,Paid
523,44,2025-07-05,2025-07-08,15728.92,19649.35,15728.92,19649.35,Paid
524,44,2025-08-05,2025-08-05,15728.92,19476.99,15728.92,19476.99,Paid
525,44,2025-09-05,2025-09-09,15728.92,19304.63,15728.92,19304.63,Paid
526,44,2025-10-05,2025-10-09,15728.92,19132.26,15728.92,19132.26,Paid
527,44,2025-11-05,2025-11-05,15728.92,18959.9,15728.92,18959.9,Paid
528,44,2025-12-05,2025-12-08,15728.92,18787.54,15728.92,18787.54,Paid
529,45,2025-01-05,2025-01-07,10406.87,3605.98,10406.87,3605.98,Paid
530,45,2025-02-05,2025-02-07,10406.87,3505.82,10406.87,3505.82,Paid
531,45,2025-03-05,2025-03-08,10406.87,3405.65,10406.87,3405.65,Paid
532,45,2025-04-05,2025-04-07,10406.87,3305.48,10406.87,3305.48,Paid
533,45,2025-05-05,2025-05-06,10406.87,3205.32,10406.87,3205.32,Paid
534,45,2025-06-05,2025-06-05,10406.87,3105.15,10406.87,3105.15,Paid
535,45,2025-07-05,2025-07-05,10406.87,3004.98,10406.87,3004.98,Paid
536,45,2025-08-05,2025-08-08,10406.87,2904.82,10406.87,2904.82,Paid
537,45,2025-09-05,2025-09-10,10406.87,2804.65,10406.87,2804.65,Paid
538,45,2025-10-05,2025-10-08,10406.87,2704.49,10406.87,2704.49,Paid
539,45,2025-11-05,2025-11-09,10406.87,2604.32,10406.87,2604.32,Paid
540,45,2025-12-05,2025-12-10,10406.87,2504.15,10406.87,2504.15,Paid
541,46,2025-01-05,2025-01-07,26667.52,4805.49,26667.52,4805.49,Paid
542,46,2025-02-05,2025-02-06,26667.52,4605.26,26667.52,4605.26,Paid
543,46,2025-03-05,2025-03-06,26667.52,4405.03,26667.52,4405.03,Paid
544,46,2025-04-05,2025-04-06,26667.52,4204.8,26667.52,4204.8,Paid
545,46,2025-05-05,2025-05-05,26667.52,4004.57,26667.52,4004.57,Paid
546,46,2025-06-05,2025-06-06,26667.52,3804.34,26667.52,3804.34,Paid
547,46,2025-07-05,2025-07-07,26667.52,3604.12,26667.52,3604.12,Paid
548,46,2025-08-05,2025-08-10,26667.52,3403.89,26667.52,3403.89,Paid
549,46,2025-09-05,2025-09-08,26667.52,3203.66,26667.52,3203.66,Paid
550,46,2025-10-05,2025-10-07,26667.52,3003.43,26667.52,3003.43,Paid
551,46,2025-11-05,2025-11-10,26667.52,2803.2,26667.52,2803.2,Paid
552,46,2025-12-05,2025-12-06,26667.52,2602.97,26667.52,2602.97,Paid
553,47,2025-01-05,2025-01-08,101115.33,30779.51,101115.33,30779.51,Paid
554,47,2025-02-05,,101115.33,29497.03,0.0,0.0,Unpaid
555,47,2025-03-05,2025-03-10,101115.33,29497.03,101115.33,29497.03,Paid
556,47,2025-04-05,2025-04-07,101115.33,28214.55,101115.33,28214.55,Paid
557,47,2025-05-05,2025-05-09,101115.33,26932.07,101115.33,26932.07,Paid
558,47,2025-06-05,2025-06-09,101115.33,25649.59,101115.33,25649.59,Paid
559,47,2025-07-05,2025-07-09,101115.33,24367.11,101115.33,24367.11,Paid
560,47,2025-08-05,2025-08-08,101115.33,23084.63,101115.33,23084.63,Paid
561,47,2025-09-05,2025-09-05,101115.33,21802.15,101115.33,21802.15,Paid
562,47,2025-10-05,2025-10-10,101115.33,20519.67,101115.33,20519.67,Paid
563,47,2025-11-05,2025-11-07,101115.33,19237.19,101115.33,19237.19,Paid
564,47,2025-12-05,2025-12-07,101115.33,17954.71,101115.33,17954.71,Paid
565,48,2025-01-05,2025-01-07,19983.71,9190.51,19983.71,9190.51,Paid
566,48,2025-02-05,2025-02-07,19983.71,8935.22,19983.71,8935.22,Paid
567,48,2025-03-05,2025-03-06,19983.71,8679.93,19983.71,8679.93,Paid
568,48,2025-04-05,2025-04-08,19983.71,8424.63,19983.71,8424.63,Paid
569,48,2025-05-05,2025-05-07,19983.71,8169.34,19983.71,8169.34,Paid
570,48,2025-06-05,2025-06-09,19983.71,7914.05,19983.71,7914.05,Paid
571,48,2025-07-05,2025-07-07,19983.71,7658.76,19983.71,7658.76,Paid
572,48,2025-08-05,2025-08-07,19983.71,7403.47,19983.71,7403.47,Paid
573,48,2025-09-05,2025-09-07,19983.71,7148.17,19983.71,7148.17,Paid
574,48,2025-10-05,2025-10-06,19983.71,6892.88,19983.71,6892.88,Paid
575,48,2025-11-05,2025-11-06,19983.71,6637.59,19983.71,6637.59,Paid
576,48,2025-12-05,2025-12-05,19983.71,6382.3,19983.71,6382.3,Paid
577,49,2025-01-05,2025-01-08,28224.24,13420.63,28224.24,13420.63,Paid
578,49,2025-02-05,2025-02-07,28224.24,13047.83,28224.24,13047.83,Paid
579,49,2025-03-05,2025-03-06,28224.24,12675.04,28224.24,12675.04,Paid
580,49,2025-04-05,2025-04-08,28224.24,12302.24,28224.24,12302.24,Paid
581,49,2025-05-05,2025-05-06,28224.24,11929.45,28224.24,11929.45,Paid
582,49,2025-06-05,2025-06-07,28224.24,11556.65,28224.24,11556.65,Paid
583,49,2025-07-05,2025-07-09,28224.24,11183.86,28224.24,11183.86,Paid
584,49,2025-08-05,2025-08-10,28224.24,10811.06,28224.24,10811.06,Paid
585,49,2025-09-05,2025-09-05,28224.24,10438.27,28224.24,10438.27,Paid
586,49,2025-10-05,2025-10-09,28224.24,10065.47,28224.24,10065.47,Paid
587,49,2025-11-05,2025-11-09,28224.24,9692.67,28224.24,9692.67,Paid
588,49,2025-12-05,2025-12-06,28224.24,9319.88,28224.24,9319.88,Paid
589,50,2025-01-05,2025-01-09,22135.58,10007.5,22135.58,10007.5,Paid
590,50,2025-02-05,2025-02-10,22135.58,9729.51,22135.58,9729.51,Paid
591,50,2025-03-05,2025-03-07,22135.58,9451.52,22135.58,9451.52,Paid
592,50,2025-04-05,2025-04-09,22135.58,9173.54,22135.58,9173.54,Paid
593,50,2025-05-05,2025-05-08,22135.58,8895.55,22135.58,8895.55,Paid
594,50,2025-06-05,2025-06-06,22135.58,8617.57,22135.58,8617.57,Paid
595,50,2025-07-05,2025-07-09,22135.58,8339.58,22135.58,8339.58,Paid
596,50,2025-08-05,2025-08-07,22135.58,8061.59,22135.58,8061.59,Paid
597,50,2025-09-05,2025-09-09,22135.58,7783.61,22135.58,7783.61,Paid
598,50,2025-10-05,2025-10-06,22135.58,7505.62,22135.58,7505.62,Paid
599,50,2025-11-05,2025-11-10,22135.58,7227.64,22135.58,7227.64,Paid
600,50,2025-12-05,2025-12-08,22135.58,6949.65,22135.58,6949.65,Paid
601,51,2025-01-05,2025-01-06,19683.45,6491.6,19683.45,6491.6,Paid
602,51,2025-02-05,2025-02-10,19683.45,6221.12,19683.45,6221.12,Paid
603,51,2025-03-05,2025-03-10,19683.45,5950.63,19683.45,5950.63,Paid
604,51,2025-04-05,2025-04-10,19683.45,5680.15,19683.45,5680.15,Paid
605,51,2025-05-05,,19683.45,5409.67,0.0,0.0,Unpaid
606,51,2025-06-05,2025-06-10,19683.45,5409.67,19683.45,5409.67,Paid
607,51,2025-07-05,2025-07-07,19683.45,5139.18,19683.45,5139.18,Paid
608,51,2025-08-05,2025-08-09,19683.45,4868.7,19683.45,4868.7,Paid
609,51,2025-09-05,2025-09-08,19683.45,4598.22,19683.45,4598.22,Paid
610,51,2025-10-05,2025-10-05,19683.45,4327.73,19683.45,4327.73,Paid
611,51,2025-11-05,2025-11-08,19683.45,4057.25,19683.45,4057.25,Paid
612,51,2025-12-05,2025-12-06,19683.45,3786.77,19683.45,3786.77,Paid
613,52,2025-01-05,2025-01-08,26691.02,11450.45,26691.02,11450.45,Paid
614,52,2025-02-05,2025-02-05,26691.02,11259.61,26691.02,11259.61,Paid
615,52,2025-03-05,2025-03-07,26691.02,11068.77,26691.02,11068.77,Paid
616,52,2025-04-05,2025-04-08,26691.02,10877.92,26691.02,10877.92,Paid
617,52,2025-05-05,2025-05-10,26691.02,10687.08,26691.02,10687.08,Paid
618,52,2025-06-05,2025-06-10,26691.02,10496.24,26691.02,10496.24,Paid
619,52,2025-07-05,2025-07-10,26691.02,10305.4,26691.02,10305.4,Paid
620,52,2025-08-05,2025-08-06,26691.02,10114.56,26691.02,10114.56,Paid
621,52,2025-09-05,2025-09-10,26691.02,9923.72,26691.02,9923.72,Paid
622,52,2025-10-05,2025-10-05,26691.02,9732.88,26691.02,9732.88,Paid
623,52,2025-11-05,2025-11-07,26691.02,9542.04,26691.02,9542.04,Paid
624,52,2025-12-05,2025-12-09,26691.02,9351.2,26691.02,9351.2,Paid
625,53,2025-01-05,2025-01-10,6315.72,7010.45,6315.72,7010.45,Paid
626,53,2025-02-05,2025-02-08,6315.72,6952.03,6315.72,6952.03,Paid
627,53,2025-03-05,2025-03-10,6315.72,6893.61,6315.72,6893.61,Paid
628,53,2025-04-05,2025-04-06,6315.72,6835.19,6315.72,6835.19,Paid
629,53,2025-05-05,2025-05-05,6315.72,6776.77,6315.72,6776.77,Paid
630,53,2025-06-05,2025-06-09,6315.72,6718.35,6315.72,6718.35,Paid
631,53,2025-07-05,2025-07-09,6315.72,6659.93,6315.72,6659.93,Paid
632,53,2025-08-05,2025-08-06,6315.72,6601.51,6315.72,6601.51,Paid
633,53,2025-09-05,2025-09-10,6315.72,6543.09,6315.72,6543.09,Paid
634,53,2025-10-05,2025-10-08,6315.72,6484.67,6315.72,6484.67,Paid
635,53,2025-11-05,2025-11-07,6315.72,6426.25,6315.72,6426.25,Paid
636,53,2025-12-05,2025-12-06,6315.72,6367.83,6315.72,6367.83,Paid
637,54,2025-01-05,2025-01-09,23923.19,8028.62,23923.19,8028.62,Paid
638,54,2025-02-05,2025-02-09,23923.19,7694.1,23923.19,7694.1,Paid
639,54,2025-03-05,2025-03-05,23923.19,7359.57,23923.19,7359.57,Paid
640,54,2025-04-05,2025-04-06,23923.19,7025.05,23923.19,7025.05,Paid
641,54,2025-05-05,2025-05-07,23923.19,6690.52,23923.19,6690.52,Paid
642,54,2025-06-05,,23923.19,6355.99,0.0,0.0,Unpaid
643,54,2025-07-05,2025-07-06,23923.19,6355.99,23923.19,6355.99,Paid
644,54,2025-08-05,2025-08-07,23923.19,6021.47,23923.19,6021.47,Paid
645,54,2025-09-05,2025-09-10,23923.19,5686.94,23923.19,5686.94,Paid
646,54,2025-10-05,2025-10-05,23923.19,5352.42,23923.19,5352.42,Paid
647,54,2025-11-05,2025-11-10,23923.19,5017.89,23923.19,5017.89,Paid
648,54,2025-12-05,2025-12-05,23923.19,4683.36,23923.19,4683.36,Paid
649,55,2025-01-05,2025-01-09,3094.2,1878.18,3094.2,1878.18,Paid
650,55,2025-02-05,2025-02-08,3094.2,1846.87,3094.2,1846.87,Paid
651,55,2025-03-05,2025-03-07,3094.2,1815.57,3094.2,1815.57,Paid
652,55,2025-04-05,2025-04-10,3094.2,1784.27,3094.2,1784.27,Paid
653,55,2025-05-05,2025-05-08,3094.2,1752.97,3094.2,1752.97,Paid
654,55,2025-06-05,2025-06-08,3094.2,1721.66,3094.2,1721.66,Paid
655,55,2025-07-05,2025-07-09,3094.2,1690.36,3094.2,1690.36,Paid
656,55,2025-08-05,2025-08-10,3094.2,1659.06,3094.2,1659.06,Paid
657,55,2025-09-05,2025-09-10,3094.2,1627.75,3094.2,1627.75,Paid
658,55,2025-10-05,2025-10-07,3094.2,1596.45,3094.2,1596.45,Paid
659,55,2025-11-05,2025-11-07,3094.2,1565.15,3094.2,1565.15,Paid
660,55,2025-12-05,2025-12-05,3094.2,1533.84,3094.2,1533.84,Paid
661,56,2025-01-05,2025-01-06,39603.99,22356.45,39603.99,22356.45,Paid
662,56,2025-02-05,2025-02-09,39603.99,21983.85,39603.99,21983.85,Paid
663,56,2025-03-05,2025-03-05,39603.99,21611.24,39603.99,21611.24,Paid
664,56,2025-04-05,2025-04-08,39603.99,21238.63,39603.99,21238.63,Paid
665,56,2025-05-05,2025-05-08,39603.99,20866.02,39603.99,20866.02,Paid
666,56,2025-06-05,2025-06-08,39603.99,20493.42,39603.99,20493.42,Paid
667,56,2025-07-05,2025-07-10,39603.99,20120.81,39603.99,20120.81,Paid
668,56,2025-08-05,2025-08-08,39603.99,19748.2,39603.99,19748.2,Paid
669,56,2025-09-05,2025-09-05,39603.99,19375.59,39603.99,19375.59,Paid
670,56,2025-10-05,2025-10-09,39603.99,19002.99,39603.99,19002.99,Paid
671,56,2025-11-05,2025-11-06,39603.99,18630.38,39603.99,18630.38,Paid
672,56,2025-12-05,2025-12-05,39603.99,18257.77,39603.99,18257.77,Paid
673,57,2025-01-05,,10409.65,9930.81,0.0,0.0,Unpaid
674,57,2025-02-05,2025-02-08,10409.65,9930.81,10409.65,9930.81,Paid
675,57,2025-03-05,2025-03-09,10409.65,9848.05,10409.65,9848.05,Paid
676,57,2025-04-05,2025-04-09,10409.65,9765.29,10409.65,9765.29,Paid
677,57,2025-05-05,2025-05-06,10409.65,9682.54,10409.65,9682.54,Paid
678,57,2025-06-05,2025-06-05,10409.65,9599.78,10409.65,9599.78,Paid
679,57,2025-07-05,2025-07-10,10409.65,9517.02,10409.65,9517.02,Paid
680,57,2025-08-05,2025-08-10,10409.65,9434.27,10409.65,9434.27,Paid
681,57,2025-09-05,2025-09-06,10409.65,9351.51,10409.65,9351.51,Paid
682,57,2025-10-05,2025-10-10,10409.65,9268.75,10409.65,9268.75,Paid
683,57,2025-11-05,2025-11-06,10409.65,9186.0,10409.65,9186.0,Paid
684,57,2025-12-05,2025-12-08,10409.65,9103.24,10409.65,9103.24,Paid
685,58,2025-01-05,2025-01-10,53271.12,16514.05,53271.12,16514.05,Paid
686,58,2025-02-05,,53271.12,15825.96,0.0,0.0,Unpaid
687,58,2025-03-05,2025-03-08,53271.12,15825.96,53271.12,15825.96,Paid
688,58,2025-04-05,2025-04-07,53271.12,15137.88,53271.12,15137.88,Paid
689,58,2025-05-05,2025-05-07,53271.12,14449.79,53271.12,14449.79,Paid
690,58,2025-06-05,2025-06-08,53271.12,13761.71,53271.12,13761.71,Paid
691,58,2025-07-05,2025-07-08,53271.12,13073.62,53271.12,13073.62,Paid
692,58,2025-08-05,2025-08-06,53271.12,12385.54,53271.12,12385.54,Paid
693,58,2025-09-05,2025-09-08,53271.12,11697.45,53271.12,11697.45,Paid
694,58,2025-10-05,2025-10-06,53271.12,11009.37,53271.12,11009.37,Paid
695,58,2025-11-05,2025-11-06,53271.12,10321.28,53271.12,10321.28,Paid
696,58,2025-12-05,2025-12-07,53271.12,9633.19,53271.12,9633.19,Paid
697,59,2025-01-05,2025-01-06,40589.97,13686.94,40589.97,13686.94,Paid
698,59,2025-02-05,2025-02-06,40589.97,13306.74,40589.97,13306.74,Paid
699,59,2025-03-05,2025-03-08,40589.97,12926.55,40589.97,12926.55,Paid
700,59,2025-04-05,2025-04-08,40589.97,12546.36,40589.97,12546.36,Paid
701,59,2025-05-05,2025-05-08,40589.97,12166.17,40589.97,12166.17,Paid
702,59,2025-06-05,2025-06-05,40589.97,11785.97,40589.97,11785.97,Paid
703,59,2025-07-05,2025-07-06,40589.97,11405.78,40589.97,11405.78,Paid
704,59,2025-08-05,,40589.97,11025.59,0.0,0.0,Unpaid
705,59,2025-09-05,2025-09-09,40589.97,11025.59,40589.97,11025.59,Paid
706,59,2025-10-05,2025-10-10,40589.97,10645.39,40589.97,10645.39,Paid
707,59,2025-11-05,2025-11-05,40589.97,10265.2,40589.97,10265.2,Paid
708,59,2025-12-05,2025-12-09,40589.97,9885.01,40589.97,9885.01,Paid
709,60,2025-01-05,2025-01-09,8709.18,7459.42,8709.18,7459.42,Paid
710,60,2025-02-05,,8709.18,7335.09,0.0,0.0,Unpaid
711,60,2025-03-05,2025-03-07,8709.18,7335.09,8709.18,7335.09,Paid
712,60,2025-04-05,2025-04-10,8709.18,7210.77,8709.18,7210.77,Paid
713,60,2025-05-05,2025-05-07,8709.18,7086.45,8709.18,7086.45,Paid
714,60,2025-06-05,2025-06-09,8709.18,6962.12,8709.18,6962.12,Paid
715,60,2025-07-05,2025-07-08,8709.18,6837.8,8709.18,6837.8,Paid
716,60,2025-08-05,2025-08-06,8709.18,6713.47,8709.18,6713.47,Paid
717,60,2025-09-05,,8709.18,6589.15,0.0,0.0,Unpaid
718,60,2025-10-05,2025-10-07,8709.18,6589.15,8709.18,6589.15,Paid
719,60,2025-11-05,2025-11-06,8709.18,6464.83,8709.18,6464.83,Paid
720,60,2025-12-05,2025-12-08,8709.18,6340.5,8709.18,6340.5,Paid
721,61,2025-01-05,2025-01-08,3951.13,6997.45,3951.13,6997.45,Paid
722,61,2025-02-05,2025-02-10,3951.13,6939.14,3951.13,6939.14,Paid
723,61,2025-03-05,2025-03-05,3951.13,6880.83,3951.13,6880.83,Paid
724,61,2025-04-05,2025-04-06,3951.13,6822.51,3951.13,6822.51,Paid
725,61,2025-05-05,2025-05-09,3951.13,6764.2,3951.13,6764.2,Paid
726,61,2025-06-05,2025-06-05,3951.13,6705.89,3951.13,6705.89,Paid
727,61,2025-07-05,2025-07-08,3951.13,6647.58,3951.13,6647.58,Paid
728,61,2025-08-05,2025-08-08,3951.13,6589.27,3951.13,6589.27,Paid
729,61,2025-09-05,2025-09-08,3951.13,6530.95,3951.13,6530.95,Paid
730,61,2025-10-05,2025-10-10,3951.13,6472.64,3951.13,6472.64,Paid
731,61,2025-11-05,2025-11-07,3951.13,6414.33,3951.13,6414.33,Paid
732,61,2025-12-05,2025-12-07,3951.13,6356.02,3951.13,6356.02,Paid
733,62,2025-01-05,2025-01-06,6343.53,1275.05,6343.53,1275.05,Paid
734,62,2025-02-05,2025-02-10,6343.53,1221.92,6343.53,1221.92,Paid
735,62,2025-03-05,2025-03-05,6343.53,1168.8,6343.53,1168.8,Paid
736,62,2025-04-05,2025-04-06,6343.53,1115.67,6343.53,1115.67,Paid
737,62,2025-05-05,2025-05-08,6343.53,1062.54,6343.53,1062.54,Paid
738,62,2025-06-05,,6343.53,1009.41,0.0,0.0,Unpaid
739,62,2025-07-05,2025-07-09,6343.53,1009.41,6343.53,1009.41,Paid
740,62,2025-08-05,2025-08-05,6343.53,956.29,6343.53,956.29,Paid
741,62,2025-09-05,2025-09-09,6343.53,903.16,6343.53,903.16,Paid
742,62,2025-10-05,2025-10-07,6343.53,850.03,6343.53,850.03,Paid
743,62,2025-11-05,2025-11-07,6343.53,796.91,6343.53,796.91,Paid
744,62,2025-12-05,2025-12-05,6343.53,743.78,6343.53,743.78,Paid
745,63,2025-01-05,2025-01-06,90980.1,22290.12,90980.1,22290.12,Paid
746,63,2025-02-05,2025-02-10,90980.1,21361.37,90980.1,21361.37,Paid
747,63,2025-03-05,2025-03-05,90980.1,20432.61,90980.1,20432.61,Paid
748,63,2025-04-05,2025-04-05,90980.1,19503.86,90980.1,19503.86,Paid
749,63,2025-05-05,2025-05-10,90980.1,18575.1,90980.1,18575.1,Paid
750,63,2025-06-05,2025-06-08,90980.1,17646.35,90980.1,17646.35,Paid
751,63,2025-07-05,2025-07-10,90980.1,16717.59,90980.1,16717.59,Paid
752,63,2025-08-05,2025-08-05,90980.1,15788.84,90980.1,15788.84,Paid
753,63,2025-09-05,2025-09-06,90980.1,14860.08,90980.1,14860.08,Paid
754,63,2025-10-05,2025-10-08,90980.1,13931.33,90980.1,13931.33,Paid
755,63,2025-11-05,2025-11-09,90980.1,13002.57,90980.1,13002.57,Paid
756,63,2025-12-05,2025-12-06,90980.1,12073.82,90980.1,12073.82,Paid
757,64,2025-01-05,2025-01-09,4078.12,3490.87,4078.12,3490.87,Paid
758,64,2025-02-05,2025-02-10,4078.12,3461.78,4078.12,3461.78,Paid
759,64,2025-03-05,2025-03-10,4078.12,3432.69,4078.12,3432.69,Paid
760,64,2025-04-05,2025-04-06,4078.12,3403.6,4078.12,3403.6,Paid
761,64,2025-05-05,2025-05-08,4078.12,3374.51,4078.12,3374.51,Paid
762,64,2025-06-05,2025-06-07,4078.12,3345.42,4078.12,3345.42,Paid
763,64,2025-07-05,2025-07-08,4078.12,3316.33,4078.12,3316.33,Paid
764,64,2025-08-05,2025-08-05,4078.12,3287.24,4078.12,3287.24,Paid
765,64,2025-09-05,2025-09-05,4078.12,3258.15,4078.12,3258.15,Paid
766,64,2025-10-05,2025-10-09,4078.12,3229.05,4078.12,3229.05,Paid
767,64,2025-11-05,2025-11-09,4078.12,3199.96,4078.12,3199.96,Paid
768,64,2025-12-05,2025-12-08,4078.12,3170.87,4078.12,3170.87,Paid
769,65,2025-01-05,2025-01-05,40765.26,16387.63,40765.26,16387.63,Paid
770,65,2025-02-05,2025-02-10,40765.26,15932.42,40765.26,15932.42,Paid
771,65,2025-03-05,2025-03-05,40765.26,15477.21,40765.26,15477.21,Paid
772,65,2025-04-05,2025-04-08,40765.26,15022.0,40765.26,15022.0,Paid
773,65,2025-05-05,2025-05-06,40765.26,14566.79,40765.26,14566.79,Paid
774,65,2025-06-05,2025-06-07,40765.26,14111.57,40765.26,14111.57,Paid
775,65,2025-07-05,2025-07-09,40765.26,13656.36,40765.26,13656.36,Paid
776,65,2025-08-05,2025-08-07,40765.26,13201.15,40765.26,13201.15,Paid
777,65,2025-09-05,2025-09-07,40765.26,12745.94,40765.26,12745.94,Paid
778,65,2025-10-05,2025-10-06,40765.26,12290.73,40765.26,12290.73,Paid
779,65,2025-11-05,2025-11-06,40765.26,11835.51,40765.26,11835.51,Paid
780,65,2025-12-05,2025-12-09,40765.26,11380.3,40765.26,11380.3,Paid
781,66,2025-01-05,2025-01-05,13580.63,5259.78,13580.63,5259.78,Paid
782,66,2025-02-05,2025-02-06,13580.63,5113.67,13580.63,5113.67,Paid
783,66,2025-03-05,2025-03-10,13580.63,4967.57,13580.63,4967.57,Paid
784,66,2025-04-05,2025-04-08,13580.63,4821.46,13580.63,4821.46,Paid
785,66,2025-05-05,2025-05-06,13580.63,4675.36,13580.63,4675.36,Paid
786,66,2025-06-05,2025-06-05,13580.63,4529.25,13580.63,4529.25,Paid
787,66,2025-07-05,2025-07-10,13580.63,4383.15,13580.63,4383.15,Paid
788,66,2025-08-05,2025-08-06,13580.63,4237.05,13580.63,4237.05,Paid
789,66,2025-09-05,2025-09-10,13580.63,4090.94,13580.63,4090.94,Paid
790,66,2025-10-05,2025-10-09,13580.63,3944.84,13580.63,3944.84,Paid
791,66,2025-11-05,2025-11-09,13580.63,3798.73,13580.63,3798.73,Paid
792,66,2025-12-05,2025-12-05,13580.63,3652.63,13580.63,3652.63,Paid
793,67,2025-01-05,2025-01-05,13117.34,11621.96,13117.34,11621.96,Paid
794,67,2025-02-05,2025-02-08,13117.34,11428.27,13117.34,11428.27,Paid
795,67,2025-03-05,2025-03-05,13117.34,11234.57,13117.34,11234.57,Paid
796,67,2025-04-05,2025-04-10,13117.34,11040.87,13117.34,11040.87,Paid
797,67,2025-05-05,2025-05-06,13117.34,10847.17,13117.34,10847.17,Paid
798,67,2025-06-05,2025-06-07,13117.34,10653.47,13117.34,10653.47,Paid
799,67,2025-07-05,2025-07-09,13117.34,10459.77,13117.34,10459.77,Paid
800,67,2025-08-05,2025-08-09,13117.34,10266.07,13117.34,10266.07,Paid
801,67,2025-09-05,2025-09-06,13117.34,10072.37,13117.34,10072.37,Paid
802,67,2025-10-05,2025-10-09,13117.34,9878.67,13117.34,9878.67,Paid
803,67,2025-11-05,2025-11-06,13117.34,9684.97,13117.34,9684.97,Paid
804,67,2025-12-05,2025-12-10,13117.34,9491.27,13117.34,9491.27,Paid
805,68,2025-01-05,2025-01-09,20621.21,7238.05,20621.21,7238.05,Paid
806,68,2025-02-05,2025-02-06,20621.21,6936.46,20621.21,6936.46,Paid
807,68,2025-03-05,2025-03-08,20621.21,6634.88,20621.21,6634.88,Paid
808,68,2025-04-05,2025-04-05,20621.21,6333.29,20621.21,6333.29,Paid
809,68,2025-05-05,2025-05-06,20621.21,6031.71,20621.21,6031.71,Paid
810,68,2025-06-05,2025-06-08,20621.21,5730.12,20621.21,5730.12,Paid
811,68,2025-07-05,2025-07-10,20621.21,5428.54,20621.21,5428.54,Paid
812,68,2025-08-05,,20621.21,5126.95,0.0,0.0,Unpaid
813,68,2025-09-05,2025-09-10,20621.21,5126.95,20621.21,5126.95,Paid
814,68,2025-10-05,2025-10-09,20621.21,4825.36,20621.21,4825.36,Paid
815,68,2025-11-05,2025-11-07,20621.21,4523.78,20621.21,4523.78,Paid
816,68,2025-12-05,2025-12-10,20621.21,4222.19,20621.21,4222.19,Paid
817,69,2025-01-05,2025-01-07,10460.18,6506.23,10460.18,6506.23,Paid
818,69,2025-02-05,2025-02-09,10460.18,6397.79,10460.18,6397.79,Paid
819,69,2025-03-05,2025-03-10,10460.18,6289.36,10460.18,6289.36,Paid
820,69,2025-04-05,2025-04-08,10460.18,6180.92,10460.18,6180.92,Paid
821,69,2025-05-05,2025-05-05,10460.18,6072.48,10460.18,6072.48,Paid
822,69,2025-06-05,2025-06-09,10460.18,5964.04,10460.18,5964.04,Paid
823,69,2025-07-05,2025-07-05,10460.18,5855.61,10460.18,5855.61,Paid
824,69,2025-08-05,2025-08-09,10460.18,5747.17,10460.18,5747.17,Paid
825,69,2025-09-05,2025-09-08,10460.18,5638.73,10460.18,5638.73,Paid
826,69,2025-10-05,2025-10-05,10460.18,5530.3,10460.18,5530.3,Paid
827,69,2025-11-05,2025-11-10,10460.18,5421.86,10460.18,5421.86,Paid
828,69,2025-12-05,2025-12-07,10460.18,5313.42,10460.18,5313.42,Paid
829,70,2025-01-05,2025-01-08,13800.38,5013.68,13800.38,5013.68,Paid
830,70,2025-02-05,2025-02-08,13800.38,4874.41,13800.38,4874.41,Paid
831,70,2025-03-05,2025-03-08,13800.38,4735.14,13800.38,4735.14,Paid
832,70,2025-04-05,2025-04-10,13800.38,4595.87,13800.38,4595.87,Paid
833,70,2025-05-05,2025-05-07,13800.38,4456.6,13800.38,4456.6,Paid
834,70,2025-06-05,2025-06-06,13800.38,4317.33,13800.38,4317.33,Paid
835,70,2025-07-05,2025-07-06,13800.38,4178.06,13800.38,4178.06,Paid
836,70,2025-08-05,2025-08-09,13800.38,4038.79,13800.38,4038.79,Paid
837,70,2025-09-05,2025-09-07,13800.38,3899.53,13800.38,3899.53,Paid
838,70,2025-10-05,2025-10-06,13800.38,3760.26,13800.38,3760.26,Paid
839,70,2025-11-05,2025-11-05,13800.38,3620.99,13800.38,3620.99,Paid
840,70,2025-12-05,2025-12-07,13800.38,3481.72,13800.38,3481.72,Paid
841,71,2025-01-05,2025-01-10,49571.13,14147.6,49571.13,14147.6,Paid
842,71,2025-02-05,2025-02-07,49571.13,13558.12,49571.13,13558.12,Paid
843,71,2025-03-05,,49571.13,12968.63,0.0,0.0,Unpaid
844,71,2025-04-05,2025-04-05,49571.13,12968.63,49571.13,12968.63,Paid
845,71,2025-05-05,2025-05-08,49571.13,12379.15,49571.13,12379.15,Paid
846,71,2025-06-05,2025-06-08,49571.13,11789.67,49571.13,11789.67,Paid
847,71,2025-07-05,2025-07-07,49571.13,11200.18,49571.13,11200.18,Paid
848,71,2025-08-05,2025-08-10,49571.13,10610.7,49571.13,10610.7,Paid
849,71,2025-09-05,2025-09-06,49571.13,10021.22,49571.13,10021.22,Paid
850,71,2025-10-05,2025-10-07,49571.13,9431.73,49571.13,9431.73,Paid
851,71,2025-11-05,2025-11-05,49571.13,8842.25,49571.13,8842.25,Paid
852,71,2025-12-05,2025-12-05,49571.13,8252.77,49571.13,8252.77,Paid
853,72,2025-01-05,2025-01-07,35725.45,30009.38,35725.45,30009.38,Paid
854,72,2025-02-05,2025-02-10,35725.45,29509.22,35725.45,29509.22,Paid
855,72,2025-03-05,2025-03-06,35725.45,29009.07,35725.45,29009.07,Paid
856,72,2025-04-05,2025-04-07,35725.45,28508.91,35725.45,28508.91,Paid
857,72,2025-05-05,,35725.45,28008.75,0.0,0.0,Unpaid
858,72,2025-06-05,2025-06-09,35725.45,28008.75,35725.45,28008.75,Paid
859,72,2025-07-05,2025-07-07,35725.45,27508.6,35725.45,27508.6,Paid
860,72,2025-08-05,2025-08-06,35725.45,27008.44,35725.45,27008.44,Paid
861,72,2025-09-05,2025-09-08,35725.45,26508.28,35725.45,26508.28,Paid
862,72,2025-10-05,2025-10-05,35725.45,26008.13,35725.45,26008.13,Paid
863,72,2025-11-05,2025-11-10,35725.45,25507.97,35725.45,25507.97,Paid
864,72,2025-12-05,2025-12-08,35725.45,25007.82,35725.45,25007.82,Paid
865,73,2025-01-05,2025-01-10,6848.19,5820.97,6848.19,5820.97,Paid
866,73,2025-02-05,2025-02-06,6848.19,5723.95,6848.19,5723.95,Paid
867,73,2025-03-05,2025-03-09,6848.19,5626.93,6848.19,5626.93,Paid
868,73,2025-04-05,2025-04-09,6848.19,5529.92,6848.19,5529.92,Paid
869,73,2025-05-05,2025-05-10,6848.19,5432.9,6848.19,5432.9,Paid
870,73,2025-06-05,2025-06-07,6848.19,5335.88,6848.19,5335.88,Paid
871,73,2025-07-05,2025-07-08,6848.19,5238.87,6848.19,5238.87,Paid
872,73,2025-08-05,2025-08-05,6848.19,5141.85,6848.19,5141.85,Paid
873,73,2025-09-05,2025-09-06,6848.19,5044.84,6848.19,5044.84,Paid
874,73,2025-10-05,2025-10-06,6848.19,4947.82,6848.19,4947.82,Paid
875,73,2025-11-05,2025-11-07,6848.19,4850.8,6848.19,4850.8,Paid
876,73,2025-12-05,2025-12-07,6848.19,4753.79,6848.19,4753.79,Paid
877,74,2025-01-05,2025-01-05,50920.95,24228.19,50920.95,24228.19,Paid
878,74,2025-02-05,2025-02-09,50920.95,23555.18,50920.95,23555.18,Paid
879,74,2025-03-05,,50920.95,22882.18,0.0,0.0,Unpaid
880,74,2025-04-05,,50920.95,22882.18,0.0,0.0,Unpaid
881,74,2025-05-05,2025-05-07,50920.95,22882.18,50920.95,22882.18,Paid
882,74,2025-06-05,2025-06-09,50920.95,22209.17,50920.95,22209.17,Paid
883,74,2025-07-05,,50920.95,21536.17,0.0,0.0,Unpaid
884,74,2025-08-05,2025-08-05,50920.95,21536.17,50920.95,21536.17,Paid
885,74,2025-09-05,2025-09-07,50920.95,20863.16,50920.95,20863.16,Paid
886,74,2025-10-05,2025-10-09,50920.95,20190.16,50920.95,20190.16,Paid
887,74,2025-11-05,2025-11-06,50920.95,19517.15,50920.95,19517.15,Paid
888,74,2025-12-05,2025-12-05,50920.95,18844.14,50920.95,18844.14,Paid
889,75,2025-01-05,2025-01-07,29985.72,20900.04,29985.72,20900.04,Paid
890,75,2025-02-05,2025-02-10,29985.72,20551.71,29985.72,20551.71,Paid
891,75,2025-03-05,2025-03-08,29985.72,20203.38,29985.72,20203.38,Paid
892,75,2025-04-05,,29985.72,19855.04,0.0,0.0,Unpaid
893,75,2025-05-05,2025-05-08,29985.72,19855.04,29985.72,19855.04,Paid
894,75,2025-06-05,,29985.72,19506.71,0.0,0.0,Unpaid
895,75,2025-07-05,2025-07-05,29985.72,19506.71,29985.72,19506.71,Paid
896,75,2025-08-05,2025-08-05,29985.72,19158.37,29985.72,19158.37,Paid
897,75,2025-09-05,2025-09-10,29985.72,18810.04,29985.72,18810.04,Paid
898,75,2025-10-05,2025-10-07,29985.72,18461.71,29985.72,18461.71,Paid
899,75,2025-11-05,2025-11-06,29985.72,18113.37,29985.72,18113.37,Paid
900,75,2025-12-05,2025-12-08,29985.72,17765.04,29985.72,17765.04,Paid
901,76,2025-01-05,2025-01-09,5819.53,6453.86,5819.53,6453.86,Paid
902,76,2025-02-05,2025-02-09,5819.53,6400.08,5819.53,6400.08,Paid
903,76,2025-03-05,2025-03-06,5819.53,6346.3,5819.53,6346.3,Paid
904,76,2025-04-05,2025-04-06,5819.53,6292.52,5819.53,6292.52,Paid
905,76,2025-05-05,2025-05-09,5819.53,6238.73,5819.53,6238.73,Paid
906,76,2025-06-05,2025-06-07,5819.53,6184.95,5819.53,6184.95,Paid
907,76,2025-07-05,2025-07-08,5819.53,6131.17,5819.53,6131.17,Paid
908,76,2025-08-05,2025-08-07,5819.53,6077.39,5819.53,6077.39,Paid
909,76,2025-09-05,2025-09-06,5819.53,6023.6,5819.53,6023.6,Paid
910,76,2025-10-05,2025-10-07,5819.53,5969.82,5819.53,5969.82,Paid
911,76,2025-11-05,2025-11-09,5819.53,5916.04,5819.53,5916.04,Paid
912,76,2025-12-05,2025-12-09,5819.53,5862.26,5819.53,5862.26,Paid
913,77,2025-01-05,2025-01-07,19903.75,28263.33,19903.75,28263.33,Paid
914,77,2025-02-05,2025-02-10,19903.75,28027.8,19903.75,28027.8,Paid
915,77,2025-03-05,2025-03-05,19903.75,27792.27,19903.75,27792.27,Paid
916,77,2025-04-05,2025-04-10,19903.75,27556.74,19903.75,27556.74,Paid
917,77,2025-05-05,,19903.75,27321.22,0.0,0.0,Unpaid
918,77,2025-06-05,2025-06-06,19903.75,27321.22,19903.75,27321.22,Paid
919,77,2025-07-05,2025-07-07,19903.75,27085.69,19903.75,27085.69,Paid
920,77,2025-08-05,,19903.75,26850.16,0.0,0.0,Unpaid
921,77,2025-09-05,2025-09-06,19903.75,26850.16,19903.75,26850.16,Paid
922,77,2025-10-05,2025-10-09,19903.75,26614.63,19903.75,26614.63,Paid
923,77,2025-11-05,,19903.75,26379.11,0.0,0.0,Unpaid
924,77,2025-12-05,2025-12-06,19903.75,26379.11,19903.75,26379.11,Paid
925,78,2025-01-05,2025-01-10,4822.94,7311.58,4822.94,7311.58,Paid
926,78,2025-02-05,2025-02-06,4822.94,7250.65,4822.94,7250.65,Paid
927,78,2025-03-05,2025-03-06,4822.94,7189.72,4822.94,7189.72,Paid
928,78,2025-04-05,2025-04-08,4822.94,7128.79,4822.94,7128.79,Paid
929,78,2025-05-05,2025-05-07,4822.94,7067.86,4822.94,7067.86,Paid
930,78,2025-06-05,2025-06-09,4822.94,7006.93,4822.94,7006.93,Paid
931,78,2025-07-05,2025-07-09,4822.94,6946.0,4822.94,6946.0,Paid
932,78,2025-08-05,,4822.94,6885.07,0.0,0.0,Unpaid
933,78,2025-09-05,2025-09-08,4822.94,6885.07,4822.94,6885.07,Paid
934,78,2025-10-05,2025-10-09,4822.94,6824.14,4822.94,6824.14,Paid
935,78,2025-11-05,2025-11-08,4822.94,6763.21,4822.94,6763.21,Paid
936,78,2025-12-05,2025-12-07,4822.94,6702.28,4822.94,6702.28,Paid
937,79,2025-01-05,2025-01-08,4951.5,4862.38,4951.5,4862.38,Paid
938,79,2025-02-05,2025-02-10,4951.5,4821.86,4951.5,4821.86,Paid
939,79,2025-03-05,2025-03-09,4951.5,4781.34,4951.5,4781.34,Paid
940,79,2025-04-05,,4951.5,4740.82,0.0,0.0,Unpaid
941,79,2025-05-05,,4951.5,4740.82,0.0,0.0,Unpaid
942,79,2025-06-05,2025-06-08,4951.5,4740.82,4951.5,4740.82,Paid
943,79,2025-07-05,2025-07-09,4951.5,4700.3,4951.5,4700.3,Paid
944,79,2025-08-05,2025-08-10,4951.5,4659.78,4951.5,4659.78,Paid
945,79,2025-09-05,2025-09-09,4951.5,4619.26,4951.5,4619.26,Paid
946,79,2025-10-05,2025-10-10,4951.5,4578.74,4951.5,4578.74,Paid
947,79,2025-11-05,2025-11-05,4951.5,4538.22,4951.5,4538.22,Paid
948,79,2025-12-05,2025-12-09,4951.5,4497.7,4951.5,4497.7,Paid
949,80,2025-01-05,2025-01-10,20409.04,8106.47,20409.04,8106.47,Paid
950,80,2025-02-05,2025-02-10,20409.04,7881.29,20409.04,7881.29,Paid
951,80,2025-03-05,,20409.04,7656.11,0.0,0.0,Unpaid
952,80,2025-04-05,2025-04-08,20409.04,7656.11,20409.04,7656.11,Paid
953,80,2025-05-05,2025-05-05,20409.04,7430.93,20409.04,7430.93,Paid
954,80,2025-06-05,2025-06-10,20409.04,7205.75,20409.04,7205.75,Paid
955,80,2025-07-05,2025-07-10,20409.04,6980.57,20409.04,6980.57,Paid
956,80,2025-08-05,2025-08-09,20409.04,6755.39,20409.04,6755.39,Paid
957,80,2025-09-05,2025-09-09,20409.04,6530.21,20409.04,6530.21,Paid
958,80,2025-10-05,2025-10-08,20409.04,6305.03,20409.04,6305.03,Paid
959,80,2025-11-05,2025-11-05,20409.04,6079.85,20409.04,6079.85,Paid
960,80,2025-12-05,2025-12-06,20409.04,5854.67,20409.04,5854.67,Paid
961,81,2025-01-05,2025-01-08,1528.14,2412.93,1528.14,2412.93,Paid
962,81,2025-02-05,2025-02-08,1528.14,2392.82,1528.14,2392.82,Paid
963,81,2025-03-05,2025-03-05,1528.14,2372.71,1528.14,2372.71,Paid
964,81,2025-04-05,2025-04-08,1528.14,2352.6,1528.14,2352.6,Paid
965,81,2025-05-05,2025-05-10,1528.14,2332.5,1528.14,2332.5,Paid
966,81,2025-06-05,2025-06-07,1528.14,2312.39,1528.14,2312.39,Paid
967,81,2025-07-05,2025-07-09,1528.14,2292.28,1528.14,2292.28,Paid
968,81,2025-08-05,2025-08-06,1528.14,2272.17,1528.14,2272.17,Paid
969,81,2025-09-05,2025-09-06,1528.14,2252.07,1528.14,2252.07,Paid
970,81,2025-10-05,2025-10-06,1528.14,2231.96,1528.14,2231.96,Paid
971,81,2025-11-05,2025-11-08,1528.14,2211.85,1528.14,2211.85,Paid
972,81,2025-12-05,2025-12-10,1528.14,2191.74,1528.14,2191.74,Paid
973,82,2025-01-05,2025-01-09,7264.01,2963.72,7264.01,2963.72,Paid
974,82,2025-02-05,2025-02-05,7264.01,2914.32,7264.01,2914.32,Paid
975,82,2025-03-05,2025-03-06,7264.01,2864.93,7264.01,2864.93,Paid
976,82,2025-04-05,2025-04-06,7264.01,2815.53,7264.01,2815.53,Paid
977,82,2025-05-05,2025-05-06,7264.01,2766.14,7264.01,2766.14,Paid
978,82,2025-06-05,2025-06-08,7264.01,2716.74,7264.01,2716.74,Paid
979,82,2025-07-05,2025-07-08,7264.01,2667.35,7264.01,2667.35,Paid
980,82,2025-08-05,2025-08-10,7264.01,2617.95,7264.01,2617.95,Paid
981,82,2025-09-05,2025-09-09,7264.01,2568.56,7264.01,2568.56,Paid
982,82,2025-10-05,2025-10-06,7264.01,2519.16,7264.01,2519.16,Paid
983,82,2025-11-05,2025-11-06,7264.01,2469.76,7264.01,2469.76,Paid
984,82,2025-12-05,2025-12-08,7264.01,2420.37,7264.01,2420.37,Paid
985,83,2025-01-05,2025-01-09,10967.04,6026.39,10967.04,6026.39,Paid
986,83,2025-02-05,2025-02-06,10967.04,5925.95,10967.04,5925.95,Paid
987,83,2025-03-05,2025-03-09,10967.04,5825.51,10967.04,5825.51,Paid
988,83,2025-04-05,2025-04-10,10967.04,5725.07,10967.04,5725.07,Paid
989,83,2025-05-05,2025-05-06,10967.04,5624.63,10967.04,5624.63,Paid
990,83,2025-06-05,2025-06-05,10967.04,5524.19,10967.04,5524.19,Paid
991,83,2025-07-05,2025-07-05,10967.04,5423.75,10967.04,5423.75,Paid
992,83,2025-08-05,2025-08-05,10967.04,5323.31,10967.04,5323.31,Paid
993,83,2025-09-05,2025-09-05,10967.04,5222.87,10967.04,5222.87,Paid
994,83,2025-10-05,2025-10-07,10967.04,5122.43,10967.04,5122.43,Paid
995,83,2025-11-05,,10967.04,5021.99,0.0,0.0,Unpaid
996,83,2025-12-05,,10967.04,5021.99,0.0,0.0,Unpaid
997,84,2025-01-05,2025-01-10,35301.6,29918.1,35301.6,29918.1,Paid
998,84,2025-02-05,2025-02-09,35301.6,29419.47,35301.6,29419.47,Paid
999,84,2025-03-05,2025-03-05,35301.6,28920.83,35301.6,28920.83,Paid
1000,84,2025-04-05,2025-04-08,35301.6,28422.2,35301.6,28422.2,Paid
1001,84,2025-05-05,2025-05-08,35301.6,27923.56,35301.6,27923.56,Paid
1002,84,2025-06-05,2025-06-10,35301.6,27424.93,35301.6,27424.93,Paid
1003,84,2025-07-05,2025-07-07,35301.6,26926.29,35301.6,26926.29,Paid
1004,84,2025-08-05,2025-08-09,35301.6,26427.66,35301.6,26427.66,Paid
1005,84,2025-09-05,2025-09-10,35301.6,25929.02,35301.6,25929.02,Paid
1006,84,2025-10-05,2025-10-06,35301.6,25430.39,35301.6,25430.39,Paid
1007,84,2025-11-05,2025-11-06,35301.6,24931.75,35301.6,24931.75,Paid
1008,84,2025-12-05,2025-12-06,35301.6,24433.12,35301.6,24433.12,Paid
1009,85,2025-01-05,2025-01-09,19575.19,14015.84,19575.19,14015.84,Paid
1010,85,2025-02-05,2025-02-10,19575.19,13782.24,19575.19,13782.24,Paid
1011,85,2025-03-05,2025-03-07,19575.19,13548.64,19575.19,13548.64,Paid
1012,85,2025-04-05,2025-04-07,19575.19,13315.04,19575.19,13315.04,Paid
1013,85,2025-05-05,2025-05-08,19575.19,13081.45,19575.19,13081.45,Paid
1014,85,2025-06-05,2025-06-05,19575.19,12847.85,19575.19,12847.85,Paid
1015,85,2025-07-05,,19575.19,12614.25,0.0,0.0,Unpaid
1016,85,2025-08-05,2025-08-09,19575.19,12614.25,19575.19,12614.25,Paid
1017,85,2025-09-05,2025-09-10,19575.19,12380.66,19575.19,12380.66,Paid
1018,85,2025-10-05,2025-10-09,19575.19,12147.06,19575.19,12147.06,Paid
1019,85,2025-11-05,2025-11-08,19575.19,11913.46,19575.19,11913.46,Paid
1020,85,2025-12-05,2025-12-09,19575.19,11679.86,19575.19,11679.86,Paid
1021,86,2025-01-05,2025-01-07,27929.31,7596.77,27929.31,7596.77,Paid
1022,86,2025-02-05,2025-02-09,27929.31,7280.24,27929.31,7280.24,Paid
1023,86,2025-03-05,2025-03-07,27929.31,6963.71,27929.31,6963.71,Paid
1024,86,2025-04-05,,27929.31,6647.17,0.0,0.0,Unpaid
1025,86,2025-05-05,2025-05-05,27929.31,6647.17,27929.31,6647.17,Paid
1026,86,2025-06-05,2025-06-10,27929.31,6330.64,27929.31,6330.64,Paid
1027,86,2025-07-05,2025-07-05,27929.31,6014.11,27929.31,6014.11,Paid
1028,86,2025-08-05,,27929.31,5697.58,0.0,0.0,Unpaid
1029,86,2025-09-05,2025-09-09,27929.31,5697.58,27929.31,5697.58,Paid
1030,86,2025-10-05,2025-10-07,27929.31,5381.05,27929.31,5381.05,Paid
1031,86,2025-11-05,,27929.31,5064.51,0.0,0.0,Unpaid
1032,86,2025-12-05,2025-12-09,27929.31,5064.51,27929.31,5064.51,Paid
1033,87,2025-01-05,2025-01-10,9609.12,6293.97,9609.12,6293.97,Paid
1034,87,2025-02-05,,9609.12,6189.08,0.0,0.0,Unpaid
1035,87,2025-03-05,2025-03-05,9609.12,6189.08,9609.12,6189.08,Paid
1036,87,2025-04-05,2025-04-06,9609.12,6084.18,9609.12,6084.18,Paid
1037,87,2025-05-05,2025-05-09,9609.12,5979.28,9609.12,5979.28,Paid
1038,87,2025-06-05,2025-06-07,9609.12,5874.38,9609.12,5874.38,Paid
1039,87,2025-07-05,2025-07-08,9609.12,5769.48,9609.12,5769.48,Paid
1040,87,2025-08-05,2025-08-07,9609.12,5664.58,9609.12,5664.58,Paid
1041,87,2025-09-05,2025-09-07,9609.12,5559.68,9609.12,5559.68,Paid
1042,87,2025-10-05,2025-10-08,9609.12,5454.78,9609.12,5454.78,Paid
1043,87,2025-11-05,2025-11-10,9609.12,5349.88,9609.12,5349.88,Paid
1044,87,2025-12-05,2025-12-07,9609.12,5244.98,9609.12,5244.98,Paid
1045,88,2025-01-05,,26010.36,18818.49,0.0,0.0,Unpaid
1046,88,2025-02-05,2025-02-08,26010.36,18818.49,26010.36,18818.49,Paid
1047,88,2025-03-05,2025-03-06,26010.36,18504.85,26010.36,18504.85,Paid
1048,88,2025-04-05,2025-04-05,26010.36,18191.21,26010.36,18191.21,Paid
1049,88,2025-05-05,2025-05-09,26010.36,17877.57,26010.36,17877.57,Paid
1050,88,2025-06-05,2025-06-07,26010.36,17563.93,26010.36,17563.93,Paid
1051,88,2025-07-05,,26010.36,17250.29,0.0,0.0,Unpaid
1052,88,2025-08-05,,26010.36,17250.29,0.0,0.0,Unpaid
1053,88,2025-09-05,2025-09-05,26010.36,17250.29,26010.36,17250.29,Paid
1054,88,2025-10-05,2025-10-07,26010.36,16936.64,26010.36,16936.64,Paid
1055,88,2025-11-05,2025-11-08,26010.36,16623.0,26010.36,16623.0,Paid
1056,88,2025-12-05,2025-12-09,26010.36,16309.36,26010.36,16309.36,Paid
1057,89,2025-01-05,2025-01-06,27426.57,6357.48,27426.57,6357.48,Paid
1058,89,2025-02-05,2025-02-08,27426.57,6092.59,27426.57,6092.59,Paid
1059,89,2025-03-05,2025-03-07,27426.57,5827.69,27426.57,5827.69,Paid
1060,89,2025-04-05,2025-04-06,27426.57,5562.8,27426.57,5562.8,Paid
1061,89,2025-05-05,2025-05-10,27426.57,5297.9,27426.57,5297.9,Paid
1062,89,2025-06-05,2025-06-09,27426.57,5033.01,27426.57,5033.01,Paid
1063,89,2025-07-05,2025-07-09,27426.57,4768.11,27426.57,4768.11,Paid
1064,89,2025-08-05,2025-08-08,27426.57,4503.22,27426.57,4503.22,Paid
1065,89,2025-09-05,2025-09-09,27426.57,4238.32,27426.57,4238.32,Paid
1066,89,2025-10-05,2025-10-05,27426.57,3973.43,27426.57,3973.43,Paid
1067,89,2025-11-05,2025-11-05,27426.57,3708.53,27426.57,3708.53,Paid
1068,89,2025-12-05,2025-12-10,27426.57,3443.64,27426.57,3443.64,Paid
1069,90,2025-01-05,2025-01-07,21526.43,5868.11,21526.43,5868.11,Paid
1070,90,2025-02-05,2025-02-05,21526.43,5623.6,21526.43,5623.6,Paid
1071,90,2025-03-05,2025-03-05,21526.43,5379.1,21526.43,5379.1,Paid
1072,90,2025-04-05,2025-04-07,21526.43,5134.59,21526.43,5134.59,Paid
1073,90,2025-05-05,2025-05-07,21526.43,4890.09,21526.43,4890.09,Paid
1074,90,2025-06-05,2025-06-10,21526.43,4645.58,21526.43,4645.58,Paid
1075,90,2025-07-05,2025-07-06,21526.43,4401.08,21526.43,4401.08,Paid
1076,90,2025-08-05,2025-08-07,21526.43,4156.58,21526.43,4156.58,Paid
1077,90,2025-09-05,2025-09-05,21526.43,3912.07,21526.43,3912.07,Paid
1078,90,2025-10-05,2025-10-07,21526.43,3667.57,21526.43,3667.57,Paid
1079,90,2025-11-05,2025-11-07,21526.43,3423.06,21526.43,3423.06,Paid
1080,90,2025-12-05,2025-12-05,21526.43,3178.56,21526.43,3178.56,Paid
1081,91,2025-01-05,2025-01-06,12864.03,11912.09,12864.03,11912.09,Paid
1082,91,2025-02-05,2025-02-10,12864.03,11812.82,12864.03,11812.82,Paid
1083,91,2025-03-05,2025-03-05,12864.03,11713.55,12864.03,11713.55,Paid
1084,91,2025-04-05,2025-04-07,12864.03,11614.29,12864.03,11614.29,Paid
1085,91,2025-05-05,2025-05-07,12864.03,11515.02,12864.03,11515.02,Paid
1086,91,2025-06-05,2025-06-10,12864.03,11415.75,12864.03,11415.75,Paid
1087,91,2025-07-05,2025-07-08,12864.03,11316.48,12864.03,11316.48,Paid
1088,91,2025-08-05,2025-08-10,12864.03,11217.22,12864.03,11217.22,Paid
1089,91,2025-09-05,2025-09-07,12864.03,11117.95,12864.03,11117.95,Paid
1090,91,2025-10-05,2025-10-08,12864.03,11018.68,12864.03,11018.68,Paid
1091,91,2025-11-05,2025-11-05,12864.03,10919.41,12864.03,10919.41,Paid
1092,91,2025-12-05,2025-12-08,12864.03,10820.15,12864.03,10820.15,Paid
1093,92,2025-01-05,2025-01-08,9279.84,2201.18,9279.84,2201.18,Paid
1094,92,2025-02-05,2025-02-07,9279.84,2109.46,9279.84,2109.46,Paid
1095,92,2025-03-05,2025-03-05,9279.84,2017.75,9279.84,2017.75,Paid
1096,92,2025-04-05,2025-04-07,9279.84,1926.03,9279.84,1926.03,Paid
1097,92,2025-05-05,2025-05-09,9279.84,1834.32,9279.84,1834.32,Paid
1098,92,2025-06-05,2025-06-08,9279.84,1742.6,9279.84,1742.6,Paid
1099,92,2025-07-05,2025-07-07,9279.84,1650.88,9279.84,1650.88,Paid
1100,92,2025-08-05,2025-08-08,9279.84,1559.17,9279.84,1559.17,Paid
1101,92,2025-09-05,2025-09-07,9279.84,1467.45,9279.84,1467.45,Paid
1102,92,2025-10-05,2025-10-10,9279.84,1375.74,9279.84,1375.74,Paid
1103,92,2025-11-05,2025-11-10,9279.84,1284.02,9279.84,1284.02,Paid
1104,92,2025-12-05,2025-12-07,9279.84,1192.3,9279.84,1192.3,Paid
1105,93,2025-01-05,2025-01-08,12843.1,10293.74,12843.1,10293.74,Paid
1106,93,2025-02-05,2025-02-05,12843.1,10122.18,12843.1,10122.18,Paid
1107,93,2025-03-05,2025-03-09,12843.1,9950.62,12843.1,9950.62,Paid
1108,93,2025-04-05,2025-04-09,12843.1,9779.06,12843.1,9779.06,Paid
1109,93,2025-05-05,2025-05-08,12843.1,9607.49,12843.1,9607.49,Paid
1110,93,2025-06-05,2025-06-10,12843.1,9435.93,12843.1,9435.93,Paid
1111,93,2025-07-05,2025-07-05,12843.1,9264.37,12843.1,9264.37,Paid
1112,93,2025-08-05,2025-08-05,12843.1,9092.81,12843.1,9092.81,Paid
1113,93,2025-09-05,2025-09-09,12843.1,8921.24,12843.1,8921.24,Paid
1114,93,2025-10-05,2025-10-09,12843.1,8749.68,12843.1,8749.68,Paid
1115,93,2025-11-05,2025-11-06,12843.1,8578.12,12843.1,8578.12,Paid
1116,93,2025-12-05,2025-12-07,12843.1,8406.56,12843.1,8406.56,Paid
1117,94,2025-01-05,2025-01-10,9969.33,12082.82,9969.33,12082.82,Paid
1118,94,2025-02-05,2025-02-05,9969.33,11982.13,9969.33,11982.13,Paid
1119,94,2025-03-05,2025-03-10,9969.33,11881.44,9969.33,11881.44,Paid
1120,94,2025-04-05,2025-04-08,9969.33,11780.75,9969.33,11780.75,Paid
1121,94,2025-05-05,2025-05-06,9969.33,11680.06,9969.33,11680.06,Paid
1122,94,2025-06-05,2025-06-08,9969.33,11579.37,9969.33,11579.37,Paid
1123,94,2025-07-05,2025-07-07,9969.33,11478.68,9969.33,11478.68,Paid
1124,94,2025-08-05,2025-08-09,9969.33,11377.99,9969.33,11377.99,Paid
1125,94,2025-09-05,2025-09-07,9969.33,11277.3,9969.33,11277.3,Paid
1126,94,2025-10-05,2025-10-06,9969.33,11176.61,9969.33,11176.61,Paid
1127,94,2025-11-05,2025-11-05,9969.33,11075.92,9969.33,11075.92,Paid
1128,94,2025-12-05,2025-12-07,9969.33,10975.23,9969.33,10975.23,Paid
1129,95,2025-01-05,2025-01-09,21747.46,11423.94,21747.46,11423.94,Paid
1130,95,2025-02-05,2025-02-07,21747.46,11106.61,21747.46,11106.61,Paid
1131,95,2025-03-05,2025-03-10,21747.46,10789.28,21747.46,10789.28,Paid
1132,95,2025-04-05,2025-04-10,21747.46,10471.95,21747.46,10471.95,Paid
1133,95,2025-05-05,2025-05-09,21747.46,10154.62,21747.46,10154.62,Paid
1134,95,2025-06-05,2025-06-06,21747.46,9837.28,21747.46,9837.28,Paid
1135,95,2025-07-05,2025-07-08,21747.46,9519.95,21747.46,9519.95,Paid
1136,95,2025-08-05,2025-08-08,21747.46,9202.62,21747.46,9202.62,Paid
1137,95,2025-09-05,,21747.46,8885.29,0.0,0.0,Unpaid
1138,95,2025-10-05,2025-10-10,21747.46,8885.29,21747.46,8885.29,Paid
1139,95,2025-11-05,,21747.46,8567.96,0.0,0.0,Unpaid
1140,95,2025-12-05,2025-12-07,21747.46,8567.96,21747.46,8567.96,Paid
1141,96,2025-01-05,2025-01-05,13742.59,2517.64,13742.59,2517.64,Paid
1142,96,2025-02-05,2025-02-06,13742.59,2412.74,13742.59,2412.74,Paid
1143,96,2025-03-05,2025-03-10,13742.59,2307.84,13742.59,2307.84,Paid
1144,96,2025-04-05,2025-04-10,13742.59,2202.94,13742.59,2202.94,Paid
1145,96,2025-05-05,2025-05-08,13742.59,2098.04,13742.59,2098.04,Paid
1146,96,2025-06-05,2025-06-09,13742.59,1993.13,13742.59,1993.13,Paid
1147,96,2025-07-05,2025-07-09,13742.59,1888.23,13742.59,1888.23,Paid
1148,96,2025-08-05,2025-08-09,13742.59,1783.33,13742.59,1783.33,Paid
1149,96,2025-09-05,2025-09-05,13742.59,1678.43,13742.59,1678.43,Paid
1150,96,2025-10-05,2025-10-05,13742.59,1573.53,13742.59,1573.53,Paid
1151,96,2025-11-05,2025-11-10,13742.59,1468.63,13742.59,1468.63,Paid
1152,96,2025-12-05,2025-12-05,13742.59,1363.72,13742.59,1363.72,Paid
1153,97,2025-01-05,2025-01-06,12033.66,11095.03,12033.66,11095.03,Paid
1154,97,2025-02-05,2025-02-10,12033.66,11002.57,12033.66,11002.57,Paid
1155,97,2025-03-05,2025-03-08,12033.66,10910.11,12033.66,10910.11,Paid
1156,97,2025-04-05,2025-04-08,12033.66,10817.66,12033.66,10817.66,Paid
1157,97,2025-05-05,2025-05-06,12033.66,10725.2,12033.66,10725.2,Paid
1158,97,2025-06-05,2025-06-08,12033.66,10632.74,12033.66,10632.74,Paid
1159,97,2025-07-05,2025-07-05,12033.66,10540.28,12033.66,10540.28,Paid
1160,97,2025-08-05,2025-08-07,12033.66,10447.82,12033.66,10447.82,Paid
1161,97,2025-09-05,2025-09-07,12033.66,10355.36,12033.66,10355.36,Paid
1162,97,2025-10-05,2025-10-06,12033.66,10262.9,12033.66,10262.9,Paid
1163,97,2025-11-05,2025-11-09,12033.66,10170.45,12033.66,10170.45,Paid
1164,97,2025-12-05,2025-12-05,12033.66,10077.99,12033.66,10077.99,Paid
1165,98,2025-01-05,2025-01-08,22428.79,5806.81,22428.79,5806.81,Paid
1166,98,2025-02-05,,22428.79,5645.51,0.0,0.0,Unpaid
1167,98,2025-03-05,2025-03-07,22428.79,5645.51,22428.79,5645.51,Paid
1168,98,2025-04-05,,22428.79,5484.21,0.0,0.0,Unpaid
1169,98,2025-05-05,,22428.79,5484.21,0.0,0.0,Unpaid
1170,98,2025-06-05,2025-06-05,22428.79,5484.21,22428.79,5484.21,Paid
1171,98,2025-07-05,2025-07-07,22428.79,5322.91,22428.79,5322.91,Paid
1172,98,2025-08-05,2025-08-08,22428.79,5161.61,22428.79,5161.61,Paid
1173,98,2025-09-05,,22428.79,5000.31,0.0,0.0,Unpaid
1174,98,2025-10-05,,22428.79,5000.31,0.0,0.0,Unpaid
1175,98,2025-11-05,2025-11-07,22428.79,5000.31,22428.79,5000.31,Paid
1176,98,2025-12-05,2025-12-10,22428.79,4839.01,22428.79,4839.01,Paid
1177,99,2025-01-05,2025-01-06,13952.6,2865.86,13952.6,2865.86,Paid
1178,99,2025-02-05,2025-02-10,13952.6,2746.45,13952.6,2746.45,Paid
1179,99,2025-03-05,2025-03-08,13952.6,2627.04,13952.6,2627.04,Paid
1180,99,2025-04-05,2025-04-08,13952.6,2507.63,13952.6,2507.63,Paid
1181,99,2025-05-05,2025-05-09,13952.6,2388.22,13952.6,2388.22,Paid
1182,99,2025-06-05,2025-06-05,13952.6,2268.81,13952.6,2268.81,Paid
1183,99,2025-07-05,2025-07-08,13952.6,2149.4,13952.6,2149.4,Paid
1184,99,2025-08-05,2025-08-10,13952.6,2029.99,13952.6,2029.99,Paid
1185,99,2025-09-05,2025-09-06,13952.6,1910.58,13952.6,1910.58,Paid
1186,99,2025-10-05,2025-10-05,13952.6,1791.16,13952.6,1791.16,Paid
1187,99,2025-11-05,2025-11-09,13952.6,1671.75,13952.6,1671.75,Paid
1188,99,2025-12-05,2025-12-10,13952.6,1552.34,13952.6,1552.34,Paid
1189,100,2025-01-05,2025-01-07,22835.13,5740.75,22835.13,5740.75,Paid
1190,100,2025-02-05,2025-02-06,22835.13,5581.29,22835.13,5581.29,Paid
1191,100,2025-03-05,2025-03-07,22835.13,5421.82,22835.13,5421.82,Paid
1192,100,2025-04-05,2025-04-10,22835.13,5262.36,22835.13,5262.36,Paid
1193,100,2025-05-05,2025-05-08,22835.13,5102.89,22835.13,5102.89,Paid
1194,100,2025-06-05,2025-06-05,22835.13,4943.42,22835.13,4943.42,Paid
1195,100,2025-07-05,2025-07-10,22835.13,4783.96,22835.13,4783.96,Paid
1196,100,2025-08-05,2025-08-10,22835.13,4624.49,22835.13,4624.49,Paid
1197,100,2025-09-05,2025-09-06,22835.13,4465.03,22835.13,4465.03,Paid
1198,100,2025-10-05,2025-10-09,22835.13,4305.56,22835.13,4305.56,Paid
1199,100,2025-11-05,,22835.13,4146.1,0.0,0.0,Unpaid
1200,100,2025-12-05,2025-12-05,22835.13,4146.1,22835.13,4146.1,Paid
1201,101,2025-01-05,2025-01-06,6550.78,8345.69,6550.78,8345.69,Paid
1202,101,2025-02-05,2025-02-06,6550.78,8276.14,6550.78,8276.14,Paid
1203,101,2025-03-05,2025-03-09,6550.78,8206.59,6550.78,8206.59,Paid
1204,101,2025-04-05,2025-04-08,6550.78,8137.05,6550.78,8137.05,Paid
1205,101,2025-05-05,2025-05-08,6550.78,8067.5,6550.78,8067.5,Paid
1206,101,2025-06-05,2025-06-10,6550.78,7997.95,6550.78,7997.95,Paid
1207,101,2025-07-05,2025-07-07,6550.78,7928.4,6550.78,7928.4,Paid
1208,101,2025-08-05,2025-08-05,6550.78,7858.86,6550.78,7858.86,Paid
1209,101,2025-09-05,2025-09-10,6550.78,7789.31,6550.78,7789.31,Paid
1210,101,2025-10-05,,6550.78,7719.76,0.0,0.0,Unpaid
1211,101,2025-11-05,2025-11-06,6550.78,7719.76,6550.78,7719.76,Paid
1212,101,2025-12-05,2025-12-06,6550.78,7650.21,6550.78,7650.21,Paid
1213,102,2025-01-05,2025-01-10,9124.73,15877.03,9124.73,15877.03,Paid
1214,102,2025-02-05,2025-02-10,9124.73,15744.72,9124.73,15744.72,Paid
1215,102,2025-03-05,2025-03-09,9124.73,15612.41,9124.73,15612.41,Paid
1216,102,2025-04-05,2025-04-07,9124.73,15480.1,9124.73,15480.1,Paid
1217,102,2025-05-05,2025-05-06,9124.73,15347.79,9124.73,15347.79,Paid
1218,102,2025-06-05,2025-06-05,9124.73,15215.48,9124.73,15215.48,Paid
1219,102,2025-07-05,2025-07-10,9124.73,15083.17,9124.73,15083.17,Paid
1220,102,2025-08-05,2025-08-08,9124.73,14950.87,9124.73,14950.87,Paid
1221,102,2025-09-05,2025-09-07,9124.73,14818.56,9124.73,14818.56,Paid
1222,102,2025-10-05,2025-10-10,9124.73,14686.25,9124.73,14686.25,Paid
1223,102,2025-11-05,2025-11-06,9124.73,14553.94,9124.73,14553.94,Paid
1224,102,2025-12-05,2025-12-10,9124.73,14421.63,9124.73,14421.63,Paid
1225,103,2025-01-05,2025-01-08,7903.8,8883.87,7903.8,8883.87,Paid
1226,103,2025-02-05,2025-02-07,7903.8,8809.84,7903.8,8809.84,Paid
1227,103,2025-03-05,,7903.8,8735.81,0.0,0.0,Unpaid
1228,103,2025-04-05,2025-04-06,7903.8,8735.81,7903.8,8735.81,Paid
1229,103,2025-05-05,2025-05-08,7903.8,8661.78,7903.8,8661.78,Paid
1230,103,2025-06-05,2025-06-10,7903.8,8587.74,7903.8,8587.74,Paid
1231,103,2025-07-05,2025-07-10,7903.8,8513.71,7903.8,8513.71,Paid
1232,103,2025-08-05,2025-08-08,7903.8,8439.68,7903.8,8439.68,Paid
1233,103,2025-09-05,2025-09-10,7903.8,8365.65,7903.8,8365.65,Paid
1234,103,2025-10-05,2025-10-07,7903.8,8291.62,7903.8,8291.62,Paid
1235,103,2025-11-05,2025-11-08,7903.8,8217.58,7903.8,8217.58,Paid
1236,103,2025-12-05,2025-12-07,7903.8,8143.55,7903.8,8143.55,Paid
1237,104,2025-01-05,2025-01-10,16232.38,5376.17,16232.38,5376.17,Paid
1238,104,2025-02-05,2025-02-08,16232.38,5226.83,16232.38,5226.83,Paid
1239,104,2025-03-05,2025-03-10,16232.38,5077.49,16232.38,5077.49,Paid
1240,104,2025-04-05,2025-04-09,16232.38,4928.15,16232.38,4928.15,Paid
1241,104,2025-05-05,2025-05-10,16232.38,4778.81,16232.38,4778.81,Paid
1242,104,2025-06-05,2025-06-05,16232.38,4629.48,16232.38,4629.48,Paid
1243,104,2025-07-05,2025-07-08,16232.38,4480.14,16232.38,4480.14,Paid
1244,104,2025-08-05,2025-08-06,16232.38,4330.8,16232.38,4330.8,Paid
1245,104,2025-09-05,2025-09-08,16232.38,4181.46,16232.38,4181.46,Paid
1246,104,2025-10-05,2025-10-06,16232.38,4032.12,16232.38,4032.12,Paid
1247,104,2025-11-05,2025-11-10,16232.38,3882.79,16232.38,3882.79,Paid
1248,104,2025-12-05,2025-12-09,16232.38,3733.45,16232.38,3733.45,Paid
1249,105,2025-01-05,2025-01-10,3817.02,4172.0,3817.02,4172.0,Paid
1250,105,2025-02-05,2025-02-09,3817.02,4137.24,3817.02,4137.24,Paid
1251,105,2025-03-05,2025-03-06,3817.02,4102.47,3817.02,4102.47,Paid
1252,105,2025-04-05,2025-04-08,3817.02,4067.7,3817.02,4067.7,Paid
1253,105,2025-05-05,2025-05-06,3817.02,4032.94,3817.02,4032.94,Paid
1254,105,2025-06-05,2025-06-08,3817.02,3998.17,3817.02,3998.17,Paid
1255,105,2025-07-05,2025-07-07,3817.02,3963.4,3817.02,3963.4,Paid
1256,105,2025-08-05,2025-08-10,3817.02,3928.64,3817.02,3928.64,Paid
1257,105,2025-09-05,2025-09-05,3817.02,3893.87,3817.02,3893.87,Paid
1258,105,2025-10-05,2025-10-07,3817.02,3859.1,3817.02,3859.1,Paid
1259,105,2025-11-05,2025-11-08,3817.02,3824.34,3817.02,3824.34,Paid
1260,105,2025-12-05,2025-12-09,3817.02,3789.57,3817.02,3789.57,Paid
1261,106,2025-01-05,2025-01-09,69566.03,26650.75,69566.03,26650.75,Paid
1262,106,2025-02-05,2025-02-10,69566.03,25910.45,69566.03,25910.45,Paid
1263,106,2025-03-05,2025-03-08,69566.03,25170.15,69566.03,25170.15,Paid
1264,106,2025-04-05,2025-04-09,69566.03,24429.85,69566.03,24429.85,Paid
1265,106,2025-05-05,2025-05-06,69566.03,23689.55,69566.03,23689.55,Paid
1266,106,2025-06-05,2025-06-10,69566.03,22949.25,69566.03,22949.25,Paid
1267,106,2025-07-05,2025-07-05,69566.03,22208.95,69566.03,22208.95,Paid
1268,106,2025-08-05,2025-08-09,69566.03,21468.66,69566.03,21468.66,Paid
1269,106,2025-09-05,2025-09-05,69566.03,20728.36,69566.03,20728.36,Paid
1270,106,2025-10-05,2025-10-08,69566.03,19988.06,69566.03,19988.06,Paid
1271,106,2025-11-05,2025-11-08,69566.03,19247.76,69566.03,19247.76,Paid
1272,106,2025-12-05,2025-12-10,69566.03,18507.46,69566.03,18507.46,Paid
1273,107,2025-01-05,2025-01-07,11018.77,6043.79,11018.77,6043.79,Paid
1274,107,2025-02-05,2025-02-07,11018.77,5943.06,11018.77,5943.06,Paid
1275,107,2025-03-05,2025-03-08,11018.77,5842.33,11018.77,5842.33,Paid
1276,107,2025-04-05,2025-04-06,11018.77,5741.6,11018.77,5741.6,Paid
1277,107,2025-05-05,2025-05-08,11018.77,5640.87,11018.77,5640.87,Paid
1278,107,2025-06-05,2025-06-06,11018.77,5540.14,11018.77,5540.14,Paid
1279,107,2025-07-05,2025-07-08,11018.77,5439.41,11018.77,5439.41,Paid
1280,107,2025-08-05,2025-08-07,11018.77,5338.68,11018.77,5338.68,Paid
1281,107,2025-09-05,2025-09-09,11018.77,5237.95,11018.77,5237.95,Paid
1282,107,2025-10-05,2025-10-08,11018.77,5137.22,11018.77,5137.22,Paid
1283,107,2025-11-05,2025-11-10,11018.77,5036.49,11018.77,5036.49,Paid
1284,107,2025-12-05,,11018.77,4935.76,0.0,0.0,Unpaid
1285,108,2025-01-05,2025-01-07,6825.78,7214.85,6825.78,7214.85,Paid
1286,108,2025-02-05,2025-02-10,6825.78,7154.72,6825.78,7154.72,Paid
1287,108,2025-03-05,2025-03-06,6825.78,7094.6,6825.78,7094.6,Paid
1288,108,2025-04-05,2025-04-05,6825.78,7034.48,6825.78,7034.48,Paid
1289,108,2025-05-05,2025-05-08,6825.78,6974.35,6825.78,6974.35,Paid
1290,108,2025-06-05,2025-06-08,6825.78,6914.23,6825.78,6914.23,Paid
1291,108,2025-07-05,2025-07-07,6825.78,6854.11,6825.78,6854.11,Paid
1292,108,2025-08-05,2025-08-05,6825.78,6793.98,6825.78,6793.98,Paid
1293,108,2025-09-05,2025-09-05,6825.78,6733.86,6825.78,6733.86,Paid
1294,108,2025-10-05,2025-10-07,6825.78,6673.73,6825.78,6673.73,Paid
1295,108,2025-11-05,2025-11-10,6825.78,6613.61,6825.78,6613.61,Paid
1296,108,2025-12-05,2025-12-05,6825.78,6553.49,6825.78,6553.49,Paid
1297,109,2025-01-05,2025-01-10,2586.61,3616.08,2586.61,3616.08,Paid
1298,109,2025-02-05,2025-02-07,2586.61,3585.95,2586.61,3585.95,Paid
1299,109,2025-03-05,2025-03-07,2586.61,3555.81,2586.61,3555.81,Paid
1300,109,2025-04-05,2025-04-08,2586.61,3525.68,2586.61,3525.68,Paid
1301,109,2025-05-05,2025-05-10,2586.61,3495.55,2586.61,3495.55,Paid
1302,109,2025-06-05,2025-06-08,2586.61,3465.41,2586.61,3465.41,Paid
1303,109,2025-07-05,2025-07-10,2586.61,3435.28,2586.61,3435.28,Paid
1304,109,2025-08-05,2025-08-10,2586.61,3405.14,2586.61,3405.14,Paid
1305,109,2025-09-05,2025-09-10,2586.61,3375.01,2586.61,3375.01,Paid
1306,109,2025-10-05,2025-10-06,2586.61,3344.88,2586.61,3344.88,Paid
1307,109,2025-11-05,2025-11-05,2586.61,3314.74,2586.61,3314.74,Paid
1308,109,2025-12-05,2025-12-10,2586.61,3284.61,2586.61,3284.61,Paid
1309,110,2025-01-05,2025-01-05,81061.44,15742.13,81061.44,15742.13,Paid
1310,110,2025-02-05,2025-02-09,81061.44,15086.21,81061.44,15086.21,Paid
1311,110,2025-03-05,2025-03-09,81061.44,14430.29,81061.44,14430.29,Paid
1312,110,2025-04-05,2025-04-08,81061.44,13774.36,81061.44,13774.36,Paid
1313,110,2025-05-05,2025-05-10,81061.44,13118.44,81061.44,13118.44,Paid
1314,110,2025-06-05,2025-06-09,81061.44,12462.52,81061.44,12462.52,Paid
1315,110,2025-07-05,2025-07-05,81061.44,11806.6,81061.44,11806.6,Paid
1316,110,2025-08-05,2025-08-10,81061.44,11150.68,81061.44,11150.68,Paid
1317,110,2025-09-05,2025-09-07,81061.44,10494.75,81061.44,10494.75,Paid
1318,110,2025-10-05,2025-10-05,81061.44,9838.83,81061.44,9838.83,Paid
1319,110,2025-11-05,2025-11-07,81061.44,9182.91,81061.44,9182.91,Paid
1320,110,2025-12-05,2025-12-07,81061.44,8526.99,81061.44,8526.99,Paid
1321,111,2025-01-05,2025-01-06,42813.47,11414.07,42813.47,11414.07,Paid
1322,111,2025-02-05,2025-02-07,42813.47,10938.49,42813.47,10938.49,Paid
1323,111,2025-03-05,2025-03-07,42813.47,10462.9,42813.47,10462.9,Paid
1324,111,2025-04-05,2025-04-06,42813.47,9987.31,42813.47,9987.31,Paid
1325,111,2025-05-05,2025-05-08,42813.47,9511.73,42813.47,9511.73,Paid
1326,111,2025-06-05,2025-06-07,42813.47,9036.14,42813.47,9036.14,Paid
1327,111,2025-07-05,2025-07-07,42813.47,8560.55,42813.47,8560.55,Paid
1328,111,2025-08-05,2025-08-08,42813.47,8084.97,42813.47,8084.97,Paid
1329,111,2025-09-05,2025-09-06,42813.47,7609.38,42813.47,7609.38,Paid
1330,111,2025-10-05,2025-10-10,42813.47,7133.8,42813.47,7133.8,Paid
1331,111,2025-11-05,2025-11-07,42813.47,6658.21,42813.47,6658.21,Paid
1332,111,2025-12-05,2025-12-08,42813.47,6182.62,42813.47,6182.62,Paid
1333,112,2025-01-05,,13482.59,4837.55,0.0,0.0,Unpaid
1334,112,2025-02-05,2025-02-09,13482.59,4837.55,13482.59,4837.55,Paid
1335,112,2025-03-05,2025-03-08,13482.59,4703.18,13482.59,4703.18,Paid
1336,112,2025-04-05,,13482.59,4568.8,0.0,0.0,Unpaid
1337,112,2025-05-05,2025-05-05,13482.59,4568.8,13482.59,4568.8,Paid
1338,112,2025-06-05,2025-06-05,13482.59,4434.43,13482.59,4434.43,Paid
1339,112,2025-07-05,2025-07-10,13482.59,4300.05,13482.59,4300.05,Paid
1340,112,2025-08-05,,13482.59,4165.67,0.0,0.0,Unpaid
1341,112,2025-09-05,2025-09-08,13482.59,4165.67,13482.59,4165.67,Paid
1342,112,2025-10-05,2025-10-10,13482.59,4031.3,13482.59,4031.3,Paid
1343,112,2025-11-05,2025-11-10,13482.59,3896.92,13482.59,3896.92,Paid
1344,112,2025-12-05,2025-12-05,13482.59,3762.54,13482.59,3762.54,Paid
1345,113,2025-01-05,2025-01-05,8509.58,7999.0,8509.58,7999.0,Paid
1346,113,2025-02-05,2025-02-06,8509.58,7932.34,8509.58,7932.34,Paid
1347,113,2025-03-05,2025-03-07,8509.58,7865.69,8509.58,7865.69,Paid
1348,113,2025-04-05,2025-04-08,8509.58,7799.03,8509.58,7799.03,Paid
1349,113,2025-05-05,,8509.58,7732.37,0.0,0.0,Unpaid
1350,113,2025-06-05,2025-06-05,8509.58,7732.37,8509.58,7732.37,Paid
1351,113,2025-07-05,2025-07-08,8509.58,7665.71,8509.58,7665.71,Paid
1352,113,2025-08-05,2025-08-07,8509.58,7599.05,8509.58,7599.05,Paid
1353,113,2025-09-05,2025-09-09,8509.58,7532.39,8509.58,7532.39,Paid
1354,113,2025-10-05,2025-10-08,8509.58,7465.74,8509.58,7465.74,Paid
1355,113,2025-11-05,2025-11-06,8509.58,7399.08,8509.58,7399.08,Paid
1356,113,2025-12-05,2025-12-05,8509.58,7332.42,8509.58,7332.42,Paid
1357,114,2025-01-05,2025-01-07,6953.86,2844.13,6953.86,2844.13,Paid
1358,114,2025-02-05,2025-02-07,6953.86,2796.73,6953.86,2796.73,Paid
1359,114,2025-03-05,2025-03-05,6953.86,2749.32,6953.86,2749.32,Paid
1360,114,2025-04-05,2025-04-07,6953.86,2701.92,6953.86,2701.92,Paid
1361,114,2025-05-05,2025-05-05,6953.86,2654.52,6953.86,2654.52,Paid
1362,114,2025-06-05,,6953.86,2607.12,0.0,0.0,Unpaid
1363,114,2025-07-05,2025-07-06,6953.86,2607.12,6953.86,2607.12,Paid
1364,114,2025-08-05,2025-08-05,6953.86,2559.72,6953.86,2559.72,Paid
1365,114,2025-09-05,2025-09-06,6953.86,2512.31,6953.86,2512.31,Paid
1366,114,2025-10-05,2025-10-05,6953.86,2464.91,6953.86,2464.91,Paid
1367,114,2025-11-05,,6953.86,2417.51,0.0,0.0,Unpaid
1368,114,2025-12-05,2025-12-08,6953.86,2417.51,6953.86,2417.51,Paid
1369,115,2025-01-05,2025-01-10,16064.11,5845.73,16064.11,5845.73,Paid
1370,115,2025-02-05,2025-02-08,16064.11,5683.35,16064.11,5683.35,Paid
1371,115,2025-03-05,2025-03-10,16064.11,5520.97,16064.11,5520.97,Paid
1372,115,2025-04-05,2025-04-08,16064.11,5358.58,16064.11,5358.58,Paid
1373,115,2025-05-05,2025-05-10,16064.11,5196.2,16064.11,5196.2,Paid
1374,115,2025-06-05,2025-06-07,16064.11,5033.82,16064.11,5033.82,Paid
1375,115,2025-07-05,2025-07-06,16064.11,4871.44,16064.11,4871.44,Paid
1376,115,2025-08-05,2025-08-09,16064.11,4709.06,16064.11,4709.06,Paid
1377,115,2025-09-05,2025-09-09,16064.11,4546.68,16064.11,4546.68,Paid
1378,115,2025-10-05,2025-10-09,16064.11,4384.3,16064.11,4384.3,Paid
1379,115,2025-11-05,2025-11-08,16064.11,4221.92,16064.11,4221.92,Paid
1380,115,2025-12-05,2025-12-10,16064.11,4059.53,16064.11,4059.53,Paid
1381,116,2025-01-05,2025-01-09,3255.3,3681.74,3255.3,3681.74,Paid
1382,116,2025-02-05,2025-02-10,3255.3,3651.06,3255.3,3651.06,Paid
1383,116,2025-03-05,2025-03-07,3255.3,3620.38,3255.3,3620.38,Paid
1384,116,2025-04-05,2025-04-06,3255.3,3589.7,3255.3,3589.7,Paid
1385,116,2025-05-05,2025-05-08,3255.3,3559.02,3255.3,3559.02,Paid
1386,116,2025-06-05,2025-06-10,3255.3,3528.34,3255.3,3528.34,Paid
1387,116,2025-07-05,2025-07-08,3255.3,3497.65,3255.3,3497.65,Paid
1388,116,2025-08-05,2025-08-08,3255.3,3466.97,3255.3,3466.97,Paid
1389,116,2025-09-05,2025-09-08,3255.3,3436.29,3255.3,3436.29,Paid
1390,116,2025-10-05,2025-10-09,3255.3,3405.61,3255.3,3405.61,Paid
1391,116,2025-11-05,2025-11-10,3255.3,3374.93,3255.3,3374.93,Paid
1392,116,2025-12-05,2025-12-08,3255.3,3344.25,3255.3,3344.25,Paid
1393,117,2025-01-05,2025-01-09,5413.79,5532.9,5413.79,5532.9,Paid
1394,117,2025-02-05,2025-02-10,5413.79,5486.79,5413.79,5486.79,Paid
1395,117,2025-03-05,2025-03-10,5413.79,5440.68,5413.79,5440.68,Paid
1396,117,2025-04-05,2025-04-10,5413.79,5394.57,5413.79,5394.57,Paid
1397,117,2025-05-05,2025-05-06,5413.79,5348.47,5413.79,5348.47,Paid
1398,117,2025-06-05,2025-06-05,5413.79,5302.36,5413.79,5302.36,Paid
1399,117,2025-07-05,2025-07-08,5413.79,5256.25,5413.79,5256.25,Paid
1400,117,2025-08-05,2025-08-09,5413.79,5210.14,5413.79,5210.14,Paid
1401,117,2025-09-05,2025-09-07,5413.79,5164.04,5413.79,5164.04,Paid
1402,117,2025-10-05,2025-10-05,5413.79,5117.93,5413.79,5117.93,Paid
1403,117,2025-11-05,2025-11-08,5413.79,5071.82,5413.79,5071.82,Paid
1404,117,2025-12-05,2025-12-09,5413.79,5025.71,5413.79,5025.71,Paid
1405,118,2025-01-05,2025-01-07,30500.13,10065.04,30500.13,10065.04,Paid
1406,118,2025-02-05,2025-02-09,30500.13,9785.46,30500.13,9785.46,Paid
1407,118,2025-03-05,2025-03-08,30500.13,9505.87,30500.13,9505.87,Paid
1408,118,2025-04-05,2025-04-07,30500.13,9226.29,30500.13,9226.29,Paid
1409,118,2025-05-05,2025-05-08,30500.13,8946.71,30500.13,8946.71,Paid
1410,118,2025-06-05,2025-06-09,30500.13,8667.12,30500.13,8667.12,Paid
1411,118,2025-07-05,2025-07-06,30500.13,8387.54,30500.13,8387.54,Paid
1412,118,2025-08-05,2025-08-05,30500.13,8107.95,30500.13,8107.95,Paid
1413,118,2025-09-05,2025-09-08,30500.13,7828.37,30500.13,7828.37,Paid
1414,118,2025-10-05,2025-10-06,30500.13,7548.78,30500.13,7548.78,Paid
1415,118,2025-11-05,2025-11-09,30500.13,7269.2,30500.13,7269.2,Paid
1416,118,2025-12-05,2025-12-08,30500.13,6989.61,30500.13,6989.61,Paid
1417,119,2025-01-05,2025-01-05,53209.1,28429.62,53209.1,28429.62,Paid
1418,119,2025-02-05,2025-02-09,53209.1,27639.91,53209.1,27639.91,Paid
1419,119,2025-03-05,,53209.1,26850.2,0.0,0.0,Unpaid
1420,119,2025-04-05,2025-04-06,53209.1,26850.2,53209.1,26850.2,Paid
1421,119,2025-05-05,,53209.1,26060.49,0.0,0.0,Unpaid
1422,119,2025-06-05,2025-06-06,53209.1,26060.49,53209.1,26060.49,Paid
1423,119,2025-07-05,2025-07-06,53209.1,25270.78,53209.1,25270.78,Paid
1424,119,2025-08-05,2025-08-06,53209.1,24481.07,53209.1,24481.07,Paid
1425,119,2025-09-05,2025-09-07,53209.1,23691.35,53209.1,23691.35,Paid
1426,119,2025-10-05,2025-10-07,53209.1,22901.64,53209.1,22901.64,Paid
1427,119,2025-11-05,2025-11-07,53209.1,22111.93,53209.1,22111.93,Paid
1428,119,2025-12-05,2025-12-10,53209.1,21322.22,53209.1,21322.22,Paid
1429,120,2025-01-05,2025-01-06,75127.69,24386.45,75127.69,24386.45,Paid
1430,120,2025-02-05,2025-02-05,75127.69,23370.35,75127.69,23370.35,Paid
1431,120,2025-03-05,2025-03-08,75127.69,22354.24,75127.69,22354.24,Paid
1432,120,2025-04-05,2025-04-05,75127.69,21338.14,75127.69,21338.14,Paid
1433,120,2025-05-05,2025-05-10,75127.69,20322.04,75127.69,20322.04,Paid
1434,120,2025-06-05,2025-06-09,75127.69,19305.94,75127.69,19305.94,Paid
1435,120,2025-07-05,2025-07-09,75127.69,18289.84,75127.69,18289.84,Paid
1436,120,2025-08-05,2025-08-10,75127.69,17273.73,75127.69,17273.73,Paid
1437,120,2025-09-05,,75127.69,16257.63,0.0,0.0,Unpaid
1438,120,2025-10-05,2025-10-05,75127.69,16257.63,75127.69,16257.63,Paid
1439,120,2025-11-05,2025-11-06,75127.69,15241.53,75127.69,15241.53,Paid
1440,120,2025-12-05,2025-12-06,75127.69,14225.43,75127.69,14225.43,Paid
1441,121,2025-01-05,2025-01-10,14667.13,5288.97,14667.13,5288.97,Paid
1442,121,2025-02-05,2025-02-10,14667.13,5142.05,14667.13,5142.05,Paid
1443,121,2025-03-05,2025-03-06,14667.13,4995.14,14667.13,4995.14,Paid
1444,121,2025-04-05,2025-04-08,14667.13,4848.22,14667.13,4848.22,Paid
1445,121,2025-05-05,2025-05-06,14667.13,4701.3,14667.13,4701.3,Paid
1446,121,2025-06-05,2025-06-09,14667.13,4554.39,14667.13,4554.39,Paid
1447,121,2025-07-05,2025-07-07,14667.13,4407.47,14667.13,4407.47,Paid
1448,121,2025-08-05,2025-08-07,14667.13,4260.56,14667.13,4260.56,Paid
1449,121,2025-09-05,2025-09-09,14667.13,4113.64,14667.13,4113.64,Paid
1450,121,2025-10-05,2025-10-09,14667.13,3966.73,14667.13,3966.73,Paid
1451,121,2025-11-05,2025-11-08,14667.13,3819.81,14667.13,3819.81,Paid
1452,121,2025-12-05,2025-12-07,14667.13,3672.89,14667.13,3672.89,Paid
1453,122,2025-01-05,2025-01-09,24258.27,4638.18,24258.27,4638.18,Paid
1454,122,2025-02-05,2025-02-09,24258.27,4444.92,24258.27,4444.92,Paid
1455,122,2025-03-05,,24258.27,4251.67,0.0,0.0,Unpaid
1456,122,2025-04-05,2025-04-09,24258.27,4251.67,24258.27,4251.67,Paid
1457,122,2025-05-05,2025-05-09,24258.27,4058.41,24258.27,4058.41,Paid
1458,122,2025-06-05,2025-06-10,24258.27,3865.15,24258.27,3865.15,Paid
1459,122,2025-07-05,2025-07-07,24258.27,3671.89,24258.27,3671.89,Paid
1460,122,2025-08-05,2025-08-07,24258.27,3478.64,24258.27,3478.64,Paid
1461,122,2025-09-05,,24258.27,3285.38,0.0,0.0,Unpaid
1462,122,2025-10-05,2025-10-05,24258.27,3285.38,24258.27,3285.38,Paid
1463,122,2025-11-05,2025-11-06,24258.27,3092.12,24258.27,3092.12,Paid
1464,122,2025-12-05,2025-12-08,24258.27,2898.86,24258.27,2898.86,Paid
1465,123,2025-01-05,2025-01-06,22936.96,11927.22,22936.96,11927.22,Paid
1466,123,2025-02-05,2025-02-09,22936.96,11728.43,22936.96,11728.43,Paid
1467,123,2025-03-05,2025-03-09,22936.96,11529.65,22936.96,11529.65,Paid
1468,123,2025-04-05,2025-04-07,22936.96,11330.86,22936.96,11330.86,Paid
1469,123,2025-05-05,2025-05-07,22936.96,11132.07,22936.96,11132.07,Paid
1470,123,2025-06-05,2025-06-06,22936.96,10933.29,22936.96,10933.29,Paid
1471,123,2025-07-05,2025-07-05,22936.96,10734.5,22936.96,10734.5,Paid
1472,123,2025-08-05,2025-08-10,22936.96,10535.71,22936.96,10535.71,Paid
1473,123,2025-09-05,2025-09-08,22936.96,10336.92,22936.96,10336.92,Paid
1474,123,2025-10-05,2025-10-09,22936.96,10138.14,22936.96,10138.14,Paid
1475,123,2025-11-05,2025-11-09,22936.96,9939.35,22936.96,9939.35,Paid
1476,123,2025-12-05,2025-12-07,22936.96,9740.56,22936.96,9740.56,Paid
1477,124,2025-01-05,2025-01-07,60441.23,21106.08,60441.23,21106.08,Paid
1478,124,2025-02-05,2025-02-09,60441.23,20226.66,60441.23,20226.66,Paid
1479,124,2025-03-05,2025-03-10,60441.23,19347.24,60441.23,19347.24,Paid
1480,124,2025-04-05,2025-04-06,60441.23,18467.82,60441.23,18467.82,Paid
1481,124,2025-05-05,2025-05-09,60441.23,17588.4,60441.23,17588.4,Paid
1482,124,2025-06-05,2025-06-09,60441.23,16708.98,60441.23,16708.98,Paid
1483,124,2025-07-05,2025-07-05,60441.23,15829.56,60441.23,15829.56,Paid
1484,124,2025-08-05,2025-08-09,60441.23,14950.14,60441.23,14950.14,Paid
1485,124,2025-09-05,2025-09-06,60441.23,14070.72,60441.23,14070.72,Paid
1486,124,2025-10-05,2025-10-07,60441.23,13191.3,60441.23,13191.3,Paid
1487,124,2025-11-05,2025-11-08,60441.23,12311.88,60441.23,12311.88,Paid
1488,124,2025-12-05,2025-12-07,60441.23,11432.46,60441.23,11432.46,Paid
1489,125,2025-01-05,2025-01-05,3288.35,3344.25,3288.35,3344.25,Paid
1490,125,2025-02-05,2025-02-08,3288.35,3316.38,3288.35,3316.38,Paid
1491,125,2025-03-05,,3288.35,3288.51,0.0,0.0,Unpaid
1492,125,2025-04-05,2025-04-10,3288.35,3288.51,3288.35,3288.51,Paid
1493,125,2025-05-05,2025-05-09,3288.35,3260.64,3288.35,3260.64,Paid
1494,125,2025-06-05,2025-06-08,3288.35,3232.77,3288.35,3232.77,Paid
1495,125,2025-07-05,2025-07-08,3288.35,3204.91,3288.35,3204.91,Paid
1496,125,2025-08-05,2025-08-06,3288.35,3177.04,3288.35,3177.04,Paid
1497,125,2025-09-05,2025-09-05,3288.35,3149.17,3288.35,3149.17,Paid
1498,125,2025-10-05,2025-10-05,3288.35,3121.3,3288.35,3121.3,Paid
1499,125,2025-11-05,2025-11-08,3288.35,3093.43,3288.35,3093.43,Paid
1500,125,2025-12-05,2025-12-06,3288.35,3065.56,3288.35,3065.56,Paid
1501,126,2025-01-05,2025-01-06,33415.89,7117.58,33415.89,7117.58,Paid
1502,126,2025-02-05,2025-02-07,33415.89,6821.02,33415.89,6821.02,Paid
1503,126,2025-03-05,2025-03-05,33415.89,6524.45,33415.89,6524.45,Paid
1504,126,2025-04-05,2025-04-08,33415.89,6227.89,33415.89,6227.89,Paid
1505,126,2025-05-05,2025-05-06,33415.89,5931.32,33415.89,5931.32,Paid
1506,126,2025-06-05,2025-06-10,33415.89,5634.75,33415.89,5634.75,Paid
1507,126,2025-07-05,2025-07-07,33415.89,5338.19,33415.89,5338.19,Paid
1508,126,2025-08-05,2025-08-05,33415.89,5041.62,33415.89,5041.62,Paid
1509,126,2025-09-05,2025-09-09,33415.89,4745.06,33415.89,4745.06,Paid
1510,126,2025-10-05,2025-10-10,33415.89,4448.49,33415.89,4448.49,Paid
1511,126,2025-11-05,2025-11-10,33415.89,4151.92,33415.89,4151.92,Paid
1512,126,2025-12-05,2025-12-09,33415.89,3855.36,33415.89,3855.36,Paid
1513,127,2025-01-05,,20562.07,9191.25,0.0,0.0,Unpaid
1514,127,2025-02-05,2025-02-10,20562.07,9191.25,20562.07,9191.25,Paid
1515,127,2025-03-05,2025-03-07,20562.07,8935.93,20562.07,8935.93,Paid
1516,127,2025-04-05,2025-04-08,20562.07,8680.62,20562.07,8680.62,Paid
1517,127,2025-05-05,2025-05-05,20562.07,8425.31,20562.07,8425.31,Paid
1518,127,2025-06-05,2025-06-09,20562.07,8170.0,20562.07,8170.0,Paid
1519,127,2025-07-05,,20562.07,7914.68,0.0,0.0,Unpaid
1520,127,2025-08-05,2025-08-05,20562.07,7914.68,20562.07,7914.68,Paid
1521,127,2025-09-05,2025-09-06,20562.07,7659.37,20562.07,7659.37,Paid
1522,127,2025-10-05,2025-10-05,20562.07,7404.06,20562.07,7404.06,Paid
1523,127,2025-11-05,2025-11-07,20562.07,7148.75,20562.07,7148.75,Paid
1524,127,2025-12-05,2025-12-10,20562.07,6893.43,20562.07,6893.43,Paid
1525,128,2025-01-05,,9002.31,7841.01,0.0,0.0,Unpaid
1526,128,2025-02-05,2025-02-08,9002.31,7841.01,9002.31,7841.01,Paid
1527,128,2025-03-05,2025-03-07,9002.31,7775.67,9002.31,7775.67,Paid
1528,128,2025-04-05,2025-04-07,9002.31,7710.33,9002.31,7710.33,Paid
1529,128,2025-05-05,,9002.31,7644.99,0.0,0.0,Unpaid
1530,128,2025-06-05,2025-06-07,9002.31,7644.99,9002.31,7644.99,Paid
1531,128,2025-07-05,2025-07-10,9002.31,7579.65,9002.31,7579.65,Paid
1532,128,2025-08-05,2025-08-09,9002.31,7514.3,9002.31,7514.3,Paid
1533,128,2025-09-05,2025-09-10,9002.31,7448.96,9002.31,7448.96,Paid
1534,128,2025-10-05,2025-10-06,9002.31,7383.62,9002.31,7383.62,Paid
1535,128,2025-11-05,2025-11-10,9002.31,7318.28,9002.31,7318.28,Paid
1536,128,2025-12-05,2025-12-08,9002.31,7252.94,9002.31,7252.94,Paid
1537,129,2025-01-05,2025-01-06,10163.07,3692.24,10163.07,3692.24,Paid
1538,129,2025-02-05,2025-02-09,10163.07,3589.68,10163.07,3589.68,Paid
1539,129,2025-03-05,2025-03-08,10163.07,3487.12,10163.07,3487.12,Paid
1540,129,2025-04-05,2025-04-10,10163.07,3384.55,10163.07,3384.55,Paid
1541,129,2025-05-05,2025-05-06,10163.07,3281.99,10163.07,3281.99,Paid
1542,129,2025-06-05,2025-06-09,10163.07,3179.43,10163.07,3179.43,Paid
1543,129,2025-07-05,2025-07-08,10163.07,3076.87,10163.07,3076.87,Paid
1544,129,2025-08-05,2025-08-07,10163.07,2974.31,10163.07,2974.31,Paid
1545,129,2025-09-05,2025-09-09,10163.07,2871.74,10163.07,2871.74,Paid
1546,129,2025-10-05,2025-10-07,10163.07,2769.18,10163.07,2769.18,Paid
1547,129,2025-11-05,,10163.07,2666.62,0.0,0.0,Unpaid
1548,129,2025-12-05,2025-12-09,10163.07,2666.62,10163.07,2666.62,Paid
1549,130,2025-01-05,2025-01-05,5753.35,3440.5,5753.35,3440.5,Paid
1550,130,2025-02-05,2025-02-06,5753.35,3383.16,5753.35,3383.16,Paid
1551,130,2025-03-05,2025-03-08,5753.35,3325.82,5753.35,3325.82,Paid
1552,130,2025-04-05,2025-04-09,5753.35,3268.48,5753.35,3268.48,Paid
1553,130,2025-05-05,2025-05-06,5753.35,3211.14,5753.35,3211.14,Paid
1554,130,2025-06-05,2025-06-05,5753.35,3153.79,5753.35,3153.79,Paid
1555,130,2025-07-05,2025-07-06,5753.35,3096.45,5753.35,3096.45,Paid
1556,130,2025-08-05,2025-08-10,5753.35,3039.11,5753.35,3039.11,Paid
1557,130,2025-09-05,2025-09-10,5753.35,2981.77,5753.35,2981.77,Paid
1558,130,2025-10-05,2025-10-08,5753.35,2924.43,5753.35,2924.43,Paid
1559,130,2025-11-05,2025-11-09,5753.35,2867.09,5753.35,2867.09,Paid
1560,130,2025-12-05,2025-12-09,5753.35,2809.74,5753.35,2809.74,Paid
1561,131,2025-01-05,2025-01-10,24860.6,11261.85,24860.6,11261.85,Paid
1562,131,2025-02-05,2025-02-07,24860.6,10949.02,24860.6,10949.02,Paid
1563,131,2025-03-05,2025-03-06,24860.6,10636.19,24860.6,10636.19,Paid
1564,131,2025-04-05,2025-04-10,24860.6,10323.36,24860.6,10323.36,Paid
1565,131,2025-05-05,,24860.6,10010.54,0.0,0.0,Unpaid
1566,131,2025-06-05,2025-06-05,24860.6,10010.54,24860.6,10010.54,Paid
1567,131,2025-07-05,2025-07-07,24860.6,9697.71,24860.6,9697.71,Paid
1568,131,2025-08-05,2025-08-09,24860.6,9384.88,24860.6,9384.88,Paid
1569,131,2025-09-05,,24860.6,9072.05,0.0,0.0,Unpaid
1570,131,2025-10-05,2025-10-09,24860.6,9072.05,24860.6,9072.05,Paid
1571,131,2025-11-05,2025-11-08,24860.6,8759.22,24860.6,8759.22,Paid
1572,131,2025-12-05,2025-12-07,24860.6,8446.39,24860.6,8446.39,Paid
1573,132,2025-01-05,2025-01-07,77574.69,13808.29,77574.69,13808.29,Paid
1574,132,2025-02-05,2025-02-08,77574.69,13232.95,77574.69,13232.95,Paid
1575,132,2025-03-05,2025-03-05,77574.69,12657.6,77574.69,12657.6,Paid
1576,132,2025-04-05,2025-04-06,77574.69,12082.26,77574.69,12082.26,Paid
1577,132,2025-05-05,2025-05-08,77574.69,11506.91,77574.69,11506.91,Paid
1578,132,2025-06-05,2025-06-05,77574.69,10931.57,77574.69,10931.57,Paid
1579,132,2025-07-05,2025-07-07,77574.69,10356.22,77574.69,10356.22,Paid
1580,132,2025-08-05,2025-08-07,77574.69,9780.87,77574.69,9780.87,Paid
1581,132,2025-09-05,2025-09-06,77574.69,9205.53,77574.69,9205.53,Paid
1582,132,2025-10-05,2025-10-10,77574.69,8630.18,77574.69,8630.18,Paid
1583,132,2025-11-05,2025-11-05,77574.69,8054.84,77574.69,8054.84,Paid
1584,132,2025-12-05,2025-12-05,77574.69,7479.49,77574.69,7479.49,Paid
1585,133,2025-01-05,2025-01-08,21309.47,16802.52,21309.47,16802.52,Paid
1586,133,2025-02-05,2025-02-05,21309.47,16522.48,21309.47,16522.48,Paid
1587,133,2025-03-05,2025-03-08,21309.47,16242.44,21309.47,16242.44,Paid
1588,133,2025-04-05,2025-04-10,21309.47,15962.39,21309.47,15962.39,Paid
1589,133,2025-05-05,2025-05-08,21309.47,15682.35,21309.47,15682.35,Paid
1590,133,2025-06-05,2025-06-09,21309.47,15402.31,21309.47,15402.31,Paid
1591,133,2025-07-05,2025-07-08,21309.47,15122.27,21309.47,15122.27,Paid
1592,133,2025-08-05,2025-08-10,21309.47,14842.23,21309.47,14842.23,Paid
1593,133,2025-09-05,2025-09-10,21309.47,14562.19,21309.47,14562.19,Paid
1594,133,2025-10-05,2025-10-07,21309.47,14282.14,21309.47,14282.14,Paid
1595,133,2025-11-05,2025-11-07,21309.47,14002.1,21309.47,14002.1,Paid
1596,133,2025-12-05,2025-12-05,21309.47,13722.06,21309.47,13722.06,Paid
1597,134,2025-01-05,2025-01-05,36774.89,13967.1,36774.89,13967.1,Paid
1598,134,2025-02-05,2025-02-05,36774.89,13579.13,36774.89,13579.13,Paid
1599,134,2025-03-05,2025-03-09,36774.89,13191.15,36774.89,13191.15,Paid
1600,134,2025-04-05,2025-04-07,36774.89,12803.18,36774.89,12803.18,Paid
1601,134,2025-05-05,2025-05-07,36774.89,12415.2,36774.89,12415.2,Paid
1602,134,2025-06-05,2025-06-05,36774.89,12027.23,36774.89,12027.23,Paid
1603,134,2025-07-05,2025-07-08,36774.89,11639.25,36774.89,11639.25,Paid
1604,134,2025-08-05,2025-08-06,36774.89,11251.28,36774.89,11251.28,Paid
1605,134,2025-09-05,2025-09-07,36774.89,10863.3,36774.89,10863.3,Paid
1606,134,2025-10-05,2025-10-09,36774.89,10475.33,36774.89,10475.33,Paid
1607,134,2025-11-05,2025-11-05,36774.89,10087.35,36774.89,10087.35,Paid
1608,134,2025-12-05,2025-12-10,36774.89,9699.38,36774.89,9699.38,Paid
1609,135,2025-01-05,2025-01-08,34436.44,6563.59,34436.44,6563.59,Paid
1610,135,2025-02-05,2025-02-08,34436.44,6290.1,34436.44,6290.1,Paid
1611,135,2025-03-05,2025-03-07,34436.44,6016.62,34436.44,6016.62,Paid
1612,135,2025-04-05,2025-04-08,34436.44,5743.14,34436.44,5743.14,Paid
1613,135,2025-05-05,2025-05-09,34436.44,5469.66,34436.44,5469.66,Paid
1614,135,2025-06-05,2025-06-07,34436.44,5196.17,34436.44,5196.17,Paid
1615,135,2025-07-05,2025-07-06,34436.44,4922.69,34436.44,4922.69,Paid
1616,135,2025-08-05,2025-08-09,34436.44,4649.21,34436.44,4649.21,Paid
1617,135,2025-09-05,2025-09-07,34436.44,4375.72,34436.44,4375.72,Paid
1618,135,2025-10-05,2025-10-09,34436.44,4102.24,34436.44,4102.24,Paid
1619,135,2025-11-05,,34436.44,3828.76,0.0,0.0,Unpaid
1620,135,2025-12-05,2025-12-07,34436.44,3828.76,34436.44,3828.76,Paid
1621,136,2025-01-05,2025-01-06,35997.85,11166.53,35997.85,11166.53,Paid
1622,136,2025-02-05,2025-02-10,35997.85,10701.26,35997.85,10701.26,Paid
1623,136,2025-03-05,2025-03-06,35997.85,10235.99,35997.85,10235.99,Paid
1624,136,2025-04-05,2025-04-06,35997.85,9770.72,35997.85,9770.72,Paid
1625,136,2025-05-05,2025-05-05,35997.85,9305.44,35997.85,9305.44,Paid
1626,136,2025-06-05,2025-06-09,35997.85,8840.17,35997.85,8840.17,Paid
1627,136,2025-07-05,2025-07-10,35997.85,8374.9,35997.85,8374.9,Paid
1628,136,2025-08-05,2025-08-10,35997.85,7909.63,35997.85,7909.63,Paid
1629,136,2025-09-05,2025-09-07,35997.85,7444.35,35997.85,7444.35,Paid
1630,136,2025-10-05,2025-10-05,35997.85,6979.08,35997.85,6979.08,Paid
1631,136,2025-11-05,2025-11-09,35997.85,6513.81,35997.85,6513.81,Paid
1632,136,2025-12-05,2025-12-10,35997.85,6048.54,35997.85,6048.54,Paid
1633,137,2025-01-05,2025-01-06,17273.43,8947.64,17273.43,8947.64,Paid
1634,137,2025-02-05,,17273.43,8798.51,0.0,0.0,Unpaid
1635,137,2025-03-05,2025-03-05,17273.43,8798.51,17273.43,8798.51,Paid
1636,137,2025-04-05,2025-04-08,17273.43,8649.38,17273.43,8649.38,Paid
1637,137,2025-05-05,2025-05-08,17273.43,8500.25,17273.43,8500.25,Paid
1638,137,2025-06-05,2025-06-06,17273.43,8351.13,17273.43,8351.13,Paid
1639,137,2025-07-05,2025-07-10,17273.43,8202.0,17273.43,8202.0,Paid
1640,137,2025-08-05,2025-08-06,17273.43,8052.87,17273.43,8052.87,Paid
1641,137,2025-09-05,2025-09-08,17273.43,7903.75,17273.43,7903.75,Paid
1642,137,2025-10-05,2025-10-07,17273.43,7754.62,17273.43,7754.62,Paid
1643,137,2025-11-05,2025-11-05,17273.43,7605.49,17273.43,7605.49,Paid
1644,137,2025-12-05,2025-12-09,17273.43,7456.36,17273.43,7456.36,Paid
1645,138,2025-01-05,2025-01-10,43697.26,23059.04,43697.26,23059.04,Paid
1646,138,2025-02-05,2025-02-09,43697.26,22418.51,43697.26,22418.51,Paid
1647,138,2025-03-05,2025-03-06,43697.26,21777.98,43697.26,21777.98,Paid
1648,138,2025-04-05,,43697.26,21137.46,0.0,0.0,Unpaid
1649,138,2025-05-05,2025-05-08,43697.26,21137.46,43697.26,21137.46,Paid
1650,138,2025-06-05,2025-06-10,43697.26,20496.93,43697.26,20496.93,Paid
1651,138,2025-07-05,2025-07-06,43697.26,19856.4,43697.26,19856.4,Paid
1652,138,2025-08-05,2025-08-06,43697.26,19215.87,43697.26,19215.87,Paid
1653,138,2025-09-05,2025-09-09,43697.26,18575.34,43697.26,18575.34,Paid
1654,138,2025-10-05,,43697.26,17934.81,0.0,0.0,Unpaid
1655,138,2025-11-05,2025-11-09,43697.26,17934.81,43697.26,17934.81,Paid
1656,138,2025-12-05,,43697.26,17294.28,0.0,0.0,Unpaid
1657,139,2025-01-05,2025-01-10,20898.0,4685.33,20898.0,4685.33,Paid
1658,139,2025-02-05,2025-02-05,20898.0,4490.11,20898.0,4490.11,Paid
1659,139,2025-03-05,2025-03-05,20898.0,4294.89,20898.0,4294.89,Paid
1660,139,2025-04-05,2025-04-07,20898.0,4099.66,20898.0,4099.66,Paid
1661,139,2025-05-05,2025-05-09,20898.0,3904.44,20898.0,3904.44,Paid
1662,139,2025-06-05,2025-06-09,20898.0,3709.22,20898.0,3709.22,Paid
1663,139,2025-07-05,2025-07-08,20898.0,3514.0,20898.0,3514.0,Paid
1664,139,2025-08-05,2025-08-10,20898.0,3318.78,20898.0,3318.78,Paid
1665,139,2025-09-05,2025-09-10,20898.0,3123.55,20898.0,3123.55,Paid
1666,139,2025-10-05,2025-10-05,20898.0,2928.33,20898.0,2928.33,Paid
1667,139,2025-11-05,2025-11-05,20898.0,2733.11,20898.0,2733.11,Paid
1668,139,2025-12-05,2025-12-09,20898.0,2537.89,20898.0,2537.89,Paid
1669,140,2025-01-05,2025-01-06,34464.27,12376.12,34464.27,12376.12,Paid
1670,140,2025-02-05,2025-02-07,34464.27,12032.34,34464.27,12032.34,Paid
1671,140,2025-03-05,2025-03-05,34464.27,11688.56,34464.27,11688.56,Paid
1672,140,2025-04-05,2025-04-10,34464.27,11344.78,34464.27,11344.78,Paid
1673,140,2025-05-05,2025-05-05,34464.27,11000.99,34464.27,11000.99,Paid
1674,140,2025-06-05,2025-06-09,34464.27,10657.21,34464.27,10657.21,Paid
1675,140,2025-07-05,2025-07-07,34464.27,10313.43,34464.27,10313.43,Paid
1676,140,2025-08-05,2025-08-05,34464.27,9969.65,34464.27,9969.65,Paid
1677,140,2025-09-05,2025-09-07,34464.27,9625.87,34464.27,9625.87,Paid
1678,140,2025-10-05,2025-10-09,34464.27,9282.09,34464.27,9282.09,Paid
1679,140,2025-11-05,2025-11-05,34464.27,8938.31,34464.27,8938.31,Paid
1680,140,2025-12-05,2025-12-08,34464.27,8594.53,34464.27,8594.53,Paid
1681,141,2025-01-05,2025-01-06,17516.26,9001.61,17516.26,9001.61,Paid
1682,141,2025-02-05,2025-02-05,17516.26,8751.56,17516.26,8751.56,Paid
1683,141,2025-03-05,2025-03-07,17516.26,8501.52,17516.26,8501.52,Paid
1684,141,2025-04-05,2025-04-10,17516.26,8251.47,17516.26,8251.47,Paid
1685,141,2025-05-05,2025-05-05,17516.26,8001.43,17516.26,8001.43,Paid
1686,141,2025-06-05,2025-06-08,17516.26,7751.38,17516.26,7751.38,Paid
1687,141,2025-07-05,2025-07-06,17516.26,7501.34,17516.26,7501.34,Paid
1688,141,2025-08-05,2025-08-10,17516.26,7251.29,17516.26,7251.29,Paid
1689,141,2025-09-05,2025-09-05,17516.26,7001.25,17516.26,7001.25,Paid
1690,141,2025-10-05,2025-10-10,17516.26,6751.21,17516.26,6751.21,Paid
1691,141,2025-11-05,2025-11-09,17516.26,6501.16,17516.26,6501.16,Paid
1692,141,2025-12-05,2025-12-08,17516.26,6251.12,17516.26,6251.12,Paid
1693,142,2025-01-05,2025-01-07,19836.56,7101.49,19836.56,7101.49,Paid
1694,142,2025-02-05,2025-02-05,19836.56,6805.59,19836.56,6805.59,Paid
1695,142,2025-03-05,2025-03-09,19836.56,6509.7,19836.56,6509.7,Paid
1696,142,2025-04-05,2025-04-09,19836.56,6213.8,19836.56,6213.8,Paid
1697,142,2025-05-05,2025-05-06,19836.56,5917.91,19836.56,5917.91,Paid
1698,142,2025-06-05,2025-06-10,19836.56,5622.01,19836.56,5622.01,Paid
1699,142,2025-07-05,2025-07-06,19836.56,5326.12,19836.56,5326.12,Paid
1700,142,2025-08-05,2025-08-08,19836.56,5030.22,19836.56,5030.22,Paid
1701,142,2025-09-05,2025-09-09,19836.56,4734.32,19836.56,4734.32,Paid
1702,142,2025-10-05,2025-10-07,19836.56,4438.43,19836.56,4438.43,Paid
1703,142,2025-11-05,2025-11-09,19836.56,4142.53,19836.56,4142.53,Paid
1704,142,2025-12-05,2025-12-06,19836.56,3846.64,19836.56,3846.64,Paid
1705,143,2025-01-05,2025-01-07,10021.82,16836.66,10021.82,16836.66,Paid
1706,143,2025-02-05,2025-02-06,10021.82,16696.35,10021.82,16696.35,Paid
1707,143,2025-03-05,2025-03-09,10021.82,16556.05,10021.82,16556.05,Paid
1708,143,2025-04-05,2025-04-08,10021.82,16415.74,10021.82,16415.74,Paid
1709,143,2025-05-05,2025-05-07,10021.82,16275.44,10021.82,16275.44,Paid
1710,143,2025-06-05,2025-06-10,10021.82,16135.13,10021.82,16135.13,Paid
1711,143,2025-07-05,2025-07-05,10021.82,15994.83,10021.82,15994.83,Paid
1712,143,2025-08-05,2025-08-08,10021.82,15854.52,10021.82,15854.52,Paid
1713,143,2025-09-05,2025-09-09,10021.82,15714.22,10021.82,15714.22,Paid
1714,143,2025-10-05,2025-10-05,10021.82,15573.91,10021.82,15573.91,Paid
1715,143,2025-11-05,2025-11-09,10021.82,15433.6,10021.82,15433.6,Paid
1716,143,2025-12-05,2025-12-06,10021.82,15293.3,10021.82,15293.3,Paid
1717,144,2025-01-05,2025-01-05,6961.69,6070.59,6961.69,6070.59,Paid
1718,144,2025-02-05,2025-02-10,6961.69,5969.41,6961.69,5969.41,Paid
1719,144,2025-03-05,2025-03-06,6961.69,5868.24,6961.69,5868.24,Paid
1720,144,2025-04-05,2025-04-09,6961.69,5767.06,6961.69,5767.06,Paid
1721,144,2025-05-05,2025-05-09,6961.69,5665.88,6961.69,5665.88,Paid
1722,144,2025-06-05,2025-06-05,6961.69,5564.71,6961.69,5564.71,Paid
1723,144,2025-07-05,2025-07-10,6961.69,5463.53,6961.69,5463.53,Paid
1724,144,2025-08-05,2025-08-05,6961.69,5362.35,6961.69,5362.35,Paid
1725,144,2025-09-05,2025-09-09,6961.69,5261.18,6961.69,5261.18,Paid
1726,144,2025-10-05,2025-10-08,6961.69,5160.0,6961.69,5160.0,Paid
1727,144,2025-11-05,2025-11-07,6961.69,5058.82,6961.69,5058.82,Paid
1728,144,2025-12-05,2025-12-08,6961.69,4957.65,6961.69,4957.65,Paid
1729,145,2025-01-05,2025-01-09,4785.71,7614.07,4785.71,7614.07,Paid
1730,145,2025-02-05,2025-02-08,4785.71,7550.61,4785.71,7550.61,Paid
1731,145,2025-03-05,2025-03-10,4785.71,7487.16,4785.71,7487.16,Paid
1732,145,2025-04-05,2025-04-10,4785.71,7423.71,4785.71,7423.71,Paid
1733,145,2025-05-05,,4785.71,7360.26,0.0,0.0,Unpaid
1734,145,2025-06-05,2025-06-10,4785.71,7360.26,4785.71,7360.26,Paid
1735,145,2025-07-05,2025-07-05,4785.71,7296.81,4785.71,7296.81,Paid
1736,145,2025-08-05,,4785.71,7233.36,0.0,0.0,Unpaid
1737,145,2025-09-05,2025-09-05,4785.71,7233.36,4785.71,7233.36,Paid
1738,145,2025-10-05,2025-10-08,4785.71,7169.91,4785.71,7169.91,Paid
1739,145,2025-11-05,2025-11-10,4785.71,7106.46,4785.71,7106.46,Paid
1740,145,2025-12-05,2025-12-05,4785.71,7043.01,4785.71,7043.01,Paid
1741,146,2025-01-05,2025-01-09,5189.66,6154.94,5189.66,6154.94,Paid
1742,146,2025-02-05,2025-02-10,5189.66,6103.64,5189.66,6103.64,Paid
1743,146,2025-03-05,2025-03-08,5189.66,6052.35,5189.66,6052.35,Paid
1744,146,2025-04-05,2025-04-08,5189.66,6001.06,5189.66,6001.06,Paid
1745,146,2025-05-05,2025-05-05,5189.66,5949.77,5189.66,5949.77,Paid
1746,146,2025-06-05,2025-06-05,5189.66,5898.48,5189.66,5898.48,Paid
1747,146,2025-07-05,2025-07-08,5189.66,5847.19,5189.66,5847.19,Paid
1748,146,2025-08-05,2025-08-10,5189.66,5795.9,5189.66,5795.9,Paid
1749,146,2025-09-05,2025-09-06,5189.66,5744.61,5189.66,5744.61,Paid
1750,146,2025-10-05,2025-10-09,5189.66,5693.32,5189.66,5693.32,Paid
1751,146,2025-11-05,2025-11-07,5189.66,5642.02,5189.66,5642.02,Paid
1752,146,2025-12-05,2025-12-10,5189.66,5590.73,5189.66,5590.73,Paid
1753,147,2025-01-05,2025-01-05,12886.62,4056.71,12886.62,4056.71,Paid
1754,147,2025-02-05,2025-02-06,12886.62,3887.68,12886.62,3887.68,Paid
1755,147,2025-03-05,2025-03-05,12886.62,3718.65,12886.62,3718.65,Paid
1756,147,2025-04-05,2025-04-06,12886.62,3549.62,12886.62,3549.62,Paid
1757,147,2025-05-05,2025-05-08,12886.62,3380.59,12886.62,3380.59,Paid
1758,147,2025-06-05,2025-06-07,12886.62,3211.56,12886.62,3211.56,Paid
1759,147,2025-07-05,2025-07-06,12886.62,3042.53,12886.62,3042.53,Paid
1760,147,2025-08-05,2025-08-08,12886.62,2873.5,12886.62,2873.5,Paid
1761,147,2025-09-05,2025-09-09,12886.62,2704.47,12886.62,2704.47,Paid
1762,147,2025-10-05,2025-10-05,12886.62,2535.44,12886.62,2535.44,Paid
1763,147,2025-11-05,2025-11-10,12886.62,2366.41,12886.62,2366.41,Paid
1764,147,2025-12-05,2025-12-10,12886.62,2197.38,12886.62,2197.38,Paid
1765,148,2025-01-05,2025-01-08,14727.72,3817.43,14727.72,3817.43,Paid
1766,148,2025-02-05,2025-02-09,14727.72,3658.37,14727.72,3658.37,Paid
1767,148,2025-03-05,2025-03-09,14727.72,3499.31,14727.72,3499.31,Paid
1768,148,2025-04-05,2025-04-05,14727.72,3340.25,14727.72,3340.25,Paid
1769,148,2025-05-05,2025-05-08,14727.72,3181.19,14727.72,3181.19,Paid
1770,148,2025-06-05,2025-06-08,14727.72,3022.13,14727.72,3022.13,Paid
1771,148,2025-07-05,2025-07-05,14727.72,2863.07,14727.72,2863.07,Paid
1772,148,2025-08-05,2025-08-10,14727.72,2704.01,14727.72,2704.01,Paid
1773,148,2025-09-05,2025-09-05,14727.72,2544.95,14727.72,2544.95,Paid
1774,148,2025-10-05,2025-10-09,14727.72,2385.89,14727.72,2385.89,Paid
1775,148,2025-11-05,2025-11-05,14727.72,2226.83,14727.72,2226.83,Paid
1776,148,2025-12-05,2025-12-09,14727.72,2067.77,14727.72,2067.77,Paid
1777,149,2025-01-05,2025-01-07,41364.17,11945.97,41364.17,11945.97,Paid
1778,149,2025-02-05,2025-02-05,41364.17,11448.22,41364.17,11448.22,Paid
1779,149,2025-03-05,2025-03-09,41364.17,10950.47,41364.17,10950.47,Paid
1780,149,2025-04-05,2025-04-06,41364.17,10452.73,41364.17,10452.73,Paid
1781,149,2025-05-05,2025-05-06,41364.17,9954.98,41364.17,9954.98,Paid
1782,149,2025-06-05,2025-06-07,41364.17,9457.23,41364.17,9457.23,Paid
1783,149,2025-07-05,2025-07-09,41364.17,8959.48,41364.17,8959.48,Paid
1784,149,2025-08-05,2025-08-08,41364.17,8461.73,41364.17,8461.73,Paid
1785,149,2025-09-05,2025-09-07,41364.17,7963.98,41364.17,7963.98,Paid
1786,149,2025-10-05,,41364.17,7466.23,0.0,0.0,Unpaid
1787,149,2025-11-05,2025-11-08,41364.17,7466.23,41364.17,7466.23,Paid
1788,149,2025-12-05,2025-12-07,41364.17,6968.48,41364.17,6968.48,Paid
1789,150,2025-01-05,2025-01-05,91865.16,24766.85,91865.16,24766.85,Paid
1790,150,2025-02-05,2025-02-09,91865.16,23734.9,91865.16,23734.9,Paid
1791,150,2025-03-05,2025-03-09,91865.16,22702.94,91865.16,22702.94,Paid
1792,150,2025-04-05,2025-04-09,91865.16,21670.99,91865.16,21670.99,Paid
1793,150,2025-05-05,2025-05-08,91865.16,20639.04,91865.16,20639.04,Paid
1794,150,2025-06-05,2025-06-05,91865.16,19607.09,91865.16,19607.09,Paid
1795,150,2025-07-05,2025-07-05,91865.16,18575.14,91865.16,18575.14,Paid
1796,150,2025-08-05,2025-08-06,91865.16,17543.18,91865.16,17543.18,Paid
1797,150,2025-09-05,2025-09-09,91865.16,16511.23,91865.16,16511.23,Paid
1798,150,2025-10-05,2025-10-07,91865.16,15479.28,91865.16,15479.28,Paid
1799,150,2025-11-05,2025-11-07,91865.16,14447.33,91865.16,14447.33,Paid
1800,150,2025-12-05,2025-12-08,91865.16,13415.38,91865.16,13415.38,Paid
1801,151,2025-01-05,2025-01-09,44726.9,8516.0,44726.9,8516.0,Paid
1802,151,2025-02-05,2025-02-05,44726.9,8161.17,44726.9,8161.17,Paid
1803,151,2025-03-05,2025-03-08,44726.9,7806.33,44726.9,7806.33,Paid
1804,151,2025-04-05,2025-04-10,44726.9,7451.5,44726.9,7451.5,Paid
1805,151,2025-05-05,2025-05-08,44726.9,7096.67,44726.9,7096.67,Paid
1806,151,2025-06-05,2025-06-08,44726.9,6741.83,44726.9,6741.83,Paid
1807,151,2025-07-05,2025-07-06,44726.9,6387.0,44726.9,6387.0,Paid
1808,151,2025-08-05,2025-08-10,44726.9,6032.17,44726.9,6032.17,Paid
1809,151,2025-09-05,2025-09-10,44726.9,5677.33,44726.9,5677.33,Paid
1810,151,2025-10-05,2025-10-06,44726.9,5322.5,44726.9,5322.5,Paid
1811,151,2025-11-05,2025-11-10,44726.9,4967.67,44726.9,4967.67,Paid
1812,151,2025-12-05,2025-12-08,44726.9,4612.83,44726.9,4612.83,Paid
1813,152,2025-01-05,2025-01-08,11426.0,19149.98,11426.0,19149.98,Paid
1814,152,2025-02-05,2025-02-09,11426.0,18990.4,11426.0,18990.4,Paid
1815,152,2025-03-05,2025-03-08,11426.0,18830.81,11426.0,18830.81,Paid
1816,152,2025-04-05,2025-04-06,11426.0,18671.23,11426.0,18671.23,Paid
1817,152,2025-05-05,2025-05-06,11426.0,18511.65,11426.0,18511.65,Paid
1818,152,2025-06-05,2025-06-06,11426.0,18352.06,11426.0,18352.06,Paid
1819,152,2025-07-05,2025-07-08,11426.0,18192.48,11426.0,18192.48,Paid
1820,152,2025-08-05,2025-08-09,11426.0,18032.9,11426.0,18032.9,Paid
1821,152,2025-09-05,2025-09-10,11426.0,17873.31,11426.0,17873.31,Paid
1822,152,2025-10-05,2025-10-05,11426.0,17713.73,11426.0,17713.73,Paid
1823,152,2025-11-05,2025-11-10,11426.0,17554.15,11426.0,17554.15,Paid
1824,152,2025-12-05,2025-12-07,11426.0,17394.56,11426.0,17394.56,Paid
1825,153,2025-01-05,2025-01-08,11003.37,10233.13,11003.37,10233.13,Paid
1826,153,2025-02-05,2025-02-08,11003.37,10147.86,11003.37,10147.86,Paid
1827,153,2025-03-05,2025-03-09,11003.37,10062.58,11003.37,10062.58,Paid
1828,153,2025-04-05,2025-04-06,11003.37,9977.3,11003.37,9977.3,Paid
1829,153,2025-05-05,2025-05-05,11003.37,9892.03,11003.37,9892.03,Paid
1830,153,2025-06-05,2025-06-05,11003.37,9806.75,11003.37,9806.75,Paid
1831,153,2025-07-05,,11003.37,9721.48,0.0,0.0,Unpaid
1832,153,2025-08-05,2025-08-05,11003.37,9721.48,11003.37,9721.48,Paid
1833,153,2025-09-05,2025-09-08,11003.37,9636.2,11003.37,9636.2,Paid
1834,153,2025-10-05,,11003.37,9550.92,0.0,0.0,Unpaid
1835,153,2025-11-05,2025-11-05,11003.37,9550.92,11003.37,9550.92,Paid
1836,153,2025-12-05,,11003.37,9465.65,0.0,0.0,Unpaid
1837,154,2025-01-05,2025-01-05,14861.34,12461.24,14861.34,12461.24,Paid
1838,154,2025-02-05,2025-02-05,14861.34,12253.55,14861.34,12253.55,Paid
1839,154,2025-03-05,2025-03-05,14861.34,12045.86,14861.34,12045.86,Paid
1840,154,2025-04-05,2025-04-09,14861.34,11838.17,14861.34,11838.17,Paid
1841,154,2025-05-05,2025-05-10,14861.34,11630.49,14861.34,11630.49,Paid
1842,154,2025-06-05,2025-06-08,14861.34,11422.8,14861.34,11422.8,Paid
1843,154,2025-07-05,2025-07-07,14861.34,11215.11,14861.34,11215.11,Paid
1844,154,2025-08-05,2025-08-09,14861.34,11007.43,14861.34,11007.43,Paid
1845,154,2025-09-05,2025-09-05,14861.34,10799.74,14861.34,10799.74,Paid
1846,154,2025-10-05,2025-10-05,14861.34,10592.05,14861.34,10592.05,Paid
1847,154,2025-11-05,2025-11-05,14861.34,10384.36,14861.34,10384.36,Paid
1848,154,2025-12-05,2025-12-07,14861.34,10176.68,14861.34,10176.68,Paid
1849,155,2025-01-05,2025-01-08,10532.92,4408.03,10532.92,4408.03,Paid
1850,155,2025-02-05,2025-02-07,10532.92,4334.56,10532.92,4334.56,Paid
1851,155,2025-03-05,2025-03-10,10532.92,4261.09,10532.92,4261.09,Paid
1852,155,2025-04-05,2025-04-08,10532.92,4187.63,10532.92,4187.63,Paid
1853,155,2025-05-05,2025-05-07,10532.92,4114.16,10532.92,4114.16,Paid
1854,155,2025-06-05,2025-06-09,10532.92,4040.69,10532.92,4040.69,Paid
1855,155,2025-07-05,,10532.92,3967.22,0.0,0.0,Unpaid
1856,155,2025-08-05,2025-08-09,10532.92,3967.22,10532.92,3967.22,Paid
1857,155,2025-09-05,2025-09-09,10532.92,3893.76,10532.92,3893.76,Paid
1858,155,2025-10-05,2025-10-10,10532.92,3820.29,10532.92,3820.29,Paid
1859,155,2025-11-05,2025-11-09,10532.92,3746.82,10532.92,3746.82,Paid
1860,155,2025-12-05,2025-12-07,10532.92,3673.36,10532.92,3673.36,Paid
1861,156,2025-01-05,,54411.4,17629.29,0.0,0.0,Unpaid
1862,156,2025-02-05,2025-02-05,54411.4,17629.29,54411.4,17629.29,Paid
1863,156,2025-03-05,2025-03-05,54411.4,17139.59,54411.4,17139.59,Paid
1864,156,2025-04-05,2025-04-07,54411.4,16649.89,54411.4,16649.89,Paid
1865,156,2025-05-05,2025-05-05,54411.4,16160.18,54411.4,16160.18,Paid
1866,156,2025-06-05,2025-06-08,54411.4,15670.48,54411.4,15670.48,Paid
1867,156,2025-07-05,2025-07-10,54411.4,15180.78,54411.4,15180.78,Paid
1868,156,2025-08-05,2025-08-10,54411.4,14691.08,54411.4,14691.08,Paid
1869,156,2025-09-05,,54411.4,14201.37,0.0,0.0,Unpaid
1870,156,2025-10-05,2025-10-08,54411.4,14201.37,54411.4,14201.37,Paid
1871,156,2025-11-05,2025-11-10,54411.4,13711.67,54411.4,13711.67,Paid
1872,156,2025-12-05,,54411.4,13221.97,0.0,0.0,Unpaid
1873,157,2025-01-05,2025-01-05,19844.87,6191.6,19844.87,6191.6,Paid
1874,157,2025-02-05,2025-02-07,19844.87,6019.61,19844.87,6019.61,Paid
1875,157,2025-03-05,2025-03-08,19844.87,5847.62,19844.87,5847.62,Paid
1876,157,2025-04-05,2025-04-06,19844.87,5675.63,19844.87,5675.63,Paid
1877,157,2025-05-05,2025-05-08,19844.87,5503.64,19844.87,5503.64,Paid
1878,157,2025-06-05,2025-06-05,19844.87,5331.65,19844.87,5331.65,Paid
1879,157,2025-07-05,2025-07-08,19844.87,5159.66,19844.87,5159.66,Paid
1880,157,2025-08-05,2025-08-10,19844.87,4987.68,19844.87,4987.68,Paid
1881,157,2025-09-05,2025-09-10,19844.87,4815.69,19844.87,4815.69,Paid
1882,157,2025-10-05,2025-10-08,19844.87,4643.7,19844.87,4643.7,Paid
1883,157,2025-11-05,2025-11-05,19844.87,4471.71,19844.87,4471.71,Paid
1884,157,2025-12-05,2025-12-07,19844.87,4299.72,19844.87,4299.72,Paid
1885,158,2025-01-05,2025-01-09,15523.4,7032.1,15523.4,7032.1,Paid
1886,158,2025-02-05,2025-02-08,15523.4,6836.77,15523.4,6836.77,Paid
1887,158,2025-03-05,2025-03-09,15523.4,6641.43,15523.4,6641.43,Paid
1888,158,2025-04-05,2025-04-07,15523.4,6446.09,15523.4,6446.09,Paid
1889,158,2025-05-05,2025-05-06,15523.4,6250.76,15523.4,6250.76,Paid
1890,158,2025-06-05,2025-06-09,15523.4,6055.42,15523.4,6055.42,Paid
1891,158,2025-07-05,2025-07-07,15523.4,5860.08,15523.4,5860.08,Paid
1892,158,2025-08-05,2025-08-07,15523.4,5664.75,15523.4,5664.75,Paid
1893,158,2025-09-05,2025-09-08,15523.4,5469.41,15523.4,5469.41,Paid
1894,158,2025-10-05,2025-10-06,15523.4,5274.08,15523.4,5274.08,Paid
1895,158,2025-11-05,2025-11-07,15523.4,5078.74,15523.4,5078.74,Paid
1896,158,2025-12-05,2025-12-09,15523.4,4883.4,15523.4,4883.4,Paid
1897,159,2025-01-05,2025-01-08,4609.65,5213.52,4609.65,5213.52,Paid
1898,159,2025-02-05,2025-02-06,4609.65,5170.07,4609.65,5170.07,Paid
1899,159,2025-03-05,2025-03-07,4609.65,5126.62,4609.65,5126.62,Paid
1900,159,2025-04-05,,4609.65,5083.18,0.0,0.0,Unpaid
1901,159,2025-05-05,2025-05-09,4609.65,5083.18,4609.65,5083.18,Paid
1902,159,2025-06-05,2025-06-07,4609.65,5039.73,4609.65,5039.73,Paid
1903,159,2025-07-05,2025-07-06,4609.65,4996.29,4609.65,4996.29,Paid
1904,159,2025-08-05,2025-08-05,4609.65,4952.84,4609.65,4952.84,Paid
1905,159,2025-09-05,2025-09-05,4609.65,4909.39,4609.65,4909.39,Paid
1906,159,2025-10-05,2025-10-09,4609.65,4865.95,4609.65,4865.95,Paid
1907,159,2025-11-05,2025-11-06,4609.65,4822.5,4609.65,4822.5,Paid
1908,159,2025-12-05,2025-12-09,4609.65,4779.06,4609.65,4779.06,Paid
1909,160,2025-01-05,2025-01-09,27515.21,9352.42,27515.21,9352.42,Paid
1910,160,2025-02-05,2025-02-07,27515.21,9092.63,27515.21,9092.63,Paid
1911,160,2025-03-05,2025-03-08,27515.21,8832.84,27515.21,8832.84,Paid
1912,160,2025-04-05,2025-04-10,27515.21,8573.05,27515.21,8573.05,Paid
1913,160,2025-05-05,2025-05-07,27515.21,8313.26,27515.21,8313.26,Paid
1914,160,2025-06-05,2025-06-08,27515.21,8053.47,27515.21,8053.47,Paid
1915,160,2025-07-05,2025-07-09,27515.21,7793.68,27515.21,7793.68,Paid
1916,160,2025-08-05,2025-08-09,27515.21,7533.9,27515.21,7533.9,Paid
1917,160,2025-09-05,2025-09-08,27515.21,7274.11,27515.21,7274.11,Paid
1918,160,2025-10-05,2025-10-08,27515.21,7014.32,27515.21,7014.32,Paid
1919,160,2025-11-05,2025-11-10,27515.21,6754.53,27515.21,6754.53,Paid
1920,160,2025-12-05,2025-12-10,27515.21,6494.74,27515.21,6494.74,Paid
1921,161,2025-01-05,2025-01-07,5318.56,5568.53,5318.56,5568.53,Paid
1922,161,2025-02-05,2025-02-09,5318.56,5522.12,5318.56,5522.12,Paid
1923,161,2025-03-05,2025-03-09,5318.56,5475.72,5318.56,5475.72,Paid
1924,161,2025-04-05,2025-04-05,5318.56,5429.31,5318.56,5429.31,Paid
1925,161,2025-05-05,2025-05-09,5318.56,5382.91,5318.56,5382.91,Paid
1926,161,2025-06-05,2025-06-06,5318.56,5336.51,5318.56,5336.51,Paid
1927,161,2025-07-05,2025-07-06,5318.56,5290.1,5318.56,5290.1,Paid
1928,161,2025-08-05,2025-08-08,5318.56,5243.7,5318.56,5243.7,Paid
1929,161,2025-09-05,2025-09-07,5318.56,5197.29,5318.56,5197.29,Paid
1930,161,2025-10-05,2025-10-09,5318.56,5150.89,5318.56,5150.89,Paid
1931,161,2025-11-05,2025-11-10,5318.56,5104.48,5318.56,5104.48,Paid
1932,161,2025-12-05,,5318.56,5058.08,0.0,0.0,Unpaid
1933,162,2025-01-05,2025-01-10,32179.36,13592.56,32179.36,13592.56,Paid
1934,162,2025-02-05,2025-02-07,32179.36,13214.99,32179.36,13214.99,Paid
1935,162,2025-03-05,,32179.36,12837.42,0.0,0.0,Unpaid
1936,162,2025-04-05,2025-04-08,32179.36,12837.42,32179.36,12837.42,Paid
1937,162,2025-05-05,2025-05-08,32179.36,12459.85,32179.36,12459.85,Paid
1938,162,2025-06-05,2025-06-05,32179.36,12082.28,32179.36,12082.28,Paid
1939,162,2025-07-05,2025-07-09,32179.36,11704.7,32179.36,11704.7,Paid
1940,162,2025-08-05,2025-08-08,32179.36,11327.13,32179.36,11327.13,Paid
1941,162,2025-09-05,2025-09-09,32179.36,10949.56,32179.36,10949.56,Paid
1942,162,2025-10-05,2025-10-09,32179.36,10571.99,32179.36,10571.99,Paid
1943,162,2025-11-05,2025-11-07,32179.36,10194.42,32179.36,10194.42,Paid
1944,162,2025-12-05,2025-12-05,32179.36,9816.85,32179.36,9816.85,Paid
1945,163,2025-01-05,2025-01-07,11004.97,9079.1,11004.97,9079.1,Paid
1946,163,2025-02-05,2025-02-05,11004.97,8927.78,11004.97,8927.78,Paid
1947,163,2025-03-05,2025-03-08,11004.97,8776.47,11004.97,8776.47,Paid
1948,163,2025-04-05,2025-04-07,11004.97,8625.15,11004.97,8625.15,Paid
1949,163,2025-05-05,2025-05-08,11004.97,8473.83,11004.97,8473.83,Paid
1950,163,2025-06-05,2025-06-07,11004.97,8322.51,11004.97,8322.51,Paid
1951,163,2025-07-05,2025-07-10,11004.97,8171.19,11004.97,8171.19,Paid
1952,163,2025-08-05,2025-08-06,11004.97,8019.87,11004.97,8019.87,Paid
1953,163,2025-09-05,2025-09-05,11004.97,7868.56,11004.97,7868.56,Paid
1954,163,2025-10-05,2025-10-09,11004.97,7717.24,11004.97,7717.24,Paid
1955,163,2025-11-05,2025-11-06,11004.97,7565.92,11004.97,7565.92,Paid
1956,163,2025-12-05,2025-12-05,11004.97,7414.6,11004.97,7414.6,Paid
1957,164,2025-01-05,2025-01-05,29530.55,10453.81,29530.55,10453.81,Paid
1958,164,2025-02-05,2025-02-07,29530.55,10163.43,29530.55,10163.43,Paid
1959,164,2025-03-05,2025-03-09,29530.55,9873.05,29530.55,9873.05,Paid
1960,164,2025-04-05,2025-04-07,29530.55,9582.66,29530.55,9582.66,Paid
1961,164,2025-05-05,2025-05-09,29530.55,9292.28,29530.55,9292.28,Paid
1962,164,2025-06-05,2025-06-08,29530.55,9001.9,29530.55,9001.9,Paid
1963,164,2025-07-05,2025-07-06,29530.55,8711.51,29530.55,8711.51,Paid
1964,164,2025-08-05,2025-08-08,29530.55,8421.13,29530.55,8421.13,Paid
1965,164,2025-09-05,2025-09-07,29530.55,8130.74,29530.55,8130.74,Paid
1966,164,2025-10-05,2025-10-06,29530.55,7840.36,29530.55,7840.36,Paid
1967,164,2025-11-05,2025-11-05,29530.55,7549.98,29530.55,7549.98,Paid
1968,164,2025-12-05,2025-12-10,29530.55,7259.59,29530.55,7259.59,Paid
1969,165,2025-01-05,2025-01-08,26386.96,10916.29,26386.96,10916.29,Paid
1970,165,2025-02-05,,26386.96,10613.06,0.0,0.0,Unpaid
1971,165,2025-03-05,2025-03-06,26386.96,10613.06,26386.96,10613.06,Paid
1972,165,2025-04-05,2025-04-07,26386.96,10309.83,26386.96,10309.83,Paid
1973,165,2025-05-05,2025-05-05,26386.96,10006.6,26386.96,10006.6,Paid
1974,165,2025-06-05,2025-06-09,26386.96,9703.36,26386.96,9703.36,Paid
1975,165,2025-07-05,2025-07-06,26386.96,9400.13,26386.96,9400.13,Paid
1976,165,2025-08-05,2025-08-06,26386.96,9096.9,26386.96,9096.9,Paid
1977,165,2025-09-05,2025-09-07,26386.96,8793.67,26386.96,8793.67,Paid
1978,165,2025-10-05,,26386.96,8490.44,0.0,0.0,Unpaid
1979,165,2025-11-05,2025-11-05,26386.96,8490.44,26386.96,8490.44,Paid
1980,165,2025-12-05,2025-12-06,26386.96,8187.21,26386.96,8187.21,Paid
1981,166,2025-01-05,2025-01-07,36148.76,17828.57,36148.76,17828.57,Paid
1982,166,2025-02-05,2025-02-07,36148.76,17333.33,36148.76,17333.33,Paid
1983,166,2025-03-05,2025-03-09,36148.76,16838.09,36148.76,16838.09,Paid
1984,166,2025-04-05,2025-04-08,36148.76,16342.86,36148.76,16342.86,Paid
1985,166,2025-05-05,2025-05-08,36148.76,15847.62,36148.76,15847.62,Paid
1986,166,2025-06-05,,36148.76,15352.38,0.0,0.0,Unpaid
1987,166,2025-07-05,2025-07-10,36148.76,15352.38,36148.76,15352.38,Paid
1988,166,2025-08-05,2025-08-10,36148.76,14857.14,36148.76,14857.14,Paid
1989,166,2025-09-05,2025-09-05,36148.76,14361.9,36148.76,14361.9,Paid
1990,166,2025-10-05,2025-10-08,36148.76,13866.67,36148.76,13866.67,Paid
1991,166,2025-11-05,2025-11-08,36148.76,13371.43,36148.76,13371.43,Paid
1992,166,2025-12-05,2025-12-08,36148.76,12876.19,36148.76,12876.19,Paid
1993,167,2025-01-05,2025-01-09,11244.68,3852.43,11244.68,3852.43,Paid
1994,167,2025-02-05,2025-02-07,11244.68,3745.42,11244.68,3745.42,Paid
1995,167,2025-03-05,2025-03-10,11244.68,3638.41,11244.68,3638.41,Paid
1996,167,2025-04-05,2025-04-09,11244.68,3531.39,11244.68,3531.39,Paid
1997,167,2025-05-05,2025-05-10,11244.68,3424.38,11244.68,3424.38,Paid
1998,167,2025-06-05,2025-06-08,11244.68,3317.37,11244.68,3317.37,Paid
1999,167,2025-07-05,2025-07-07,11244.68,3210.36,11244.68,3210.36,Paid
2000,167,2025-08-05,2025-08-10,11244.68,3103.35,11244.68,3103.35,Paid
2001,167,2025-09-05,2025-09-07,11244.68,2996.33,11244.68,2996.33,Paid
2002,167,2025-10-05,2025-10-05,11244.68,2889.32,11244.68,2889.32,Paid
2003,167,2025-11-05,2025-11-06,11244.68,2782.31,11244.68,2782.31,Paid
2004,167,2025-12-05,2025-12-08,11244.68,2675.3,11244.68,2675.3,Paid
2005,168,2025-01-05,2025-01-08,4788.42,5267.26,4788.42,5267.26,Paid
2006,168,2025-02-05,2025-02-09,4788.42,5223.36,4788.42,5223.36,Paid
2007,168,2025-03-05,2025-03-06,4788.42,5179.47,4788.42,5179.47,Paid
2008,168,2025-04-05,2025-04-08,4788.42,5135.58,4788.42,5135.58,Paid
2009,168,2025-05-05,2025-05-09,4788.42,5091.68,4788.42,5091.68,Paid
2010,168,2025-06-05,,4788.42,5047.79,0.0,0.0,Unpaid
2011,168,2025-07-05,2025-07-05,4788.42,5047.79,4788.42,5047.79,Paid
2012,168,2025-08-05,2025-08-09,4788.42,5003.89,4788.42,5003.89,Paid
2013,168,2025-09-05,2025-09-07,4788.42,4960.0,4788.42,4960.0,Paid
2014,168,2025-10-05,2025-10-05,4788.42,4916.11,4788.42,4916.11,Paid
2015,168,2025-11-05,2025-11-05,4788.42,4872.21,4788.42,4872.21,Paid
2016,168,2025-12-05,2025-12-10,4788.42,4828.32,4788.42,4828.32,Paid
2017,169,2025-01-05,2025-01-07,39276.26,14481.16,39276.26,14481.16,Paid
2018,169,2025-02-05,2025-02-09,39276.26,14078.9,39276.26,14078.9,Paid
2019,169,2025-03-05,2025-03-07,39276.26,13676.65,39276.26,13676.65,Paid
2020,169,2025-04-05,2025-04-07,39276.26,13274.4,39276.26,13274.4,Paid
2021,169,2025-05-05,2025-05-08,39276.26,12872.14,39276.26,12872.14,Paid
2022,169,2025-06-05,2025-06-08,39276.26,12469.89,39276.26,12469.89,Paid
2023,169,2025-07-05,2025-07-08,39276.26,12067.63,39276.26,12067.63,Paid
2024,169,2025-08-05,2025-08-10,39276.26,11665.38,39276.26,11665.38,Paid
2025,169,2025-09-05,2025-09-08,39276.26,11263.12,39276.26,11263.12,Paid
2026,169,2025-10-05,2025-10-08,39276.26,10860.87,39276.26,10860.87,Paid
2027,169,2025-11-05,2025-11-05,39276.26,10458.61,39276.26,10458.61,Paid
2028,169,2025-12-05,2025-12-10,39276.26,10056.36,39276.26,10056.36,Paid
2029,170,2025-01-05,2025-01-07,10777.88,16457.82,10777.88,16457.82,Paid
2030,170,2025-02-05,,10777.88,16320.67,0.0,0.0,Unpaid
2031,170,2025-03-05,2025-03-08,10777.88,16320.67,10777.88,16320.67,Paid
2032,170,2025-04-05,2025-04-05,10777.88,16183.52,10777.88,16183.52,Paid
2033,170,2025-05-05,2025-05-07,10777.88,16046.37,10777.88,16046.37,Paid
2034,170,2025-06-05,2025-06-10,10777.88,15909.22,10777.88,15909.22,Paid
2035,170,2025-07-05,2025-07-10,10777.88,15772.07,10777.88,15772.07,Paid
2036,170,2025-08-05,2025-08-05,10777.88,15634.92,10777.88,15634.92,Paid
2037,170,2025-09-05,2025-09-07,10777.88,15497.78,10777.88,15497.78,Paid
2038,170,2025-10-05,2025-10-08,10777.88,15360.63,10777.88,15360.63,Paid
2039,170,2025-11-05,2025-11-06,10777.88,15223.48,10777.88,15223.48,Paid
2040,170,2025-12-05,2025-12-06,10777.88,15086.33,10777.88,15086.33,Paid
2041,171,2025-01-05,2025-01-07,9670.27,7934.45,9670.27,7934.45,Paid
2042,171,2025-02-05,2025-02-05,9670.27,7802.21,9670.27,7802.21,Paid
2043,171,2025-03-05,2025-03-10,9670.27,7669.97,9670.27,7669.97,Paid
2044,171,2025-04-05,2025-04-05,9670.27,7537.73,9670.27,7537.73,Paid
2045,171,2025-05-05,2025-05-07,9670.27,7405.49,9670.27,7405.49,Paid
2046,171,2025-06-05,2025-06-09,9670.27,7273.25,9670.27,7273.25,Paid
2047,171,2025-07-05,2025-07-08,9670.27,7141.01,9670.27,7141.01,Paid
2048,171,2025-08-05,2025-08-10,9670.27,7008.77,9670.27,7008.77,Paid
2049,171,2025-09-05,2025-09-07,9670.27,6876.53,9670.27,6876.53,Paid
2050,171,2025-10-05,2025-10-10,9670.27,6744.29,9670.27,6744.29,Paid
2051,171,2025-11-05,2025-11-07,9670.27,6612.05,9670.27,6612.05,Paid
2052,171,2025-12-05,2025-12-06,9670.27,6479.8,9670.27,6479.8,Paid
2053,172,2025-01-05,2025-01-09,3170.04,5173.5,3170.04,5173.5,Paid
2054,172,2025-02-05,2025-02-10,3170.04,5130.39,3170.04,5130.39,Paid
2055,172,2025-03-05,2025-03-06,3170.04,5087.28,3170.04,5087.28,Paid
2056,172,2025-04-05,2025-04-06,3170.04,5044.16,3170.04,5044.16,Paid
2057,172,2025-05-05,2025-05-06,3170.04,5001.05,3170.04,5001.05,Paid
2058,172,2025-06-05,2025-06-06,3170.04,4957.94,3170.04,4957.94,Paid
2059,172,2025-07-05,2025-07-06,3170.04,4914.83,3170.04,4914.83,Paid
2060,172,2025-08-05,2025-08-06,3170.04,4871.71,3170.04,4871.71,Paid
2061,172,2025-09-05,2025-09-07,3170.04,4828.6,3170.04,4828.6,Paid
2062,172,2025-10-05,2025-10-10,3170.04,4785.49,3170.04,4785.49,Paid
2063,172,2025-11-05,2025-11-09,3170.04,4742.38,3170.04,4742.38,Paid
2064,172,2025-12-05,,3170.04,4699.26,0.0,0.0,Unpaid
2065,173,2025-01-05,2025-01-09,3453.01,3984.78,3453.01,3984.78,Paid
2066,173,2025-02-05,2025-02-08,3453.01,3951.57,3453.01,3951.57,Paid
2067,173,2025-03-05,2025-03-09,3453.01,3918.36,3453.01,3918.36,Paid
2068,173,2025-04-05,2025-04-05,3453.01,3885.16,3453.01,3885.16,Paid
2069,173,2025-05-05,2025-05-09,3453.01,3851.95,3453.01,3851.95,Paid
2070,173,2025-06-05,2025-06-09,3453.01,3818.74,3453.01,3818.74,Paid
2071,173,2025-07-05,2025-07-05,3453.01,3785.54,3453.01,3785.54,Paid
2072,173,2025-08-05,2025-08-08,3453.01,3752.33,3453.01,3752.33,Paid
2073,173,2025-09-05,2025-09-08,3453.01,3719.13,3453.01,3719.13,Paid
2074,173,2025-10-05,2025-10-07,3453.01,3685.92,3453.01,3685.92,Paid
2075,173,2025-11-05,2025-11-07,3453.01,3652.71,3453.01,3652.71,Paid
2076,173,2025-12-05,2025-12-06,3453.01,3619.51,3453.01,3619.51,Paid
2077,174,2025-01-05,2025-01-09,12948.25,4952.7,12948.25,4952.7,Paid
2078,174,2025-02-05,2025-02-07,12948.25,4815.13,12948.25,4815.13,Paid
2079,174,2025-03-05,2025-03-10,12948.25,4677.55,12948.25,4677.55,Paid
2080,174,2025-04-05,2025-04-05,12948.25,4539.98,12948.25,4539.98,Paid
2081,174,2025-05-05,2025-05-07,12948.25,4402.4,12948.25,4402.4,Paid
2082,174,2025-06-05,2025-06-07,12948.25,4264.83,12948.25,4264.83,Paid
2083,174,2025-07-05,2025-07-06,12948.25,4127.25,12948.25,4127.25,Paid
2084,174,2025-08-05,2025-08-06,12948.25,3989.68,12948.25,3989.68,Paid
2085,174,2025-09-05,2025-09-08,12948.25,3852.1,12948.25,3852.1,Paid
2086,174,2025-10-05,2025-10-10,12948.25,3714.53,12948.25,3714.53,Paid
2087,174,2025-11-05,2025-11-06,12948.25,3576.95,12948.25,3576.95,Paid
2088,174,2025-12-05,2025-12-10,12948.25,3439.38,12948.25,3439.38,Paid
2089,175,2025-01-05,2025-01-07,33061.72,16844.95,33061.72,16844.95,Paid
2090,175,2025-02-05,2025-02-08,33061.72,16564.2,33061.72,16564.2,Paid
2091,175,2025-03-05,2025-03-07,33061.72,16283.45,33061.72,16283.45,Paid
2092,175,2025-04-05,2025-04-05,33061.72,16002.7,33061.72,16002.7,Paid
2093,175,2025-05-05,,33061.72,15721.95,0.0,0.0,Unpaid
2094,175,2025-06-05,2025-06-05,33061.72,15721.95,33061.72,15721.95,Paid
2095,175,2025-07-05,2025-07-10,33061.72,15441.2,33061.72,15441.2,Paid
2096,175,2025-08-05,2025-08-10,33061.72,15160.45,33061.72,15160.45,Paid
2097,175,2025-09-05,2025-09-09,33061.72,14879.7,33061.72,14879.7,Paid
2098,175,2025-10-05,2025-10-09,33061.72,14598.95,33061.72,14598.95,Paid
2099,175,2025-11-05,2025-11-09,33061.72,14318.21,33061.72,14318.21,Paid
2100,175,2025-12-05,2025-12-07,33061.72,14037.46,33061.72,14037.46,Paid
2101,176,2025-01-05,2025-01-06,8224.41,2873.61,8224.41,2873.61,Paid
2102,176,2025-02-05,2025-02-05,8224.41,2753.88,8224.41,2753.88,Paid
2103,176,2025-03-05,2025-03-07,8224.41,2634.14,8224.41,2634.14,Paid
2104,176,2025-04-05,2025-04-10,8224.41,2514.41,8224.41,2514.41,Paid
2105,176,2025-05-05,2025-05-08,8224.41,2394.67,8224.41,2394.67,Paid
2106,176,2025-06-05,2025-06-06,8224.41,2274.94,8224.41,2274.94,Paid
2107,176,2025-07-05,2025-07-08,8224.41,2155.21,8224.41,2155.21,Paid
2108,176,2025-08-05,2025-08-08,8224.41,2035.47,8224.41,2035.47,Paid
2109,176,2025-09-05,2025-09-06,8224.41,1915.74,8224.41,1915.74,Paid
2110,176,2025-10-05,2025-10-07,8224.41,1796.01,8224.41,1796.01,Paid
2111,176,2025-11-05,2025-11-08,8224.41,1676.27,8224.41,1676.27,Paid
2112,176,2025-12-05,2025-12-06,8224.41,1556.54,8224.41,1556.54,Paid
2113,177,2025-01-05,2025-01-05,2933.01,3974.23,2933.01,3974.23,Paid
2114,177,2025-02-05,2025-02-05,2933.01,3941.11,2933.01,3941.11,Paid
2115,177,2025-03-05,2025-03-09,2933.01,3908.0,2933.01,3908.0,Paid
2116,177,2025-04-05,2025-04-10,2933.01,3874.88,2933.01,3874.88,Paid
2117,177,2025-05-05,2025-05-09,2933.01,3841.76,2933.01,3841.76,Paid
2118,177,2025-06-05,2025-06-08,2933.01,3808.64,2933.01,3808.64,Paid
2119,177,2025-07-05,2025-07-10,2933.01,3775.52,2933.01,3775.52,Paid
2120,177,2025-08-05,2025-08-07,2933.01,3742.4,2933.01,3742.4,Paid
2121,177,2025-09-05,2025-09-10,2933.01,3709.28,2933.01,3709.28,Paid
2122,177,2025-10-05,2025-10-10,2933.01,3676.17,2933.01,3676.17,Paid
2123,177,2025-11-05,2025-11-05,2933.01,3643.05,2933.01,3643.05,Paid
2124,177,2025-12-05,2025-12-08,2933.01,3609.93,2933.01,3609.93,Paid
2125,178,2025-01-05,2025-01-08,10127.09,5180.01,10127.09,5180.01,Paid
2126,178,2025-02-05,2025-02-07,10127.09,5036.12,10127.09,5036.12,Paid
2127,178,2025-03-05,2025-03-06,10127.09,4892.23,10127.09,4892.23,Paid
2128,178,2025-04-05,2025-04-09,10127.09,4748.34,10127.09,4748.34,Paid
2129,178,2025-05-05,2025-05-09,10127.09,4604.45,10127.09,4604.45,Paid
2130,178,2025-06-05,2025-06-06,10127.09,4460.56,10127.09,4460.56,Paid
2131,178,2025-07-05,2025-07-07,10127.09,4316.67,10127.09,4316.67,Paid
2132,178,2025-08-05,2025-08-09,10127.09,4172.78,10127.09,4172.78,Paid
2133,178,2025-09-05,2025-09-07,10127.09,4028.89,10127.09,4028.89,Paid
2134,178,2025-10-05,2025-10-07,10127.09,3885.0,10127.09,3885.0,Paid
2135,178,2025-11-05,2025-11-07,10127.09,3741.12,10127.09,3741.12,Paid
2136,178,2025-12-05,2025-12-09,10127.09,3597.23,10127.09,3597.23,Paid
2137,179,2025-01-05,2025-01-09,11498.0,3752.95,11498.0,3752.95,Paid
2138,179,2025-02-05,2025-02-09,11498.0,3648.7,11498.0,3648.7,Paid
2139,179,2025-03-05,2025-03-10,11498.0,3544.45,11498.0,3544.45,Paid
2140,179,2025-04-05,2025-04-07,11498.0,3440.2,11498.0,3440.2,Paid
2141,179,2025-05-05,2025-05-08,11498.0,3335.95,11498.0,3335.95,Paid
2142,179,2025-06-05,2025-06-06,11498.0,3231.71,11498.0,3231.71,Paid
2143,179,2025-07-05,2025-07-08,11498.0,3127.46,11498.0,3127.46,Paid
2144,179,2025-08-05,,11498.0,3023.21,0.0,0.0,Unpaid
2145,179,2025-09-05,2025-09-05,11498.0,3023.21,11498.0,3023.21,Paid
2146,179,2025-10-05,2025-10-09,11498.0,2918.96,11498.0,2918.96,Paid
2147,179,2025-11-05,2025-11-07,11498.0,2814.71,11498.0,2814.71,Paid
2148,179,2025-12-05,2025-12-05,11498.0,2710.46,11498.0,2710.46,Paid
2149,180,2025-01-05,2025-01-10,22101.0,8931.01,22101.0,8931.01,Paid
2150,180,2025-02-05,2025-02-09,22101.0,8682.93,22101.0,8682.93,Paid
2151,180,2025-03-05,2025-03-07,22101.0,8434.85,22101.0,8434.85,Paid
2152,180,2025-04-05,2025-04-08,22101.0,8186.76,22101.0,8186.76,Paid
2153,180,2025-05-05,2025-05-05,22101.0,7938.68,22101.0,7938.68,Paid
2154,180,2025-06-05,2025-06-05,22101.0,7690.59,22101.0,7690.59,Paid
2155,180,2025-07-05,2025-07-07,22101.0,7442.51,22101.0,7442.51,Paid
2156,180,2025-08-05,2025-08-09,22101.0,7194.43,22101.0,7194.43,Paid
2157,180,2025-09-05,2025-09-09,22101.0,6946.34,22101.0,6946.34,Paid
2158,180,2025-10-05,2025-10-08,22101.0,6698.26,22101.0,6698.26,Paid
2159,180,2025-11-05,2025-11-05,22101.0,6450.18,22101.0,6450.18,Paid
2160,180,2025-12-05,2025-12-06,22101.0,6202.09,22101.0,6202.09,Paid
2161,181,2025-01-05,2025-01-08,38766.52,18328.81,38766.52,18328.81,Paid
2162,181,2025-02-05,2025-02-09,38766.52,17819.68,38766.52,17819.68,Paid
2163,181,2025-03-05,2025-03-06,38766.52,17310.54,38766.52,17310.54,Paid
2164,181,2025-04-05,2025-04-07,38766.52,16801.41,38766.52,16801.41,Paid
2165,181,2025-05-05,2025-05-10,38766.52,16292.28,38766.52,16292.28,Paid
2166,181,2025-06-05,2025-06-08,38766.52,15783.14,38766.52,15783.14,Paid
2167,181,2025-07-05,2025-07-10,38766.52,15274.01,38766.52,15274.01,Paid
2168,181,2025-08-05,2025-08-10,38766.52,14764.88,38766.52,14764.88,Paid
2169,181,2025-09-05,2025-09-05,38766.52,14255.74,38766.52,14255.74,Paid
2170,181,2025-10-05,2025-10-07,38766.52,13746.61,38766.52,13746.61,Paid
2171,181,2025-11-05,2025-11-08,38766.52,13237.47,38766.52,13237.47,Paid
2172,181,2025-12-05,2025-12-05,38766.52,12728.34,38766.52,12728.34,Paid
2173,182,2025-01-05,2025-01-08,2893.54,5086.85,2893.54,5086.85,Paid
2174,182,2025-02-05,2025-02-09,2893.54,5044.46,2893.54,5044.46,Paid
2175,182,2025-03-05,2025-03-05,2893.54,5002.07,2893.54,5002.07,Paid
2176,182,2025-04-05,2025-04-06,2893.54,4959.68,2893.54,4959.68,Paid
2177,182,2025-05-05,2025-05-07,2893.54,4917.29,2893.54,4917.29,Paid
2178,182,2025-06-05,2025-06-06,2893.54,4874.9,2893.54,4874.9,Paid
2179,182,2025-07-05,2025-07-10,2893.54,4832.51,2893.54,4832.51,Paid
2180,182,2025-08-05,2025-08-10,2893.54,4790.12,2893.54,4790.12,Paid
2181,182,2025-09-05,2025-09-08,2893.54,4747.73,2893.54,4747.73,Paid
2182,182,2025-10-05,2025-10-06,2893.54,4705.34,2893.54,4705.34,Paid
2183,182,2025-11-05,2025-11-08,2893.54,4662.95,2893.54,4662.95,Paid
2184,182,2025-12-05,2025-12-06,2893.54,4620.56,2893.54,4620.56,Paid
2185,183,2025-01-05,2025-01-05,7626.22,6116.23,7626.22,6116.23,Paid
2186,183,2025-02-05,2025-02-08,7626.22,6014.29,7626.22,6014.29,Paid
2187,183,2025-03-05,2025-03-05,7626.22,5912.35,7626.22,5912.35,Paid
2188,183,2025-04-05,2025-04-08,7626.22,5810.41,7626.22,5810.41,Paid
2189,183,2025-05-05,2025-05-06,7626.22,5708.48,7626.22,5708.48,Paid
2190,183,2025-06-05,2025-06-06,7626.22,5606.54,7626.22,5606.54,Paid
2191,183,2025-07-05,2025-07-10,7626.22,5504.6,7626.22,5504.6,Paid
2192,183,2025-08-05,2025-08-08,7626.22,5402.67,7626.22,5402.67,Paid
2193,183,2025-09-05,2025-09-07,7626.22,5300.73,7626.22,5300.73,Paid
2194,183,2025-10-05,2025-10-10,7626.22,5198.79,7626.22,5198.79,Paid
2195,183,2025-11-05,2025-11-05,7626.22,5096.85,7626.22,5096.85,Paid
2196,183,2025-12-05,2025-12-09,7626.22,4994.92,7626.22,4994.92,Paid
2197,184,2025-01-05,2025-01-09,28508.2,21039.05,28508.2,21039.05,Paid
2198,184,2025-02-05,,28508.2,20688.4,0.0,0.0,Unpaid
2199,184,2025-03-05,2025-03-06,28508.2,20688.4,28508.2,20688.4,Paid
2200,184,2025-04-05,2025-04-05,28508.2,20337.75,28508.2,20337.75,Paid
2201,184,2025-05-05,,28508.2,19987.1,0.0,0.0,Unpaid
2202,184,2025-06-05,2025-06-05,28508.2,19987.1,28508.2,19987.1,Paid
2203,184,2025-07-05,2025-07-05,28508.2,19636.45,28508.2,19636.45,Paid
2204,184,2025-08-05,2025-08-05,28508.2,19285.8,28508.2,19285.8,Paid
2205,184,2025-09-05,2025-09-06,28508.2,18935.15,28508.2,18935.15,Paid
2206,184,2025-10-05,2025-10-08,28508.2,18584.5,28508.2,18584.5,Paid
2207,184,2025-11-05,2025-11-06,28508.2,18233.85,28508.2,18233.85,Paid
2208,184,2025-12-05,2025-12-10,28508.2,17883.2,28508.2,17883.2,Paid
2209,185,2025-01-05,2025-01-10,1882.07,3137.41,1882.07,3137.41,Paid
2210,185,2025-02-05,2025-02-05,1882.07,3111.26,1882.07,3111.26,Paid
2211,185,2025-03-05,2025-03-06,1882.07,3085.12,1882.07,3085.12,Paid
2212,185,2025-04-05,2025-04-07,1882.07,3058.97,1882.07,3058.97,Paid
2213,185,2025-05-05,2025-05-07,1882.07,3032.83,1882.07,3032.83,Paid
2214,185,2025-06-05,2025-06-06,1882.07,3006.68,1882.07,3006.68,Paid
2215,185,2025-07-05,2025-07-07,1882.07,2980.54,1882.07,2980.54,Paid
2216,185,2025-08-05,2025-08-09,1882.07,2954.39,1882.07,2954.39,Paid
2217,185,2025-09-05,2025-09-10,1882.07,2928.25,1882.07,2928.25,Paid
2218,185,2025-10-05,2025-10-07,1882.07,2902.1,1882.07,2902.1,Paid
2219,185,2025-11-05,2025-11-09,1882.07,2875.96,1882.07,2875.96,Paid
2220,185,2025-12-05,2025-12-07,1882.07,2849.81,1882.07,2849.81,Paid
2221,186,2025-01-05,2025-01-08,39326.76,21071.28,39326.76,21071.28,Paid
2222,186,2025-02-05,2025-02-08,39326.76,20485.97,39326.76,20485.97,Paid
2223,186,2025-03-05,2025-03-08,39326.76,19900.65,39326.76,19900.65,Paid
2224,186,2025-04-05,2025-04-10,39326.76,19315.34,39326.76,19315.34,Paid
2225,186,2025-05-05,2025-05-10,39326.76,18730.03,39326.76,18730.03,Paid
2226,186,2025-06-05,2025-06-05,39326.76,18144.71,39326.76,18144.71,Paid
2227,186,2025-07-05,2025-07-07,39326.76,17559.4,39326.76,17559.4,Paid
2228,186,2025-08-05,2025-08-07,39326.76,16974.09,39326.76,16974.09,Paid
2229,186,2025-09-05,2025-09-08,39326.76,16388.77,39326.76,16388.77,Paid
2230,186,2025-10-05,2025-10-10,39326.76,15803.46,39326.76,15803.46,Paid
2231,186,2025-11-05,2025-11-08,39326.76,15218.15,39326.76,15218.15,Paid
2232,186,2025-12-05,2025-12-09,39326.76,14632.83,39326.76,14632.83,Paid
2233,187,2025-01-05,2025-01-05,11894.31,4610.23,11894.31,4610.23,Paid
2234,187,2025-02-05,2025-02-09,11894.31,4482.17,11894.31,4482.17,Paid
2235,187,2025-03-05,2025-03-10,11894.31,4354.11,11894.31,4354.11,Paid
2236,187,2025-04-05,2025-04-06,11894.31,4226.05,11894.31,4226.05,Paid
2237,187,2025-05-05,2025-05-08,11894.31,4097.99,11894.31,4097.99,Paid
2238,187,2025-06-05,2025-06-09,11894.31,3969.92,11894.31,3969.92,Paid
2239,187,2025-07-05,2025-07-05,11894.31,3841.86,11894.31,3841.86,Paid
2240,187,2025-08-05,2025-08-09,11894.31,3713.8,11894.31,3713.8,Paid
2241,187,2025-09-05,2025-09-05,11894.31,3585.74,11894.31,3585.74,Paid
2242,187,2025-10-05,2025-10-07,11894.31,3457.67,11894.31,3457.67,Paid
2243,187,2025-11-05,2025-11-05,11894.31,3329.61,11894.31,3329.61,Paid
2244,187,2025-12-05,2025-12-09,11894.31,3201.55,11894.31,3201.55,Paid
2245,188,2025-01-05,2025-01-10,15815.84,16701.53,15815.84,16701.53,Paid
2246,188,2025-02-05,2025-02-05,15815.84,16562.35,15815.84,16562.35,Paid
2247,188,2025-03-05,2025-03-09,15815.84,16423.17,15815.84,16423.17,Paid
2248,188,2025-04-05,2025-04-10,15815.84,16283.99,15815.84,16283.99,Paid
2249,188,2025-05-05,2025-05-07,15815.84,16144.81,15815.84,16144.81,Paid
2250,188,2025-06-05,2025-06-07,15815.84,16005.63,15815.84,16005.63,Paid
2251,188,2025-07-05,2025-07-05,15815.84,15866.46,15815.84,15866.46,Paid
2252,188,2025-08-05,2025-08-06,15815.84,15727.28,15815.84,15727.28,Paid
2253,188,2025-09-05,2025-09-05,15815.84,15588.1,15815.84,15588.1,Paid
2254,188,2025-10-05,2025-10-06,15815.84,15448.92,15815.84,15448.92,Paid
2255,188,2025-11-05,2025-11-10,15815.84,15309.74,15815.84,15309.74,Paid
2256,188,2025-12-05,2025-12-10,15815.84,15170.56,15815.84,15170.56,Paid
2257,189,2025-01-05,2025-01-08,30305.74,6727.87,30305.74,6727.87,Paid
2258,189,2025-02-05,2025-02-09,30305.74,6447.55,30305.74,6447.55,Paid
2259,189,2025-03-05,2025-03-10,30305.74,6167.22,30305.74,6167.22,Paid
2260,189,2025-04-05,2025-04-05,30305.74,5886.89,30305.74,5886.89,Paid
2261,189,2025-05-05,,30305.74,5606.56,0.0,0.0,Unpaid
2262,189,2025-06-05,2025-06-09,30305.74,5606.56,30305.74,5606.56,Paid
2263,189,2025-07-05,2025-07-10,30305.74,5326.23,30305.74,5326.23,Paid
2264,189,2025-08-05,2025-08-06,30305.74,5045.91,30305.74,5045.91,Paid
2265,189,2025-09-05,2025-09-10,30305.74,4765.58,30305.74,4765.58,Paid
2266,189,2025-10-05,2025-10-09,30305.74,4485.25,30305.74,4485.25,Paid
2267,189,2025-11-05,2025-11-09,30305.74,4204.92,30305.74,4204.92,Paid
2268,189,2025-12-05,2025-12-07,30305.74,3924.59,30305.74,3924.59,Paid
2269,190,2025-01-05,2025-01-06,33651.94,7746.68,33651.94,7746.68,Paid
2270,190,2025-02-05,2025-02-09,33651.94,7423.9,33651.94,7423.9,Paid
2271,190,2025-03-05,2025-03-07,33651.94,7101.12,33651.94,7101.12,Paid
2272,190,2025-04-05,2025-04-05,33651.94,6778.34,33651.94,6778.34,Paid
2273,190,2025-05-05,2025-05-10,33651.94,6455.56,33651.94,6455.56,Paid
2274,190,2025-06-05,2025-06-10,33651.94,6132.78,33651.94,6132.78,Paid
2275,190,2025-07-05,2025-07-10,33651.94,5810.01,33651.94,5810.01,Paid
2276,190,2025-08-05,2025-08-07,33651.94,5487.23,33651.94,5487.23,Paid
2277,190,2025-09-05,,33651.94,5164.45,0.0,0.0,Unpaid
2278,190,2025-10-05,2025-10-10,33651.94,5164.45,33651.94,5164.45,Paid
2279,190,2025-11-05,2025-11-08,33651.94,4841.67,33651.94,4841.67,Paid
2280,190,2025-12-05,2025-12-05,33651.94,4518.89,33651.94,4518.89,Paid
2281,191,2025-01-05,2025-01-05,5234.66,6035.57,5234.66,6035.57,Paid
2282,191,2025-02-05,2025-02-06,5234.66,5985.27,5234.66,5985.27,Paid
2283,191,2025-03-05,2025-03-05,5234.66,5934.97,5234.66,5934.97,Paid
2284,191,2025-04-05,2025-04-05,5234.66,5884.68,5234.66,5884.68,Paid
2285,191,2025-05-05,2025-05-06,5234.66,5834.38,5234.66,5834.38,Paid
2286,191,2025-06-05,2025-06-10,5234.66,5784.08,5234.66,5784.08,Paid
2287,191,2025-07-05,2025-07-06,5234.66,5733.79,5234.66,5733.79,Paid
2288,191,2025-08-05,2025-08-05,5234.66,5683.49,5234.66,5683.49,Paid
2289,191,2025-09-05,2025-09-08,5234.66,5633.2,5234.66,5633.2,Paid
2290,191,2025-10-05,2025-10-05,5234.66,5582.9,5234.66,5582.9,Paid
2291,191,2025-11-05,2025-11-09,5234.66,5532.6,5234.66,5532.6,Paid
2292,191,2025-12-05,2025-12-05,5234.66,5482.31,5234.66,5482.31,Paid
2293,192,2025-01-05,2025-01-08,4775.13,7277.3,4775.13,7277.3,Paid
2294,192,2025-02-05,2025-02-07,4775.13,7216.65,4775.13,7216.65,Paid
2295,192,2025-03-05,2025-03-08,4775.13,7156.01,4775.13,7156.01,Paid
2296,192,2025-04-05,2025-04-10,4775.13,7095.36,4775.13,7095.36,Paid
2297,192,2025-05-05,2025-05-07,4775.13,7034.72,4775.13,7034.72,Paid
2298,192,2025-06-05,2025-06-08,4775.13,6974.08,4775.13,6974.08,Paid
2299,192,2025-07-05,2025-07-05,4775.13,6913.43,4775.13,6913.43,Paid
2300,192,2025-08-05,2025-08-06,4775.13,6852.79,4775.13,6852.79,Paid
2301,192,2025-09-05,2025-09-09,4775.13,6792.14,4775.13,6792.14,Paid
2302,192,2025-10-05,2025-10-05,4775.13,6731.5,4775.13,6731.5,Paid
2303,192,2025-11-05,,4775.13,6670.85,0.0,0.0,Unpaid
2304,192,2025-12-05,2025-12-05,4775.13,6670.85,4775.13,6670.85,Paid
2305,193,2025-01-05,2025-01-09,16537.44,4322.89,16537.44,4322.89,Paid
2306,193,2025-02-05,2025-02-10,16537.44,4142.77,16537.44,4142.77,Paid
2307,193,2025-03-05,2025-03-05,16537.44,3962.65,16537.44,3962.65,Paid
2308,193,2025-04-05,2025-04-06,16537.44,3782.53,16537.44,3782.53,Paid
2309,193,2025-05-05,2025-05-05,16537.44,3602.41,16537.44,3602.41,Paid
2310,193,2025-06-05,2025-06-05,16537.44,3422.28,16537.44,3422.28,Paid
2311,193,2025-07-05,2025-07-08,16537.44,3242.16,16537.44,3242.16,Paid
2312,193,2025-08-05,2025-08-06,16537.44,3062.04,16537.44,3062.04,Paid
2313,193,2025-09-05,2025-09-10,16537.44,2881.92,16537.44,2881.92,Paid
2314,193,2025-10-05,2025-10-06,16537.44,2701.8,16537.44,2701.8,Paid
2315,193,2025-11-05,2025-11-08,16537.44,2521.68,16537.44,2521.68,Paid
2316,193,2025-12-05,2025-12-08,16537.44,2341.56,16537.44,2341.56,Paid
2317,194,2025-01-05,2025-01-08,5177.56,8952.01,5177.56,8952.01,Paid
2318,194,2025-02-05,2025-02-08,5177.56,8877.41,5177.56,8877.41,Paid
2319,194,2025-03-05,2025-03-09,5177.56,8802.81,5177.56,8802.81,Paid
2320,194,2025-04-05,,5177.56,8728.21,0.0,0.0,Unpaid
2321,194,2025-05-05,2025-05-07,5177.56,8728.21,5177.56,8728.21,Paid
2322,194,2025-06-05,2025-06-07,5177.56,8653.61,5177.56,8653.61,Paid
2323,194,2025-07-05,2025-07-10,5177.56,8579.01,5177.56,8579.01,Paid
2324,194,2025-08-05,2025-08-08,5177.56,8504.41,5177.56,8504.41,Paid
2325,194,2025-09-05,2025-09-08,5177.56,8429.81,5177.56,8429.81,Paid
2326,194,2025-10-05,2025-10-05,5177.56,8355.21,5177.56,8355.21,Paid
2327,194,2025-11-05,2025-11-10,5177.56,8280.61,5177.56,8280.61,Paid
2328,194,2025-12-05,2025-12-05,5177.56,8206.01,5177.56,8206.01,Paid
2329,195,2025-01-05,2025-01-05,11989.8,6467.3,11989.8,6467.3,Paid
2330,195,2025-02-05,2025-02-05,11989.8,6287.65,11989.8,6287.65,Paid
2331,195,2025-03-05,2025-03-10,11989.8,6108.01,11989.8,6108.01,Paid
2332,195,2025-04-05,2025-04-08,11989.8,5928.36,11989.8,5928.36,Paid
2333,195,2025-05-05,2025-05-05,11989.8,5748.71,11989.8,5748.71,Paid
2334,195,2025-06-05,,11989.8,5569.06,0.0,0.0,Unpaid
2335,195,2025-07-05,2025-07-05,11989.8,5569.06,11989.8,5569.06,Paid
2336,195,2025-08-05,2025-08-08,11989.8,5389.42,11989.8,5389.42,Paid
2337,195,2025-09-05,2025-09-10,11989.8,5209.77,11989.8,5209.77,Paid
2338,195,2025-10-05,2025-10-05,11989.8,5030.12,11989.8,5030.12,Paid
2339,195,2025-11-05,2025-11-08,11989.8,4850.48,11989.8,4850.48,Paid
2340,195,2025-12-05,2025-12-09,11989.8,4670.83,11989.8,4670.83,Paid
2341,196,2025-01-05,2025-01-09,2973.66,2172.26,2973.66,2172.26,Paid
2342,196,2025-02-05,2025-02-05,2973.66,2136.05,2973.66,2136.05,Paid
2343,196,2025-03-05,2025-03-08,2973.66,2099.85,2973.66,2099.85,Paid
2344,196,2025-04-05,2025-04-10,2973.66,2063.64,2973.66,2063.64,Paid
2345,196,2025-05-05,,2973.66,2027.44,0.0,0.0,Unpaid
2346,196,2025-06-05,2025-06-05,2973.66,2027.44,2973.66,2027.44,Paid
2347,196,2025-07-05,2025-07-07,2973.66,1991.23,2973.66,1991.23,Paid
2348,196,2025-08-05,,2973.66,1955.03,0.0,0.0,Unpaid
2349,196,2025-09-05,2025-09-10,2973.66,1955.03,2973.66,1955.03,Paid
2350,196,2025-10-05,2025-10-10,2973.66,1918.83,2973.66,1918.83,Paid
2351,196,2025-11-05,2025-11-10,2973.66,1882.62,2973.66,1882.62,Paid
2352,196,2025-12-05,2025-12-09,2973.66,1846.42,2973.66,1846.42,Paid
2353,197,2025-01-05,2025-01-08,64049.77,22250.89,64049.77,22250.89,Paid
2354,197,2025-02-05,2025-02-06,64049.77,21323.77,64049.77,21323.77,Paid
2355,197,2025-03-05,2025-03-09,64049.77,20396.65,64049.77,20396.65,Paid
2356,197,2025-04-05,2025-04-10,64049.77,19469.53,64049.77,19469.53,Paid
2357,197,2025-05-05,2025-05-09,64049.77,18542.41,64049.77,18542.41,Paid
2358,197,2025-06-05,2025-06-07,64049.77,17615.29,64049.77,17615.29,Paid
2359,197,2025-07-05,2025-07-10,64049.77,16688.17,64049.77,16688.17,Paid
2360,197,2025-08-05,2025-08-07,64049.77,15761.05,64049.77,15761.05,Paid
2361,197,2025-09-05,2025-09-05,64049.77,14833.93,64049.77,14833.93,Paid
2362,197,2025-10-05,2025-10-10,64049.77,13906.81,64049.77,13906.81,Paid
2363,197,2025-11-05,2025-11-10,64049.77,12979.69,64049.77,12979.69,Paid
2364,197,2025-12-05,2025-12-07,64049.77,12052.57,64049.77,12052.57,Paid
2365,198,2025-01-05,2025-01-09,45998.95,9043.39,45998.95,9043.39,Paid
2366,198,2025-02-05,2025-02-09,45998.95,8666.59,45998.95,8666.59,Paid
2367,198,2025-03-05,2025-03-09,45998.95,8289.78,45998.95,8289.78,Paid
2368,198,2025-04-05,2025-04-09,45998.95,7912.97,45998.95,7912.97,Paid
2369,198,2025-05-05,2025-05-10,45998.95,7536.16,45998.95,7536.16,Paid
2370,198,2025-06-05,2025-06-08,45998.95,7159.35,45998.95,7159.35,Paid
2371,198,2025-07-05,2025-07-08,45998.95,6782.55,45998.95,6782.55,Paid
2372,198,2025-08-05,2025-08-06,45998.95,6405.74,45998.95,6405.74,Paid
2373,198,2025-09-05,2025-09-06,45998.95,6028.93,45998.95,6028.93,Paid
2374,198,2025-10-05,2025-10-07,45998.95,5652.12,45998.95,5652.12,Paid
2375,198,2025-11-05,2025-11-08,45998.95,5275.31,45998.95,5275.31,Paid
2376,198,2025-12-05,2025-12-07,45998.95,4898.51,45998.95,4898.51,Paid
2377,199,2025-01-05,2025-01-09,3966.53,4390.94,3966.53,4390.94,Paid
2378,199,2025-02-05,2025-02-09,3966.53,4354.35,3966.53,4354.35,Paid
2379,199,2025-03-05,2025-03-07,3966.53,4317.76,3966.53,4317.76,Paid
2380,199,2025-04-05,2025-04-05,3966.53,4281.17,3966.53,4281.17,Paid
2381,199,2025-05-05,2025-05-06,3966.53,4244.58,3966.53,4244.58,Paid
2382,199,2025-06-05,2025-06-07,3966.53,4207.99,3966.53,4207.99,Paid
2383,199,2025-07-05,2025-07-09,3966.53,4171.4,3966.53,4171.4,Paid
2384,199,2025-08-05,2025-08-07,3966.53,4134.81,3966.53,4134.81,Paid
2385,199,2025-09-05,2025-09-06,3966.53,4098.21,3966.53,4098.21,Paid
2386,199,2025-10-05,2025-10-05,3966.53,4061.62,3966.53,4061.62,Paid
2387,199,2025-11-05,2025-11-10,3966.53,4025.03,3966.53,4025.03,Paid
2388,199,2025-12-05,2025-12-07,3966.53,3988.44,3966.53,3988.44,Paid
2389,200,2025-01-05,2025-01-07,39567.53,11617.03,39567.53,11617.03,Paid
2390,200,2025-02-05,2025-02-08,39567.53,11132.98,39567.53,11132.98,Paid
2391,200,2025-03-05,2025-03-09,39567.53,10648.94,39567.53,10648.94,Paid
2392,200,2025-04-05,2025-04-09,39567.53,10164.9,39567.53,10164.9,Paid
2393,200,2025-05-05,2025-05-06,39567.53,9680.85,39567.53,9680.85,Paid
2394,200,2025-06-05,2025-06-10,39567.53,9196.81,39567.53,9196.81,Paid
2395,200,2025-07-05,2025-07-05,39567.53,8712.77,39567.53,8712.77,Paid
2396,200,2025-08-05,2025-08-10,39567.53,8228.73,39567.53,8228.73,Paid
2397,200,2025-09-05,2025-09-07,39567.53,7744.68,39567.53,7744.68,Paid
2398,200,2025-10-05,2025-10-10,39567.53,7260.64,39567.53,7260.64,Paid
2399,200,2025-11-05,2025-11-06,39567.53,6776.6,39567.53,6776.6,Paid
2400,200,2025-12-05,2025-12-06,39567.53,6292.55,39567.53,6292.55,Paid
2401,201,2025-01-05,2025-01-05,42286.81,11290.58,42286.81,11290.58,Paid
2402,201,2025-02-05,2025-02-09,42286.81,10820.14,42286.81,10820.14,Paid
2403,201,2025-03-05,2025-03-05,42286.81,10349.7,42286.81,10349.7,Paid
2404,201,2025-04-05,2025-04-10,42286.81,9879.25,42286.81,9879.25,Paid
2405,201,2025-05-05,2025-05-10,42286.81,9408.81,42286.81,9408.81,Paid
2406,201,2025-06-05,2025-06-08,42286.81,8938.37,42286.81,8938.37,Paid
2407,201,2025-07-05,2025-07-09,42286.81,8467.93,42286.81,8467.93,Paid
2408,201,2025-08-05,2025-08-05,42286.81,7997.49,42286.81,7997.49,Paid
2409,201,2025-09-05,2025-09-10,42286.81,7527.05,42286.81,7527.05,Paid
2410,201,2025-10-05,2025-10-10,42286.81,7056.61,42286.81,7056.61,Paid
2411,201,2025-11-05,2025-11-08,42286.81,6586.17,42286.81,6586.17,Paid
2412,201,2025-12-05,2025-12-09,42286.81,6115.73,42286.81,6115.73,Paid
2413,202,2025-01-05,2025-01-09,15399.0,9932.35,15399.0,9932.35,Paid
2414,202,2025-02-05,2025-02-09,15399.0,9766.81,15399.0,9766.81,Paid
2415,202,2025-03-05,2025-03-08,15399.0,9601.27,15399.0,9601.27,Paid
2416,202,2025-04-05,2025-04-08,15399.0,9435.73,15399.0,9435.73,Paid
2417,202,2025-05-05,2025-05-05,15399.0,9270.19,15399.0,9270.19,Paid
2418,202,2025-06-05,2025-06-06,15399.0,9104.66,15399.0,9104.66,Paid
2419,202,2025-07-05,2025-07-06,15399.0,8939.12,15399.0,8939.12,Paid
2420,202,2025-08-05,2025-08-06,15399.0,8773.58,15399.0,8773.58,Paid
2421,202,2025-09-05,2025-09-09,15399.0,8608.04,15399.0,8608.04,Paid
2422,202,2025-10-05,2025-10-10,15399.0,8442.5,15399.0,8442.5,Paid
2423,202,2025-11-05,2025-11-08,15399.0,8276.96,15399.0,8276.96,Paid
2424,202,2025-12-05,2025-12-07,15399.0,8111.42,15399.0,8111.42,Paid
2425,203,2025-01-05,2025-01-09,17677.47,4311.53,17677.47,4311.53,Paid
2426,203,2025-02-05,2025-02-07,17677.47,4191.77,17677.47,4191.77,Paid
2427,203,2025-03-05,2025-03-07,17677.47,4072.01,17677.47,4072.01,Paid
2428,203,2025-04-05,2025-04-06,17677.47,3952.24,17677.47,3952.24,Paid
2429,203,2025-05-05,2025-05-10,17677.47,3832.48,17677.47,3832.48,Paid
2430,203,2025-06-05,2025-06-07,17677.47,3712.71,17677.47,3712.71,Paid
2431,203,2025-07-05,2025-07-10,17677.47,3592.95,17677.47,3592.95,Paid
2432,203,2025-08-05,2025-08-05,17677.47,3473.18,17677.47,3473.18,Paid
2433,203,2025-09-05,2025-09-07,17677.47,3353.42,17677.47,3353.42,Paid
2434,203,2025-10-05,2025-10-07,17677.47,3233.65,17677.47,3233.65,Paid
2435,203,2025-11-05,2025-11-05,17677.47,3113.89,17677.47,3113.89,Paid
2436,203,2025-12-05,2025-12-06,17677.47,2994.12,17677.47,2994.12,Paid
2437,204,2025-01-05,2025-01-08,33250.17,11351.61,33250.17,11351.61,Paid
2438,204,2025-02-05,2025-02-06,33250.17,11036.29,33250.17,11036.29,Paid
2439,204,2025-03-05,2025-03-06,33250.17,10720.96,33250.17,10720.96,Paid
2440,204,2025-04-05,2025-04-05,33250.17,10405.64,33250.17,10405.64,Paid
2441,204,2025-05-05,2025-05-08,33250.17,10090.32,33250.17,10090.32,Paid
2442,204,2025-06-05,2025-06-08,33250.17,9775.0,33250.17,9775.0,Paid
2443,204,2025-07-05,2025-07-10,33250.17,9459.67,33250.17,9459.67,Paid
2444,204,2025-08-05,2025-08-06,33250.17,9144.35,33250.17,9144.35,Paid
2445,204,2025-09-05,2025-09-10,33250.17,8829.03,33250.17,8829.03,Paid
2446,204,2025-10-05,2025-10-08,33250.17,8513.71,33250.17,8513.71,Paid
2447,204,2025-11-05,2025-11-05,33250.17,8198.38,33250.17,8198.38,Paid
2448,204,2025-12-05,2025-12-06,33250.17,7883.06,33250.17,7883.06,Paid
2449,205,2025-01-05,2025-01-05,74319.27,24644.27,74319.27,24644.27,Paid
2450,205,2025-02-05,2025-02-10,74319.27,23617.43,74319.27,23617.43,Paid
2451,205,2025-03-05,2025-03-06,74319.27,22590.58,74319.27,22590.58,Paid
2452,205,2025-04-05,2025-04-10,74319.27,21563.74,74319.27,21563.74,Paid
2453,205,2025-05-05,2025-05-06,74319.27,20536.89,74319.27,20536.89,Paid
2454,205,2025-06-05,2025-06-10,74319.27,19510.05,74319.27,19510.05,Paid
2455,205,2025-07-05,2025-07-07,74319.27,18483.2,74319.27,18483.2,Paid
2456,205,2025-08-05,2025-08-08,74319.27,17456.36,74319.27,17456.36,Paid
2457,205,2025-09-05,2025-09-09,74319.27,16429.51,74319.27,16429.51,Paid
2458,205,2025-10-05,,74319.27,15402.67,0.0,0.0,Unpaid
2459,205,2025-11-05,,74319.27,15402.67,0.0,0.0,Unpaid
2460,205,2025-12-05,2025-12-05,74319.27,15402.67,74319.27,15402.67,Paid
2461,206,2025-01-05,2025-01-10,12363.86,8574.34,12363.86,8574.34,Paid
2462,206,2025-02-05,2025-02-07,12363.86,8431.43,12363.86,8431.43,Paid
2463,206,2025-03-05,2025-03-09,12363.86,8288.53,12363.86,8288.53,Paid
2464,206,2025-04-05,2025-04-10,12363.86,8145.62,12363.86,8145.62,Paid
2465,206,2025-05-05,2025-05-09,12363.86,8002.71,12363.86,8002.71,Paid
2466,206,2025-06-05,2025-06-07,12363.86,7859.81,12363.86,7859.81,Paid
2467,206,2025-07-05,2025-07-06,12363.86,7716.9,12363.86,7716.9,Paid
2468,206,2025-08-05,2025-08-10,12363.86,7574.0,12363.86,7574.0,Paid
2469,206,2025-09-05,2025-09-09,12363.86,7431.09,12363.86,7431.09,Paid
2470,206,2025-10-05,2025-10-06,12363.86,7288.19,12363.86,7288.19,Paid
2471,206,2025-11-05,2025-11-05,12363.86,7145.28,12363.86,7145.28,Paid
2472,206,2025-12-05,2025-12-05,12363.86,7002.37,12363.86,7002.37,Paid
2473,207,2025-01-05,2025-01-10,36350.29,53180.47,36350.29,53180.47,Paid
2474,207,2025-02-05,2025-02-05,36350.29,52737.3,36350.29,52737.3,Paid
2475,207,2025-03-05,2025-03-07,36350.29,52294.13,36350.29,52294.13,Paid
2476,207,2025-04-05,2025-04-09,36350.29,51850.96,36350.29,51850.96,Paid
2477,207,2025-05-05,2025-05-06,36350.29,51407.79,36350.29,51407.79,Paid
2478,207,2025-06-05,2025-06-06,36350.29,50964.62,36350.29,50964.62,Paid
2479,207,2025-07-05,2025-07-08,36350.29,50521.45,36350.29,50521.45,Paid
2480,207,2025-08-05,2025-08-06,36350.29,50078.28,36350.29,50078.28,Paid
2481,207,2025-09-05,2025-09-09,36350.29,49635.11,36350.29,49635.11,Paid
2482,207,2025-10-05,2025-10-08,36350.29,49191.94,36350.29,49191.94,Paid
2483,207,2025-11-05,2025-11-08,36350.29,48748.77,36350.29,48748.77,Paid
2484,207,2025-12-05,2025-12-06,36350.29,48305.6,36350.29,48305.6,Paid
2485,208,2025-01-05,2025-01-10,9186.39,10665.4,9186.39,10665.4,Paid
2486,208,2025-02-05,2025-02-10,9186.39,10576.52,9186.39,10576.52,Paid
2487,208,2025-03-05,2025-03-05,9186.39,10487.65,9186.39,10487.65,Paid
2488,208,2025-04-05,2025-04-10,9186.39,10398.77,9186.39,10398.77,Paid
2489,208,2025-05-05,2025-05-07,9186.39,10309.89,9186.39,10309.89,Paid
2490,208,2025-06-05,2025-06-05,9186.39,10221.01,9186.39,10221.01,Paid
2491,208,2025-07-05,2025-07-07,9186.39,10132.13,9186.39,10132.13,Paid
2492,208,2025-08-05,2025-08-10,9186.39,10043.25,9186.39,10043.25,Paid
2493,208,2025-09-05,2025-09-08,9186.39,9954.38,9186.39,9954.38,Paid
2494,208,2025-10-05,2025-10-08,9186.39,9865.5,9186.39,9865.5,Paid
2495,208,2025-11-05,2025-11-09,9186.39,9776.62,9186.39,9776.62,Paid
2496,208,2025-12-05,2025-12-06,9186.39,9687.74,9186.39,9687.74,Paid
2497,209,2025-01-05,,23170.05,20169.53,0.0,0.0,Unpaid
2498,209,2025-02-05,2025-02-05,23170.05,20169.53,23170.05,20169.53,Paid
2499,209,2025-03-05,2025-03-08,23170.05,19833.37,23170.05,19833.37,Paid
2500,209,2025-04-05,2025-04-07,23170.05,19497.21,23170.05,19497.21,Paid
2501,209,2025-05-05,2025-05-10,23170.05,19161.05,23170.05,19161.05,Paid
2502,209,2025-06-05,2025-06-08,23170.05,18824.89,23170.05,18824.89,Paid
2503,209,2025-07-05,2025-07-05,23170.05,18488.73,23170.05,18488.73,Paid
2504,209,2025-08-05,2025-08-08,23170.05,18152.57,23170.05,18152.57,Paid
2505,209,2025-09-05,2025-09-08,23170.05,17816.42,23170.05,17816.42,Paid
2506,209,2025-10-05,2025-10-10,23170.05,17480.26,23170.05,17480.26,Paid
2507,209,2025-11-05,2025-11-06,23170.05,17144.1,23170.05,17144.1,Paid
2508,209,2025-12-05,2025-12-09,23170.05,16807.94,23170.05,16807.94,Paid
2509,210,2025-01-05,2025-01-06,9861.38,6173.22,9861.38,6173.22,Paid
2510,210,2025-02-05,2025-02-06,9861.38,6070.34,9861.38,6070.34,Paid
2511,210,2025-03-05,2025-03-05,9861.38,5967.45,9861.38,5967.45,Paid
2512,210,2025-04-05,2025-04-07,9861.38,5864.56,9861.38,5864.56,Paid
2513,210,2025-05-05,2025-05-07,9861.38,5761.68,9861.38,5761.68,Paid
2514,210,2025-06-05,2025-06-10,9861.38,5658.79,9861.38,5658.79,Paid
2515,210,2025-07-05,2025-07-08,9861.38,5555.9,9861.38,5555.9,Paid
2516,210,2025-08-05,2025-08-08,9861.38,5453.01,9861.38,5453.01,Paid
2517,210,2025-09-05,2025-09-08,9861.38,5350.13,9861.38,5350.13,Paid
2518,210,2025-10-05,2025-10-07,9861.38,5247.24,9861.38,5247.24,Paid
2519,210,2025-11-05,2025-11-05,9861.38,5144.35,9861.38,5144.35,Paid
2520,210,2025-12-05,2025-12-10,9861.38,5041.47,9861.38,5041.47,Paid
2521,211,2025-01-05,2025-01-09,2969.17,4308.27,2969.17,4308.27,Paid
2522,211,2025-02-05,2025-02-06,2969.17,4272.36,2969.17,4272.36,Paid
2523,211,2025-03-05,2025-03-08,2969.17,4236.46,2969.17,4236.46,Paid
2524,211,2025-04-05,2025-04-06,2969.17,4200.56,2969.17,4200.56,Paid
2525,211,2025-05-05,2025-05-10,2969.17,4164.66,2969.17,4164.66,Paid
2526,211,2025-06-05,2025-06-05,2969.17,4128.76,2969.17,4128.76,Paid
2527,211,2025-07-05,2025-07-09,2969.17,4092.85,2969.17,4092.85,Paid
2528,211,2025-08-05,2025-08-10,2969.17,4056.95,2969.17,4056.95,Paid
2529,211,2025-09-05,2025-09-08,2969.17,4021.05,2969.17,4021.05,Paid
2530,211,2025-10-05,2025-10-09,2969.17,3985.15,2969.17,3985.15,Paid
2531,211,2025-11-05,2025-11-06,2969.17,3949.24,2969.17,3949.24,Paid
2532,211,2025-12-05,2025-12-06,2969.17,3913.34,2969.17,3913.34,Paid
2533,212,2025-01-05,2025-01-05,28985.05,10231.72,28985.05,10231.72,Paid
2534,212,2025-02-05,2025-02-08,28985.05,9805.4,28985.05,9805.4,Paid
2535,212,2025-03-05,2025-03-09,28985.05,9379.08,28985.05,9379.08,Paid
2536,212,2025-04-05,,28985.05,8952.76,0.0,0.0,Unpaid
2537,212,2025-05-05,2025-05-07,28985.05,8952.76,28985.05,8952.76,Paid
2538,212,2025-06-05,2025-06-07,28985.05,8526.44,28985.05,8526.44,Paid
2539,212,2025-07-05,2025-07-06,28985.05,8100.11,28985.05,8100.11,Paid
2540,212,2025-08-05,2025-08-08,28985.05,7673.79,28985.05,7673.79,Paid
2541,212,2025-09-05,2025-09-08,28985.05,7247.47,28985.05,7247.47,Paid
2542,212,2025-10-05,2025-10-05,28985.05,6821.15,28985.05,6821.15,Paid
2543,212,2025-11-05,,28985.05,6394.83,0.0,0.0,Unpaid
2544,212,2025-12-05,2025-12-08,28985.05,6394.83,28985.05,6394.83,Paid
2545,213,2025-01-05,2025-01-05,11519.43,7769.86,11519.43,7769.86,Paid
2546,213,2025-02-05,,11519.43,7640.36,0.0,0.0,Unpaid
2547,213,2025-03-05,2025-03-07,11519.43,7640.36,11519.43,7640.36,Paid
2548,213,2025-04-05,2025-04-07,11519.43,7510.86,11519.43,7510.86,Paid
2549,213,2025-05-05,2025-05-09,11519.43,7381.37,11519.43,7381.37,Paid
2550,213,2025-06-05,2025-06-09,11519.43,7251.87,11519.43,7251.87,Paid
2551,213,2025-07-05,2025-07-06,11519.43,7122.37,11519.43,7122.37,Paid
2552,213,2025-08-05,2025-08-09,11519.43,6992.87,11519.43,6992.87,Paid
2553,213,2025-09-05,2025-09-05,11519.43,6863.37,11519.43,6863.37,Paid
2554,213,2025-10-05,2025-10-07,11519.43,6733.88,11519.43,6733.88,Paid
2555,213,2025-11-05,2025-11-06,11519.43,6604.38,11519.43,6604.38,Paid
2556,213,2025-12-05,2025-12-10,11519.43,6474.88,11519.43,6474.88,Paid
2557,214,2025-01-05,,12032.73,7021.1,0.0,0.0,Unpaid
2558,214,2025-02-05,2025-02-08,12032.73,7021.1,12032.73,7021.1,Paid
2559,214,2025-03-05,2025-03-07,12032.73,6904.08,12032.73,6904.08,Paid
2560,214,2025-04-05,2025-04-06,12032.73,6787.06,12032.73,6787.06,Paid
2561,214,2025-05-05,2025-05-07,12032.73,6670.04,12032.73,6670.04,Paid
2562,214,2025-06-05,2025-06-06,12032.73,6553.02,12032.73,6553.02,Paid
2563,214,2025-07-05,2025-07-05,12032.73,6436.01,12032.73,6436.01,Paid
2564,214,2025-08-05,2025-08-07,12032.73,6318.99,12032.73,6318.99,Paid
2565,214,2025-09-05,2025-09-07,12032.73,6201.97,12032.73,6201.97,Paid
2566,214,2025-10-05,2025-10-09,12032.73,6084.95,12032.73,6084.95,Paid
2567,214,2025-11-05,2025-11-09,12032.73,5967.93,12032.73,5967.93,Paid
2568,214,2025-12-05,2025-12-10,12032.73,5850.91,12032.73,5850.91,Paid
2569,215,2025-01-05,2025-01-07,11221.89,2827.92,11221.89,2827.92,Paid
2570,215,2025-02-05,2025-02-06,11221.89,2749.36,11221.89,2749.36,Paid
2571,215,2025-03-05,2025-03-10,11221.89,2670.81,11221.89,2670.81,Paid
2572,215,2025-04-05,2025-04-08,11221.89,2592.26,11221.89,2592.26,Paid
2573,215,2025-05-05,2025-05-05,11221.89,2513.7,11221.89,2513.7,Paid
2574,215,2025-06-05,2025-06-07,11221.89,2435.15,11221.89,2435.15,Paid
2575,215,2025-07-05,2025-07-08,11221.89,2356.6,11221.89,2356.6,Paid
2576,215,2025-08-05,2025-08-08,11221.89,2278.04,11221.89,2278.04,Paid
2577,215,2025-09-05,2025-09-08,11221.89,2199.49,11221.89,2199.49,Paid
2578,215,2025-10-05,2025-10-09,11221.89,2120.94,11221.89,2120.94,Paid
2579,215,2025-11-05,2025-11-10,11221.89,2042.38,11221.89,2042.38,Paid
2580,215,2025-12-05,2025-12-07,11221.89,1963.83,11221.89,1963.83,Paid
2581,216,2025-01-05,2025-01-08,32196.41,17756.32,32196.41,17756.32,Paid
2582,216,2025-02-05,2025-02-10,32196.41,17460.38,32196.41,17460.38,Paid
2583,216,2025-03-05,2025-03-08,32196.41,17164.44,32196.41,17164.44,Paid
2584,216,2025-04-05,,32196.41,16868.5,0.0,0.0,Unpaid
2585,216,2025-05-05,2025-05-05,32196.41,16868.5,32196.41,16868.5,Paid
2586,216,2025-06-05,2025-06-08,32196.41,16572.56,32196.41,16572.56,Paid
2587,216,2025-07-05,2025-07-05,32196.41,16276.62,32196.41,16276.62,Paid
2588,216,2025-08-05,2025-08-07,32196.41,15980.69,32196.41,15980.69,Paid
2589,216,2025-09-05,2025-09-08,32196.41,15684.75,32196.41,15684.75,Paid
2590,216,2025-10-05,,32196.41,15388.81,0.0,0.0,Unpaid
2591,216,2025-11-05,2025-11-07,32196.41,15388.81,32196.41,15388.81,Paid
2592,216,2025-12-05,2025-12-05,32196.41,15092.87,32196.41,15092.87,Paid
2593,217,2025-01-05,2025-01-05,7544.16,6110.77,7544.16,6110.77,Paid
2594,217,2025-02-05,,7544.16,6008.92,0.0,0.0,Unpaid
2595,217,2025-03-05,2025-03-09,7544.16,6008.92,7544.16,6008.92,Paid
2596,217,2025-04-05,2025-04-07,7544.16,5907.07,7544.16,5907.07,Paid
2597,217,2025-05-05,2025-05-05,7544.16,5805.23,7544.16,5805.23,Paid
2598,217,2025-06-05,2025-06-08,7544.16,5703.38,7544.16,5703.38,Paid
2599,217,2025-07-05,2025-07-07,7544.16,5601.54,7544.16,5601.54,Paid
2600,217,2025-08-05,2025-08-07,7544.16,5499.69,7544.16,5499.69,Paid
2601,217,2025-09-05,2025-09-09,7544.16,5397.84,7544.16,5397.84,Paid
2602,217,2025-10-05,2025-10-10,7544.16,5296.0,7544.16,5296.0,Paid
2603,217,2025-11-05,2025-11-09,7544.16,5194.15,7544.16,5194.15,Paid
2604,217,2025-12-05,2025-12-05,7544.16,5092.31,7544.16,5092.31,Paid
2605,218,2025-01-05,2025-01-06,3174.53,5377.65,3174.53,5377.65,Paid
2606,218,2025-02-05,,3174.53,5332.84,0.0,0.0,Unpaid
2607,218,2025-03-05,2025-03-07,3174.53,5332.84,3174.53,5332.84,Paid
2608,218,2025-04-05,2025-04-10,3174.53,5288.02,3174.53,5288.02,Paid
2609,218,2025-05-05,2025-05-08,3174.53,5243.21,3174.53,5243.21,Paid
2610,218,2025-06-05,2025-06-05,3174.53,5198.4,3174.53,5198.4,Paid
2611,218,2025-07-05,2025-07-07,3174.53,5153.58,3174.53,5153.58,Paid
2612,218,2025-08-05,2025-08-08,3174.53,5108.77,3174.53,5108.77,Paid
2613,218,2025-09-05,2025-09-07,3174.53,5063.95,3174.53,5063.95,Paid
2614,218,2025-10-05,2025-10-10,3174.53,5019.14,3174.53,5019.14,Paid
2615,218,2025-11-05,2025-11-10,3174.53,4974.33,3174.53,4974.33,Paid
2616,218,2025-12-05,2025-12-06,3174.53,4929.51,3174.53,4929.51,Paid
2617,219,2025-01-05,2025-01-06,17379.52,14094.79,17379.52,14094.79,Paid
2618,219,2025-02-05,2025-02-07,17379.52,13859.87,17379.52,13859.87,Paid
2619,219,2025-03-05,2025-03-10,17379.52,13624.96,17379.52,13624.96,Paid
2620,219,2025-04-05,2025-04-10,17379.52,13390.05,17379.52,13390.05,Paid
2621,219,2025-05-05,2025-05-08,17379.52,13155.13,17379.52,13155.13,Paid
2622,219,2025-06-05,2025-06-05,17379.52,12920.22,17379.52,12920.22,Paid
2623,219,2025-07-05,2025-07-09,17379.52,12685.31,17379.52,12685.31,Paid
2624,219,2025-08-05,2025-08-10,17379.52,12450.4,17379.52,12450.4,Paid
2625,219,2025-09-05,2025-09-07,17379.52,12215.48,17379.52,12215.48,Paid
2626,219,2025-10-05,2025-10-06,17379.52,11980.57,17379.52,11980.57,Paid
2627,219,2025-11-05,2025-11-10,17379.52,11745.66,17379.52,11745.66,Paid
2628,219,2025-12-05,2025-12-05,17379.52,11510.74,17379.52,11510.74,Paid
2629,220,2025-01-05,2025-01-06,21065.86,4196.32,21065.86,4196.32,Paid
2630,220,2025-02-05,2025-02-08,21065.86,4021.47,21065.86,4021.47,Paid
2631,220,2025-03-05,2025-03-06,21065.86,3846.63,21065.86,3846.63,Paid
2632,220,2025-04-05,2025-04-06,21065.86,3671.78,21065.86,3671.78,Paid
2633,220,2025-05-05,2025-05-09,21065.86,3496.93,21065.86,3496.93,Paid
2634,220,2025-06-05,2025-06-10,21065.86,3322.09,21065.86,3322.09,Paid
2635,220,2025-07-05,2025-07-07,21065.86,3147.24,21065.86,3147.24,Paid
2636,220,2025-08-05,2025-08-08,21065.86,2972.39,21065.86,2972.39,Paid
2637,220,2025-09-05,2025-09-09,21065.86,2797.55,21065.86,2797.55,Paid
2638,220,2025-10-05,2025-10-05,21065.86,2622.7,21065.86,2622.7,Paid
2639,220,2025-11-05,2025-11-10,21065.86,2447.85,21065.86,2447.85,Paid
2640,220,2025-12-05,2025-12-05,21065.86,2273.01,21065.86,2273.01,Paid
2641,221,2025-01-05,2025-01-07,25259.45,9176.76,25259.45,9176.76,Paid
2642,221,2025-02-05,2025-02-10,25259.45,8921.85,25259.45,8921.85,Paid
2643,221,2025-03-05,2025-03-09,25259.45,8666.94,25259.45,8666.94,Paid
2644,221,2025-04-05,2025-04-08,25259.45,8412.03,25259.45,8412.03,Paid
2645,221,2025-05-05,2025-05-07,25259.45,8157.12,25259.45,8157.12,Paid
2646,221,2025-06-05,2025-06-07,25259.45,7902.21,25259.45,7902.21,Paid
2647,221,2025-07-05,2025-07-06,25259.45,7647.3,25259.45,7647.3,Paid
2648,221,2025-08-05,2025-08-09,25259.45,7392.39,25259.45,7392.39,Paid
2649,221,2025-09-05,,25259.45,7137.48,0.0,0.0,Unpaid
2650,221,2025-10-05,2025-10-06,25259.45,7137.48,25259.45,7137.48,Paid
2651,221,2025-11-05,2025-11-06,25259.45,6882.57,25259.45,6882.57,Paid
2652,221,2025-12-05,2025-12-08,25259.45,6627.66,25259.45,6627.66,Paid
2653,222,2025-01-05,2025-01-07,19210.51,5025.47,19210.51,5025.47,Paid
2654,222,2025-02-05,2025-02-10,19210.51,4885.87,19210.51,4885.87,Paid
2655,222,2025-03-05,2025-03-10,19210.51,4746.28,19210.51,4746.28,Paid
2656,222,2025-04-05,2025-04-07,19210.51,4606.68,19210.51,4606.68,Paid
2657,222,2025-05-05,2025-05-08,19210.51,4467.08,19210.51,4467.08,Paid
2658,222,2025-06-05,2025-06-06,19210.51,4327.49,19210.51,4327.49,Paid
2659,222,2025-07-05,,19210.51,4187.89,0.0,0.0,Unpaid
2660,222,2025-08-05,2025-08-06,19210.51,4187.89,19210.51,4187.89,Paid
2661,222,2025-09-05,2025-09-09,19210.51,4048.29,19210.51,4048.29,Paid
2662,222,2025-10-05,2025-10-09,19210.51,3908.7,19210.51,3908.7,Paid
2663,222,2025-11-05,2025-11-08,19210.51,3769.1,19210.51,3769.1,Paid
2664,222,2025-12-05,2025-12-08,19210.51,3629.51,19210.51,3629.51,Paid
2665,223,2025-01-05,,51525.8,14051.09,0.0,0.0,Unpaid
2666,223,2025-02-05,2025-02-06,51525.8,14051.09,51525.8,14051.09,Paid
2667,223,2025-03-05,,51525.8,13660.78,0.0,0.0,Unpaid
2668,223,2025-04-05,2025-04-07,51525.8,13660.78,51525.8,13660.78,Paid
2669,223,2025-05-05,2025-05-05,51525.8,13270.47,51525.8,13270.47,Paid
2670,223,2025-06-05,2025-06-09,51525.8,12880.16,51525.8,12880.16,Paid
2671,223,2025-07-05,2025-07-07,51525.8,12489.85,51525.8,12489.85,Paid
2672,223,2025-08-05,2025-08-10,51525.8,12099.55,51525.8,12099.55,Paid
2673,223,2025-09-05,2025-09-10,51525.8,11709.24,51525.8,11709.24,Paid
2674,223,2025-10-05,2025-10-07,51525.8,11318.93,51525.8,11318.93,Paid
2675,223,2025-11-05,2025-11-08,51525.8,10928.62,51525.8,10928.62,Paid
2676,223,2025-12-05,2025-12-10,51525.8,10538.32,51525.8,10538.32,Paid
2677,224,2025-01-05,2025-01-05,13977.48,3550.28,13977.48,3550.28,Paid
2678,224,2025-02-05,2025-02-06,13977.48,3402.35,13977.48,3402.35,Paid
2679,224,2025-03-05,2025-03-07,13977.48,3254.42,13977.48,3254.42,Paid
2680,224,2025-04-05,2025-04-05,13977.48,3106.5,13977.48,3106.5,Paid
2681,224,2025-05-05,2025-05-07,13977.48,2958.57,13977.48,2958.57,Paid
2682,224,2025-06-05,2025-06-10,13977.48,2810.64,13977.48,2810.64,Paid
2683,224,2025-07-05,2025-07-09,13977.48,2662.71,13977.48,2662.71,Paid
2684,224,2025-08-05,2025-08-06,13977.48,2514.78,13977.48,2514.78,Paid
2685,224,2025-09-05,2025-09-07,13977.48,2366.85,13977.48,2366.85,Paid
2686,224,2025-10-05,2025-10-06,13977.48,2218.93,13977.48,2218.93,Paid
2687,224,2025-11-05,2025-11-09,13977.48,2071.0,13977.48,2071.0,Paid
2688,224,2025-12-05,2025-12-09,13977.48,1923.07,13977.48,1923.07,Paid
2689,225,2025-01-05,2025-01-06,20281.88,3488.48,20281.88,3488.48,Paid
2690,225,2025-02-05,,20281.88,3343.13,0.0,0.0,Unpaid
2691,225,2025-03-05,2025-03-07,20281.88,3343.13,20281.88,3343.13,Paid
2692,225,2025-04-05,2025-04-09,20281.88,3197.78,20281.88,3197.78,Paid
2693,225,2025-05-05,2025-05-09,20281.88,3052.42,20281.88,3052.42,Paid
2694,225,2025-06-05,2025-06-08,20281.88,2907.07,20281.88,2907.07,Paid
2695,225,2025-07-05,2025-07-10,20281.88,2761.72,20281.88,2761.72,Paid
2696,225,2025-08-05,2025-08-07,20281.88,2616.36,20281.88,2616.36,Paid
2697,225,2025-09-05,2025-09-10,20281.88,2471.01,20281.88,2471.01,Paid
2698,225,2025-10-05,2025-10-08,20281.88,2325.66,20281.88,2325.66,Paid
2699,225,2025-11-05,,20281.88,2180.3,0.0,0.0,Unpaid
2700,225,2025-12-05,,20281.88,2180.3,0.0,0.0,Unpaid
2701,226,2025-01-05,2025-01-05,6285.28,5681.89,6285.28,5681.89,Paid
2702,226,2025-02-05,2025-02-06,6285.28,5634.54,6285.28,5634.54,Paid
2703,226,2025-03-05,2025-03-09,6285.28,5587.2,6285.28,5587.2,Paid
2704,226,2025-04-05,2025-04-10,6285.28,5539.85,6285.28,5539.85,Paid
2705,226,2025-05-05,2025-05-07,6285.28,5492.5,6285.28,5492.5,Paid
2706,226,2025-06-05,2025-06-09,6285.28,5445.15,6285.28,5445.15,Paid
2707,226,2025-07-05,2025-07-05,6285.28,5397.8,6285.28,5397.8,Paid
2708,226,2025-08-05,2025-08-08,6285.28,5350.45,6285.28,5350.45,Paid
2709,226,2025-09-05,2025-09-09,6285.28,5303.1,6285.28,5303.1,Paid
2710,226,2025-10-05,2025-10-05,6285.28,5255.75,6285.28,5255.75,Paid
2711,226,2025-11-05,2025-11-05,6285.28,5208.4,6285.28,5208.4,Paid
2712,226,2025-12-05,2025-12-09,6285.28,5161.05,6285.28,5161.05,Paid
2713,227,2025-01-05,2025-01-06,30128.21,15519.04,30128.21,15519.04,Paid
2714,227,2025-02-05,2025-02-08,30128.21,15087.96,30128.21,15087.96,Paid
2715,227,2025-03-05,2025-03-09,30128.21,14656.87,30128.21,14656.87,Paid
2716,227,2025-04-05,2025-04-05,30128.21,14225.79,30128.21,14225.79,Paid
2717,227,2025-05-05,2025-05-08,30128.21,13794.7,30128.21,13794.7,Paid
2718,227,2025-06-05,2025-06-08,30128.21,13363.62,30128.21,13363.62,Paid
2719,227,2025-07-05,2025-07-07,30128.21,12932.54,30128.21,12932.54,Paid
2720,227,2025-08-05,2025-08-09,30128.21,12501.45,30128.21,12501.45,Paid
2721,227,2025-09-05,2025-09-05,30128.21,12070.37,30128.21,12070.37,Paid
2722,227,2025-10-05,2025-10-10,30128.21,11639.28,30128.21,11639.28,Paid
2723,227,2025-11-05,2025-11-10,30128.21,11208.2,30128.21,11208.2,Paid
2724,227,2025-12-05,2025-12-05,30128.21,10777.11,30128.21,10777.11,Paid
2725,228,2025-01-05,2025-01-09,59986.06,31474.68,59986.06,31474.68,Paid
2726,228,2025-02-05,2025-02-05,59986.06,30600.39,59986.06,30600.39,Paid
2727,228,2025-03-05,,59986.06,29726.09,0.0,0.0,Unpaid
2728,228,2025-04-05,,59986.06,29726.09,0.0,0.0,Unpaid
2729,228,2025-05-05,2025-05-07,59986.06,29726.09,59986.06,29726.09,Paid
2730,228,2025-06-05,2025-06-08,59986.06,28851.79,59986.06,28851.79,Paid
2731,228,2025-07-05,2025-07-06,59986.06,27977.5,59986.06,27977.5,Paid
2732,228,2025-08-05,2025-08-05,59986.06,27103.2,59986.06,27103.2,Paid
2733,228,2025-09-05,2025-09-06,59986.06,26228.9,59986.06,26228.9,Paid
2734,228,2025-10-05,2025-10-09,59986.06,25354.61,59986.06,25354.61,Paid
2735,228,2025-11-05,2025-11-10,59986.06,24480.31,59986.06,24480.31,Paid
2736,228,2025-12-05,2025-12-07,59986.06,23606.01,59986.06,23606.01,Paid
2737,229,2025-01-05,2025-01-06,7766.85,6935.8,7766.85,6935.8,Paid
2738,229,2025-02-05,2025-02-08,7766.85,6820.2,7766.85,6820.2,Paid
2739,229,2025-03-05,2025-03-06,7766.85,6704.6,7766.85,6704.6,Paid
2740,229,2025-04-05,2025-04-10,7766.85,6589.01,7766.85,6589.01,Paid
2741,229,2025-05-05,2025-05-09,7766.85,6473.41,7766.85,6473.41,Paid
2742,229,2025-06-05,2025-06-08,7766.85,6357.81,7766.85,6357.81,Paid
2743,229,2025-07-05,2025-07-09,7766.85,6242.22,7766.85,6242.22,Paid
2744,229,2025-08-05,2025-08-09,7766.85,6126.62,7766.85,6126.62,Paid
2745,229,2025-09-05,2025-09-09,7766.85,6011.02,7766.85,6011.02,Paid
2746,229,2025-10-05,2025-10-09,7766.85,5895.43,7766.85,5895.43,Paid
2747,229,2025-11-05,2025-11-06,7766.85,5779.83,7766.85,5779.83,Paid
2748,229,2025-12-05,2025-12-05,7766.85,5664.23,7766.85,5664.23,Paid
2749,230,2025-01-05,2025-01-10,6524.35,5819.72,6524.35,5819.72,Paid
2750,230,2025-02-05,2025-02-09,6524.35,5771.23,6524.35,5771.23,Paid
2751,230,2025-03-05,2025-03-09,6524.35,5722.73,6524.35,5722.73,Paid
2752,230,2025-04-05,2025-04-10,6524.35,5674.23,6524.35,5674.23,Paid
2753,230,2025-05-05,2025-05-07,6524.35,5625.73,6524.35,5625.73,Paid
2754,230,2025-06-05,2025-06-09,6524.35,5577.24,6524.35,5577.24,Paid
2755,230,2025-07-05,2025-07-08,6524.35,5528.74,6524.35,5528.74,Paid
2756,230,2025-08-05,2025-08-05,6524.35,5480.24,6524.35,5480.24,Paid
2757,230,2025-09-05,2025-09-06,6524.35,5431.74,6524.35,5431.74,Paid
2758,230,2025-10-05,2025-10-10,6524.35,5383.24,6524.35,5383.24,Paid
2759,230,2025-11-05,2025-11-05,6524.35,5334.75,6524.35,5334.75,Paid
2760,230,2025-12-05,2025-12-07,6524.35,5286.25,6524.35,5286.25,Paid
2761,231,2025-01-05,2025-01-10,39835.03,13137.59,39835.03,13137.59,Paid
2762,231,2025-02-05,2025-02-10,39835.03,12590.19,39835.03,12590.19,Paid
2763,231,2025-03-05,2025-03-10,39835.03,12042.79,39835.03,12042.79,Paid
2764,231,2025-04-05,2025-04-05,39835.03,11495.39,39835.03,11495.39,Paid
2765,231,2025-05-05,2025-05-09,39835.03,10947.99,39835.03,10947.99,Paid
2766,231,2025-06-05,2025-06-10,39835.03,10400.6,39835.03,10400.6,Paid
2767,231,2025-07-05,2025-07-06,39835.03,9853.2,39835.03,9853.2,Paid
2768,231,2025-08-05,2025-08-08,39835.03,9305.8,39835.03,9305.8,Paid
2769,231,2025-09-05,,39835.03,8758.4,0.0,0.0,Unpaid
2770,231,2025-10-05,2025-10-10,39835.03,8758.4,39835.03,8758.4,Paid
2771,231,2025-11-05,2025-11-08,39835.03,8211.0,39835.03,8211.0,Paid
2772,231,2025-12-05,2025-12-10,39835.03,7663.6,39835.03,7663.6,Paid
2773,232,2025-01-05,2025-01-09,8257.73,4364.21,8257.73,4364.21,Paid
2774,232,2025-02-05,2025-02-08,8257.73,4291.47,8257.73,4291.47,Paid
2775,232,2025-03-05,2025-03-09,8257.73,4218.74,8257.73,4218.74,Paid
2776,232,2025-04-05,2025-04-06,8257.73,4146.0,8257.73,4146.0,Paid
2777,232,2025-05-05,2025-05-08,8257.73,4073.26,8257.73,4073.26,Paid
2778,232,2025-06-05,2025-06-06,8257.73,4000.53,8257.73,4000.53,Paid
2779,232,2025-07-05,2025-07-05,8257.73,3927.79,8257.73,3927.79,Paid
2780,232,2025-08-05,2025-08-08,8257.73,3855.05,8257.73,3855.05,Paid
2781,232,2025-09-05,2025-09-07,8257.73,3782.32,8257.73,3782.32,Paid
2782,232,2025-10-05,2025-10-06,8257.73,3709.58,8257.73,3709.58,Paid
2783,232,2025-11-05,2025-11-09,8257.73,3636.84,8257.73,3636.84,Paid
2784,232,2025-12-05,2025-12-08,8257.73,3564.1,8257.73,3564.1,Paid
2785,233,2025-01-05,2025-01-06,4730.24,6612.87,4730.24,6612.87,Paid
2786,233,2025-02-05,2025-02-09,4730.24,6557.76,4730.24,6557.76,Paid
2787,233,2025-03-05,2025-03-06,4730.24,6502.66,4730.24,6502.66,Paid
2788,233,2025-04-05,2025-04-06,4730.24,6447.55,4730.24,6447.55,Paid
2789,233,2025-05-05,2025-05-07,4730.24,6392.44,4730.24,6392.44,Paid
2790,233,2025-06-05,2025-06-08,4730.24,6337.33,4730.24,6337.33,Paid
2791,233,2025-07-05,2025-07-05,4730.24,6282.23,4730.24,6282.23,Paid
2792,233,2025-08-05,2025-08-08,4730.24,6227.12,4730.24,6227.12,Paid
2793,233,2025-09-05,2025-09-07,4730.24,6172.01,4730.24,6172.01,Paid
2794,233,2025-10-05,2025-10-08,4730.24,6116.9,4730.24,6116.9,Paid
2795,233,2025-11-05,2025-11-10,4730.24,6061.8,4730.24,6061.8,Paid
2796,233,2025-12-05,2025-12-07,4730.24,6006.69,4730.24,6006.69,Paid
2797,234,2025-01-05,2025-01-10,17729.5,6696.43,17729.5,6696.43,Paid
2798,234,2025-02-05,2025-02-08,17729.5,6510.42,17729.5,6510.42,Paid
2799,234,2025-03-05,2025-03-05,17729.5,6324.41,17729.5,6324.41,Paid
2800,234,2025-04-05,2025-04-08,17729.5,6138.4,17729.5,6138.4,Paid
2801,234,2025-05-05,2025-05-06,17729.5,5952.38,17729.5,5952.38,Paid
2802,234,2025-06-05,2025-06-08,17729.5,5766.37,17729.5,5766.37,Paid
2803,234,2025-07-05,2025-07-08,17729.5,5580.36,17729.5,5580.36,Paid
2804,234,2025-08-05,2025-08-10,17729.5,5394.35,17729.5,5394.35,Paid
2805,234,2025-09-05,2025-09-10,17729.5,5208.34,17729.5,5208.34,Paid
2806,234,2025-10-05,2025-10-05,17729.5,5022.32,17729.5,5022.32,Paid
2807,234,2025-11-05,2025-11-08,17729.5,4836.31,17729.5,4836.31,Paid
2808,234,2025-12-05,2025-12-09,17729.5,4650.3,17729.5,4650.3,Paid
2809,235,2025-01-05,2025-01-10,5313.3,1798.02,5313.3,1798.02,Paid
2810,235,2025-02-05,2025-02-07,5313.3,1723.1,5313.3,1723.1,Paid
2811,235,2025-03-05,2025-03-08,5313.3,1648.18,5313.3,1648.18,Paid
2812,235,2025-04-05,2025-04-05,5313.3,1573.27,5313.3,1573.27,Paid
2813,235,2025-05-05,2025-05-06,5313.3,1498.35,5313.3,1498.35,Paid
2814,235,2025-06-05,2025-06-09,5313.3,1423.43,5313.3,1423.43,Paid
2815,235,2025-07-05,2025-07-09,5313.3,1348.51,5313.3,1348.51,Paid
2816,235,2025-08-05,2025-08-07,5313.3,1273.6,5313.3,1273.6,Paid
2817,235,2025-09-05,2025-09-06,5313.3,1198.68,5313.3,1198.68,Paid
2818,235,2025-10-05,2025-10-10,5313.3,1123.76,5313.3,1123.76,Paid
2819,235,2025-11-05,2025-11-10,5313.3,1048.84,5313.3,1048.84,Paid
2820,235,2025-12-05,2025-12-10,5313.3,973.93,5313.3,973.93,Paid
2821,236,2025-01-05,,26633.35,13023.71,0.0,0.0,Unpaid
2822,236,2025-02-05,2025-02-09,26633.35,13023.71,26633.35,13023.71,Paid
2823,236,2025-03-05,2025-03-05,26633.35,12806.65,26633.35,12806.65,Paid
2824,236,2025-04-05,2025-04-09,26633.35,12589.58,26633.35,12589.58,Paid
2825,236,2025-05-05,2025-05-08,26633.35,12372.52,26633.35,12372.52,Paid
2826,236,2025-06-05,2025-06-09,26633.35,12155.46,26633.35,12155.46,Paid
2827,236,2025-07-05,2025-07-09,26633.35,11938.4,26633.35,11938.4,Paid
2828,236,2025-08-05,2025-08-10,26633.35,11721.34,26633.35,11721.34,Paid
2829,236,2025-09-05,2025-09-07,26633.35,11504.28,26633.35,11504.28,Paid
2830,236,2025-10-05,2025-10-09,26633.35,11287.21,26633.35,11287.21,Paid
2831,236,2025-11-05,2025-11-09,26633.35,11070.15,26633.35,11070.15,Paid
2832,236,2025-12-05,2025-12-08,26633.35,10853.09,26633.35,10853.09,Paid
2833,237,2025-01-05,2025-01-07,8262.45,4449.33,8262.45,4449.33,Paid
2834,237,2025-02-05,2025-02-06,8262.45,4375.17,8262.45,4375.17,Paid
2835,237,2025-03-05,2025-03-08,8262.45,4301.02,8262.45,4301.02,Paid
2836,237,2025-04-05,2025-04-07,8262.45,4226.86,8262.45,4226.86,Paid
2837,237,2025-05-05,2025-05-07,8262.45,4152.71,8262.45,4152.71,Paid
2838,237,2025-06-05,2025-06-06,8262.45,4078.55,8262.45,4078.55,Paid
2839,237,2025-07-05,2025-07-09,8262.45,4004.4,8262.45,4004.4,Paid
2840,237,2025-08-05,2025-08-05,8262.45,3930.24,8262.45,3930.24,Paid
2841,237,2025-09-05,2025-09-05,8262.45,3856.08,8262.45,3856.08,Paid
2842,237,2025-10-05,2025-10-09,8262.45,3781.93,8262.45,3781.93,Paid
2843,237,2025-11-05,2025-11-07,8262.45,3707.77,8262.45,3707.77,Paid
2844,237,2025-12-05,2025-12-07,8262.45,3633.62,8262.45,3633.62,Paid
2845,238,2025-01-05,2025-01-06,22167.6,10726.9,22167.6,10726.9,Paid
2846,238,2025-02-05,2025-02-10,22167.6,10428.93,22167.6,10428.93,Paid
2847,238,2025-03-05,2025-03-09,22167.6,10130.96,22167.6,10130.96,Paid
2848,238,2025-04-05,2025-04-09,22167.6,9833.0,22167.6,9833.0,Paid
2849,238,2025-05-05,2025-05-05,22167.6,9535.03,22167.6,9535.03,Paid
2850,238,2025-06-05,2025-06-08,22167.6,9237.06,22167.6,9237.06,Paid
2851,238,2025-07-05,2025-07-08,22167.6,8939.09,22167.6,8939.09,Paid
2852,238,2025-08-05,2025-08-05,22167.6,8641.12,22167.6,8641.12,Paid
2853,238,2025-09-05,,22167.6,8343.15,0.0,0.0,Unpaid
2854,238,2025-10-05,2025-10-09,22167.6,8343.15,22167.6,8343.15,Paid
2855,238,2025-11-05,2025-11-07,22167.6,8045.18,22167.6,8045.18,Paid
2856,238,2025-12-05,2025-12-05,22167.6,7747.21,22167.6,7747.21,Paid
2857,239,2025-01-05,2025-01-06,142833.26,30623.45,142833.26,30623.45,Paid
2858,239,2025-02-05,2025-02-09,142833.26,29347.47,142833.26,29347.47,Paid
2859,239,2025-03-05,2025-03-08,142833.26,28071.5,142833.26,28071.5,Paid
2860,239,2025-04-05,,142833.26,26795.52,0.0,0.0,Unpaid
2861,239,2025-05-05,2025-05-07,142833.26,26795.52,142833.26,26795.52,Paid
2862,239,2025-06-05,2025-06-08,142833.26,25519.54,142833.26,25519.54,Paid
2863,239,2025-07-05,2025-07-09,142833.26,24243.57,142833.26,24243.57,Paid
2864,239,2025-08-05,,142833.26,22967.59,0.0,0.0,Unpaid
2865,239,2025-09-05,2025-09-10,142833.26,22967.59,142833.26,22967.59,Paid
2866,239,2025-10-05,2025-10-09,142833.26,21691.61,142833.26,21691.61,Paid
2867,239,2025-11-05,2025-11-06,142833.26,20415.63,142833.26,20415.63,Paid
2868,239,2025-12-05,2025-12-08,142833.26,19139.66,142833.26,19139.66,Paid
2869,240,2025-01-05,2025-01-06,13489.32,7061.66,13489.32,7061.66,Paid
2870,240,2025-02-05,2025-02-09,13489.32,6943.97,13489.32,6943.97,Paid
2871,240,2025-03-05,2025-03-08,13489.32,6826.27,13489.32,6826.27,Paid
2872,240,2025-04-05,2025-04-05,13489.32,6708.58,13489.32,6708.58,Paid
2873,240,2025-05-05,2025-05-07,13489.32,6590.88,13489.32,6590.88,Paid
2874,240,2025-06-05,2025-06-08,13489.32,6473.19,13489.32,6473.19,Paid
2875,240,2025-07-05,2025-07-05,13489.32,6355.49,13489.32,6355.49,Paid
2876,240,2025-08-05,2025-08-08,13489.32,6237.8,13489.32,6237.8,Paid
2877,240,2025-09-05,2025-09-09,13489.32,6120.11,13489.32,6120.11,Paid
2878,240,2025-10-05,2025-10-06,13489.32,6002.41,13489.32,6002.41,Paid
2879,240,2025-11-05,2025-11-07,13489.32,5884.72,13489.32,5884.72,Paid
2880,240,2025-12-05,2025-12-05,13489.32,5767.02,13489.32,5767.02,Paid
2881,241,2025-01-05,2025-01-05,27895.34,16262.98,27895.34,16262.98,Paid
2882,241,2025-02-05,2025-02-05,27895.34,15991.93,27895.34,15991.93,Paid
2883,241,2025-03-05,2025-03-05,27895.34,15720.88,27895.34,15720.88,Paid
2884,241,2025-04-05,2025-04-09,27895.34,15449.83,27895.34,15449.83,Paid
2885,241,2025-05-05,2025-05-05,27895.34,15178.78,27895.34,15178.78,Paid
2886,241,2025-06-05,2025-06-09,27895.34,14907.73,27895.34,14907.73,Paid
2887,241,2025-07-05,2025-07-06,27895.34,14636.68,27895.34,14636.68,Paid
2888,241,2025-08-05,2025-08-09,27895.34,14365.63,27895.34,14365.63,Paid
2889,241,2025-09-05,2025-09-06,27895.34,14094.58,27895.34,14094.58,Paid
2890,241,2025-10-05,2025-10-06,27895.34,13823.53,27895.34,13823.53,Paid
2891,241,2025-11-05,2025-11-07,27895.34,13552.48,27895.34,13552.48,Paid
2892,241,2025-12-05,2025-12-10,27895.34,13281.43,27895.34,13281.43,Paid
2893,242,2025-01-05,,6850.14,2690.05,0.0,0.0,Unpaid
2894,242,2025-02-05,2025-02-08,6850.14,2690.05,6850.14,2690.05,Paid
2895,242,2025-03-05,2025-03-05,6850.14,2615.33,6850.14,2615.33,Paid
2896,242,2025-04-05,2025-04-08,6850.14,2540.6,6850.14,2540.6,Paid
2897,242,2025-05-05,2025-05-10,6850.14,2465.88,6850.14,2465.88,Paid
2898,242,2025-06-05,2025-06-08,6850.14,2391.16,6850.14,2391.16,Paid
2899,242,2025-07-05,2025-07-05,6850.14,2316.43,6850.14,2316.43,Paid
2900,242,2025-08-05,2025-08-10,6850.14,2241.71,6850.14,2241.71,Paid
2901,242,2025-09-05,2025-09-08,6850.14,2166.99,6850.14,2166.99,Paid
2902,242,2025-10-05,2025-10-07,6850.14,2092.26,6850.14,2092.26,Paid
2903,242,2025-11-05,2025-11-10,6850.14,2017.54,6850.14,2017.54,Paid
2904,242,2025-12-05,2025-12-09,6850.14,1942.82,6850.14,1942.82,Paid
2905,243,2025-01-05,2025-01-07,7325.37,1406.47,7325.37,1406.47,Paid
2906,243,2025-02-05,2025-02-06,7325.37,1347.87,7325.37,1347.87,Paid
2907,243,2025-03-05,2025-03-10,7325.37,1289.26,7325.37,1289.26,Paid
2908,243,2025-04-05,2025-04-09,7325.37,1230.66,7325.37,1230.66,Paid
2909,243,2025-05-05,2025-05-06,7325.37,1172.06,7325.37,1172.06,Paid
2910,243,2025-06-05,,7325.37,1113.46,0.0,0.0,Unpaid
2911,243,2025-07-05,2025-07-05,7325.37,1113.46,7325.37,1113.46,Paid
2912,243,2025-08-05,2025-08-07,7325.37,1054.85,7325.37,1054.85,Paid
2913,243,2025-09-05,2025-09-09,7325.37,996.25,7325.37,996.25,Paid
2914,243,2025-10-05,2025-10-09,7325.37,937.65,7325.37,937.65,Paid
2915,243,2025-11-05,2025-11-08,7325.37,879.04,7325.37,879.04,Paid
2916,243,2025-12-05,2025-12-09,7325.37,820.44,7325.37,820.44,Paid
2917,244,2025-01-05,2025-01-05,11162.76,2397.76,11162.76,2397.76,Paid
2918,244,2025-02-05,2025-02-09,11162.76,2297.85,11162.76,2297.85,Paid
2919,244,2025-03-05,2025-03-09,11162.76,2197.95,11162.76,2197.95,Paid
2920,244,2025-04-05,2025-04-08,11162.76,2098.04,11162.76,2098.04,Paid
2921,244,2025-05-05,2025-05-10,11162.76,1998.13,11162.76,1998.13,Paid
2922,244,2025-06-05,2025-06-06,11162.76,1898.23,11162.76,1898.23,Paid
2923,244,2025-07-05,2025-07-08,11162.76,1798.32,11162.76,1798.32,Paid
2924,244,2025-08-05,2025-08-09,11162.76,1698.41,11162.76,1698.41,Paid
2925,244,2025-09-05,2025-09-06,11162.76,1598.51,11162.76,1598.51,Paid
2926,244,2025-10-05,,11162.76,1498.6,0.0,0.0,Unpaid
2927,244,2025-11-05,2025-11-09,11162.76,1498.6,11162.76,1498.6,Paid
2928,244,2025-12-05,2025-12-10,11162.76,1398.69,11162.76,1398.69,Paid
2929,245,2025-01-05,2025-01-08,67289.12,17091.44,67289.12,17091.44,Paid
2930,245,2025-02-05,2025-02-07,67289.12,16379.29,67289.12,16379.29,Paid
2931,245,2025-03-05,2025-03-10,67289.12,15667.15,67289.12,15667.15,Paid
2932,245,2025-04-05,2025-04-07,67289.12,14955.01,67289.12,14955.01,Paid
2933,245,2025-05-05,2025-05-06,67289.12,14242.86,67289.12,14242.86,Paid
2934,245,2025-06-05,2025-06-07,67289.12,13530.72,67289.12,13530.72,Paid
2935,245,2025-07-05,2025-07-07,67289.12,12818.58,67289.12,12818.58,Paid
2936,245,2025-08-05,2025-08-05,67289.12,12106.43,67289.12,12106.43,Paid
2937,245,2025-09-05,2025-09-09,67289.12,11394.29,67289.12,11394.29,Paid
2938,245,2025-10-05,2025-10-07,67289.12,10682.15,67289.12,10682.15,Paid
2939,245,2025-11-05,2025-11-09,67289.12,9970.0,67289.12,9970.0,Paid
2940,245,2025-12-05,2025-12-09,67289.12,9257.86,67289.12,9257.86,Paid
2941,246,2025-01-05,2025-01-08,20836.0,6942.55,20836.0,6942.55,Paid
2942,246,2025-02-05,2025-02-09,20836.0,6653.28,20836.0,6653.28,Paid
2943,246,2025-03-05,,20836.0,6364.01,0.0,0.0,Unpaid
2944,246,2025-04-05,2025-04-05,20836.0,6364.01,20836.0,6364.01,Paid
2945,246,2025-05-05,2025-05-10,20836.0,6074.73,20836.0,6074.73,Paid
2946,246,2025-06-05,2025-06-10,20836.0,5785.46,20836.0,5785.46,Paid
2947,246,2025-07-05,2025-07-09,20836.0,5496.19,20836.0,5496.19,Paid
2948,246,2025-08-05,,20836.0,5206.92,0.0,0.0,Unpaid
2949,246,2025-09-05,2025-09-06,20836.0,5206.92,20836.0,5206.92,Paid
2950,246,2025-10-05,,20836.0,4917.64,0.0,0.0,Unpaid
2951,246,2025-11-05,2025-11-07,20836.0,4917.64,20836.0,4917.64,Paid
2952,246,2025-12-05,2025-12-05,20836.0,4628.37,20836.0,4628.37,Paid
2953,247,2025-01-05,2025-01-06,123475.02,22274.89,123475.02,22274.89,Paid
2954,247,2025-02-05,2025-02-09,123475.02,21346.77,123475.02,21346.77,Paid
2955,247,2025-03-05,2025-03-10,123475.02,20418.65,123475.02,20418.65,Paid
2956,247,2025-04-05,2025-04-06,123475.02,19490.53,123475.02,19490.53,Paid
2957,247,2025-05-05,2025-05-05,123475.02,18562.41,123475.02,18562.41,Paid
2958,247,2025-06-05,2025-06-10,123475.02,17634.29,123475.02,17634.29,Paid
2959,247,2025-07-05,,123475.02,16706.17,0.0,0.0,Unpaid
2960,247,2025-08-05,2025-08-10,123475.02,16706.17,123475.02,16706.17,Paid
2961,247,2025-09-05,2025-09-09,123475.02,15778.05,123475.02,15778.05,Paid
2962,247,2025-10-05,2025-10-09,123475.02,14849.93,123475.02,14849.93,Paid
2963,247,2025-11-05,2025-11-07,123475.02,13921.81,123475.02,13921.81,Paid
2964,247,2025-12-05,2025-12-09,123475.02,12993.69,123475.02,12993.69,Paid
2965,248,2025-01-05,2025-01-10,34953.02,10367.07,34953.02,10367.07,Paid
2966,248,2025-02-05,2025-02-05,34953.02,9935.11,34953.02,9935.11,Paid
2967,248,2025-03-05,2025-03-07,34953.02,9503.14,34953.02,9503.14,Paid
2968,248,2025-04-05,2025-04-05,34953.02,9071.18,34953.02,9071.18,Paid
2969,248,2025-05-05,2025-05-07,34953.02,8639.22,34953.02,8639.22,Paid
2970,248,2025-06-05,2025-06-07,34953.02,8207.26,34953.02,8207.26,Paid
2971,248,2025-07-05,2025-07-09,34953.02,7775.3,34953.02,7775.3,Paid
2972,248,2025-08-05,2025-08-08,34953.02,7343.34,34953.02,7343.34,Paid
2973,248,2025-09-05,,34953.02,6911.38,0.0,0.0,Unpaid
2974,248,2025-10-05,2025-10-09,34953.02,6911.38,34953.02,6911.38,Paid
2975,248,2025-11-05,2025-11-05,34953.02,6479.42,34953.02,6479.42,Paid
2976,248,2025-12-05,2025-12-06,34953.02,6047.46,34953.02,6047.46,Paid
2977,249,2025-01-05,2025-01-08,37573.74,29476.6,37573.74,29476.6,Paid
2978,249,2025-02-05,,37573.74,28985.32,0.0,0.0,Unpaid
2979,249,2025-03-05,2025-03-05,37573.74,28985.32,37573.74,28985.32,Paid
2980,249,2025-04-05,,37573.74,28494.05,0.0,0.0,Unpaid
2981,249,2025-05-05,2025-05-10,37573.74,28494.05,37573.74,28494.05,Paid
2982,249,2025-06-05,2025-06-05,37573.74,28002.77,37573.74,28002.77,Paid
2983,249,2025-07-05,2025-07-09,37573.74,27511.49,37573.74,27511.49,Paid
2984,249,2025-08-05,2025-08-09,37573.74,27020.22,37573.74,27020.22,Paid
2985,249,2025-09-05,2025-09-09,37573.74,26528.94,37573.74,26528.94,Paid
2986,249,2025-10-05,2025-10-09,37573.74,26037.66,37573.74,26037.66,Paid
2987,249,2025-11-05,2025-11-05,37573.74,25546.39,37573.74,25546.39,Paid
2988,249,2025-12-05,2025-12-06,37573.74,25055.11,37573.74,25055.11,Paid
2989,250,2025-01-05,2025-01-07,15392.67,3103.16,15392.67,3103.16,Paid
2990,250,2025-02-05,2025-02-08,15392.67,2973.86,15392.67,2973.86,Paid
2991,250,2025-03-05,,15392.67,2844.57,0.0,0.0,Unpaid
2992,250,2025-04-05,2025-04-06,15392.67,2844.57,15392.67,2844.57,Paid
2993,250,2025-05-05,2025-05-06,15392.67,2715.27,15392.67,2715.27,Paid
2994,250,2025-06-05,2025-06-06,15392.67,2585.97,15392.67,2585.97,Paid
2995,250,2025-07-05,2025-07-09,15392.67,2456.67,15392.67,2456.67,Paid
2996,250,2025-08-05,2025-08-10,15392.67,2327.37,15392.67,2327.37,Paid
2997,250,2025-09-05,2025-09-07,15392.67,2198.07,15392.67,2198.07,Paid
2998,250,2025-10-05,2025-10-06,15392.67,2068.78,15392.67,2068.78,Paid
2999,250,2025-11-05,,15392.67,1939.48,0.0,0.0,Unpaid
3000,250,2025-12-05,2025-12-07,15392.67,1939.48,15392.67,1939.48,Paid
3001,251,2025-01-05,2025-01-07,5877.32,4075.92,5877.32,4075.92,Paid
3002,251,2025-02-05,2025-02-06,5877.32,4007.99,5877.32,4007.99,Paid
3003,251,2025-03-05,2025-03-06,5877.32,3940.06,5877.32,3940.06,Paid
3004,251,2025-04-05,2025-04-10,5877.32,3872.12,5877.32,3872.12,Paid
3005,251,2025-05-05,2025-05-05,5877.32,3804.19,5877.32,3804.19,Paid
3006,251,2025-06-05,2025-06-10,5877.32,3736.26,5877.32,3736.26,Paid
3007,251,2025-07-05,2025-07-05,5877.32,3668.33,5877.32,3668.33,Paid
3008,251,2025-08-05,2025-08-07,5877.32,3600.4,5877.32,3600.4,Paid
3009,251,2025-09-05,2025-09-08,5877.32,3532.46,5877.32,3532.46,Paid
3010,251,2025-10-05,2025-10-10,5877.32,3464.53,5877.32,3464.53,Paid
3011,251,2025-11-05,2025-11-09,5877.32,3396.6,5877.32,3396.6,Paid
3012,251,2025-12-05,2025-12-05,5877.32,3328.67,5877.32,3328.67,Paid
3013,252,2025-01-05,2025-01-06,77188.7,26830.79,77188.7,26830.79,Paid
3014,252,2025-02-05,2025-02-07,77188.7,25712.84,77188.7,25712.84,Paid
3015,252,2025-03-05,2025-03-08,77188.7,24594.89,77188.7,24594.89,Paid
3016,252,2025-04-05,2025-04-07,77188.7,23476.94,77188.7,23476.94,Paid
3017,252,2025-05-05,2025-05-10,77188.7,22358.99,77188.7,22358.99,Paid
3018,252,2025-06-05,2025-06-09,77188.7,21241.04,77188.7,21241.04,Paid
3019,252,2025-07-05,2025-07-10,77188.7,20123.09,77188.7,20123.09,Paid
3020,252,2025-08-05,2025-08-10,77188.7,19005.14,77188.7,19005.14,Paid
3021,252,2025-09-05,2025-09-09,77188.7,17887.19,77188.7,17887.19,Paid
3022,252,2025-10-05,2025-10-09,77188.7,16769.24,77188.7,16769.24,Paid
3023,252,2025-11-05,2025-11-05,77188.7,15651.29,77188.7,15651.29,Paid
3024,252,2025-12-05,2025-12-08,77188.7,14533.34,77188.7,14533.34,Paid
3025,253,2025-01-05,2025-01-05,23191.13,20083.52,23191.13,20083.52,Paid
3026,253,2025-02-05,2025-02-05,23191.13,19748.8,23191.13,19748.8,Paid
3027,253,2025-03-05,2025-03-09,23191.13,19414.07,23191.13,19414.07,Paid
3028,253,2025-04-05,2025-04-05,23191.13,19079.35,23191.13,19079.35,Paid
3029,253,2025-05-05,2025-05-09,23191.13,18744.62,23191.13,18744.62,Paid
3030,253,2025-06-05,2025-06-06,23191.13,18409.9,23191.13,18409.9,Paid
3031,253,2025-07-05,2025-07-06,23191.13,18075.17,23191.13,18075.17,Paid
3032,253,2025-08-05,2025-08-10,23191.13,17740.44,23191.13,17740.44,Paid
3033,253,2025-09-05,2025-09-07,23191.13,17405.72,23191.13,17405.72,Paid
3034,253,2025-10-05,2025-10-06,23191.13,17070.99,23191.13,17070.99,Paid
3035,253,2025-11-05,2025-11-07,23191.13,16736.27,23191.13,16736.27,Paid
3036,253,2025-12-05,2025-12-09,23191.13,16401.54,23191.13,16401.54,Paid
3037,254,2025-01-05,2025-01-07,5742.37,7769.42,5742.37,7769.42,Paid
3038,254,2025-02-05,2025-02-07,5742.37,7704.68,5742.37,7704.68,Paid
3039,254,2025-03-05,2025-03-10,5742.37,7639.93,5742.37,7639.93,Paid
3040,254,2025-04-05,2025-04-07,5742.37,7575.19,5742.37,7575.19,Paid
3041,254,2025-05-05,2025-05-05,5742.37,7510.44,5742.37,7510.44,Paid
3042,254,2025-06-05,,5742.37,7445.7,0.0,0.0,Unpaid
3043,254,2025-07-05,2025-07-10,5742.37,7445.7,5742.37,7445.7,Paid
3044,254,2025-08-05,,5742.37,7380.95,0.0,0.0,Unpaid
3045,254,2025-09-05,2025-09-05,5742.37,7380.95,5742.37,7380.95,Paid
3046,254,2025-10-05,2025-10-05,5742.37,7316.21,5742.37,7316.21,Paid
3047,254,2025-11-05,2025-11-06,5742.37,7251.46,5742.37,7251.46,Paid
3048,254,2025-12-05,2025-12-08,5742.37,7186.72,5742.37,7186.72,Paid
3049,255,2025-01-05,2025-01-10,6452.94,2613.44,6452.94,2613.44,Paid
3050,255,2025-02-05,,6452.94,2569.88,0.0,0.0,Unpaid
3051,255,2025-03-05,2025-03-09,6452.94,2569.88,6452.94,2569.88,Paid
3052,255,2025-04-05,2025-04-10,6452.94,2526.33,6452.94,2526.33,Paid
3053,255,2025-05-05,2025-05-09,6452.94,2482.77,6452.94,2482.77,Paid
3054,255,2025-06-05,2025-06-09,6452.94,2439.21,6452.94,2439.21,Paid
3055,255,2025-07-05,2025-07-05,6452.94,2395.66,6452.94,2395.66,Paid
3056,255,2025-08-05,2025-08-09,6452.94,2352.1,6452.94,2352.1,Paid
3057,255,2025-09-05,2025-09-05,6452.94,2308.54,6452.94,2308.54,Paid
3058,255,2025-10-05,2025-10-06,6452.94,2264.98,6452.94,2264.98,Paid
3059,255,2025-11-05,2025-11-06,6452.94,2221.43,6452.94,2221.43,Paid
3060,255,2025-12-05,2025-12-10,6452.94,2177.87,6452.94,2177.87,Paid
3061,256,2025-01-05,2025-01-10,32211.7,12659.2,32211.7,12659.2,Paid
3062,256,2025-02-05,2025-02-06,32211.7,12307.56,32211.7,12307.56,Paid
3063,256,2025-03-05,2025-03-08,32211.7,11955.91,32211.7,11955.91,Paid
3064,256,2025-04-05,2025-04-09,32211.7,11604.27,32211.7,11604.27,Paid
3065,256,2025-05-05,2025-05-07,32211.7,11252.62,32211.7,11252.62,Paid
3066,256,2025-06-05,2025-06-05,32211.7,10900.98,32211.7,10900.98,Paid
3067,256,2025-07-05,2025-07-05,32211.7,10549.33,32211.7,10549.33,Paid
3068,256,2025-08-05,2025-08-05,32211.7,10197.69,32211.7,10197.69,Paid
3069,256,2025-09-05,2025-09-08,32211.7,9846.04,32211.7,9846.04,Paid
3070,256,2025-10-05,2025-10-09,32211.7,9494.4,32211.7,9494.4,Paid
3071,256,2025-11-05,2025-11-09,32211.7,9142.76,32211.7,9142.76,Paid
3072,256,2025-12-05,2025-12-08,32211.7,8791.11,32211.7,8791.11,Paid
3073,257,2025-01-05,2025-01-08,8705.52,7182.05,8705.52,7182.05,Paid
3074,257,2025-02-05,2025-02-08,8705.52,7062.35,8705.52,7062.35,Paid
3075,257,2025-03-05,2025-03-07,8705.52,6942.65,8705.52,6942.65,Paid
3076,257,2025-04-05,2025-04-06,8705.52,6822.95,8705.52,6822.95,Paid
3077,257,2025-05-05,2025-05-08,8705.52,6703.25,8705.52,6703.25,Paid
3078,257,2025-06-05,2025-06-06,8705.52,6583.55,8705.52,6583.55,Paid
3079,257,2025-07-05,2025-07-06,8705.52,6463.85,8705.52,6463.85,Paid
3080,257,2025-08-05,2025-08-09,8705.52,6344.15,8705.52,6344.15,Paid
3081,257,2025-09-05,2025-09-06,8705.52,6224.44,8705.52,6224.44,Paid
3082,257,2025-10-05,2025-10-06,8705.52,6104.74,8705.52,6104.74,Paid
3083,257,2025-11-05,2025-11-06,8705.52,5985.04,8705.52,5985.04,Paid
3084,257,2025-12-05,2025-12-09,8705.52,5865.34,8705.52,5865.34,Paid
3085,258,2025-01-05,2025-01-05,7342.97,11146.63,7342.97,11146.63,Paid
3086,258,2025-02-05,2025-02-06,7342.97,11053.75,7342.97,11053.75,Paid
3087,258,2025-03-05,2025-03-06,7342.97,10960.86,7342.97,10960.86,Paid
3088,258,2025-04-05,2025-04-08,7342.97,10867.97,7342.97,10867.97,Paid
3089,258,2025-05-05,,7342.97,10775.08,0.0,0.0,Unpaid
3090,258,2025-06-05,2025-06-05,7342.97,10775.08,7342.97,10775.08,Paid
3091,258,2025-07-05,2025-07-05,7342.97,10682.19,7342.97,10682.19,Paid
3092,258,2025-08-05,2025-08-05,7342.97,10589.3,7342.97,10589.3,Paid
3093,258,2025-09-05,,7342.97,10496.41,0.0,0.0,Unpaid
3094,258,2025-10-05,2025-10-06,7342.97,10496.41,7342.97,10496.41,Paid
3095,258,2025-11-05,2025-11-05,7342.97,10403.53,7342.97,10403.53,Paid
3096,258,2025-12-05,2025-12-09,7342.97,10310.64,7342.97,10310.64,Paid
3097,259,2025-01-05,2025-01-07,8562.01,4099.49,8562.01,4099.49,Paid
3098,259,2025-02-05,2025-02-08,8562.01,3985.62,8562.01,3985.62,Paid
3099,259,2025-03-05,2025-03-05,8562.01,3871.74,8562.01,3871.74,Paid
3100,259,2025-04-05,2025-04-09,8562.01,3757.87,8562.01,3757.87,Paid
3101,259,2025-05-05,2025-05-07,8562.01,3643.99,8562.01,3643.99,Paid
3102,259,2025-06-05,2025-06-07,8562.01,3530.12,8562.01,3530.12,Paid
3103,259,2025-07-05,2025-07-05,8562.01,3416.24,8562.01,3416.24,Paid
3104,259,2025-08-05,2025-08-05,8562.01,3302.37,8562.01,3302.37,Paid
3105,259,2025-09-05,2025-09-06,8562.01,3188.49,8562.01,3188.49,Paid
3106,259,2025-10-05,,8562.01,3074.62,0.0,0.0,Unpaid
3107,259,2025-11-05,2025-11-10,8562.01,3074.62,8562.01,3074.62,Paid
3108,259,2025-12-05,2025-12-10,8562.01,2960.74,8562.01,2960.74,Paid
3109,260,2025-01-05,2025-01-08,52395.07,23137.66,52395.07,23137.66,Paid
3110,260,2025-02-05,,52395.07,22494.95,0.0,0.0,Unpaid
3111,260,2025-03-05,,52395.07,22494.95,0.0,0.0,Unpaid
3112,260,2025-04-05,2025-04-07,52395.07,22494.95,52395.07,22494.95,Paid
3113,260,2025-05-05,2025-05-07,52395.07,21852.24,52395.07,21852.24,Paid
3114,260,2025-06-05,2025-06-05,52395.07,21209.52,52395.07,21209.52,Paid
3115,260,2025-07-05,2025-07-09,52395.07,20566.81,52395.07,20566.81,Paid
3116,260,2025-08-05,2025-08-06,52395.07,19924.1,52395.07,19924.1,Paid
3117,260,2025-09-05,2025-09-10,52395.07,19281.39,52395.07,19281.39,Paid
3118,260,2025-10-05,2025-10-09,52395.07,18638.67,52395.07,18638.67,Paid
3119,260,2025-11-05,2025-11-10,52395.07,17995.96,52395.07,17995.96,Paid
3120,260,2025-12-05,2025-12-10,52395.07,17353.25,52395.07,17353.25,Paid
3121,261,2025-01-05,2025-01-09,14472.77,4483.66,14472.77,4483.66,Paid
3122,261,2025-02-05,2025-02-09,14472.77,4296.84,14472.77,4296.84,Paid
3123,261,2025-03-05,2025-03-06,14472.77,4110.02,14472.77,4110.02,Paid
3124,261,2025-04-05,2025-04-08,14472.77,3923.21,14472.77,3923.21,Paid
3125,261,2025-05-05,2025-05-07,14472.77,3736.39,14472.77,3736.39,Paid
3126,261,2025-06-05,2025-06-08,14472.77,3549.57,14472.77,3549.57,Paid
3127,261,2025-07-05,2025-07-05,14472.77,3362.75,14472.77,3362.75,Paid
3128,261,2025-08-05,2025-08-09,14472.77,3175.93,14472.77,3175.93,Paid
3129,261,2025-09-05,2025-09-08,14472.77,2989.11,14472.77,2989.11,Paid
3130,261,2025-10-05,2025-10-10,14472.77,2802.29,14472.77,2802.29,Paid
3131,261,2025-11-05,2025-11-07,14472.77,2615.47,14472.77,2615.47,Paid
3132,261,2025-12-05,,14472.77,2428.65,0.0,0.0,Unpaid
3133,262,2025-01-05,2025-01-10,6356.0,10080.61,6356.0,10080.61,Paid
3134,262,2025-02-05,2025-02-10,6356.0,9996.61,6356.0,9996.61,Paid
3135,262,2025-03-05,2025-03-07,6356.0,9912.6,6356.0,9912.6,Paid
3136,262,2025-04-05,2025-04-06,6356.0,9828.6,6356.0,9828.6,Paid
3137,262,2025-05-05,2025-05-07,6356.0,9744.59,6356.0,9744.59,Paid
3138,262,2025-06-05,2025-06-06,6356.0,9660.59,6356.0,9660.59,Paid
3139,262,2025-07-05,2025-07-09,6356.0,9576.58,6356.0,9576.58,Paid
3140,262,2025-08-05,2025-08-05,6356.0,9492.58,6356.0,9492.58,Paid
3141,262,2025-09-05,2025-09-08,6356.0,9408.57,6356.0,9408.57,Paid
3142,262,2025-10-05,2025-10-08,6356.0,9324.57,6356.0,9324.57,Paid
3143,262,2025-11-05,2025-11-05,6356.0,9240.56,6356.0,9240.56,Paid
3144,262,2025-12-05,2025-12-09,6356.0,9156.56,6356.0,9156.56,Paid
3145,263,2025-01-05,2025-01-09,20416.89,28154.89,20416.89,28154.89,Paid
3146,263,2025-02-05,2025-02-08,20416.89,27920.27,20416.89,27920.27,Paid
3147,263,2025-03-05,2025-03-08,20416.89,27685.64,20416.89,27685.64,Paid
3148,263,2025-04-05,2025-04-07,20416.89,27451.02,20416.89,27451.02,Paid
3149,263,2025-05-05,,20416.89,27216.39,0.0,0.0,Unpaid
3150,263,2025-06-05,2025-06-08,20416.89,27216.39,20416.89,27216.39,Paid
3151,263,2025-07-05,2025-07-10,20416.89,26981.77,20416.89,26981.77,Paid
3152,263,2025-08-05,2025-08-07,20416.89,26747.15,20416.89,26747.15,Paid
3153,263,2025-09-05,2025-09-09,20416.89,26512.52,20416.89,26512.52,Paid
3154,263,2025-10-05,2025-10-09,20416.89,26277.9,20416.89,26277.9,Paid
3155,263,2025-11-05,2025-11-10,20416.89,26043.27,20416.89,26043.27,Paid
3156,263,2025-12-05,2025-12-08,20416.89,25808.65,20416.89,25808.65,Paid
3157,264,2025-01-05,2025-01-05,10414.88,16236.8,10414.88,16236.8,Paid
3158,264,2025-02-05,2025-02-05,10414.88,16101.49,10414.88,16101.49,Paid
3159,264,2025-03-05,,10414.88,15966.19,0.0,0.0,Unpaid
3160,264,2025-04-05,2025-04-10,10414.88,15966.19,10414.88,15966.19,Paid
3161,264,2025-05-05,2025-05-08,10414.88,15830.88,10414.88,15830.88,Paid
3162,264,2025-06-05,2025-06-08,10414.88,15695.57,10414.88,15695.57,Paid
3163,264,2025-07-05,2025-07-08,10414.88,15560.27,10414.88,15560.27,Paid
3164,264,2025-08-05,2025-08-06,10414.88,15424.96,10414.88,15424.96,Paid
3165,264,2025-09-05,2025-09-08,10414.88,15289.65,10414.88,15289.65,Paid
3166,264,2025-10-05,2025-10-05,10414.88,15154.35,10414.88,15154.35,Paid
3167,264,2025-11-05,2025-11-06,10414.88,15019.04,10414.88,15019.04,Paid
3168,264,2025-12-05,2025-12-10,10414.88,14883.73,10414.88,14883.73,Paid
3169,265,2025-01-05,2025-01-07,49399.48,29219.79,49399.48,29219.79,Paid
3170,265,2025-02-05,2025-02-10,49399.48,28732.8,49399.48,28732.8,Paid
3171,265,2025-03-05,2025-03-09,49399.48,28245.8,49399.48,28245.8,Paid
3172,265,2025-04-05,2025-04-06,49399.48,27758.8,49399.48,27758.8,Paid
3173,265,2025-05-05,2025-05-07,49399.48,27271.81,49399.48,27271.81,Paid
3174,265,2025-06-05,2025-06-08,49399.48,26784.81,49399.48,26784.81,Paid
3175,265,2025-07-05,2025-07-06,49399.48,26297.81,49399.48,26297.81,Paid
3176,265,2025-08-05,2025-08-06,49399.48,25810.82,49399.48,25810.82,Paid
3177,265,2025-09-05,2025-09-05,49399.48,25323.82,49399.48,25323.82,Paid
3178,265,2025-10-05,2025-10-10,49399.48,24836.83,49399.48,24836.83,Paid
3179,265,2025-11-05,2025-11-07,49399.48,24349.83,49399.48,24349.83,Paid
3180,265,2025-12-05,2025-12-07,49399.48,23862.83,49399.48,23862.83,Paid
3181,266,2025-01-05,2025-01-09,4644.75,3123.6,4644.75,3123.6,Paid
3182,266,2025-02-05,2025-02-09,4644.75,3071.54,4644.75,3071.54,Paid
3183,266,2025-03-05,2025-03-10,4644.75,3019.48,4644.75,3019.48,Paid
3184,266,2025-04-05,2025-04-06,4644.75,2967.42,4644.75,2967.42,Paid
3185,266,2025-05-05,2025-05-09,4644.75,2915.36,4644.75,2915.36,Paid
3186,266,2025-06-05,2025-06-05,4644.75,2863.3,4644.75,2863.3,Paid
3187,266,2025-07-05,2025-07-06,4644.75,2811.24,4644.75,2811.24,Paid
3188,266,2025-08-05,2025-08-08,4644.75,2759.18,4644.75,2759.18,Paid
3189,266,2025-09-05,2025-09-08,4644.75,2707.12,4644.75,2707.12,Paid
3190,266,2025-10-05,2025-10-09,4644.75,2655.06,4644.75,2655.06,Paid
3191,266,2025-11-05,2025-11-06,4644.75,2603.0,4644.75,2603.0,Paid
3192,266,2025-12-05,2025-12-05,4644.75,2550.94,4644.75,2550.94,Paid
3193,267,2025-01-05,2025-01-08,16498.43,23312.28,16498.43,23312.28,Paid
3194,267,2025-02-05,2025-02-09,16498.43,23118.01,16498.43,23118.01,Paid
3195,267,2025-03-05,2025-03-10,16498.43,22923.74,16498.43,22923.74,Paid
3196,267,2025-04-05,2025-04-07,16498.43,22729.47,16498.43,22729.47,Paid
3197,267,2025-05-05,2025-05-08,16498.43,22535.2,16498.43,22535.2,Paid
3198,267,2025-06-05,2025-06-08,16498.43,22340.93,16498.43,22340.93,Paid
3199,267,2025-07-05,2025-07-07,16498.43,22146.67,16498.43,22146.67,Paid
3200,267,2025-08-05,2025-08-05,16498.43,21952.4,16498.43,21952.4,Paid
3201,267,2025-09-05,2025-09-05,16498.43,21758.13,16498.43,21758.13,Paid
3202,267,2025-10-05,2025-10-07,16498.43,21563.86,16498.43,21563.86,Paid
3203,267,2025-11-05,2025-11-05,16498.43,21369.59,16498.43,21369.59,Paid
3204,267,2025-12-05,2025-12-09,16498.43,21175.32,16498.43,21175.32,Paid
3205,268,2025-01-05,2025-01-09,19758.5,5749.72,19758.5,5749.72,Paid
3206,268,2025-02-05,2025-02-05,19758.5,5510.15,19758.5,5510.15,Paid
3207,268,2025-03-05,2025-03-10,19758.5,5270.58,19758.5,5270.58,Paid
3208,268,2025-04-05,2025-04-05,19758.5,5031.01,19758.5,5031.01,Paid
3209,268,2025-05-05,2025-05-07,19758.5,4791.44,19758.5,4791.44,Paid
3210,268,2025-06-05,2025-06-09,19758.5,4551.86,19758.5,4551.86,Paid
3211,268,2025-07-05,2025-07-09,19758.5,4312.29,19758.5,4312.29,Paid
3212,268,2025-08-05,2025-08-07,19758.5,4072.72,19758.5,4072.72,Paid
3213,268,2025-09-05,2025-09-10,19758.5,3833.15,19758.5,3833.15,Paid
3214,268,2025-10-05,2025-10-06,19758.5,3593.58,19758.5,3593.58,Paid
3215,268,2025-11-05,2025-11-09,19758.5,3354.01,19758.5,3354.01,Paid
3216,268,2025-12-05,2025-12-09,19758.5,3114.43,19758.5,3114.43,Paid
3217,269,2025-01-05,,15998.02,8350.97,0.0,0.0,Unpaid
3218,269,2025-02-05,,15998.02,8350.97,0.0,0.0,Unpaid
3219,269,2025-03-05,2025-03-10,15998.02,8350.97,15998.02,8350.97,Paid
3220,269,2025-04-05,2025-04-10,15998.02,8211.78,15998.02,8211.78,Paid
3221,269,2025-05-05,2025-05-10,15998.02,8072.6,15998.02,8072.6,Paid
3222,269,2025-06-05,2025-06-10,15998.02,7933.42,15998.02,7933.42,Paid
3223,269,2025-07-05,2025-07-07,15998.02,7794.24,15998.02,7794.24,Paid
3224,269,2025-08-05,2025-08-09,15998.02,7655.05,15998.02,7655.05,Paid
3225,269,2025-09-05,2025-09-06,15998.02,7515.87,15998.02,7515.87,Paid
3226,269,2025-10-05,2025-10-05,15998.02,7376.69,15998.02,7376.69,Paid
3227,269,2025-11-05,2025-11-05,15998.02,7237.5,15998.02,7237.5,Paid
3228,269,2025-12-05,,15998.02,7098.32,0.0,0.0,Unpaid
3229,270,2025-01-05,2025-01-08,28146.59,6862.14,28146.59,6862.14,Paid
3230,270,2025-02-05,2025-02-05,28146.59,6576.22,28146.59,6576.22,Paid
3231,270,2025-03-05,2025-03-06,28146.59,6290.29,28146.59,6290.29,Paid
3232,270,2025-04-05,,28146.59,6004.37,0.0,0.0,Unpaid
3233,270,2025-05-05,2025-05-05,28146.59,6004.37,28146.59,6004.37,Paid
3234,270,2025-06-05,2025-06-05,28146.59,5718.45,28146.59,5718.45,Paid
3235,270,2025-07-05,2025-07-06,28146.59,5432.53,28146.59,5432.53,Paid
3236,270,2025-08-05,2025-08-05,28146.59,5146.6,28146.59,5146.6,Paid
3237,270,2025-09-05,2025-09-07,28146.59,4860.68,28146.59,4860.68,Paid
3238,270,2025-10-05,2025-10-09,28146.59,4574.76,28146.59,4574.76,Paid
3239,270,2025-11-05,2025-11-10,28146.59,4288.84,28146.59,4288.84,Paid
3240,270,2025-12-05,2025-12-10,28146.59,4002.91,28146.59,4002.91,Paid
3241,271,2025-01-05,2025-01-10,32550.87,11894.09,32550.87,11894.09,Paid
3242,271,2025-02-05,2025-02-10,32550.87,11563.7,32550.87,11563.7,Paid
3243,271,2025-03-05,2025-03-06,32550.87,11233.3,32550.87,11233.3,Paid
3244,271,2025-04-05,2025-04-07,32550.87,10902.91,32550.87,10902.91,Paid
3245,271,2025-05-05,2025-05-09,32550.87,10572.52,32550.87,10572.52,Paid
3246,271,2025-06-05,2025-06-07,32550.87,10242.13,32550.87,10242.13,Paid
3247,271,2025-07-05,2025-07-07,32550.87,9911.74,32550.87,9911.74,Paid
3248,271,2025-08-05,2025-08-08,32550.87,9581.35,32550.87,9581.35,Paid
3249,271,2025-09-05,2025-09-06,32550.87,9250.96,32550.87,9250.96,Paid
3250,271,2025-10-05,2025-10-07,32550.87,8920.56,32550.87,8920.56,Paid
3251,271,2025-11-05,2025-11-08,32550.87,8590.17,32550.87,8590.17,Paid
3252,271,2025-12-05,2025-12-05,32550.87,8259.78,32550.87,8259.78,Paid
3253,272,2025-01-05,2025-01-10,50543.47,17316.19,50543.47,17316.19,Paid
3254,272,2025-02-05,2025-02-09,50543.47,16835.19,50543.47,16835.19,Paid
3255,272,2025-03-05,2025-03-06,50543.47,16354.18,50543.47,16354.18,Paid
3256,272,2025-04-05,2025-04-06,50543.47,15873.18,50543.47,15873.18,Paid
3257,272,2025-05-05,2025-05-09,50543.47,15392.17,50543.47,15392.17,Paid
3258,272,2025-06-05,2025-06-09,50543.47,14911.17,50543.47,14911.17,Paid
3259,272,2025-07-05,2025-07-05,50543.47,14430.16,50543.47,14430.16,Paid
3260,272,2025-08-05,2025-08-10,50543.47,13949.16,50543.47,13949.16,Paid
3261,272,2025-09-05,2025-09-08,50543.47,13468.15,50543.47,13468.15,Paid
3262,272,2025-10-05,2025-10-07,50543.47,12987.15,50543.47,12987.15,Paid
3263,272,2025-11-05,2025-11-08,50543.47,12506.14,50543.47,12506.14,Paid
3264,272,2025-12-05,2025-12-09,50543.47,12025.14,50543.47,12025.14,Paid
3265,273,2025-01-05,2025-01-07,26479.34,12813.35,26479.34,12813.35,Paid
3266,273,2025-02-05,2025-02-07,26479.34,12457.43,26479.34,12457.43,Paid
3267,273,2025-03-05,2025-03-07,26479.34,12101.5,26479.34,12101.5,Paid
3268,273,2025-04-05,2025-04-10,26479.34,11745.58,26479.34,11745.58,Paid
3269,273,2025-05-05,2025-05-10,26479.34,11389.65,26479.34,11389.65,Paid
3270,273,2025-06-05,2025-06-07,26479.34,11033.72,26479.34,11033.72,Paid
3271,273,2025-07-05,2025-07-08,26479.34,10677.8,26479.34,10677.8,Paid
3272,273,2025-08-05,2025-08-09,26479.34,10321.87,26479.34,10321.87,Paid
3273,273,2025-09-05,2025-09-09,26479.34,9965.94,26479.34,9965.94,Paid
3274,273,2025-10-05,2025-10-08,26479.34,9610.02,26479.34,9610.02,Paid
3275,273,2025-11-05,2025-11-09,26479.34,9254.09,26479.34,9254.09,Paid
3276,273,2025-12-05,2025-12-07,26479.34,8898.16,26479.34,8898.16,Paid
3277,274,2025-01-05,2025-01-08,46099.74,8104.33,46099.74,8104.33,Paid
3278,274,2025-02-05,2025-02-07,46099.74,7766.65,46099.74,7766.65,Paid
3279,274,2025-03-05,2025-03-06,46099.74,7428.97,46099.74,7428.97,Paid
3280,274,2025-04-05,2025-04-07,46099.74,7091.29,46099.74,7091.29,Paid
3281,274,2025-05-05,2025-05-07,46099.74,6753.61,46099.74,6753.61,Paid
3282,274,2025-06-05,2025-06-09,46099.74,6415.93,46099.74,6415.93,Paid
3283,274,2025-07-05,2025-07-06,46099.74,6078.25,46099.74,6078.25,Paid
3284,274,2025-08-05,2025-08-07,46099.74,5740.57,46099.74,5740.57,Paid
3285,274,2025-09-05,2025-09-08,46099.74,5402.89,46099.74,5402.89,Paid
3286,274,2025-10-05,2025-10-07,46099.74,5065.21,46099.74,5065.21,Paid
3287,274,2025-11-05,2025-11-09,46099.74,4727.53,46099.74,4727.53,Paid
3288,274,2025-12-05,2025-12-09,46099.74,4389.85,46099.74,4389.85,Paid
3289,275,2025-01-05,2025-01-09,54734.4,19693.44,54734.4,19693.44,Paid
3290,275,2025-02-05,2025-02-10,54734.4,18872.88,54734.4,18872.88,Paid
3291,275,2025-03-05,,54734.4,18052.32,0.0,0.0,Unpaid
3292,275,2025-04-05,2025-04-05,54734.4,18052.32,54734.4,18052.32,Paid
3293,275,2025-05-05,2025-05-05,54734.4,17231.76,54734.4,17231.76,Paid
3294,275,2025-06-05,2025-06-06,54734.4,16411.2,54734.4,16411.2,Paid
3295,275,2025-07-05,2025-07-05,54734.4,15590.64,54734.4,15590.64,Paid
3296,275,2025-08-05,2025-08-10,54734.4,14770.08,54734.4,14770.08,Paid
3297,275,2025-09-05,2025-09-06,54734.4,13949.52,54734.4,13949.52,Paid
3298,275,2025-10-05,2025-10-10,54734.4,13128.96,54734.4,13128.96,Paid
3299,275,2025-11-05,2025-11-10,54734.4,12308.4,54734.4,12308.4,Paid
3300,275,2025-12-05,2025-12-09,54734.4,11487.84,54734.4,11487.84,Paid
3301,276,2025-01-05,,14999.62,4153.39,0.0,0.0,Unpaid
3302,276,2025-02-05,2025-02-10,14999.62,4153.39,14999.62,4153.39,Paid
3303,276,2025-03-05,2025-03-06,14999.62,4038.02,14999.62,4038.02,Paid
3304,276,2025-04-05,2025-04-10,14999.62,3922.65,14999.62,3922.65,Paid
3305,276,2025-05-05,2025-05-08,14999.62,3807.28,14999.62,3807.28,Paid
3306,276,2025-06-05,2025-06-06,14999.62,3691.91,14999.62,3691.91,Paid
3307,276,2025-07-05,2025-07-07,14999.62,3576.53,14999.62,3576.53,Paid
3308,276,2025-08-05,2025-08-07,14999.62,3461.16,14999.62,3461.16,Paid
3309,276,2025-09-05,2025-09-07,14999.62,3345.79,14999.62,3345.79,Paid
3310,276,2025-10-05,2025-10-06,14999.62,3230.42,14999.62,3230.42,Paid
3311,276,2025-11-05,2025-11-05,14999.62,3115.05,14999.62,3115.05,Paid
3312,276,2025-12-05,2025-12-10,14999.62,2999.67,14999.62,2999.67,Paid
3313,277,2025-01-05,2025-01-08,8368.21,4326.37,8368.21,4326.37,Paid
3314,277,2025-02-05,2025-02-10,8368.21,4254.26,8368.21,4254.26,Paid
3315,277,2025-03-05,2025-03-10,8368.21,4182.15,8368.21,4182.15,Paid
3316,277,2025-04-05,2025-04-09,8368.21,4110.05,8368.21,4110.05,Paid
3317,277,2025-05-05,2025-05-08,8368.21,4037.94,8368.21,4037.94,Paid
3318,277,2025-06-05,2025-06-09,8368.21,3965.84,8368.21,3965.84,Paid
3319,277,2025-07-05,2025-07-08,8368.21,3893.73,8368.21,3893.73,Paid
3320,277,2025-08-05,,8368.21,3821.62,0.0,0.0,Unpaid
3321,277,2025-09-05,2025-09-06,8368.21,3821.62,8368.21,3821.62,Paid
3322,277,2025-10-05,2025-10-09,8368.21,3749.52,8368.21,3749.52,Paid
3323,277,2025-11-05,2025-11-06,8368.21,3677.41,8368.21,3677.41,Paid
3324,277,2025-12-05,2025-12-06,8368.21,3605.31,8368.21,3605.31,Paid
3325,278,2025-01-05,2025-01-07,5489.54,7355.98,5489.54,7355.98,Paid
3326,278,2025-02-05,2025-02-07,5489.54,7294.68,5489.54,7294.68,Paid
3327,278,2025-03-05,2025-03-08,5489.54,7233.38,5489.54,7233.38,Paid
3328,278,2025-04-05,2025-04-09,5489.54,7172.08,5489.54,7172.08,Paid
3329,278,2025-05-05,2025-05-06,5489.54,7110.78,5489.54,7110.78,Paid
3330,278,2025-06-05,,5489.54,7049.48,0.0,0.0,Unpaid
3331,278,2025-07-05,2025-07-09,5489.54,7049.48,5489.54,7049.48,Paid
3332,278,2025-08-05,2025-08-08,5489.54,6988.18,5489.54,6988.18,Paid
3333,278,2025-09-05,,5489.54,6926.88,0.0,0.0,Unpaid
3334,278,2025-10-05,2025-10-10,5489.54,6926.88,5489.54,6926.88,Paid
3335,278,2025-11-05,2025-11-05,5489.54,6865.58,5489.54,6865.58,Paid
3336,278,2025-12-05,2025-12-05,5489.54,6804.28,5489.54,6804.28,Paid
3337,279,2025-01-05,2025-01-05,21350.53,6392.35,21350.53,6392.35,Paid
3338,279,2025-02-05,2025-02-08,21350.53,6126.0,21350.53,6126.0,Paid
3339,279,2025-03-05,2025-03-09,21350.53,5859.65,21350.53,5859.65,Paid
3340,279,2025-04-05,2025-04-08,21350.53,5593.3,21350.53,5593.3,Paid
3341,279,2025-05-05,2025-05-06,21350.53,5326.96,21350.53,5326.96,Paid
3342,279,2025-06-05,2025-06-05,21350.53,5060.61,21350.53,5060.61,Paid
3343,279,2025-07-05,2025-07-06,21350.53,4794.26,21350.53,4794.26,Paid
3344,279,2025-08-05,2025-08-05,21350.53,4527.91,21350.53,4527.91,Paid
3345,279,2025-09-05,2025-09-07,21350.53,4261.57,21350.53,4261.57,Paid
3346,279,2025-10-05,2025-10-05,21350.53,3995.22,21350.53,3995.22,Paid
3347,279,2025-11-05,2025-11-10,21350.53,3728.87,21350.53,3728.87,Paid
3348,279,2025-12-05,2025-12-08,21350.53,3462.52,21350.53,3462.52,Paid
3349,280,2025-01-05,2025-01-06,4471.02,5861.51,4471.02,5861.51,Paid
3350,280,2025-02-05,2025-02-09,4471.02,5812.67,4471.02,5812.67,Paid
3351,280,2025-03-05,,4471.02,5763.82,0.0,0.0,Unpaid
3352,280,2025-04-05,2025-04-07,4471.02,5763.82,4471.02,5763.82,Paid
3353,280,2025-05-05,2025-05-10,4471.02,5714.98,4471.02,5714.98,Paid
3354,280,2025-06-05,2025-06-05,4471.02,5666.13,4471.02,5666.13,Paid
3355,280,2025-07-05,2025-07-08,4471.02,5617.28,4471.02,5617.28,Paid
3356,280,2025-08-05,2025-08-06,4471.02,5568.44,4471.02,5568.44,Paid
3357,280,2025-09-05,2025-09-09,4471.02,5519.59,4471.02,5519.59,Paid
3358,280,2025-10-05,2025-10-10,4471.02,5470.75,4471.02,5470.75,Paid
3359,280,2025-11-05,2025-11-08,4471.02,5421.9,4471.02,5421.9,Paid
3360,280,2025-12-05,2025-12-05,4471.02,5373.05,4471.02,5373.05,Paid
3361,281,2025-01-05,2025-01-09,113242.3,34855.98,113242.3,34855.98,Paid
3362,281,2025-02-05,2025-02-05,113242.3,33403.65,113242.3,33403.65,Paid
3363,281,2025-03-05,2025-03-07,113242.3,31951.32,113242.3,31951.32,Paid
3364,281,2025-04-05,2025-04-09,113242.3,30498.98,113242.3,30498.98,Paid
3365,281,2025-05-05,,113242.3,29046.65,0.0,0.0,Unpaid
3366,281,2025-06-05,2025-06-06,113242.3,29046.65,113242.3,29046.65,Paid
3367,281,2025-07-05,,113242.3,27594.32,0.0,0.0,Unpaid
3368,281,2025-08-05,2025-08-05,113242.3,27594.32,113242.3,27594.32,Paid
3369,281,2025-09-05,2025-09-06,113242.3,26141.99,113242.3,26141.99,Paid
3370,281,2025-10-05,2025-10-05,113242.3,24689.65,113242.3,24689.65,Paid
3371,281,2025-11-05,2025-11-08,113242.3,23237.32,113242.3,23237.32,Paid
3372,281,2025-12-05,,113242.3,21784.99,0.0,0.0,Unpaid
3373,282,2025-01-05,2025-01-06,17781.37,4150.17,17781.37,4150.17,Paid
3374,282,2025-02-05,2025-02-08,17781.37,3977.25,17781.37,3977.25,Paid
3375,282,2025-03-05,2025-03-05,17781.37,3804.32,17781.37,3804.32,Paid
3376,282,2025-04-05,2025-04-05,17781.37,3631.4,17781.37,3631.4,Paid
3377,282,2025-05-05,2025-05-10,17781.37,3458.48,17781.37,3458.48,Paid
3378,282,2025-06-05,2025-06-07,17781.37,3285.55,17781.37,3285.55,Paid
3379,282,2025-07-05,2025-07-09,17781.37,3112.63,17781.37,3112.63,Paid
3380,282,2025-08-05,2025-08-06,17781.37,2939.71,17781.37,2939.71,Paid
3381,282,2025-09-05,2025-09-09,17781.37,2766.78,17781.37,2766.78,Paid
3382,282,2025-10-05,2025-10-06,17781.37,2593.86,17781.37,2593.86,Paid
3383,282,2025-11-05,2025-11-05,17781.37,2420.93,17781.37,2420.93,Paid
3384,282,2025-12-05,2025-12-09,17781.37,2248.01,17781.37,2248.01,Paid
3385,283,2025-01-05,,2097.86,2540.51,0.0,0.0,Unpaid
3386,283,2025-02-05,2025-02-07,2097.86,2540.51,2097.86,2540.51,Paid
3387,283,2025-03-05,2025-03-09,2097.86,2519.34,2097.86,2519.34,Paid
3388,283,2025-04-05,,2097.86,2498.17,0.0,0.0,Unpaid
3389,283,2025-05-05,2025-05-09,2097.86,2498.17,2097.86,2498.17,Paid
3390,283,2025-06-05,2025-06-06,2097.86,2477.0,2097.86,2477.0,Paid
3391,283,2025-07-05,2025-07-07,2097.86,2455.83,2097.86,2455.83,Paid
3392,283,2025-08-05,2025-08-08,2097.86,2434.66,2097.86,2434.66,Paid
3393,283,2025-09-05,2025-09-06,2097.86,2413.49,2097.86,2413.49,Paid
3394,283,2025-10-05,2025-10-05,2097.86,2392.32,2097.86,2392.32,Paid
3395,283,2025-11-05,2025-11-06,2097.86,2371.15,2097.86,2371.15,Paid
3396,283,2025-12-05,2025-12-05,2097.86,2349.97,2097.86,2349.97,Paid
3397,284,2025-01-05,2025-01-07,37560.99,6137.47,37560.99,6137.47,Paid
3398,284,2025-02-05,2025-02-10,37560.99,5881.74,37560.99,5881.74,Paid
3399,284,2025-03-05,2025-03-10,37560.99,5626.01,37560.99,5626.01,Paid
3400,284,2025-04-05,2025-04-06,37560.99,5370.28,37560.99,5370.28,Paid
3401,284,2025-05-05,,37560.99,5114.55,0.0,0.0,Unpaid
3402,284,2025-06-05,2025-06-08,37560.99,5114.55,37560.99,5114.55,Paid
3403,284,2025-07-05,2025-07-07,37560.99,4858.83,37560.99,4858.83,Paid
3404,284,2025-08-05,2025-08-09,37560.99,4603.1,37560.99,4603.1,Paid
3405,284,2025-09-05,2025-09-09,37560.99,4347.37,37560.99,4347.37,Paid
3406,284,2025-10-05,2025-10-06,37560.99,4091.64,37560.99,4091.64,Paid
3407,284,2025-11-05,,37560.99,3835.92,0.0,0.0,Unpaid
3408,284,2025-12-05,2025-12-10,37560.99,3835.92,37560.99,3835.92,Paid
3409,285,2025-01-05,,37006.64,11923.54,0.0,0.0,Unpaid
3410,285,2025-02-05,2025-02-05,37006.64,11923.54,37006.64,11923.54,Paid
3411,285,2025-03-05,2025-03-07,37006.64,11592.33,37006.64,11592.33,Paid
3412,285,2025-04-05,2025-04-10,37006.64,11261.12,37006.64,11261.12,Paid
3413,285,2025-05-05,2025-05-09,37006.64,10929.91,37006.64,10929.91,Paid
3414,285,2025-06-05,2025-06-07,37006.64,10598.7,37006.64,10598.7,Paid
3415,285,2025-07-05,2025-07-05,37006.64,10267.49,37006.64,10267.49,Paid
3416,285,2025-08-05,2025-08-06,37006.64,9936.28,37006.64,9936.28,Paid
3417,285,2025-09-05,2025-09-05,37006.64,9605.07,37006.64,9605.07,Paid
3418,285,2025-10-05,2025-10-09,37006.64,9273.86,37006.64,9273.86,Paid
3419,285,2025-11-05,2025-11-07,37006.64,8942.65,37006.64,8942.65,Paid
3420,285,2025-12-05,2025-12-08,37006.64,8611.45,37006.64,8611.45,Paid
3421,286,2025-01-05,2025-01-05,39906.78,17574.95,39906.78,17574.95,Paid
3422,286,2025-02-05,2025-02-06,39906.78,17086.75,39906.78,17086.75,Paid
3423,286,2025-03-05,2025-03-05,39906.78,16598.56,39906.78,16598.56,Paid
3424,286,2025-04-05,2025-04-08,39906.78,16110.37,39906.78,16110.37,Paid
3425,286,2025-05-05,2025-05-05,39906.78,15622.18,39906.78,15622.18,Paid
3426,286,2025-06-05,2025-06-07,39906.78,15133.98,39906.78,15133.98,Paid
3427,286,2025-07-05,2025-07-09,39906.78,14645.79,39906.78,14645.79,Paid
3428,286,2025-08-05,2025-08-05,39906.78,14157.6,39906.78,14157.6,Paid
3429,286,2025-09-05,2025-09-07,39906.78,13669.4,39906.78,13669.4,Paid
3430,286,2025-10-05,2025-10-10,39906.78,13181.21,39906.78,13181.21,Paid
3431,286,2025-11-05,2025-11-09,39906.78,12693.02,39906.78,12693.02,Paid
3432,286,2025-12-05,2025-12-07,39906.78,12204.82,39906.78,12204.82,Paid
3433,287,2025-01-05,2025-01-07,13180.87,7921.7,13180.87,7921.7,Paid
3434,287,2025-02-05,2025-02-07,13180.87,7789.68,13180.87,7789.68,Paid
3435,287,2025-03-05,2025-03-07,13180.87,7657.65,13180.87,7657.65,Paid
3436,287,2025-04-05,2025-04-07,13180.87,7525.62,13180.87,7525.62,Paid
3437,287,2025-05-05,2025-05-06,13180.87,7393.59,13180.87,7393.59,Paid
3438,287,2025-06-05,,13180.87,7261.56,0.0,0.0,Unpaid
3439,287,2025-07-05,2025-07-08,13180.87,7261.56,13180.87,7261.56,Paid
3440,287,2025-08-05,2025-08-10,13180.87,7129.53,13180.87,7129.53,Paid
3441,287,2025-09-05,2025-09-08,13180.87,6997.51,13180.87,6997.51,Paid
3442,287,2025-10-05,2025-10-10,13180.87,6865.48,13180.87,6865.48,Paid
3443,287,2025-11-05,2025-11-09,13180.87,6733.45,13180.87,6733.45,Paid
3444,287,2025-12-05,2025-12-08,13180.87,6601.42,13180.87,6601.42,Paid
3445,288,2025-01-05,2025-01-10,7077.67,2333.51,7077.67,2333.51,Paid
3446,288,2025-02-05,2025-02-10,7077.67,2268.69,7077.67,2268.69,Paid
3447,288,2025-03-05,2025-03-07,7077.67,2203.87,7077.67,2203.87,Paid
3448,288,2025-04-05,2025-04-09,7077.67,2139.05,7077.67,2139.05,Paid
3449,288,2025-05-05,2025-05-05,7077.67,2074.23,7077.67,2074.23,Paid
3450,288,2025-06-05,2025-06-06,7077.67,2009.41,7077.67,2009.41,Paid
3451,288,2025-07-05,2025-07-07,7077.67,1944.59,7077.67,1944.59,Paid
3452,288,2025-08-05,,7077.67,1879.77,0.0,0.0,Unpaid
3453,288,2025-09-05,2025-09-05,7077.67,1879.77,7077.67,1879.77,Paid
3454,288,2025-10-05,2025-10-08,7077.67,1814.95,7077.67,1814.95,Paid
3455,288,2025-11-05,2025-11-07,7077.67,1750.13,7077.67,1750.13,Paid
3456,288,2025-12-05,2025-12-10,7077.67,1685.31,7077.67,1685.31,Paid
3457,289,2025-01-05,2025-01-08,19185.79,4976.79,19185.79,4976.79,Paid
3458,289,2025-02-05,2025-02-06,19185.79,4769.43,19185.79,4769.43,Paid
3459,289,2025-03-05,2025-03-10,19185.79,4562.06,19185.79,4562.06,Paid
3460,289,2025-04-05,2025-04-09,19185.79,4354.7,19185.79,4354.7,Paid
3461,289,2025-05-05,2025-05-06,19185.79,4147.33,19185.79,4147.33,Paid
3462,289,2025-06-05,2025-06-07,19185.79,3939.96,19185.79,3939.96,Paid
3463,289,2025-07-05,2025-07-08,19185.79,3732.6,19185.79,3732.6,Paid
3464,289,2025-08-05,2025-08-08,19185.79,3525.23,19185.79,3525.23,Paid
3465,289,2025-09-05,2025-09-05,19185.79,3317.86,19185.79,3317.86,Paid
3466,289,2025-10-05,2025-10-07,19185.79,3110.5,19185.79,3110.5,Paid
3467,289,2025-11-05,2025-11-10,19185.79,2903.13,19185.79,2903.13,Paid
3468,289,2025-12-05,2025-12-05,19185.79,2695.76,19185.79,2695.76,Paid
3469,290,2025-01-05,2025-01-05,6894.73,3468.05,6894.73,3468.05,Paid
3470,290,2025-02-05,2025-02-10,6894.73,3410.25,6894.73,3410.25,Paid
3471,290,2025-03-05,2025-03-06,6894.73,3352.45,6894.73,3352.45,Paid
3472,290,2025-04-05,2025-04-06,6894.73,3294.65,6894.73,3294.65,Paid
3473,290,2025-05-05,2025-05-05,6894.73,3236.85,6894.73,3236.85,Paid
3474,290,2025-06-05,2025-06-06,6894.73,3179.05,6894.73,3179.05,Paid
3475,290,2025-07-05,2025-07-10,6894.73,3121.25,6894.73,3121.25,Paid
3476,290,2025-08-05,2025-08-07,6894.73,3063.45,6894.73,3063.45,Paid
3477,290,2025-09-05,2025-09-09,6894.73,3005.65,6894.73,3005.65,Paid
3478,290,2025-10-05,2025-10-05,6894.73,2947.84,6894.73,2947.84,Paid
3479,290,2025-11-05,2025-11-07,6894.73,2890.04,6894.73,2890.04,Paid
3480,290,2025-12-05,2025-12-05,6894.73,2832.24,6894.73,2832.24,Paid
3481,291,2025-01-05,2025-01-09,33565.01,7847.5,33565.01,7847.5,Paid
3482,291,2025-02-05,2025-02-08,33565.01,7520.52,33565.01,7520.52,Paid
3483,291,2025-03-05,2025-03-08,33565.01,7193.54,33565.01,7193.54,Paid
3484,291,2025-04-05,2025-04-10,33565.01,6866.56,33565.01,6866.56,Paid
3485,291,2025-05-05,2025-05-09,33565.01,6539.58,33565.01,6539.58,Paid
3486,291,2025-06-05,2025-06-06,33565.01,6212.6,33565.01,6212.6,Paid
3487,291,2025-07-05,,33565.01,5885.63,0.0,0.0,Unpaid
3488,291,2025-08-05,2025-08-07,33565.01,5885.63,33565.01,5885.63,Paid
3489,291,2025-09-05,2025-09-06,33565.01,5558.65,33565.01,5558.65,Paid
3490,291,2025-10-05,2025-10-10,33565.01,5231.67,33565.01,5231.67,Paid
3491,291,2025-11-05,2025-11-05,33565.01,4904.69,33565.01,4904.69,Paid
3492,291,2025-12-05,2025-12-10,33565.01,4577.71,33565.01,4577.71,Paid
3493,292,2025-01-05,2025-01-05,14576.55,16937.95,14576.55,16937.95,Paid
3494,292,2025-02-05,2025-02-05,14576.55,16796.8,14576.55,16796.8,Paid
3495,292,2025-03-05,2025-03-10,14576.55,16655.65,14576.55,16655.65,Paid
3496,292,2025-04-05,2025-04-10,14576.55,16514.5,14576.55,16514.5,Paid
3497,292,2025-05-05,2025-05-05,14576.55,16373.35,14576.55,16373.35,Paid
3498,292,2025-06-05,2025-06-10,14576.55,16232.2,14576.55,16232.2,Paid
3499,292,2025-07-05,2025-07-09,14576.55,16091.05,14576.55,16091.05,Paid
3500,292,2025-08-05,2025-08-09,14576.55,15949.9,14576.55,15949.9,Paid
3501,292,2025-09-05,2025-09-05,14576.55,15808.75,14576.55,15808.75,Paid
3502,292,2025-10-05,2025-10-07,14576.55,15667.6,14576.55,15667.6,Paid
3503,292,2025-11-05,2025-11-10,14576.55,15526.45,14576.55,15526.45,Paid
3504,292,2025-12-05,,14576.55,15385.3,0.0,0.0,Unpaid
3505,293,2025-01-05,2025-01-05,17967.51,8678.31,17967.51,8678.31,Paid
3506,293,2025-02-05,2025-02-09,17967.51,8437.24,17967.51,8437.24,Paid
3507,293,2025-03-05,2025-03-06,17967.51,8196.18,17967.51,8196.18,Paid
3508,293,2025-04-05,2025-04-05,17967.51,7955.11,17967.51,7955.11,Paid
3509,293,2025-05-05,,17967.51,7714.05,0.0,0.0,Unpaid
3510,293,2025-06-05,2025-06-08,17967.51,7714.05,17967.51,7714.05,Paid
3511,293,2025-07-05,2025-07-07,17967.51,7472.99,17967.51,7472.99,Paid
3512,293,2025-08-05,2025-08-07,17967.51,7231.92,17967.51,7231.92,Paid
3513,293,2025-09-05,2025-09-05,17967.51,6990.86,17967.51,6990.86,Paid
3514,293,2025-10-05,2025-10-08,17967.51,6749.79,17967.51,6749.79,Paid
3515,293,2025-11-05,2025-11-10,17967.51,6508.73,17967.51,6508.73,Paid
3516,293,2025-12-05,2025-12-07,17967.51,6267.66,17967.51,6267.66,Paid
3517,294,2025-01-05,2025-01-08,20638.54,12372.81,20638.54,12372.81,Paid
3518,294,2025-02-05,2025-02-05,20638.54,12166.59,20638.54,12166.59,Paid
3519,294,2025-03-05,2025-03-06,20638.54,11960.38,20638.54,11960.38,Paid
3520,294,2025-04-05,2025-04-06,20638.54,11754.17,20638.54,11754.17,Paid
3521,294,2025-05-05,2025-05-07,20638.54,11547.95,20638.54,11547.95,Paid
3522,294,2025-06-05,2025-06-10,20638.54,11341.74,20638.54,11341.74,Paid
3523,294,2025-07-05,2025-07-06,20638.54,11135.53,20638.54,11135.53,Paid
3524,294,2025-08-05,2025-08-09,20638.54,10929.31,20638.54,10929.31,Paid
3525,294,2025-09-05,2025-09-05,20638.54,10723.1,20638.54,10723.1,Paid
3526,294,2025-10-05,2025-10-05,20638.54,10516.89,20638.54,10516.89,Paid
3527,294,2025-11-05,2025-11-07,20638.54,10310.67,20638.54,10310.67,Paid
3528,294,2025-12-05,2025-12-08,20638.54,10104.46,20638.54,10104.46,Paid
3529,295,2025-01-05,2025-01-07,7703.23,6570.85,7703.23,6570.85,Paid
3530,295,2025-02-05,2025-02-09,7703.23,6516.1,7703.23,6516.1,Paid
3531,295,2025-03-05,2025-03-10,7703.23,6461.34,7703.23,6461.34,Paid
3532,295,2025-04-05,2025-04-09,7703.23,6406.58,7703.23,6406.58,Paid
3533,295,2025-05-05,2025-05-07,7703.23,6351.83,7703.23,6351.83,Paid
3534,295,2025-06-05,2025-06-06,7703.23,6297.07,7703.23,6297.07,Paid
3535,295,2025-07-05,2025-07-07,7703.23,6242.31,7703.23,6242.31,Paid
3536,295,2025-08-05,2025-08-05,7703.23,6187.55,7703.23,6187.55,Paid
3537,295,2025-09-05,2025-09-10,7703.23,6132.8,7703.23,6132.8,Paid
3538,295,2025-10-05,2025-10-09,7703.23,6078.04,7703.23,6078.04,Paid
3539,295,2025-11-05,2025-11-07,7703.23,6023.28,7703.23,6023.28,Paid
3540,295,2025-12-05,2025-12-09,7703.23,5968.53,7703.23,5968.53,Paid
3541,296,2025-01-05,2025-01-08,13241.11,5994.25,13241.11,5994.25,Paid
3542,296,2025-02-05,2025-02-09,13241.11,5827.74,13241.11,5827.74,Paid
3543,296,2025-03-05,2025-03-10,13241.11,5661.24,13241.11,5661.24,Paid
3544,296,2025-04-05,2025-04-07,13241.11,5494.73,13241.11,5494.73,Paid
3545,296,2025-05-05,2025-05-10,13241.11,5328.22,13241.11,5328.22,Paid
3546,296,2025-06-05,2025-06-05,13241.11,5161.72,13241.11,5161.72,Paid
3547,296,2025-07-05,2025-07-09,13241.11,4995.21,13241.11,4995.21,Paid
3548,296,2025-08-05,2025-08-07,13241.11,4828.7,13241.11,4828.7,Paid
3549,296,2025-09-05,2025-09-06,13241.11,4662.19,13241.11,4662.19,Paid
3550,296,2025-10-05,2025-10-06,13241.11,4495.69,13241.11,4495.69,Paid
3551,296,2025-11-05,2025-11-10,13241.11,4329.18,13241.11,4329.18,Paid
3552,296,2025-12-05,2025-12-07,13241.11,4162.67,13241.11,4162.67,Paid
3553,297,2025-01-05,2025-01-09,4865.65,3967.94,4865.65,3967.94,Paid
3554,297,2025-02-05,2025-02-06,4865.65,3901.8,4865.65,3901.8,Paid
3555,297,2025-03-05,2025-03-08,4865.65,3835.67,4865.65,3835.67,Paid
3556,297,2025-04-05,2025-04-10,4865.65,3769.54,4865.65,3769.54,Paid
3557,297,2025-05-05,2025-05-06,4865.65,3703.41,4865.65,3703.41,Paid
3558,297,2025-06-05,2025-06-09,4865.65,3637.27,4865.65,3637.27,Paid
3559,297,2025-07-05,2025-07-06,4865.65,3571.14,4865.65,3571.14,Paid
3560,297,2025-08-05,,4865.65,3505.01,0.0,0.0,Unpaid
3561,297,2025-09-05,2025-09-09,4865.65,3505.01,4865.65,3505.01,Paid
3562,297,2025-10-05,2025-10-07,4865.65,3438.88,4865.65,3438.88,Paid
3563,297,2025-11-05,2025-11-07,4865.65,3372.74,4865.65,3372.74,Paid
3564,297,2025-12-05,2025-12-05,4865.65,3306.61,4865.65,3306.61,Paid
3565,298,2025-01-05,2025-01-10,80448.69,20015.63,80448.69,20015.63,Paid
3566,298,2025-02-05,2025-02-10,80448.69,19181.65,80448.69,19181.65,Paid
3567,298,2025-03-05,2025-03-05,80448.69,18347.67,80448.69,18347.67,Paid
3568,298,2025-04-05,2025-04-07,80448.69,17513.68,80448.69,17513.68,Paid
3569,298,2025-05-05,2025-05-06,80448.69,16679.7,80448.69,16679.7,Paid
3570,298,2025-06-05,2025-06-08,80448.69,15845.71,80448.69,15845.71,Paid
3571,298,2025-07-05,2025-07-06,80448.69,15011.73,80448.69,15011.73,Paid
3572,298,2025-08-05,2025-08-08,80448.69,14177.74,80448.69,14177.74,Paid
3573,298,2025-09-05,2025-09-06,80448.69,13343.76,80448.69,13343.76,Paid
3574,298,2025-10-05,2025-10-07,80448.69,12509.77,80448.69,12509.77,Paid
3575,298,2025-11-05,2025-11-08,80448.69,11675.79,80448.69,11675.79,Paid
3576,298,2025-12-05,2025-12-08,80448.69,10841.8,80448.69,10841.8,Paid
3577,299,2025-01-05,2025-01-08,40210.71,26639.59,40210.71,26639.59,Paid
3578,299,2025-02-05,2025-02-10,40210.71,26195.6,40210.71,26195.6,Paid
3579,299,2025-03-05,2025-03-10,40210.71,25751.61,40210.71,25751.61,Paid
3580,299,2025-04-05,2025-04-08,40210.71,25307.61,40210.71,25307.61,Paid
3581,299,2025-05-05,2025-05-05,40210.71,24863.62,40210.71,24863.62,Paid
3582,299,2025-06-05,2025-06-09,40210.71,24419.63,40210.71,24419.63,Paid
3583,299,2025-07-05,2025-07-07,40210.71,23975.63,40210.71,23975.63,Paid
3584,299,2025-08-05,,40210.71,23531.64,0.0,0.0,Unpaid
3585,299,2025-09-05,,40210.71,23531.64,0.0,0.0,Unpaid
3586,299,2025-10-05,2025-10-10,40210.71,23531.64,40210.71,23531.64,Paid
3587,299,2025-11-05,2025-11-05,40210.71,23087.65,40210.71,23087.65,Paid
3588,299,2025-12-05,2025-12-07,40210.71,22643.65,40210.71,22643.65,Paid
3589,300,2025-01-05,2025-01-05,62085.41,29801.0,62085.41,29801.0,Paid
3590,300,2025-02-05,2025-02-05,62085.41,28973.19,62085.41,28973.19,Paid
3591,300,2025-03-05,2025-03-07,62085.41,28145.39,62085.41,28145.39,Paid
3592,300,2025-04-05,2025-04-07,62085.41,27317.58,62085.41,27317.58,Paid
3593,300,2025-05-05,2025-05-08,62085.41,26489.77,62085.41,26489.77,Paid
3594,300,2025-06-05,2025-06-06,62085.41,25661.97,62085.41,25661.97,Paid
3595,300,2025-07-05,2025-07-10,62085.41,24834.16,62085.41,24834.16,Paid
3596,300,2025-08-05,2025-08-05,62085.41,24006.36,62085.41,24006.36,Paid
3597,300,2025-09-05,2025-09-09,62085.41,23178.55,62085.41,23178.55,Paid
3598,300,2025-10-05,2025-10-10,62085.41,22350.75,62085.41,22350.75,Paid
3599,300,2025-11-05,2025-11-08,62085.41,21522.94,62085.41,21522.94,Paid
3600,300,2025-12-05,2025-12-06,62085.41,20695.14,62085.41,20695.14,Paid
3601,301,2025-01-05,2025-01-08,19014.02,6959.13,19014.02,6959.13,Paid
3602,301,2025-02-05,2025-02-09,19014.02,6765.82,19014.02,6765.82,Paid
3603,301,2025-03-05,2025-03-10,19014.02,6572.51,19014.02,6572.51,Paid
3604,301,2025-04-05,2025-04-09,19014.02,6379.2,19014.02,6379.2,Paid
3605,301,2025-05-05,2025-05-07,19014.02,6185.89,19014.02,6185.89,Paid
3606,301,2025-06-05,2025-06-08,19014.02,5992.58,19014.02,5992.58,Paid
3607,301,2025-07-05,2025-07-09,19014.02,5799.28,19014.02,5799.28,Paid
3608,301,2025-08-05,2025-08-06,19014.02,5605.97,19014.02,5605.97,Paid
3609,301,2025-09-05,2025-09-08,19014.02,5412.66,19014.02,5412.66,Paid
3610,301,2025-10-05,2025-10-09,19014.02,5219.35,19014.02,5219.35,Paid
3611,301,2025-11-05,2025-11-05,19014.02,5026.04,19014.02,5026.04,Paid
3612,301,2025-12-05,2025-12-08,19014.02,4832.73,19014.02,4832.73,Paid
3613,302,2025-01-05,2025-01-10,4556.65,5700.37,4556.65,5700.37,Paid
3614,302,2025-02-05,,4556.65,5652.86,0.0,0.0,Unpaid
3615,302,2025-03-05,2025-03-06,4556.65,5652.86,4556.65,5652.86,Paid
3616,302,2025-04-05,2025-04-05,4556.65,5605.36,4556.65,5605.36,Paid
3617,302,2025-05-05,2025-05-10,4556.65,5557.86,4556.65,5557.86,Paid
3618,302,2025-06-05,2025-06-06,4556.65,5510.35,4556.65,5510.35,Paid
3619,302,2025-07-05,2025-07-08,4556.65,5462.85,4556.65,5462.85,Paid
3620,302,2025-08-05,2025-08-10,4556.65,5415.35,4556.65,5415.35,Paid
3621,302,2025-09-05,2025-09-10,4556.65,5367.85,4556.65,5367.85,Paid
3622,302,2025-10-05,2025-10-06,4556.65,5320.34,4556.65,5320.34,Paid
3623,302,2025-11-05,2025-11-05,4556.65,5272.84,4556.65,5272.84,Paid
3624,302,2025-12-05,2025-12-10,4556.65,5225.34,4556.65,5225.34,Paid
3625,303,2025-01-05,2025-01-06,72625.46,25012.21,72625.46,25012.21,Paid
3626,303,2025-02-05,2025-02-06,72625.46,23970.03,72625.46,23970.03,Paid
3627,303,2025-03-05,2025-03-05,72625.46,22927.86,72625.46,22927.86,Paid
3628,303,2025-04-05,2025-04-05,72625.46,21885.68,72625.46,21885.68,Paid
3629,303,2025-05-05,2025-05-06,72625.46,20843.51,72625.46,20843.51,Paid
3630,303,2025-06-05,2025-06-10,72625.46,19801.33,72625.46,19801.33,Paid
3631,303,2025-07-05,2025-07-07,72625.46,18759.15,72625.46,18759.15,Paid
3632,303,2025-08-05,2025-08-06,72625.46,17716.98,72625.46,17716.98,Paid
3633,303,2025-09-05,2025-09-10,72625.46,16674.8,72625.46,16674.8,Paid
3634,303,2025-10-05,2025-10-06,72625.46,15632.63,72625.46,15632.63,Paid
3635,303,2025-11-05,2025-11-07,72625.46,14590.45,72625.46,14590.45,Paid
3636,303,2025-12-05,2025-12-10,72625.46,13548.28,72625.46,13548.28,Paid
3637,304,2025-01-05,2025-01-06,15063.12,4139.34,15063.12,4139.34,Paid
3638,304,2025-02-05,2025-02-10,15063.12,3966.87,15063.12,3966.87,Paid
3639,304,2025-03-05,2025-03-10,15063.12,3794.4,15063.12,3794.4,Paid
3640,304,2025-04-05,2025-04-07,15063.12,3621.93,15063.12,3621.93,Paid
3641,304,2025-05-05,2025-05-07,15063.12,3449.45,15063.12,3449.45,Paid
3642,304,2025-06-05,2025-06-08,15063.12,3276.98,15063.12,3276.98,Paid
3643,304,2025-07-05,2025-07-09,15063.12,3104.51,15063.12,3104.51,Paid
3644,304,2025-08-05,2025-08-08,15063.12,2932.04,15063.12,2932.04,Paid
3645,304,2025-09-05,2025-09-06,15063.12,2759.56,15063.12,2759.56,Paid
3646,304,2025-10-05,2025-10-08,15063.12,2587.09,15063.12,2587.09,Paid
3647,304,2025-11-05,2025-11-09,15063.12,2414.62,15063.12,2414.62,Paid
3648,304,2025-12-05,2025-12-09,15063.12,2242.14,15063.12,2242.14,Paid
3649,305,2025-01-05,2025-01-10,13865.62,15543.36,13865.62,15543.36,Paid
3650,305,2025-02-05,2025-02-09,13865.62,15413.83,13865.62,15413.83,Paid
3651,305,2025-03-05,2025-03-10,13865.62,15284.3,13865.62,15284.3,Paid
3652,305,2025-04-05,2025-04-06,13865.62,15154.77,13865.62,15154.77,Paid
3653,305,2025-05-05,2025-05-08,13865.62,15025.24,13865.62,15025.24,Paid
3654,305,2025-06-05,2025-06-07,13865.62,14895.72,13865.62,14895.72,Paid
3655,305,2025-07-05,2025-07-09,13865.62,14766.19,13865.62,14766.19,Paid
3656,305,2025-08-05,2025-08-08,13865.62,14636.66,13865.62,14636.66,Paid
3657,305,2025-09-05,2025-09-08,13865.62,14507.13,13865.62,14507.13,Paid
3658,305,2025-10-05,2025-10-09,13865.62,14377.6,13865.62,14377.6,Paid
3659,305,2025-11-05,2025-11-07,13865.62,14248.08,13865.62,14248.08,Paid
3660,305,2025-12-05,2025-12-07,13865.62,14118.55,13865.62,14118.55,Paid
3661,306,2025-01-05,2025-01-06,18454.66,9699.77,18454.66,9699.77,Paid
3662,306,2025-02-05,2025-02-08,18454.66,9430.33,18454.66,9430.33,Paid
3663,306,2025-03-05,2025-03-09,18454.66,9160.89,18454.66,9160.89,Paid
3664,306,2025-04-05,2025-04-06,18454.66,8891.46,18454.66,8891.46,Paid
3665,306,2025-05-05,2025-05-05,18454.66,8622.02,18454.66,8622.02,Paid
3666,306,2025-06-05,2025-06-10,18454.66,8352.58,18454.66,8352.58,Paid
3667,306,2025-07-05,2025-07-06,18454.66,8083.14,18454.66,8083.14,Paid
3668,306,2025-08-05,2025-08-05,18454.66,7813.7,18454.66,7813.7,Paid
3669,306,2025-09-05,2025-09-09,18454.66,7544.27,18454.66,7544.27,Paid
3670,306,2025-10-05,2025-10-10,18454.66,7274.83,18454.66,7274.83,Paid
3671,306,2025-11-05,2025-11-07,18454.66,7005.39,18454.66,7005.39,Paid
3672,306,2025-12-05,2025-12-05,18454.66,6735.95,18454.66,6735.95,Paid
3673,307,2025-01-05,2025-01-05,23388.82,5112.8,23388.82,5112.8,Paid
3674,307,2025-02-05,2025-02-10,23388.82,4899.76,23388.82,4899.76,Paid
3675,307,2025-03-05,2025-03-10,23388.82,4686.73,23388.82,4686.73,Paid
3676,307,2025-04-05,2025-04-10,23388.82,4473.7,23388.82,4473.7,Paid
3677,307,2025-05-05,2025-05-07,23388.82,4260.66,23388.82,4260.66,Paid
3678,307,2025-06-05,2025-06-08,23388.82,4047.63,23388.82,4047.63,Paid
3679,307,2025-07-05,2025-07-06,23388.82,3834.6,23388.82,3834.6,Paid
3680,307,2025-08-05,2025-08-06,23388.82,3621.56,23388.82,3621.56,Paid
3681,307,2025-09-05,2025-09-05,23388.82,3408.53,23388.82,3408.53,Paid
3682,307,2025-10-05,2025-10-06,23388.82,3195.5,23388.82,3195.5,Paid
3683,307,2025-11-05,2025-11-10,23388.82,2982.47,23388.82,2982.47,Paid
3684,307,2025-12-05,2025-12-08,23388.82,2769.43,23388.82,2769.43,Paid
3685,308,2025-01-05,2025-01-07,2660.51,4530.85,2660.51,4530.85,Paid
3686,308,2025-02-05,2025-02-07,2660.51,4493.09,2660.51,4493.09,Paid
3687,308,2025-03-05,2025-03-10,2660.51,4455.33,2660.51,4455.33,Paid
3688,308,2025-04-05,2025-04-09,2660.51,4417.58,2660.51,4417.58,Paid
3689,308,2025-05-05,,2660.51,4379.82,0.0,0.0,Unpaid
3690,308,2025-06-05,2025-06-07,2660.51,4379.82,2660.51,4379.82,Paid
3691,308,2025-07-05,2025-07-08,2660.51,4342.06,2660.51,4342.06,Paid
3692,308,2025-08-05,2025-08-05,2660.51,4304.3,2660.51,4304.3,Paid
3693,308,2025-09-05,2025-09-09,2660.51,4266.55,2660.51,4266.55,Paid
3694,308,2025-10-05,2025-10-07,2660.51,4228.79,2660.51,4228.79,Paid
3695,308,2025-11-05,2025-11-05,2660.51,4191.03,2660.51,4191.03,Paid
3696,308,2025-12-05,2025-12-08,2660.51,4153.28,2660.51,4153.28,Paid
3697,309,2025-01-05,2025-01-10,1993.51,1789.18,1993.51,1789.18,Paid
3698,309,2025-02-05,2025-02-09,1993.51,1759.36,1993.51,1759.36,Paid
3699,309,2025-03-05,2025-03-10,1993.51,1729.54,1993.51,1729.54,Paid
3700,309,2025-04-05,2025-04-06,1993.51,1699.72,1993.51,1699.72,Paid
3701,309,2025-05-05,2025-05-08,1993.51,1669.9,1993.51,1669.9,Paid
3702,309,2025-06-05,2025-06-09,1993.51,1640.08,1993.51,1640.08,Paid
3703,309,2025-07-05,2025-07-07,1993.51,1610.26,1993.51,1610.26,Paid
3704,309,2025-08-05,2025-08-10,1993.51,1580.44,1993.51,1580.44,Paid
3705,309,2025-09-05,2025-09-09,1993.51,1550.62,1993.51,1550.62,Paid
3706,309,2025-10-05,2025-10-06,1993.51,1520.8,1993.51,1520.8,Paid
3707,309,2025-11-05,2025-11-10,1993.51,1490.98,1993.51,1490.98,Paid
3708,309,2025-12-05,2025-12-10,1993.51,1461.16,1993.51,1461.16,Paid
3709,310,2025-01-05,2025-01-08,7135.7,12758.64,7135.7,12758.64,Paid
3710,310,2025-02-05,2025-02-05,7135.7,12652.32,7135.7,12652.32,Paid
3711,310,2025-03-05,2025-03-10,7135.7,12545.99,7135.7,12545.99,Paid
3712,310,2025-04-05,2025-04-10,7135.7,12439.67,7135.7,12439.67,Paid
3713,310,2025-05-05,2025-05-06,7135.7,12333.35,7135.7,12333.35,Paid
3714,310,2025-06-05,2025-06-09,7135.7,12227.03,7135.7,12227.03,Paid
3715,310,2025-07-05,2025-07-10,7135.7,12120.71,7135.7,12120.71,Paid
3716,310,2025-08-05,2025-08-07,7135.7,12014.38,7135.7,12014.38,Paid
3717,310,2025-09-05,2025-09-08,7135.7,11908.06,7135.7,11908.06,Paid
3718,310,2025-10-05,2025-10-10,7135.7,11801.74,7135.7,11801.74,Paid
3719,310,2025-11-05,2025-11-08,7135.7,11695.42,7135.7,11695.42,Paid
3720,310,2025-12-05,2025-12-10,7135.7,11589.1,7135.7,11589.1,Paid
3721,311,2025-01-05,2025-01-05,6644.17,4089.49,6644.17,4089.49,Paid
3722,311,2025-02-05,2025-02-09,6644.17,4021.33,6644.17,4021.33,Paid
3723,311,2025-03-05,2025-03-05,6644.17,3953.17,6644.17,3953.17,Paid
3724,311,2025-04-05,2025-04-05,6644.17,3885.01,6644.17,3885.01,Paid
3725,311,2025-05-05,2025-05-10,6644.17,3816.86,6644.17,3816.86,Paid
3726,311,2025-06-05,2025-06-05,6644.17,3748.7,6644.17,3748.7,Paid
3727,311,2025-07-05,2025-07-08,6644.17,3680.54,6644.17,3680.54,Paid
3728,311,2025-08-05,2025-08-06,6644.17,3612.38,6644.17,3612.38,Paid
3729,311,2025-09-05,2025-09-05,6644.17,3544.22,6644.17,3544.22,Paid
3730,311,2025-10-05,2025-10-07,6644.17,3476.07,6644.17,3476.07,Paid
3731,311,2025-11-05,2025-11-08,6644.17,3407.91,6644.17,3407.91,Paid
3732,311,2025-12-05,2025-12-05,6644.17,3339.75,6644.17,3339.75,Paid
3733,312,2025-01-05,2025-01-09,54161.51,17591.66,54161.51,17591.66,Paid
3734,312,2025-02-05,2025-02-09,54161.51,16858.67,54161.51,16858.67,Paid
3735,312,2025-03-05,2025-03-10,54161.51,16125.69,54161.51,16125.69,Paid
3736,312,2025-04-05,2025-04-08,54161.51,15392.7,54161.51,15392.7,Paid
3737,312,2025-05-05,2025-05-10,54161.51,14659.72,54161.51,14659.72,Paid
3738,312,2025-06-05,2025-06-05,54161.51,13926.73,54161.51,13926.73,Paid
3739,312,2025-07-05,2025-07-10,54161.51,13193.74,54161.51,13193.74,Paid
3740,312,2025-08-05,2025-08-08,54161.51,12460.76,54161.51,12460.76,Paid
3741,312,2025-09-05,2025-09-09,54161.51,11727.77,54161.51,11727.77,Paid
3742,312,2025-10-05,2025-10-08,54161.51,10994.79,54161.51,10994.79,Paid
3743,312,2025-11-05,2025-11-07,54161.51,10261.8,54161.51,10261.8,Paid
3744,312,2025-12-05,2025-12-09,54161.51,9528.82,54161.51,9528.82,Paid
3745,313,2025-01-05,2025-01-08,51359.9,18782.32,51359.9,18782.32,Paid
3746,313,2025-02-05,2025-02-08,51359.9,18260.58,51359.9,18260.58,Paid
3747,313,2025-03-05,2025-03-05,51359.9,17738.85,51359.9,17738.85,Paid
3748,313,2025-04-05,2025-04-08,51359.9,17217.12,51359.9,17217.12,Paid
3749,313,2025-05-05,2025-05-06,51359.9,16695.39,51359.9,16695.39,Paid
3750,313,2025-06-05,2025-06-09,51359.9,16173.66,51359.9,16173.66,Paid
3751,313,2025-07-05,2025-07-06,51359.9,15651.93,51359.9,15651.93,Paid
3752,313,2025-08-05,2025-08-05,51359.9,15130.2,51359.9,15130.2,Paid
3753,313,2025-09-05,2025-09-09,51359.9,14608.47,51359.9,14608.47,Paid
3754,313,2025-10-05,2025-10-08,51359.9,14086.74,51359.9,14086.74,Paid
3755,313,2025-11-05,2025-11-08,51359.9,13565.01,51359.9,13565.01,Paid
3756,313,2025-12-05,2025-12-10,51359.9,13043.27,51359.9,13043.27,Paid
3757,314,2025-01-05,2025-01-07,19401.73,5944.69,19401.73,5944.69,Paid
3758,314,2025-02-05,2025-02-09,19401.73,5696.99,19401.73,5696.99,Paid
3759,314,2025-03-05,2025-03-05,19401.73,5449.3,19401.73,5449.3,Paid
3760,314,2025-04-05,2025-04-09,19401.73,5201.6,19401.73,5201.6,Paid
3761,314,2025-05-05,2025-05-07,19401.73,4953.91,19401.73,4953.91,Paid
3762,314,2025-06-05,2025-06-10,19401.73,4706.21,19401.73,4706.21,Paid
3763,314,2025-07-05,2025-07-07,19401.73,4458.52,19401.73,4458.52,Paid
3764,314,2025-08-05,2025-08-09,19401.73,4210.82,19401.73,4210.82,Paid
3765,314,2025-09-05,2025-09-05,19401.73,3963.13,19401.73,3963.13,Paid
3766,314,2025-10-05,2025-10-05,19401.73,3715.43,19401.73,3715.43,Paid
3767,314,2025-11-05,2025-11-08,19401.73,3467.73,19401.73,3467.73,Paid
3768,314,2025-12-05,2025-12-05,19401.73,3220.04,19401.73,3220.04,Paid
3769,315,2025-01-05,2025-01-07,11196.88,5620.83,11196.88,5620.83,Paid
3770,315,2025-02-05,,11196.88,5527.15,0.0,0.0,Unpaid
3771,315,2025-03-05,2025-03-06,11196.88,5527.15,11196.88,5527.15,Paid
3772,315,2025-04-05,2025-04-09,11196.88,5433.47,11196.88,5433.47,Paid
3773,315,2025-05-05,2025-05-07,11196.88,5339.79,11196.88,5339.79,Paid
3774,315,2025-06-05,2025-06-05,11196.88,5246.11,11196.88,5246.11,Paid
3775,315,2025-07-05,2025-07-08,11196.88,5152.43,11196.88,5152.43,Paid
3776,315,2025-08-05,2025-08-10,11196.88,5058.75,11196.88,5058.75,Paid
3777,315,2025-09-05,2025-09-10,11196.88,4965.07,11196.88,4965.07,Paid
3778,315,2025-10-05,2025-10-05,11196.88,4871.39,11196.88,4871.39,Paid
3779,315,2025-11-05,2025-11-07,11196.88,4777.71,11196.88,4777.71,Paid
3780,315,2025-12-05,2025-12-07,11196.88,4684.03,11196.88,4684.03,Paid
3781,316,2025-01-05,2025-01-10,10277.77,2522.16,10277.77,2522.16,Paid
3782,316,2025-02-05,2025-02-07,10277.77,2417.07,10277.77,2417.07,Paid
3783,316,2025-03-05,2025-03-09,10277.77,2311.98,10277.77,2311.98,Paid
3784,316,2025-04-05,2025-04-10,10277.77,2206.89,10277.77,2206.89,Paid
3785,316,2025-05-05,2025-05-05,10277.77,2101.8,10277.77,2101.8,Paid
3786,316,2025-06-05,2025-06-08,10277.77,1996.71,10277.77,1996.71,Paid
3787,316,2025-07-05,2025-07-05,10277.77,1891.62,10277.77,1891.62,Paid
3788,316,2025-08-05,2025-08-08,10277.77,1786.53,10277.77,1786.53,Paid
3789,316,2025-09-05,2025-09-09,10277.77,1681.44,10277.77,1681.44,Paid
3790,316,2025-10-05,2025-10-08,10277.77,1576.35,10277.77,1576.35,Paid
3791,316,2025-11-05,2025-11-05,10277.77,1471.26,10277.77,1471.26,Paid
3792,316,2025-12-05,2025-12-08,10277.77,1366.17,10277.77,1366.17,Paid
3793,317,2025-01-05,2025-01-09,16585.52,9254.72,16585.52,9254.72,Paid
3794,317,2025-02-05,2025-02-05,16585.52,9100.48,16585.52,9100.48,Paid
3795,317,2025-03-05,2025-03-06,16585.52,8946.23,16585.52,8946.23,Paid
3796,317,2025-04-05,2025-04-08,16585.52,8791.99,16585.52,8791.99,Paid
3797,317,2025-05-05,2025-05-09,16585.52,8637.74,16585.52,8637.74,Paid
3798,317,2025-06-05,2025-06-10,16585.52,8483.5,16585.52,8483.5,Paid
3799,317,2025-07-05,2025-07-06,16585.52,8329.25,16585.52,8329.25,Paid
3800,317,2025-08-05,2025-08-07,16585.52,8175.0,16585.52,8175.0,Paid
3801,317,2025-09-05,2025-09-09,16585.52,8020.76,16585.52,8020.76,Paid
3802,317,2025-10-05,2025-10-08,16585.52,7866.51,16585.52,7866.51,Paid
3803,317,2025-11-05,2025-11-09,16585.52,7712.27,16585.52,7712.27,Paid
3804,317,2025-12-05,2025-12-10,16585.52,7558.02,16585.52,7558.02,Paid
3805,318,2025-01-05,2025-01-07,9179.88,5351.87,9179.88,5351.87,Paid
3806,318,2025-02-05,2025-02-05,9179.88,5262.67,9179.88,5262.67,Paid
3807,318,2025-03-05,2025-03-09,9179.88,5173.47,9179.88,5173.47,Paid
3808,318,2025-04-05,2025-04-06,9179.88,5084.27,9179.88,5084.27,Paid
3809,318,2025-05-05,2025-05-10,9179.88,4995.08,9179.88,4995.08,Paid
3810,318,2025-06-05,2025-06-05,9179.88,4905.88,9179.88,4905.88,Paid
3811,318,2025-07-05,2025-07-10,9179.88,4816.68,9179.88,4816.68,Paid
3812,318,2025-08-05,2025-08-07,9179.88,4727.48,9179.88,4727.48,Paid
3813,318,2025-09-05,2025-09-05,9179.88,4638.28,9179.88,4638.28,Paid
3814,318,2025-10-05,2025-10-06,9179.88,4549.09,9179.88,4549.09,Paid
3815,318,2025-11-05,2025-11-09,9179.88,4459.89,9179.88,4459.89,Paid
3816,318,2025-12-05,2025-12-06,9179.88,4370.69,9179.88,4370.69,Paid
3817,319,2025-01-05,2025-01-07,16409.85,6916.75,16409.85,6916.75,Paid
3818,319,2025-02-05,2025-02-09,16409.85,6724.62,16409.85,6724.62,Paid
3819,319,2025-03-05,2025-03-07,16409.85,6532.49,16409.85,6532.49,Paid
3820,319,2025-04-05,2025-04-10,16409.85,6340.36,16409.85,6340.36,Paid
3821,319,2025-05-05,2025-05-10,16409.85,6148.22,16409.85,6148.22,Paid
3822,319,2025-06-05,2025-06-06,16409.85,5956.09,16409.85,5956.09,Paid
3823,319,2025-07-05,2025-07-05,16409.85,5763.96,16409.85,5763.96,Paid
3824,319,2025-08-05,2025-08-10,16409.85,5571.83,16409.85,5571.83,Paid
3825,319,2025-09-05,2025-09-09,16409.85,5379.7,16409.85,5379.7,Paid
3826,319,2025-10-05,2025-10-05,16409.85,5187.56,16409.85,5187.56,Paid
3827,319,2025-11-05,2025-11-05,16409.85,4995.43,16409.85,4995.43,Paid
3828,319,2025-12-05,2025-12-09,16409.85,4803.3,16409.85,4803.3,Paid
3829,320,2025-01-05,2025-01-09,17582.23,5891.81,17582.23,5891.81,Paid
3830,320,2025-02-05,2025-02-09,17582.23,5728.14,17582.23,5728.14,Paid
3831,320,2025-03-05,2025-03-06,17582.23,5564.48,17582.23,5564.48,Paid
3832,320,2025-04-05,2025-04-10,17582.23,5400.82,17582.23,5400.82,Paid
3833,320,2025-05-05,2025-05-05,17582.23,5237.16,17582.23,5237.16,Paid
3834,320,2025-06-05,2025-06-07,17582.23,5073.5,17582.23,5073.5,Paid
3835,320,2025-07-05,2025-07-10,17582.23,4909.84,17582.23,4909.84,Paid
3836,320,2025-08-05,2025-08-10,17582.23,4746.18,17582.23,4746.18,Paid
3837,320,2025-09-05,,17582.23,4582.52,0.0,0.0,Unpaid
3838,320,2025-10-05,2025-10-09,17582.23,4582.52,17582.23,4582.52,Paid
3839,320,2025-11-05,2025-11-08,17582.23,4418.85,17582.23,4418.85,Paid
3840,320,2025-12-05,2025-12-07,17582.23,4255.19,17582.23,4255.19,Paid
3841,321,2025-01-05,2025-01-09,7833.27,3548.47,7833.27,3548.47,Paid
3842,321,2025-02-05,2025-02-06,7833.27,3449.9,7833.27,3449.9,Paid
3843,321,2025-03-05,2025-03-08,7833.27,3351.33,7833.27,3351.33,Paid
3844,321,2025-04-05,2025-04-07,7833.27,3252.76,7833.27,3252.76,Paid
3845,321,2025-05-05,2025-05-09,7833.27,3154.19,7833.27,3154.19,Paid
3846,321,2025-06-05,2025-06-09,7833.27,3055.63,7833.27,3055.63,Paid
3847,321,2025-07-05,2025-07-09,7833.27,2957.06,7833.27,2957.06,Paid
3848,321,2025-08-05,2025-08-10,7833.27,2858.49,7833.27,2858.49,Paid
3849,321,2025-09-05,2025-09-07,7833.27,2759.92,7833.27,2759.92,Paid
3850,321,2025-10-05,2025-10-10,7833.27,2661.35,7833.27,2661.35,Paid
3851,321,2025-11-05,2025-11-08,7833.27,2562.78,7833.27,2562.78,Paid
3852,321,2025-12-05,2025-12-09,7833.27,2464.21,7833.27,2464.21,Paid
3853,322,2025-01-05,2025-01-08,6382.93,3666.99,6382.93,3666.99,Paid
3854,322,2025-02-05,2025-02-05,6382.93,3605.87,6382.93,3605.87,Paid
3855,322,2025-03-05,2025-03-05,6382.93,3544.76,6382.93,3544.76,Paid
3856,322,2025-04-05,2025-04-06,6382.93,3483.64,6382.93,3483.64,Paid
3857,322,2025-05-05,2025-05-05,6382.93,3422.52,6382.93,3422.52,Paid
3858,322,2025-06-05,2025-06-10,6382.93,3361.41,6382.93,3361.41,Paid
3859,322,2025-07-05,2025-07-07,6382.93,3300.29,6382.93,3300.29,Paid
3860,322,2025-08-05,2025-08-09,6382.93,3239.18,6382.93,3239.18,Paid
3861,322,2025-09-05,2025-09-10,6382.93,3178.06,6382.93,3178.06,Paid
3862,322,2025-10-05,2025-10-06,6382.93,3116.94,6382.93,3116.94,Paid
3863,322,2025-11-05,2025-11-07,6382.93,3055.83,6382.93,3055.83,Paid
3864,322,2025-12-05,2025-12-06,6382.93,2994.71,6382.93,2994.71,Paid
3865,323,2025-01-05,2025-01-09,15480.5,10294.53,15480.5,10294.53,Paid
3866,323,2025-02-05,2025-02-10,15480.5,10122.96,15480.5,10122.96,Paid
3867,323,2025-03-05,2025-03-10,15480.5,9951.38,15480.5,9951.38,Paid
3868,323,2025-04-05,2025-04-05,15480.5,9779.8,15480.5,9779.8,Paid
3869,323,2025-05-05,2025-05-08,15480.5,9608.23,15480.5,9608.23,Paid
3870,323,2025-06-05,2025-06-07,15480.5,9436.65,15480.5,9436.65,Paid
3871,323,2025-07-05,2025-07-10,15480.5,9265.08,15480.5,9265.08,Paid
3872,323,2025-08-05,2025-08-08,15480.5,9093.5,15480.5,9093.5,Paid
3873,323,2025-09-05,2025-09-06,15480.5,8921.93,15480.5,8921.93,Paid
3874,323,2025-10-05,2025-10-06,15480.5,8750.35,15480.5,8750.35,Paid
3875,323,2025-11-05,2025-11-08,15480.5,8578.78,15480.5,8578.78,Paid
3876,323,2025-12-05,2025-12-09,15480.5,8407.2,15480.5,8407.2,Paid
3877,324,2025-01-05,2025-01-09,9576.35,13914.44,9576.35,13914.44,Paid
3878,324,2025-02-05,2025-02-06,9576.35,13798.48,9576.35,13798.48,Paid
3879,324,2025-03-05,2025-03-05,9576.35,13682.53,9576.35,13682.53,Paid
3880,324,2025-04-05,2025-04-07,9576.35,13566.58,9576.35,13566.58,Paid
3881,324,2025-05-05,2025-05-05,9576.35,13450.62,9576.35,13450.62,Paid
3882,324,2025-06-05,2025-06-05,9576.35,13334.67,9576.35,13334.67,Paid
3883,324,2025-07-05,2025-07-06,9576.35,13218.71,9576.35,13218.71,Paid
3884,324,2025-08-05,2025-08-05,9576.35,13102.76,9576.35,13102.76,Paid
3885,324,2025-09-05,2025-09-09,9576.35,12986.81,9576.35,12986.81,Paid
3886,324,2025-10-05,,9576.35,12870.85,0.0,0.0,Unpaid
3887,324,2025-11-05,2025-11-07,9576.35,12870.85,9576.35,12870.85,Paid
3888,324,2025-12-05,2025-12-05,9576.35,12754.9,9576.35,12754.9,Paid
3889,325,2025-01-05,2025-01-10,10369.2,3695.58,10369.2,3695.58,Paid
3890,325,2025-02-05,2025-02-10,10369.2,3592.93,10369.2,3592.93,Paid
3891,325,2025-03-05,2025-03-06,10369.2,3490.27,10369.2,3490.27,Paid
3892,325,2025-04-05,2025-04-06,10369.2,3387.62,10369.2,3387.62,Paid
3893,325,2025-05-05,2025-05-05,10369.2,3284.96,10369.2,3284.96,Paid
3894,325,2025-06-05,2025-06-06,10369.2,3182.31,10369.2,3182.31,Paid
3895,325,2025-07-05,2025-07-08,10369.2,3079.65,10369.2,3079.65,Paid
3896,325,2025-08-05,2025-08-06,10369.2,2977.0,10369.2,2977.0,Paid
3897,325,2025-09-05,2025-09-05,10369.2,2874.34,10369.2,2874.34,Paid
3898,325,2025-10-05,2025-10-06,10369.2,2771.69,10369.2,2771.69,Paid
3899,325,2025-11-05,2025-11-06,10369.2,2669.03,10369.2,2669.03,Paid
3900,325,2025-12-05,2025-12-07,10369.2,2566.38,10369.2,2566.38,Paid
3901,326,2025-01-05,2025-01-10,18081.36,14871.92,18081.36,14871.92,Paid
3902,326,2025-02-05,2025-02-06,18081.36,14624.05,18081.36,14624.05,Paid
3903,326,2025-03-05,2025-03-08,18081.36,14376.19,18081.36,14376.19,Paid
3904,326,2025-04-05,2025-04-06,18081.36,14128.32,18081.36,14128.32,Paid
3905,326,2025-05-05,2025-05-10,18081.36,13880.46,18081.36,13880.46,Paid
3906,326,2025-06-05,,18081.36,13632.59,0.0,0.0,Unpaid
3907,326,2025-07-05,2025-07-09,18081.36,13632.59,18081.36,13632.59,Paid
3908,326,2025-08-05,2025-08-09,18081.36,13384.73,18081.36,13384.73,Paid
3909,326,2025-09-05,2025-09-07,18081.36,13136.86,18081.36,13136.86,Paid
3910,326,2025-10-05,2025-10-06,18081.36,12889.0,18081.36,12889.0,Paid
3911,326,2025-11-05,2025-11-09,18081.36,12641.13,18081.36,12641.13,Paid
3912,326,2025-12-05,2025-12-09,18081.36,12393.27,18081.36,12393.27,Paid
3913,327,2025-01-05,2025-01-06,10870.14,4324.14,10870.14,4324.14,Paid
3914,327,2025-02-05,2025-02-10,10870.14,4204.03,10870.14,4204.03,Paid
3915,327,2025-03-05,2025-03-10,10870.14,4083.91,10870.14,4083.91,Paid
3916,327,2025-04-05,2025-04-07,10870.14,3963.8,10870.14,3963.8,Paid
3917,327,2025-05-05,2025-05-08,10870.14,3843.68,10870.14,3843.68,Paid
3918,327,2025-06-05,2025-06-06,10870.14,3723.57,10870.14,3723.57,Paid
3919,327,2025-07-05,2025-07-06,10870.14,3603.45,10870.14,3603.45,Paid
3920,327,2025-08-05,2025-08-09,10870.14,3483.34,10870.14,3483.34,Paid
3921,327,2025-09-05,2025-09-10,10870.14,3363.22,10870.14,3363.22,Paid
3922,327,2025-10-05,2025-10-06,10870.14,3243.11,10870.14,3243.11,Paid
3923,327,2025-11-05,2025-11-08,10870.14,3122.99,10870.14,3122.99,Paid
3924,327,2025-12-05,2025-12-07,10870.14,3002.87,10870.14,3002.87,Paid
3925,328,2025-01-05,2025-01-07,24411.4,30563.07,24411.4,30563.07,Paid
3926,328,2025-02-05,2025-02-05,24411.4,30308.38,24411.4,30308.38,Paid
3927,328,2025-03-05,2025-03-05,24411.4,30053.68,24411.4,30053.68,Paid
3928,328,2025-04-05,2025-04-05,24411.4,29798.99,24411.4,29798.99,Paid
3929,328,2025-05-05,2025-05-10,24411.4,29544.3,24411.4,29544.3,Paid
3930,328,2025-06-05,2025-06-10,24411.4,29289.61,24411.4,29289.61,Paid
3931,328,2025-07-05,2025-07-07,24411.4,29034.92,24411.4,29034.92,Paid
3932,328,2025-08-05,2025-08-06,24411.4,28780.22,24411.4,28780.22,Paid
3933,328,2025-09-05,2025-09-06,24411.4,28525.53,24411.4,28525.53,Paid
3934,328,2025-10-05,2025-10-10,24411.4,28270.84,24411.4,28270.84,Paid
3935,328,2025-11-05,2025-11-06,24411.4,28016.15,24411.4,28016.15,Paid
3936,328,2025-12-05,2025-12-10,24411.4,27761.45,24411.4,27761.45,Paid
3937,329,2025-01-05,2025-01-10,20967.16,16134.23,20967.16,16134.23,Paid
3938,329,2025-02-05,2025-02-09,20967.16,15865.33,20967.16,15865.33,Paid
3939,329,2025-03-05,2025-03-10,20967.16,15596.42,20967.16,15596.42,Paid
3940,329,2025-04-05,2025-04-05,20967.16,15327.52,20967.16,15327.52,Paid
3941,329,2025-05-05,2025-05-08,20967.16,15058.61,20967.16,15058.61,Paid
3942,329,2025-06-05,2025-06-08,20967.16,14789.71,20967.16,14789.71,Paid
3943,329,2025-07-05,2025-07-10,20967.16,14520.81,20967.16,14520.81,Paid
3944,329,2025-08-05,2025-08-10,20967.16,14251.9,20967.16,14251.9,Paid
3945,329,2025-09-05,2025-09-10,20967.16,13983.0,20967.16,13983.0,Paid
3946,329,2025-10-05,2025-10-06,20967.16,13714.1,20967.16,13714.1,Paid
3947,329,2025-11-05,2025-11-05,20967.16,13445.19,20967.16,13445.19,Paid
3948,329,2025-12-05,2025-12-09,20967.16,13176.29,20967.16,13176.29,Paid
3949,330,2025-01-05,2025-01-05,105540.89,37614.77,105540.89,37614.77,Paid
3950,330,2025-02-05,2025-02-08,105540.89,36047.49,105540.89,36047.49,Paid
3951,330,2025-03-05,2025-03-06,105540.89,34480.21,105540.89,34480.21,Paid
3952,330,2025-04-05,2025-04-07,105540.89,32912.93,105540.89,32912.93,Paid
3953,330,2025-05-05,2025-05-05,105540.89,31345.64,105540.89,31345.64,Paid
3954,330,2025-06-05,2025-06-07,105540.89,29778.36,105540.89,29778.36,Paid
3955,330,2025-07-05,2025-07-06,105540.89,28211.08,105540.89,28211.08,Paid
3956,330,2025-08-05,2025-08-09,105540.89,26643.8,105540.89,26643.8,Paid
3957,330,2025-09-05,2025-09-06,105540.89,25076.51,105540.89,25076.51,Paid
3958,330,2025-10-05,2025-10-06,105540.89,23509.23,105540.89,23509.23,Paid
3959,330,2025-11-05,2025-11-10,105540.89,21941.95,105540.89,21941.95,Paid
3960,330,2025-12-05,2025-12-09,105540.89,20374.67,105540.89,20374.67,Paid
3961,331,2025-01-05,2025-01-08,15814.87,7021.8,15814.87,7021.8,Paid
3962,331,2025-02-05,2025-02-06,15814.87,6904.77,15814.87,6904.77,Paid
3963,331,2025-03-05,2025-03-08,15814.87,6787.74,15814.87,6787.74,Paid
3964,331,2025-04-05,2025-04-09,15814.87,6670.71,15814.87,6670.71,Paid
3965,331,2025-05-05,2025-05-08,15814.87,6553.68,15814.87,6553.68,Paid
3966,331,2025-06-05,2025-06-08,15814.87,6436.65,15814.87,6436.65,Paid
3967,331,2025-07-05,2025-07-06,15814.87,6319.62,15814.87,6319.62,Paid
3968,331,2025-08-05,2025-08-06,15814.87,6202.59,15814.87,6202.59,Paid
3969,331,2025-09-05,2025-09-08,15814.87,6085.56,15814.87,6085.56,Paid
3970,331,2025-10-05,2025-10-05,15814.87,5968.53,15814.87,5968.53,Paid
3971,331,2025-11-05,2025-11-07,15814.87,5851.5,15814.87,5851.5,Paid
3972,331,2025-12-05,2025-12-07,15814.87,5734.47,15814.87,5734.47,Paid
3973,332,2025-01-05,2025-01-08,30281.06,8475.67,30281.06,8475.67,Paid
3974,332,2025-02-05,2025-02-09,30281.06,8240.23,30281.06,8240.23,Paid
3975,332,2025-03-05,2025-03-10,30281.06,8004.8,30281.06,8004.8,Paid
3976,332,2025-04-05,2025-04-05,30281.06,7769.36,30281.06,7769.36,Paid
3977,332,2025-05-05,2025-05-09,30281.06,7533.93,30281.06,7533.93,Paid
3978,332,2025-06-05,2025-06-10,30281.06,7298.49,30281.06,7298.49,Paid
3979,332,2025-07-05,2025-07-08,30281.06,7063.06,30281.06,7063.06,Paid
3980,332,2025-08-05,2025-08-10,30281.06,6827.62,30281.06,6827.62,Paid
3981,332,2025-09-05,2025-09-07,30281.06,6592.19,30281.06,6592.19,Paid
3982,332,2025-10-05,2025-10-09,30281.06,6356.75,30281.06,6356.75,Paid
3983,332,2025-11-05,2025-11-05,30281.06,6121.32,30281.06,6121.32,Paid
3984,332,2025-12-05,2025-12-07,30281.06,5885.88,30281.06,5885.88,Paid
3985,333,2025-01-05,2025-01-08,14583.63,12950.27,14583.63,12950.27,Paid
3986,333,2025-02-05,2025-02-05,14583.63,12734.43,14583.63,12734.43,Paid
3987,333,2025-03-05,2025-03-05,14583.63,12518.59,14583.63,12518.59,Paid
3988,333,2025-04-05,2025-04-10,14583.63,12302.75,14583.63,12302.75,Paid
3989,333,2025-05-05,2025-05-06,14583.63,12086.92,14583.63,12086.92,Paid
3990,333,2025-06-05,2025-06-07,14583.63,11871.08,14583.63,11871.08,Paid
3991,333,2025-07-05,2025-07-10,14583.63,11655.24,14583.63,11655.24,Paid
3992,333,2025-08-05,2025-08-10,14583.63,11439.4,14583.63,11439.4,Paid
3993,333,2025-09-05,2025-09-05,14583.63,11223.57,14583.63,11223.57,Paid
3994,333,2025-10-05,2025-10-10,14583.63,11007.73,14583.63,11007.73,Paid
3995,333,2025-11-05,2025-11-05,14583.63,10791.89,14583.63,10791.89,Paid
3996,333,2025-12-05,2025-12-05,14583.63,10576.05,14583.63,10576.05,Paid
3997,334,2025-01-05,2025-01-05,15236.44,12661.48,15236.44,12661.48,Paid
3998,334,2025-02-05,2025-02-06,15236.44,12450.46,15236.44,12450.46,Paid
3999,334,2025-03-05,2025-03-05,15236.44,12239.43,15236.44,12239.43,Paid
4000,334,2025-04-05,2025-04-05,15236.44,12028.41,15236.44,12028.41,Paid
4001,334,2025-05-05,2025-05-05,15236.44,11817.38,15236.44,11817.38,Paid
4002,334,2025-06-05,2025-06-07,15236.44,11606.36,15236.44,11606.36,Paid
4003,334,2025-07-05,2025-07-06,15236.44,11395.33,15236.44,11395.33,Paid
4004,334,2025-08-05,2025-08-06,15236.44,11184.31,15236.44,11184.31,Paid
4005,334,2025-09-05,2025-09-07,15236.44,10973.28,15236.44,10973.28,Paid
4006,334,2025-10-05,2025-10-06,15236.44,10762.26,15236.44,10762.26,Paid
4007,334,2025-11-05,2025-11-05,15236.44,10551.24,15236.44,10551.24,Paid
4008,334,2025-12-05,2025-12-06,15236.44,10340.21,15236.44,10340.21,Paid
4009,335,2025-01-05,2025-01-06,36398.16,14977.84,36398.16,14977.84,Paid
4010,335,2025-02-05,2025-02-10,36398.16,14728.21,36398.16,14728.21,Paid
4011,335,2025-03-05,2025-03-06,36398.16,14478.58,36398.16,14478.58,Paid
4012,335,2025-04-05,2025-04-09,36398.16,14228.95,36398.16,14228.95,Paid
4013,335,2025-05-05,2025-05-06,36398.16,13979.32,36398.16,13979.32,Paid
4014,335,2025-06-05,2025-06-06,36398.16,13729.69,36398.16,13729.69,Paid
4015,335,2025-07-05,2025-07-06,36398.16,13480.06,36398.16,13480.06,Paid
4016,335,2025-08-05,2025-08-06,36398.16,13230.43,36398.16,13230.43,Paid
4017,335,2025-09-05,2025-09-07,36398.16,12980.8,36398.16,12980.8,Paid
4018,335,2025-10-05,2025-10-06,36398.16,12731.17,36398.16,12731.17,Paid
4019,335,2025-11-05,2025-11-05,36398.16,12481.54,36398.16,12481.54,Paid
4020,335,2025-12-05,2025-12-09,36398.16,12231.91,36398.16,12231.91,Paid
4021,336,2025-01-05,2025-01-06,6688.47,2698.8,6688.47,2698.8,Paid
4022,336,2025-02-05,2025-02-08,6688.47,2623.83,6688.47,2623.83,Paid
4023,336,2025-03-05,2025-03-10,6688.47,2548.87,6688.47,2548.87,Paid
4024,336,2025-04-05,2025-04-09,6688.47,2473.9,6688.47,2473.9,Paid
4025,336,2025-05-05,2025-05-09,6688.47,2398.93,6688.47,2398.93,Paid
4026,336,2025-06-05,2025-06-09,6688.47,2323.97,6688.47,2323.97,Paid
4027,336,2025-07-05,2025-07-10,6688.47,2249.0,6688.47,2249.0,Paid
4028,336,2025-08-05,2025-08-10,6688.47,2174.03,6688.47,2174.03,Paid
4029,336,2025-09-05,2025-09-09,6688.47,2099.07,6688.47,2099.07,Paid
4030,336,2025-10-05,2025-10-09,6688.47,2024.1,6688.47,2024.1,Paid
4031,336,2025-11-05,2025-11-06,6688.47,1949.13,6688.47,1949.13,Paid
4032,336,2025-12-05,2025-12-05,6688.47,1874.17,6688.47,1874.17,Paid
4033,337,2025-01-05,2025-01-08,39760.62,15828.7,39760.62,15828.7,Paid
4034,337,2025-02-05,2025-02-08,39760.62,15389.02,39760.62,15389.02,Paid
4035,337,2025-03-05,2025-03-08,39760.62,14949.33,39760.62,14949.33,Paid
4036,337,2025-04-05,2025-04-08,39760.62,14509.64,39760.62,14509.64,Paid
4037,337,2025-05-05,2025-05-09,39760.62,14069.96,39760.62,14069.96,Paid
4038,337,2025-06-05,2025-06-10,39760.62,13630.27,39760.62,13630.27,Paid
4039,337,2025-07-05,2025-07-09,39760.62,13190.58,39760.62,13190.58,Paid
4040,337,2025-08-05,2025-08-05,39760.62,12750.9,39760.62,12750.9,Paid
4041,337,2025-09-05,2025-09-06,39760.62,12311.21,39760.62,12311.21,Paid
4042,337,2025-10-05,2025-10-05,39760.62,11871.53,39760.62,11871.53,Paid
4043,337,2025-11-05,2025-11-07,39760.62,11431.84,39760.62,11431.84,Paid
4044,337,2025-12-05,2025-12-10,39760.62,10992.15,39760.62,10992.15,Paid
4045,338,2025-01-05,2025-01-06,17326.13,2993.96,17326.13,2993.96,Paid
4046,338,2025-02-05,2025-02-05,17326.13,2869.21,17326.13,2869.21,Paid
4047,338,2025-03-05,2025-03-10,17326.13,2744.46,17326.13,2744.46,Paid
4048,338,2025-04-05,2025-04-05,17326.13,2619.71,17326.13,2619.71,Paid
4049,338,2025-05-05,2025-05-08,17326.13,2494.96,17326.13,2494.96,Paid
4050,338,2025-06-05,2025-06-08,17326.13,2370.21,17326.13,2370.21,Paid
4051,338,2025-07-05,2025-07-10,17326.13,2245.47,17326.13,2245.47,Paid
4052,338,2025-08-05,2025-08-09,17326.13,2120.72,17326.13,2120.72,Paid
4053,338,2025-09-05,2025-09-07,17326.13,1995.97,17326.13,1995.97,Paid
4054,338,2025-10-05,2025-10-10,17326.13,1871.22,17326.13,1871.22,Paid
4055,338,2025-11-05,2025-11-08,17326.13,1746.47,17326.13,1746.47,Paid
4056,338,2025-12-05,2025-12-05,17326.13,1621.73,17326.13,1621.73,Paid
4057,339,2025-01-05,2025-01-10,5724.12,6313.71,5724.12,6313.71,Paid
4058,339,2025-02-05,2025-02-08,5724.12,6261.09,5724.12,6261.09,Paid
4059,339,2025-03-05,2025-03-05,5724.12,6208.48,5724.12,6208.48,Paid
4060,339,2025-04-05,2025-04-08,5724.12,6155.86,5724.12,6155.86,Paid
4061,339,2025-05-05,2025-05-09,5724.12,6103.25,5724.12,6103.25,Paid
4062,339,2025-06-05,2025-06-10,5724.12,6050.64,5724.12,6050.64,Paid
4063,339,2025-07-05,2025-07-08,5724.12,5998.02,5724.12,5998.02,Paid
4064,339,2025-08-05,2025-08-06,5724.12,5945.41,5724.12,5945.41,Paid
4065,339,2025-09-05,2025-09-06,5724.12,5892.79,5724.12,5892.79,Paid
4066,339,2025-10-05,2025-10-09,5724.12,5840.18,5724.12,5840.18,Paid
4067,339,2025-11-05,2025-11-10,5724.12,5787.56,5724.12,5787.56,Paid
4068,339,2025-12-05,2025-12-07,5724.12,5734.95,5724.12,5734.95,Paid
4069,340,2025-01-05,2025-01-09,45026.35,12927.06,45026.35,12927.06,Paid
4070,340,2025-02-05,2025-02-07,45026.35,12567.98,45026.35,12567.98,Paid
4071,340,2025-03-05,2025-03-05,45026.35,12208.89,45026.35,12208.89,Paid
4072,340,2025-04-05,2025-04-05,45026.35,11849.81,45026.35,11849.81,Paid
4073,340,2025-05-05,2025-05-05,45026.35,11490.72,45026.35,11490.72,Paid
4074,340,2025-06-05,2025-06-09,45026.35,11131.64,45026.35,11131.64,Paid
4075,340,2025-07-05,,45026.35,10772.55,0.0,0.0,Unpaid
4076,340,2025-08-05,2025-08-08,45026.35,10772.55,45026.35,10772.55,Paid
4077,340,2025-09-05,2025-09-10,45026.35,10413.47,45026.35,10413.47,Paid
4078,340,2025-10-05,2025-10-06,45026.35,10054.38,45026.35,10054.38,Paid
4079,340,2025-11-05,2025-11-08,45026.35,9695.3,45026.35,9695.3,Paid
4080,340,2025-12-05,2025-12-09,45026.35,9336.21,45026.35,9336.21,Paid
4081,341,2025-01-05,,15689.43,10700.19,0.0,0.0,Unpaid
4082,341,2025-02-05,2025-02-09,15689.43,10700.19,15689.43,10700.19,Paid
4083,341,2025-03-05,2025-03-06,15689.43,10521.85,15689.43,10521.85,Paid
4084,341,2025-04-05,2025-04-06,15689.43,10343.52,15689.43,10343.52,Paid
4085,341,2025-05-05,,15689.43,10165.18,0.0,0.0,Unpaid
4086,341,2025-06-05,,15689.43,10165.18,0.0,0.0,Unpaid
4087,341,2025-07-05,2025-07-05,15689.43,10165.18,15689.43,10165.18,Paid
4088,341,2025-08-05,2025-08-07,15689.43,9986.84,15689.43,9986.84,Paid
4089,341,2025-09-05,2025-09-05,15689.43,9808.51,15689.43,9808.51,Paid
4090,341,2025-10-05,2025-10-06,15689.43,9630.17,15689.43,9630.17,Paid
4091,341,2025-11-05,,15689.43,9451.83,0.0,0.0,Unpaid
4092,341,2025-12-05,2025-12-10,15689.43,9451.83,15689.43,9451.83,Paid
4093,342,2025-01-05,,146178.97,49554.67,0.0,0.0,Unpaid
4094,342,2025-02-05,2025-02-07,146178.97,49554.67,146178.97,49554.67,Paid
4095,342,2025-03-05,2025-03-05,146178.97,48178.15,146178.97,48178.15,Paid
4096,342,2025-04-05,2025-04-09,146178.97,46801.63,146178.97,46801.63,Paid
4097,342,2025-05-05,2025-05-10,146178.97,45425.12,146178.97,45425.12,Paid
4098,342,2025-06-05,2025-06-09,146178.97,44048.6,146178.97,44048.6,Paid
4099,342,2025-07-05,2025-07-07,146178.97,42672.08,146178.97,42672.08,Paid
4100,342,2025-08-05,2025-08-06,146178.97,41295.56,146178.97,41295.56,Paid
4101,342,2025-09-05,2025-09-05,146178.97,39919.04,146178.97,39919.04,Paid
4102,342,2025-10-05,2025-10-05,146178.97,38542.52,146178.97,38542.52,Paid
4103,342,2025-11-05,2025-11-10,146178.97,37166.0,146178.97,37166.0,Paid
4104,342,2025-12-05,2025-12-05,146178.97,35789.49,146178.97,35789.49,Paid
4105,343,2025-01-05,2025-01-08,26587.35,14325.26,26587.35,14325.26,Paid
4106,343,2025-02-05,2025-02-09,26587.35,13927.34,26587.35,13927.34,Paid
4107,343,2025-03-05,2025-03-10,26587.35,13529.42,26587.35,13529.42,Paid
4108,343,2025-04-05,2025-04-07,26587.35,13131.49,26587.35,13131.49,Paid
4109,343,2025-05-05,2025-05-10,26587.35,12733.57,26587.35,12733.57,Paid
4110,343,2025-06-05,2025-06-06,26587.35,12335.64,26587.35,12335.64,Paid
4111,343,2025-07-05,2025-07-08,26587.35,11937.72,26587.35,11937.72,Paid
4112,343,2025-08-05,2025-08-08,26587.35,11539.8,26587.35,11539.8,Paid
4113,343,2025-09-05,2025-09-06,26587.35,11141.87,26587.35,11141.87,Paid
4114,343,2025-10-05,2025-10-08,26587.35,10743.95,26587.35,10743.95,Paid
4115,343,2025-11-05,2025-11-09,26587.35,10346.02,26587.35,10346.02,Paid
4116,343,2025-12-05,2025-12-09,26587.35,9948.1,26587.35,9948.1,Paid
4117,344,2025-01-05,2025-01-06,71351.72,24045.53,71351.72,24045.53,Paid
4118,344,2025-02-05,2025-02-09,71351.72,23043.63,71351.72,23043.63,Paid
4119,344,2025-03-05,2025-03-09,71351.72,22041.74,71351.72,22041.74,Paid
4120,344,2025-04-05,2025-04-09,71351.72,21039.84,71351.72,21039.84,Paid
4121,344,2025-05-05,2025-05-07,71351.72,20037.94,71351.72,20037.94,Paid
4122,344,2025-06-05,2025-06-06,71351.72,19036.05,71351.72,19036.05,Paid
4123,344,2025-07-05,2025-07-07,71351.72,18034.15,71351.72,18034.15,Paid
4124,344,2025-08-05,2025-08-09,71351.72,17032.25,71351.72,17032.25,Paid
4125,344,2025-09-05,2025-09-08,71351.72,16030.35,71351.72,16030.35,Paid
4126,344,2025-10-05,2025-10-10,71351.72,15028.46,71351.72,15028.46,Paid
4127,344,2025-11-05,2025-11-08,71351.72,14026.56,71351.72,14026.56,Paid
4128,344,2025-12-05,2025-12-08,71351.72,13024.66,71351.72,13024.66,Paid
4129,345,2025-01-05,2025-01-10,10981.96,3885.42,10981.96,3885.42,Paid
4130,345,2025-02-05,2025-02-09,10981.96,3723.52,10981.96,3723.52,Paid
4131,345,2025-03-05,2025-03-09,10981.96,3561.63,10981.96,3561.63,Paid
4132,345,2025-04-05,2025-04-05,10981.96,3399.74,10981.96,3399.74,Paid
4133,345,2025-05-05,2025-05-09,10981.96,3237.85,10981.96,3237.85,Paid
4134,345,2025-06-05,2025-06-10,10981.96,3075.95,10981.96,3075.95,Paid
4135,345,2025-07-05,2025-07-05,10981.96,2914.06,10981.96,2914.06,Paid
4136,345,2025-08-05,2025-08-09,10981.96,2752.17,10981.96,2752.17,Paid
4137,345,2025-09-05,2025-09-05,10981.96,2590.28,10981.96,2590.28,Paid
4138,345,2025-10-05,2025-10-06,10981.96,2428.38,10981.96,2428.38,Paid
4139,345,2025-11-05,2025-11-06,10981.96,2266.49,10981.96,2266.49,Paid
4140,345,2025-12-05,2025-12-07,10981.96,2104.6,10981.96,2104.6,Paid
4141,346,2025-01-05,,5418.04,6658.77,0.0,0.0,Unpaid
4142,346,2025-02-05,2025-02-08,5418.04,6658.77,5418.04,6658.77,Paid
4143,346,2025-03-05,2025-03-08,5418.04,6603.28,5418.04,6603.28,Paid
4144,346,2025-04-05,2025-04-10,5418.04,6547.79,5418.04,6547.79,Paid
4145,346,2025-05-05,2025-05-05,5418.04,6492.3,5418.04,6492.3,Paid
4146,346,2025-06-05,2025-06-08,5418.04,6436.81,5418.04,6436.81,Paid
4147,346,2025-07-05,2025-07-05,5418.04,6381.32,5418.04,6381.32,Paid
4148,346,2025-08-05,2025-08-05,5418.04,6325.83,5418.04,6325.83,Paid
4149,346,2025-09-05,2025-09-06,5418.04,6270.34,5418.04,6270.34,Paid
4150,346,2025-10-05,2025-10-10,5418.04,6214.85,5418.04,6214.85,Paid
4151,346,2025-11-05,2025-11-08,5418.04,6159.36,5418.04,6159.36,Paid
4152,346,2025-12-05,2025-12-09,5418.04,6103.87,5418.04,6103.87,Paid
4153,347,2025-01-05,2025-01-10,22859.46,5079.37,22859.46,5079.37,Paid
4154,347,2025-02-05,2025-02-07,22859.46,4867.73,22859.46,4867.73,Paid
4155,347,2025-03-05,2025-03-06,22859.46,4656.09,22859.46,4656.09,Paid
4156,347,2025-04-05,2025-04-05,22859.46,4444.45,22859.46,4444.45,Paid
4157,347,2025-05-05,2025-05-08,22859.46,4232.81,22859.46,4232.81,Paid
4158,347,2025-06-05,2025-06-08,22859.46,4021.17,22859.46,4021.17,Paid
4159,347,2025-07-05,2025-07-06,22859.46,3809.53,22859.46,3809.53,Paid
4160,347,2025-08-05,2025-08-08,22859.46,3597.89,22859.46,3597.89,Paid
4161,347,2025-09-05,2025-09-09,22859.46,3386.25,22859.46,3386.25,Paid
4162,347,2025-10-05,2025-10-06,22859.46,3174.61,22859.46,3174.61,Paid
4163,347,2025-11-05,2025-11-07,22859.46,2962.97,22859.46,2962.97,Paid
4164,347,2025-12-05,2025-12-09,22859.46,2751.33,22859.46,2751.33,Paid
4165,348,2025-01-05,2025-01-05,6190.85,7887.14,6190.85,7887.14,Paid
4166,348,2025-02-05,2025-02-06,6190.85,7821.42,6190.85,7821.42,Paid
4167,348,2025-03-05,2025-03-05,6190.85,7755.69,6190.85,7755.69,Paid
4168,348,2025-04-05,2025-04-06,6190.85,7689.97,6190.85,7689.97,Paid
4169,348,2025-05-05,2025-05-07,6190.85,7624.24,6190.85,7624.24,Paid
4170,348,2025-06-05,2025-06-06,6190.85,7558.51,6190.85,7558.51,Paid
4171,348,2025-07-05,2025-07-05,6190.85,7492.79,6190.85,7492.79,Paid
4172,348,2025-08-05,2025-08-07,6190.85,7427.06,6190.85,7427.06,Paid
4173,348,2025-09-05,2025-09-08,6190.85,7361.34,6190.85,7361.34,Paid
4174,348,2025-10-05,,6190.85,7295.61,0.0,0.0,Unpaid
4175,348,2025-11-05,2025-11-08,6190.85,7295.61,6190.85,7295.61,Paid
4176,348,2025-12-05,2025-12-06,6190.85,7229.88,6190.85,7229.88,Paid
4177,349,2025-01-05,2025-01-08,38561.72,13311.51,38561.72,13311.51,Paid
4178,349,2025-02-05,2025-02-08,38561.72,12756.86,38561.72,12756.86,Paid
4179,349,2025-03-05,2025-03-07,38561.72,12202.21,38561.72,12202.21,Paid
4180,349,2025-04-05,2025-04-10,38561.72,11647.57,38561.72,11647.57,Paid
4181,349,2025-05-05,2025-05-05,38561.72,11092.92,38561.72,11092.92,Paid
4182,349,2025-06-05,2025-06-06,38561.72,10538.28,38561.72,10538.28,Paid
4183,349,2025-07-05,2025-07-08,38561.72,9983.63,38561.72,9983.63,Paid
4184,349,2025-08-05,2025-08-06,38561.72,9428.98,38561.72,9428.98,Paid
4185,349,2025-09-05,2025-09-08,38561.72,8874.34,38561.72,8874.34,Paid
4186,349,2025-10-05,2025-10-09,38561.72,8319.69,38561.72,8319.69,Paid
4187,349,2025-11-05,2025-11-08,38561.72,7765.04,38561.72,7765.04,Paid
4188,349,2025-12-05,2025-12-08,38561.72,7210.4,38561.72,7210.4,Paid
4189,350,2025-01-05,2025-01-05,27708.9,7389.96,27708.9,7389.96,Paid
4190,350,2025-02-05,2025-02-06,27708.9,7184.69,27708.9,7184.69,Paid
4191,350,2025-03-05,2025-03-08,27708.9,6979.41,27708.9,6979.41,Paid
4192,350,2025-04-05,2025-04-09,27708.9,6774.13,27708.9,6774.13,Paid
4193,350,2025-05-05,2025-05-06,27708.9,6568.86,27708.9,6568.86,Paid
4194,350,2025-06-05,2025-06-05,27708.9,6363.58,27708.9,6363.58,Paid
4195,350,2025-07-05,2025-07-07,27708.9,6158.3,27708.9,6158.3,Paid
4196,350,2025-08-05,2025-08-05,27708.9,5953.03,27708.9,5953.03,Paid
4197,350,2025-09-05,2025-09-08,27708.9,5747.75,27708.9,5747.75,Paid
4198,350,2025-10-05,2025-10-09,27708.9,5542.47,27708.9,5542.47,Paid
4199,350,2025-11-05,2025-11-08,27708.9,5337.2,27708.9,5337.2,Paid
4200,350,2025-12-05,2025-12-06,27708.9,5131.92,27708.9,5131.92,Paid
4201,351,2025-01-05,2025-01-06,4152.32,3421.51,4152.32,3421.51,Paid
4202,351,2025-02-05,2025-02-09,4152.32,3364.48,4152.32,3364.48,Paid
4203,351,2025-03-05,2025-03-09,4152.32,3307.46,4152.32,3307.46,Paid
4204,351,2025-04-05,2025-04-08,4152.32,3250.43,4152.32,3250.43,Paid
4205,351,2025-05-05,2025-05-10,4152.32,3193.41,4152.32,3193.41,Paid
4206,351,2025-06-05,2025-06-06,4152.32,3136.38,4152.32,3136.38,Paid
4207,351,2025-07-05,2025-07-09,4152.32,3079.36,4152.32,3079.36,Paid
4208,351,2025-08-05,2025-08-06,4152.32,3022.33,4152.32,3022.33,Paid
4209,351,2025-09-05,2025-09-05,4152.32,2965.31,4152.32,2965.31,Paid
4210,351,2025-10-05,2025-10-05,4152.32,2908.28,4152.32,2908.28,Paid
4211,351,2025-11-05,2025-11-07,4152.32,2851.26,4152.32,2851.26,Paid
4212,351,2025-12-05,2025-12-10,4152.32,2794.23,4152.32,2794.23,Paid
4213,352,2025-01-05,,22257.88,18051.14,0.0,0.0,Unpaid
4214,352,2025-02-05,2025-02-09,22257.88,18051.14,22257.88,18051.14,Paid
4215,352,2025-03-05,,22257.88,17750.28,0.0,0.0,Unpaid
4216,352,2025-04-05,2025-04-10,22257.88,17750.28,22257.88,17750.28,Paid
4217,352,2025-05-05,2025-05-09,22257.88,17449.43,22257.88,17449.43,Paid
4218,352,2025-06-05,2025-06-07,22257.88,17148.58,22257.88,17148.58,Paid
4219,352,2025-07-05,,22257.88,16847.73,0.0,0.0,Unpaid
4220,352,2025-08-05,2025-08-07,22257.88,16847.73,22257.88,16847.73,Paid
4221,352,2025-09-05,2025-09-07,22257.88,16546.88,22257.88,16546.88,Paid
4222,352,2025-10-05,2025-10-06,22257.88,16246.02,22257.88,16246.02,Paid
4223,352,2025-11-05,2025-11-06,22257.88,15945.17,22257.88,15945.17,Paid
4224,352,2025-12-05,2025-12-07,22257.88,15644.32,22257.88,15644.32,Paid
4225,353,2025-01-05,2025-01-09,24157.69,10479.61,24157.69,10479.61,Paid
4226,353,2025-02-05,2025-02-05,24157.69,10188.51,24157.69,10188.51,Paid
4227,353,2025-03-05,2025-03-05,24157.69,9897.41,24157.69,9897.41,Paid
4228,353,2025-04-05,2025-04-05,24157.69,9606.31,24157.69,9606.31,Paid
4229,353,2025-05-05,2025-05-07,24157.69,9315.21,24157.69,9315.21,Paid
4230,353,2025-06-05,2025-06-08,24157.69,9024.11,24157.69,9024.11,Paid
4231,353,2025-07-05,2025-07-08,24157.69,8733.01,24157.69,8733.01,Paid
4232,353,2025-08-05,2025-08-07,24157.69,8441.91,24157.69,8441.91,Paid
4233,353,2025-09-05,2025-09-05,24157.69,8150.81,24157.69,8150.81,Paid
4234,353,2025-10-05,2025-10-08,24157.69,7859.71,24157.69,7859.71,Paid
4235,353,2025-11-05,2025-11-06,24157.69,7568.61,24157.69,7568.61,Paid
4236,353,2025-12-05,2025-12-06,24157.69,7277.51,24157.69,7277.51,Paid
4237,354,2025-01-05,2025-01-09,18204.79,13717.31,18204.79,13717.31,Paid
4238,354,2025-02-05,2025-02-09,18204.79,13488.69,18204.79,13488.69,Paid
4239,354,2025-03-05,2025-03-09,18204.79,13260.07,18204.79,13260.07,Paid
4240,354,2025-04-05,2025-04-07,18204.79,13031.44,18204.79,13031.44,Paid
4241,354,2025-05-05,2025-05-05,18204.79,12802.82,18204.79,12802.82,Paid
4242,354,2025-06-05,2025-06-09,18204.79,12574.2,18204.79,12574.2,Paid
4243,354,2025-07-05,2025-07-06,18204.79,12345.58,18204.79,12345.58,Paid
4244,354,2025-08-05,2025-08-09,18204.79,12116.96,18204.79,12116.96,Paid
4245,354,2025-09-05,2025-09-07,18204.79,11888.33,18204.79,11888.33,Paid
4246,354,2025-10-05,2025-10-10,18204.79,11659.71,18204.79,11659.71,Paid
4247,354,2025-11-05,2025-11-09,18204.79,11431.09,18204.79,11431.09,Paid
4248,354,2025-12-05,2025-12-05,18204.79,11202.47,18204.79,11202.47,Paid
4249,355,2025-01-05,2025-01-08,15613.52,4356.17,15613.52,4356.17,Paid
4250,355,2025-02-05,2025-02-05,15613.52,4235.17,15613.52,4235.17,Paid
4251,355,2025-03-05,2025-03-07,15613.52,4114.16,15613.52,4114.16,Paid
4252,355,2025-04-05,2025-04-07,15613.52,3993.16,15613.52,3993.16,Paid
4253,355,2025-05-05,2025-05-10,15613.52,3872.15,15613.52,3872.15,Paid
4254,355,2025-06-05,2025-06-10,15613.52,3751.15,15613.52,3751.15,Paid
4255,355,2025-07-05,2025-07-06,15613.52,3630.14,15613.52,3630.14,Paid
4256,355,2025-08-05,2025-08-09,15613.52,3509.14,15613.52,3509.14,Paid
4257,355,2025-09-05,2025-09-07,15613.52,3388.13,15613.52,3388.13,Paid
4258,355,2025-10-05,,15613.52,3267.13,0.0,0.0,Unpaid
4259,355,2025-11-05,2025-11-09,15613.52,3267.13,15613.52,3267.13,Paid
4260,355,2025-12-05,2025-12-07,15613.52,3146.12,15613.52,3146.12,Paid
4261,356,2025-01-05,2025-01-10,31997.83,11576.81,31997.83,11576.81,Paid
4262,356,2025-02-05,2025-02-05,31997.83,11255.24,31997.83,11255.24,Paid
4263,356,2025-03-05,2025-03-05,31997.83,10933.66,31997.83,10933.66,Paid
4264,356,2025-04-05,2025-04-06,31997.83,10612.08,31997.83,10612.08,Paid
4265,356,2025-05-05,2025-05-09,31997.83,10290.5,31997.83,10290.5,Paid
4266,356,2025-06-05,2025-06-10,31997.83,9968.92,31997.83,9968.92,Paid
4267,356,2025-07-05,2025-07-05,31997.83,9647.34,31997.83,9647.34,Paid
4268,356,2025-08-05,2025-08-09,31997.83,9325.77,31997.83,9325.77,Paid
4269,356,2025-09-05,2025-09-06,31997.83,9004.19,31997.83,9004.19,Paid
4270,356,2025-10-05,2025-10-09,31997.83,8682.61,31997.83,8682.61,Paid
4271,356,2025-11-05,2025-11-09,31997.83,8361.03,31997.83,8361.03,Paid
4272,356,2025-12-05,2025-12-07,31997.83,8039.45,31997.83,8039.45,Paid
4273,357,2025-01-05,2025-01-09,9467.51,8965.73,9467.51,8965.73,Paid
4274,357,2025-02-05,2025-02-07,9467.51,8891.02,9467.51,8891.02,Paid
4275,357,2025-03-05,2025-03-06,9467.51,8816.3,9467.51,8816.3,Paid
4276,357,2025-04-05,2025-04-09,9467.51,8741.59,9467.51,8741.59,Paid
4277,357,2025-05-05,2025-05-07,9467.51,8666.87,9467.51,8666.87,Paid
4278,357,2025-06-05,2025-06-09,9467.51,8592.16,9467.51,8592.16,Paid
4279,357,2025-07-05,2025-07-08,9467.51,8517.44,9467.51,8517.44,Paid
4280,357,2025-08-05,2025-08-08,9467.51,8442.73,9467.51,8442.73,Paid
4281,357,2025-09-05,2025-09-10,9467.51,8368.01,9467.51,8368.01,Paid
4282,357,2025-10-05,,9467.51,8293.3,0.0,0.0,Unpaid
4283,357,2025-11-05,2025-11-07,9467.51,8293.3,9467.51,8293.3,Paid
4284,357,2025-12-05,2025-12-05,9467.51,8218.59,9467.51,8218.59,Paid
4285,358,2025-01-05,2025-01-09,8069.5,13274.33,8069.5,13274.33,Paid
4286,358,2025-02-05,2025-02-05,8069.5,13163.71,8069.5,13163.71,Paid
4287,358,2025-03-05,2025-03-08,8069.5,13053.09,8069.5,13053.09,Paid
4288,358,2025-04-05,2025-04-10,8069.5,12942.47,8069.5,12942.47,Paid
4289,358,2025-05-05,2025-05-06,8069.5,12831.85,8069.5,12831.85,Paid
4290,358,2025-06-05,2025-06-06,8069.5,12721.23,8069.5,12721.23,Paid
4291,358,2025-07-05,2025-07-07,8069.5,12610.61,8069.5,12610.61,Paid
4292,358,2025-08-05,,8069.5,12499.99,0.0,0.0,Unpaid
4293,358,2025-09-05,,8069.5,12499.99,0.0,0.0,Unpaid
4294,358,2025-10-05,2025-10-07,8069.5,12499.99,8069.5,12499.99,Paid
4295,358,2025-11-05,2025-11-07,8069.5,12389.37,8069.5,12389.37,Paid
4296,358,2025-12-05,2025-12-05,8069.5,12278.75,8069.5,12278.75,Paid
4297,359,2025-01-05,2025-01-09,7447.48,9875.36,7447.48,9875.36,Paid
4298,359,2025-02-05,2025-02-10,7447.48,9793.07,7447.48,9793.07,Paid
4299,359,2025-03-05,2025-03-09,7447.48,9710.77,7447.48,9710.77,Paid
4300,359,2025-04-05,2025-04-06,7447.48,9628.48,7447.48,9628.48,Paid
4301,359,2025-05-05,2025-05-06,7447.48,9546.18,7447.48,9546.18,Paid
4302,359,2025-06-05,2025-06-08,7447.48,9463.89,7447.48,9463.89,Paid
4303,359,2025-07-05,2025-07-07,7447.48,9381.59,7447.48,9381.59,Paid
4304,359,2025-08-05,2025-08-08,7447.48,9299.3,7447.48,9299.3,Paid
4305,359,2025-09-05,2025-09-07,7447.48,9217.0,7447.48,9217.0,Paid
4306,359,2025-10-05,2025-10-07,7447.48,9134.71,7447.48,9134.71,Paid
4307,359,2025-11-05,2025-11-10,7447.48,9052.41,7447.48,9052.41,Paid
4308,359,2025-12-05,2025-12-05,7447.48,8970.12,7447.48,8970.12,Paid
4309,360,2025-01-05,2025-01-10,15728.43,6219.02,15728.43,6219.02,Paid
4310,360,2025-02-05,2025-02-08,15728.43,6046.27,15728.43,6046.27,Paid
4311,360,2025-03-05,2025-03-08,15728.43,5873.52,15728.43,5873.52,Paid
4312,360,2025-04-05,2025-04-07,15728.43,5700.77,15728.43,5700.77,Paid
4313,360,2025-05-05,2025-05-09,15728.43,5528.02,15728.43,5528.02,Paid
4314,360,2025-06-05,2025-06-06,15728.43,5355.27,15728.43,5355.27,Paid
4315,360,2025-07-05,2025-07-09,15728.43,5182.52,15728.43,5182.52,Paid
4316,360,2025-08-05,2025-08-07,15728.43,5009.77,15728.43,5009.77,Paid
4317,360,2025-09-05,2025-09-07,15728.43,4837.02,15728.43,4837.02,Paid
4318,360,2025-10-05,2025-10-05,15728.43,4664.27,15728.43,4664.27,Paid
4319,360,2025-11-05,2025-11-08,15728.43,4491.52,15728.43,4491.52,Paid
4320,360,2025-12-05,2025-12-05,15728.43,4318.76,15728.43,4318.76,Paid
4321,361,2025-01-05,2025-01-08,81148.83,23354.63,81148.83,23354.63,Paid
4322,361,2025-02-05,2025-02-05,81148.83,22381.52,81148.83,22381.52,Paid
4323,361,2025-03-05,2025-03-05,81148.83,21408.41,81148.83,21408.41,Paid
4324,361,2025-04-05,2025-04-08,81148.83,20435.3,81148.83,20435.3,Paid
4325,361,2025-05-05,2025-05-05,81148.83,19462.19,81148.83,19462.19,Paid
4326,361,2025-06-05,2025-06-07,81148.83,18489.08,81148.83,18489.08,Paid
4327,361,2025-07-05,2025-07-09,81148.83,17515.97,81148.83,17515.97,Paid
4328,361,2025-08-05,2025-08-08,81148.83,16542.87,81148.83,16542.87,Paid
4329,361,2025-09-05,2025-09-09,81148.83,15569.76,81148.83,15569.76,Paid
4330,361,2025-10-05,2025-10-07,81148.83,14596.65,81148.83,14596.65,Paid
4331,361,2025-11-05,2025-11-09,81148.83,13623.54,81148.83,13623.54,Paid
4332,361,2025-12-05,2025-12-05,81148.83,12650.43,81148.83,12650.43,Paid
4333,362,2025-01-05,2025-01-09,26998.79,13615.49,26998.79,13615.49,Paid
4334,362,2025-02-05,2025-02-10,26998.79,13237.28,26998.79,13237.28,Paid
4335,362,2025-03-05,2025-03-06,26998.79,12859.07,26998.79,12859.07,Paid
4336,362,2025-04-05,2025-04-05,26998.79,12480.87,26998.79,12480.87,Paid
4337,362,2025-05-05,2025-05-08,26998.79,12102.66,26998.79,12102.66,Paid
4338,362,2025-06-05,2025-06-08,26998.79,11724.45,26998.79,11724.45,Paid
4339,362,2025-07-05,2025-07-09,26998.79,11346.24,26998.79,11346.24,Paid
4340,362,2025-08-05,2025-08-07,26998.79,10968.03,26998.79,10968.03,Paid
4341,362,2025-09-05,2025-09-07,26998.79,10589.83,26998.79,10589.83,Paid
4342,362,2025-10-05,2025-10-10,26998.79,10211.62,26998.79,10211.62,Paid
4343,362,2025-11-05,2025-11-07,26998.79,9833.41,26998.79,9833.41,Paid
4344,362,2025-12-05,2025-12-05,26998.79,9455.2,26998.79,9455.2,Paid
4345,363,2025-01-05,2025-01-08,3737.81,6440.24,3737.81,6440.24,Paid
4346,363,2025-02-05,2025-02-06,3737.81,6386.57,3737.81,6386.57,Paid
4347,363,2025-03-05,2025-03-05,3737.81,6332.9,3737.81,6332.9,Paid
4348,363,2025-04-05,2025-04-08,3737.81,6279.24,3737.81,6279.24,Paid
4349,363,2025-05-05,2025-05-06,3737.81,6225.57,3737.81,6225.57,Paid
4350,363,2025-06-05,2025-06-09,3737.81,6171.9,3737.81,6171.9,Paid
4351,363,2025-07-05,2025-07-09,3737.81,6118.23,3737.81,6118.23,Paid
4352,363,2025-08-05,,3737.81,6064.56,0.0,0.0,Unpaid
4353,363,2025-09-05,2025-09-10,3737.81,6064.56,3737.81,6064.56,Paid
4354,363,2025-10-05,2025-10-08,3737.81,6010.89,3737.81,6010.89,Paid
4355,363,2025-11-05,2025-11-08,3737.81,5957.22,3737.81,5957.22,Paid
4356,363,2025-12-05,2025-12-09,3737.81,5903.56,3737.81,5903.56,Paid
4357,364,2025-01-05,2025-01-07,35841.16,9333.04,35841.16,9333.04,Paid
4358,364,2025-02-05,2025-02-09,35841.16,9073.79,35841.16,9073.79,Paid
4359,364,2025-03-05,2025-03-08,35841.16,8814.54,35841.16,8814.54,Paid
4360,364,2025-04-05,2025-04-09,35841.16,8555.29,35841.16,8555.29,Paid
4361,364,2025-05-05,2025-05-07,35841.16,8296.03,35841.16,8296.03,Paid
4362,364,2025-06-05,2025-06-08,35841.16,8036.78,35841.16,8036.78,Paid
4363,364,2025-07-05,2025-07-10,35841.16,7777.53,35841.16,7777.53,Paid
4364,364,2025-08-05,2025-08-10,35841.16,7518.28,35841.16,7518.28,Paid
4365,364,2025-09-05,2025-09-10,35841.16,7259.03,35841.16,7259.03,Paid
4366,364,2025-10-05,2025-10-06,35841.16,6999.78,35841.16,6999.78,Paid
4367,364,2025-11-05,2025-11-09,35841.16,6740.53,35841.16,6740.53,Paid
4368,364,2025-12-05,2025-12-10,35841.16,6481.28,35841.16,6481.28,Paid
4369,365,2025-01-05,2025-01-09,14179.48,3475.39,14179.48,3475.39,Paid
4370,365,2025-02-05,2025-02-10,14179.48,3378.85,14179.48,3378.85,Paid
4371,365,2025-03-05,2025-03-10,14179.48,3282.31,14179.48,3282.31,Paid
4372,365,2025-04-05,2025-04-05,14179.48,3185.77,14179.48,3185.77,Paid
4373,365,2025-05-05,2025-05-08,14179.48,3089.24,14179.48,3089.24,Paid
4374,365,2025-06-05,2025-06-09,14179.48,2992.7,14179.48,2992.7,Paid
4375,365,2025-07-05,2025-07-06,14179.48,2896.16,14179.48,2896.16,Paid
4376,365,2025-08-05,2025-08-06,14179.48,2799.62,14179.48,2799.62,Paid
4377,365,2025-09-05,2025-09-09,14179.48,2703.08,14179.48,2703.08,Paid
4378,365,2025-10-05,2025-10-07,14179.48,2606.54,14179.48,2606.54,Paid
4379,365,2025-11-05,2025-11-07,14179.48,2510.0,14179.48,2510.0,Paid
4380,365,2025-12-05,2025-12-06,14179.48,2413.46,14179.48,2413.46,Paid
4381,366,2025-01-05,2025-01-05,19204.17,11253.64,19204.17,11253.64,Paid
4382,366,2025-02-05,,19204.17,11066.08,0.0,0.0,Unpaid
4383,366,2025-03-05,2025-03-09,19204.17,11066.08,19204.17,11066.08,Paid
4384,366,2025-04-05,2025-04-08,19204.17,10878.52,19204.17,10878.52,Paid
4385,366,2025-05-05,2025-05-07,19204.17,10690.96,19204.17,10690.96,Paid
4386,366,2025-06-05,2025-06-08,19204.17,10503.4,19204.17,10503.4,Paid
4387,366,2025-07-05,,19204.17,10315.84,0.0,0.0,Unpaid
4388,366,2025-08-05,2025-08-05,19204.17,10315.84,19204.17,10315.84,Paid
4389,366,2025-09-05,2025-09-08,19204.17,10128.28,19204.17,10128.28,Paid
4390,366,2025-10-05,2025-10-07,19204.17,9940.72,19204.17,9940.72,Paid
4391,366,2025-11-05,2025-11-09,19204.17,9753.16,19204.17,9753.16,Paid
4392,366,2025-12-05,2025-12-05,19204.17,9565.6,19204.17,9565.6,Paid
4393,367,2025-01-05,2025-01-09,5306.65,2478.21,5306.65,2478.21,Paid
4394,367,2025-02-05,2025-02-07,5306.65,2436.9,5306.65,2436.9,Paid
4395,367,2025-03-05,2025-03-09,5306.65,2395.6,5306.65,2395.6,Paid
4396,367,2025-04-05,2025-04-05,5306.65,2354.3,5306.65,2354.3,Paid
4397,367,2025-05-05,2025-05-09,5306.65,2312.99,5306.65,2312.99,Paid
4398,367,2025-06-05,2025-06-07,5306.65,2271.69,5306.65,2271.69,Paid
4399,367,2025-07-05,2025-07-05,5306.65,2230.39,5306.65,2230.39,Paid
4400,367,2025-08-05,,5306.65,2189.08,0.0,0.0,Unpaid
4401,367,2025-09-05,2025-09-10,5306.65,2189.08,5306.65,2189.08,Paid
4402,367,2025-10-05,2025-10-10,5306.65,2147.78,5306.65,2147.78,Paid
4403,367,2025-11-05,2025-11-09,5306.65,2106.48,5306.65,2106.48,Paid
4404,367,2025-12-05,2025-12-09,5306.65,2065.17,5306.65,2065.17,Paid
4405,368,2025-01-05,2025-01-07,31069.76,6170.45,31069.76,6170.45,Paid
4406,368,2025-02-05,2025-02-06,31069.76,5913.35,31069.76,5913.35,Paid
4407,368,2025-03-05,2025-03-09,31069.76,5656.25,31069.76,5656.25,Paid
4408,368,2025-04-05,2025-04-06,31069.76,5399.15,31069.76,5399.15,Paid
4409,368,2025-05-05,,31069.76,5142.04,0.0,0.0,Unpaid
4410,368,2025-06-05,,31069.76,5142.04,0.0,0.0,Unpaid
4411,368,2025-07-05,2025-07-06,31069.76,5142.04,31069.76,5142.04,Paid
4412,368,2025-08-05,2025-08-08,31069.76,4884.94,31069.76,4884.94,Paid
4413,368,2025-09-05,2025-09-06,31069.76,4627.84,31069.76,4627.84,Paid
4414,368,2025-10-05,2025-10-07,31069.76,4370.74,31069.76,4370.74,Paid
4415,368,2025-11-05,2025-11-06,31069.76,4113.64,31069.76,4113.64,Paid
4416,368,2025-12-05,2025-12-06,31069.76,3856.53,31069.76,3856.53,Paid
4417,369,2025-01-05,2025-01-07,44182.82,21035.44,44182.82,21035.44,Paid
4418,369,2025-02-05,2025-02-09,44182.82,20451.12,44182.82,20451.12,Paid
4419,369,2025-03-05,2025-03-08,44182.82,19866.81,44182.82,19866.81,Paid
4420,369,2025-04-05,2025-04-08,44182.82,19282.49,44182.82,19282.49,Paid
4421,369,2025-05-05,2025-05-05,44182.82,18698.17,44182.82,18698.17,Paid
4422,369,2025-06-05,2025-06-06,44182.82,18113.85,44182.82,18113.85,Paid
4423,369,2025-07-05,2025-07-07,44182.82,17529.54,44182.82,17529.54,Paid
4424,369,2025-08-05,2025-08-10,44182.82,16945.22,44182.82,16945.22,Paid
4425,369,2025-09-05,2025-09-06,44182.82,16360.9,44182.82,16360.9,Paid
4426,369,2025-10-05,,44182.82,15776.58,0.0,0.0,Unpaid
4427,369,2025-11-05,2025-11-10,44182.82,15776.58,44182.82,15776.58,Paid
4428,369,2025-12-05,2025-12-07,44182.82,15192.26,44182.82,15192.26,Paid
4429,370,2025-01-05,2025-01-08,4412.34,1563.73,4412.34,1563.73,Paid
4430,370,2025-02-05,2025-02-08,4412.34,1498.58,4412.34,1498.58,Paid
4431,370,2025-03-05,2025-03-09,4412.34,1433.42,4412.34,1433.42,Paid
4432,370,2025-04-05,2025-04-05,4412.34,1368.27,4412.34,1368.27,Paid
4433,370,2025-05-05,2025-05-05,4412.34,1303.11,4412.34,1303.11,Paid
4434,370,2025-06-05,,4412.34,1237.96,0.0,0.0,Unpaid
4435,370,2025-07-05,2025-07-10,4412.34,1237.96,4412.34,1237.96,Paid
4436,370,2025-08-05,2025-08-09,4412.34,1172.8,4412.34,1172.8,Paid
4437,370,2025-09-05,2025-09-05,4412.34,1107.65,4412.34,1107.65,Paid
4438,370,2025-10-05,2025-10-08,4412.34,1042.49,4412.34,1042.49,Paid
4439,370,2025-11-05,2025-11-09,4412.34,977.33,4412.34,977.33,Paid
4440,370,2025-12-05,2025-12-05,4412.34,912.18,4412.34,912.18,Paid
4441,371,2025-01-05,2025-01-08,2935.35,2577.24,2935.35,2577.24,Paid
4442,371,2025-02-05,2025-02-06,2935.35,2555.76,2935.35,2555.76,Paid
4443,371,2025-03-05,2025-03-09,2935.35,2534.28,2935.35,2534.28,Paid
4444,371,2025-04-05,2025-04-07,2935.35,2512.81,2935.35,2512.81,Paid
4445,371,2025-05-05,2025-05-08,2935.35,2491.33,2935.35,2491.33,Paid
4446,371,2025-06-05,2025-06-08,2935.35,2469.85,2935.35,2469.85,Paid
4447,371,2025-07-05,2025-07-07,2935.35,2448.38,2935.35,2448.38,Paid
4448,371,2025-08-05,2025-08-06,2935.35,2426.9,2935.35,2426.9,Paid
4449,371,2025-09-05,2025-09-06,2935.35,2405.42,2935.35,2405.42,Paid
4450,371,2025-10-05,2025-10-09,2935.35,2383.95,2935.35,2383.95,Paid
4451,371,2025-11-05,2025-11-09,2935.35,2362.47,2935.35,2362.47,Paid
4452,371,2025-12-05,2025-12-05,2935.35,2340.99,2935.35,2340.99,Paid
4453,372,2025-01-05,2025-01-10,24172.71,8320.25,24172.71,8320.25,Paid
4454,372,2025-02-05,2025-02-10,24172.71,7973.57,24172.71,7973.57,Paid
4455,372,2025-03-05,2025-03-10,24172.71,7626.89,24172.71,7626.89,Paid
4456,372,2025-04-05,2025-04-05,24172.71,7280.22,24172.71,7280.22,Paid
4457,372,2025-05-05,2025-05-05,24172.71,6933.54,24172.71,6933.54,Paid
4458,372,2025-06-05,2025-06-10,24172.71,6586.86,24172.71,6586.86,Paid
4459,372,2025-07-05,2025-07-09,24172.71,6240.19,24172.71,6240.19,Paid
4460,372,2025-08-05,2025-08-05,24172.71,5893.51,24172.71,5893.51,Paid
4461,372,2025-09-05,2025-09-09,24172.71,5546.83,24172.71,5546.83,Paid
4462,372,2025-10-05,2025-10-10,24172.71,5200.16,24172.71,5200.16,Paid
4463,372,2025-11-05,2025-11-07,24172.71,4853.48,24172.71,4853.48,Paid
4464,372,2025-12-05,2025-12-10,24172.71,4506.8,24172.71,4506.8,Paid
4465,373,2025-01-05,2025-01-08,11160.3,13782.98,11160.3,13782.98,Paid
4466,373,2025-02-05,2025-02-07,11160.3,13668.12,11160.3,13668.12,Paid
4467,373,2025-03-05,2025-03-08,11160.3,13553.26,11160.3,13553.26,Paid
4468,373,2025-04-05,2025-04-10,11160.3,13438.4,11160.3,13438.4,Paid
4469,373,2025-05-05,2025-05-05,11160.3,13323.54,11160.3,13323.54,Paid
4470,373,2025-06-05,2025-06-07,11160.3,13208.69,11160.3,13208.69,Paid
4471,373,2025-07-05,2025-07-09,11160.3,13093.83,11160.3,13093.83,Paid
4472,373,2025-08-05,2025-08-05,11160.3,12978.97,11160.3,12978.97,Paid
4473,373,2025-09-05,2025-09-09,11160.3,12864.11,11160.3,12864.11,Paid
4474,373,2025-10-05,2025-10-10,11160.3,12749.25,11160.3,12749.25,Paid
4475,373,2025-11-05,2025-11-10,11160.3,12634.4,11160.3,12634.4,Paid
4476,373,2025-12-05,2025-12-07,11160.3,12519.54,11160.3,12519.54,Paid
4477,374,2025-01-05,2025-01-08,4233.84,3317.21,4233.84,3317.21,Paid
4478,374,2025-02-05,2025-02-07,4233.84,3261.93,4233.84,3261.93,Paid
4479,374,2025-03-05,2025-03-07,4233.84,3206.64,4233.84,3206.64,Paid
4480,374,2025-04-05,2025-04-05,4233.84,3151.35,4233.84,3151.35,Paid
4481,374,2025-05-05,2025-05-08,4233.84,3096.07,4233.84,3096.07,Paid
4482,374,2025-06-05,2025-06-06,4233.84,3040.78,4233.84,3040.78,Paid
4483,374,2025-07-05,2025-07-10,4233.84,2985.49,4233.84,2985.49,Paid
4484,374,2025-08-05,2025-08-05,4233.84,2930.2,4233.84,2930.2,Paid
4485,374,2025-09-05,2025-09-08,4233.84,2874.92,4233.84,2874.92,Paid
4486,374,2025-10-05,,4233.84,2819.63,0.0,0.0,Unpaid
4487,374,2025-11-05,2025-11-05,4233.84,2819.63,4233.84,2819.63,Paid
4488,374,2025-12-05,,4233.84,2764.34,0.0,0.0,Unpaid
4489,375,2025-01-05,2025-01-06,3527.43,6155.37,3527.43,6155.37,Paid
4490,375,2025-02-05,2025-02-05,3527.43,6104.07,3527.43,6104.07,Paid
4491,375,2025-03-05,2025-03-10,3527.43,6052.78,3527.43,6052.78,Paid
4492,375,2025-04-05,2025-04-05,3527.43,6001.48,3527.43,6001.48,Paid
4493,375,2025-05-05,2025-05-06,3527.43,5950.19,3527.43,5950.19,Paid
4494,375,2025-06-05,2025-06-10,3527.43,5898.89,3527.43,5898.89,Paid
4495,375,2025-07-05,2025-07-07,3527.43,5847.6,3527.43,5847.6,Paid
4496,375,2025-08-05,2025-08-06,3527.43,5796.3,3527.43,5796.3,Paid
4497,375,2025-09-05,2025-09-10,3527.43,5745.01,3527.43,5745.01,Paid
4498,375,2025-10-05,2025-10-10,3527.43,5693.71,3527.43,5693.71,Paid
4499,375,2025-11-05,2025-11-09,3527.43,5642.42,3527.43,5642.42,Paid
4500,375,2025-12-05,,3527.43,5591.12,0.0,0.0,Unpaid
4501,376,2025-01-05,2025-01-07,10531.7,2418.08,10531.7,2418.08,Paid
4502,376,2025-02-05,2025-02-05,10531.7,2317.33,10531.7,2317.33,Paid
4503,376,2025-03-05,2025-03-06,10531.7,2216.57,10531.7,2216.57,Paid
4504,376,2025-04-05,2025-04-07,10531.7,2115.82,10531.7,2115.82,Paid
4505,376,2025-05-05,2025-05-06,10531.7,2015.07,10531.7,2015.07,Paid
4506,376,2025-06-05,2025-06-07,10531.7,1914.31,10531.7,1914.31,Paid
4507,376,2025-07-05,2025-07-09,10531.7,1813.56,10531.7,1813.56,Paid
4508,376,2025-08-05,2025-08-06,10531.7,1712.81,10531.7,1712.81,Paid
4509,376,2025-09-05,2025-09-10,10531.7,1612.05,10531.7,1612.05,Paid
4510,376,2025-10-05,2025-10-10,10531.7,1511.3,10531.7,1511.3,Paid
4511,376,2025-11-05,2025-11-05,10531.7,1410.55,10531.7,1410.55,Paid
4512,376,2025-12-05,2025-12-07,10531.7,1309.79,10531.7,1309.79,Paid
4513,377,2025-01-05,2025-01-05,12904.27,2511.17,12904.27,2511.17,Paid
4514,377,2025-02-05,2025-02-09,12904.27,2406.54,12904.27,2406.54,Paid
4515,377,2025-03-05,2025-03-07,12904.27,2301.91,12904.27,2301.91,Paid
4516,377,2025-04-05,,12904.27,2197.27,0.0,0.0,Unpaid
4517,377,2025-05-05,2025-05-08,12904.27,2197.27,12904.27,2197.27,Paid
4518,377,2025-06-05,2025-06-05,12904.27,2092.64,12904.27,2092.64,Paid
4519,377,2025-07-05,2025-07-09,12904.27,1988.01,12904.27,1988.01,Paid
4520,377,2025-08-05,2025-08-09,12904.27,1883.38,12904.27,1883.38,Paid
4521,377,2025-09-05,2025-09-10,12904.27,1778.75,12904.27,1778.75,Paid
4522,377,2025-10-05,2025-10-05,12904.27,1674.11,12904.27,1674.11,Paid
4523,377,2025-11-05,2025-11-05,12904.27,1569.48,12904.27,1569.48,Paid
4524,377,2025-12-05,2025-12-08,12904.27,1464.85,12904.27,1464.85,Paid
4525,378,2025-01-05,2025-01-06,24736.01,8949.49,24736.01,8949.49,Paid
4526,378,2025-02-05,,24736.01,8700.89,0.0,0.0,Unpaid
4527,378,2025-03-05,2025-03-07,24736.01,8700.89,24736.01,8700.89,Paid
4528,378,2025-04-05,2025-04-05,24736.01,8452.3,24736.01,8452.3,Paid
4529,378,2025-05-05,2025-05-07,24736.01,8203.7,24736.01,8203.7,Paid
4530,378,2025-06-05,2025-06-09,24736.01,7955.1,24736.01,7955.1,Paid
4531,378,2025-07-05,2025-07-06,24736.01,7706.5,24736.01,7706.5,Paid
4532,378,2025-08-05,2025-08-06,24736.01,7457.91,24736.01,7457.91,Paid
4533,378,2025-09-05,2025-09-06,24736.01,7209.31,24736.01,7209.31,Paid
4534,378,2025-10-05,2025-10-10,24736.01,6960.71,24736.01,6960.71,Paid
4535,378,2025-11-05,2025-11-10,24736.01,6712.12,24736.01,6712.12,Paid
4536,378,2025-12-05,2025-12-07,24736.01,6463.52,24736.01,6463.52,Paid
4537,379,2025-01-05,2025-01-05,19863.95,5142.78,19863.95,5142.78,Paid
4538,379,2025-02-05,2025-02-05,19863.95,4999.92,19863.95,4999.92,Paid
4539,379,2025-03-05,2025-03-09,19863.95,4857.07,19863.95,4857.07,Paid
4540,379,2025-04-05,2025-04-09,19863.95,4714.21,19863.95,4714.21,Paid
4541,379,2025-05-05,2025-05-10,19863.95,4571.36,19863.95,4571.36,Paid
4542,379,2025-06-05,2025-06-05,19863.95,4428.5,19863.95,4428.5,Paid
4543,379,2025-07-05,2025-07-06,19863.95,4285.65,19863.95,4285.65,Paid
4544,379,2025-08-05,2025-08-05,19863.95,4142.79,19863.95,4142.79,Paid
4545,379,2025-09-05,2025-09-05,19863.95,3999.94,19863.95,3999.94,Paid
4546,379,2025-10-05,2025-10-08,19863.95,3857.08,19863.95,3857.08,Paid
4547,379,2025-11-05,,19863.95,3714.23,0.0,0.0,Unpaid
4548,379,2025-12-05,2025-12-06,19863.95,3714.23,19863.95,3714.23,Paid
4549,380,2025-01-05,2025-01-06,4878.06,8419.53,4878.06,8419.53,Paid
4550,380,2025-02-05,2025-02-06,4878.06,8349.37,4878.06,8349.37,Paid
4551,380,2025-03-05,2025-03-08,4878.06,8279.21,4878.06,8279.21,Paid
4552,380,2025-04-05,2025-04-10,4878.06,8209.04,4878.06,8209.04,Paid
4553,380,2025-05-05,2025-05-05,4878.06,8138.88,4878.06,8138.88,Paid
4554,380,2025-06-05,2025-06-09,4878.06,8068.72,4878.06,8068.72,Paid
4555,380,2025-07-05,2025-07-10,4878.06,7998.56,4878.06,7998.56,Paid
4556,380,2025-08-05,2025-08-07,4878.06,7928.39,4878.06,7928.39,Paid
4557,380,2025-09-05,2025-09-07,4878.06,7858.23,4878.06,7858.23,Paid
4558,380,2025-10-05,2025-10-07,4878.06,7788.07,4878.06,7788.07,Paid
4559,380,2025-11-05,,4878.06,7717.91,0.0,0.0,Unpaid
4560,380,2025-12-05,2025-12-06,4878.06,7717.91,4878.06,7717.91,Paid
4561,381,2025-01-05,2025-01-05,37270.0,5978.11,37270.0,5978.11,Paid
4562,381,2025-02-05,2025-02-07,37270.0,5729.02,37270.0,5729.02,Paid
4563,381,2025-03-05,2025-03-10,37270.0,5479.93,37270.0,5479.93,Paid
4564,381,2025-04-05,2025-04-06,37270.0,5230.84,37270.0,5230.84,Paid
4565,381,2025-05-05,2025-05-05,37270.0,4981.76,37270.0,4981.76,Paid
4566,381,2025-06-05,2025-06-06,37270.0,4732.67,37270.0,4732.67,Paid
4567,381,2025-07-05,2025-07-06,37270.0,4483.58,37270.0,4483.58,Paid
4568,381,2025-08-05,2025-08-05,37270.0,4234.49,37270.0,4234.49,Paid
4569,381,2025-09-05,2025-09-10,37270.0,3985.4,37270.0,3985.4,Paid
4570,381,2025-10-05,2025-10-09,37270.0,3736.32,37270.0,3736.32,Paid
4571,381,2025-11-05,2025-11-10,37270.0,3487.23,37270.0,3487.23,Paid
4572,381,2025-12-05,2025-12-06,37270.0,3238.14,37270.0,3238.14,Paid
4573,382,2025-01-05,2025-01-10,11766.15,9324.67,11766.15,9324.67,Paid
4574,382,2025-02-05,2025-02-06,11766.15,9169.26,11766.15,9169.26,Paid
4575,382,2025-03-05,2025-03-09,11766.15,9013.85,11766.15,9013.85,Paid
4576,382,2025-04-05,2025-04-08,11766.15,8858.44,11766.15,8858.44,Paid
4577,382,2025-05-05,2025-05-06,11766.15,8703.03,11766.15,8703.03,Paid
4578,382,2025-06-05,2025-06-05,11766.15,8547.61,11766.15,8547.61,Paid
4579,382,2025-07-05,,11766.15,8392.2,0.0,0.0,Unpaid
4580,382,2025-08-05,2025-08-08,11766.15,8392.2,11766.15,8392.2,Paid
4581,382,2025-09-05,2025-09-07,11766.15,8236.79,11766.15,8236.79,Paid
4582,382,2025-10-05,2025-10-09,11766.15,8081.38,11766.15,8081.38,Paid
4583,382,2025-11-05,2025-11-09,11766.15,7925.97,11766.15,7925.97,Paid
4584,382,2025-12-05,2025-12-05,11766.15,7770.56,11766.15,7770.56,Paid
4585,383,2025-01-05,,24913.65,8445.73,0.0,0.0,Unpaid
4586,383,2025-02-05,2025-02-07,24913.65,8445.73,24913.65,8445.73,Paid
4587,383,2025-03-05,2025-03-10,24913.65,8093.82,24913.65,8093.82,Paid
4588,383,2025-04-05,,24913.65,7741.92,0.0,0.0,Unpaid
4589,383,2025-05-05,2025-05-07,24913.65,7741.92,24913.65,7741.92,Paid
4590,383,2025-06-05,2025-06-07,24913.65,7390.01,24913.65,7390.01,Paid
4591,383,2025-07-05,2025-07-07,24913.65,7038.11,24913.65,7038.11,Paid
4592,383,2025-08-05,2025-08-05,24913.65,6686.2,24913.65,6686.2,Paid
4593,383,2025-09-05,2025-09-07,24913.65,6334.3,24913.65,6334.3,Paid
4594,383,2025-10-05,2025-10-10,24913.65,5982.39,24913.65,5982.39,Paid
4595,383,2025-11-05,2025-11-09,24913.65,5630.49,24913.65,5630.49,Paid
4596,383,2025-12-05,2025-12-06,24913.65,5278.58,24913.65,5278.58,Paid
4597,384,2025-01-05,2025-01-07,38231.39,9129.66,38231.39,9129.66,Paid
4598,384,2025-02-05,2025-02-06,38231.39,8749.25,38231.39,8749.25,Paid
4599,384,2025-03-05,2025-03-06,38231.39,8368.85,38231.39,8368.85,Paid
4600,384,2025-04-05,2025-04-06,38231.39,7988.45,38231.39,7988.45,Paid
4601,384,2025-05-05,2025-05-06,38231.39,7608.05,38231.39,7608.05,Paid
4602,384,2025-06-05,2025-06-10,38231.39,7227.64,38231.39,7227.64,Paid
4603,384,2025-07-05,2025-07-10,38231.39,6847.24,38231.39,6847.24,Paid
4604,384,2025-08-05,2025-08-05,38231.39,6466.84,38231.39,6466.84,Paid
4605,384,2025-09-05,,38231.39,6086.44,0.0,0.0,Unpaid
4606,384,2025-10-05,2025-10-09,38231.39,6086.44,38231.39,6086.44,Paid
4607,384,2025-11-05,2025-11-07,38231.39,5706.03,38231.39,5706.03,Paid
4608,384,2025-12-05,,38231.39,5325.63,0.0,0.0,Unpaid
4609,385,2025-01-05,2025-01-08,5504.7,5840.48,5504.7,5840.48,Paid
4610,385,2025-02-05,2025-02-07,5504.7,5791.81,5504.7,5791.81,Paid
4611,385,2025-03-05,2025-03-10,5504.7,5743.14,5504.7,5743.14,Paid
4612,385,2025-04-05,2025-04-07,5504.7,5694.47,5504.7,5694.47,Paid
4613,385,2025-05-05,2025-05-10,5504.7,5645.8,5504.7,5645.8,Paid
4614,385,2025-06-05,2025-06-08,5504.7,5597.13,5504.7,5597.13,Paid
4615,385,2025-07-05,2025-07-10,5504.7,5548.46,5504.7,5548.46,Paid
4616,385,2025-08-05,2025-08-09,5504.7,5499.79,5504.7,5499.79,Paid
4617,385,2025-09-05,2025-09-10,5504.7,5451.12,5504.7,5451.12,Paid
4618,385,2025-10-05,2025-10-07,5504.7,5402.45,5504.7,5402.45,Paid
4619,385,2025-11-05,2025-11-07,5504.7,5353.78,5504.7,5353.78,Paid
4620,385,2025-12-05,2025-12-08,5504.7,5305.11,5504.7,5305.11,Paid
4621,386,2025-01-05,2025-01-05,15723.25,10463.82,15723.25,10463.82,Paid
4622,386,2025-02-05,2025-02-09,15723.25,10289.42,15723.25,10289.42,Paid
4623,386,2025-03-05,2025-03-05,15723.25,10115.03,15723.25,10115.03,Paid
4624,386,2025-04-05,2025-04-10,15723.25,9940.63,15723.25,9940.63,Paid
4625,386,2025-05-05,,15723.25,9766.23,0.0,0.0,Unpaid
4626,386,2025-06-05,2025-06-06,15723.25,9766.23,15723.25,9766.23,Paid
4627,386,2025-07-05,2025-07-06,15723.25,9591.84,15723.25,9591.84,Paid
4628,386,2025-08-05,2025-08-06,15723.25,9417.44,15723.25,9417.44,Paid
4629,386,2025-09-05,2025-09-05,15723.25,9243.04,15723.25,9243.04,Paid
4630,386,2025-10-05,2025-10-06,15723.25,9068.65,15723.25,9068.65,Paid
4631,386,2025-11-05,2025-11-05,15723.25,8894.25,15723.25,8894.25,Paid
4632,386,2025-12-05,2025-12-08,15723.25,8719.85,15723.25,8719.85,Paid
4633,387,2025-01-05,2025-01-05,7098.7,6608.89,7098.7,6608.89,Paid
4634,387,2025-02-05,2025-02-07,7098.7,6553.82,7098.7,6553.82,Paid
4635,387,2025-03-05,2025-03-09,7098.7,6498.75,7098.7,6498.75,Paid
4636,387,2025-04-05,2025-04-09,7098.7,6443.67,7098.7,6443.67,Paid
4637,387,2025-05-05,2025-05-08,7098.7,6388.6,7098.7,6388.6,Paid
4638,387,2025-06-05,2025-06-09,7098.7,6333.52,7098.7,6333.52,Paid
4639,387,2025-07-05,2025-07-08,7098.7,6278.45,7098.7,6278.45,Paid
4640,387,2025-08-05,2025-08-05,7098.7,6223.38,7098.7,6223.38,Paid
4641,387,2025-09-05,2025-09-06,7098.7,6168.3,7098.7,6168.3,Paid
4642,387,2025-10-05,2025-10-09,7098.7,6113.23,7098.7,6113.23,Paid
4643,387,2025-11-05,2025-11-06,7098.7,6058.15,7098.7,6058.15,Paid
4644,387,2025-12-05,2025-12-05,7098.7,6003.08,7098.7,6003.08,Paid
4645,388,2025-01-05,2025-01-10,1725.97,3077.41,1725.97,3077.41,Paid
4646,388,2025-02-05,2025-02-10,1725.97,3051.77,1725.97,3051.77,Paid
4647,388,2025-03-05,2025-03-07,1725.97,3026.12,1725.97,3026.12,Paid
4648,388,2025-04-05,2025-04-08,1725.97,3000.48,1725.97,3000.48,Paid
4649,388,2025-05-05,2025-05-07,1725.97,2974.83,1725.97,2974.83,Paid
4650,388,2025-06-05,2025-06-07,1725.97,2949.19,1725.97,2949.19,Paid
4651,388,2025-07-05,2025-07-10,1725.97,2923.54,1725.97,2923.54,Paid
4652,388,2025-08-05,2025-08-05,1725.97,2897.9,1725.97,2897.9,Paid
4653,388,2025-09-05,2025-09-09,1725.97,2872.25,1725.97,2872.25,Paid
4654,388,2025-10-05,2025-10-07,1725.97,2846.61,1725.97,2846.61,Paid
4655,388,2025-11-05,2025-11-06,1725.97,2820.96,1725.97,2820.96,Paid
4656,388,2025-12-05,2025-12-09,1725.97,2795.32,1725.97,2795.32,Paid
4657,389,2025-01-05,2025-01-05,24997.95,11249.08,24997.95,11249.08,Paid
4658,389,2025-02-05,2025-02-10,24997.95,10936.6,24997.95,10936.6,Paid
4659,389,2025-03-05,2025-03-08,24997.95,10624.13,24997.95,10624.13,Paid
4660,389,2025-04-05,2025-04-07,24997.95,10311.66,24997.95,10311.66,Paid
4661,389,2025-05-05,2025-05-09,24997.95,9999.18,24997.95,9999.18,Paid
4662,389,2025-06-05,2025-06-07,24997.95,9686.71,24997.95,9686.71,Paid
4663,389,2025-07-05,2025-07-08,24997.95,9374.23,24997.95,9374.23,Paid
4664,389,2025-08-05,2025-08-07,24997.95,9061.76,24997.95,9061.76,Paid
4665,389,2025-09-05,2025-09-06,24997.95,8749.28,24997.95,8749.28,Paid
4666,389,2025-10-05,2025-10-09,24997.95,8436.81,24997.95,8436.81,Paid
4667,389,2025-11-05,2025-11-07,24997.95,8124.34,24997.95,8124.34,Paid
4668,389,2025-12-05,2025-12-10,24997.95,7811.86,24997.95,7811.86,Paid
4669,390,2025-01-05,2025-01-09,25573.31,8352.24,25573.31,8352.24,Paid
4670,390,2025-02-05,2025-02-08,25573.31,8004.23,25573.31,8004.23,Paid
4671,390,2025-03-05,2025-03-08,25573.31,7656.22,25573.31,7656.22,Paid
4672,390,2025-04-05,2025-04-09,25573.31,7308.21,25573.31,7308.21,Paid
4673,390,2025-05-05,2025-05-07,25573.31,6960.2,25573.31,6960.2,Paid
4674,390,2025-06-05,2025-06-05,25573.31,6612.19,25573.31,6612.19,Paid
4675,390,2025-07-05,2025-07-10,25573.31,6264.18,25573.31,6264.18,Paid
4676,390,2025-08-05,2025-08-08,25573.31,5916.17,25573.31,5916.17,Paid
4677,390,2025-09-05,2025-09-06,25573.31,5568.16,25573.31,5568.16,Paid
4678,390,2025-10-05,2025-10-05,25573.31,5220.15,25573.31,5220.15,Paid
4679,390,2025-11-05,2025-11-09,25573.31,4872.14,25573.31,4872.14,Paid
4680,390,2025-12-05,2025-12-08,25573.31,4524.13,25573.31,4524.13,Paid
4681,391,2025-01-05,2025-01-09,17803.01,4630.56,17803.01,4630.56,Paid
4682,391,2025-02-05,2025-02-09,17803.01,4501.94,17803.01,4501.94,Paid
4683,391,2025-03-05,2025-03-07,17803.01,4373.31,17803.01,4373.31,Paid
4684,391,2025-04-05,2025-04-05,17803.01,4244.68,17803.01,4244.68,Paid
4685,391,2025-05-05,2025-05-06,17803.01,4116.06,17803.01,4116.06,Paid
4686,391,2025-06-05,2025-06-05,17803.01,3987.43,17803.01,3987.43,Paid
4687,391,2025-07-05,2025-07-06,17803.01,3858.8,17803.01,3858.8,Paid
4688,391,2025-08-05,2025-08-09,17803.01,3730.18,17803.01,3730.18,Paid
4689,391,2025-09-05,2025-09-05,17803.01,3601.55,17803.01,3601.55,Paid
4690,391,2025-10-05,2025-10-07,17803.01,3472.92,17803.01,3472.92,Paid
4691,391,2025-11-05,2025-11-06,17803.01,3344.29,17803.01,3344.29,Paid
4692,391,2025-12-05,2025-12-06,17803.01,3215.67,17803.01,3215.67,Paid
4693,392,2025-01-05,2025-01-09,27843.05,6131.04,27843.05,6131.04,Paid
4694,392,2025-02-05,2025-02-09,27843.05,5875.58,27843.05,5875.58,Paid
4695,392,2025-03-05,2025-03-08,27843.05,5620.12,27843.05,5620.12,Paid
4696,392,2025-04-05,2025-04-09,27843.05,5364.66,27843.05,5364.66,Paid
4697,392,2025-05-05,2025-05-06,27843.05,5109.2,27843.05,5109.2,Paid
4698,392,2025-06-05,2025-06-08,27843.05,4853.74,27843.05,4853.74,Paid
4699,392,2025-07-05,2025-07-10,27843.05,4598.28,27843.05,4598.28,Paid
4700,392,2025-08-05,,27843.05,4342.82,0.0,0.0,Unpaid
4701,392,2025-09-05,2025-09-07,27843.05,4342.82,27843.05,4342.82,Paid
4702,392,2025-10-05,2025-10-08,27843.05,4087.36,27843.05,4087.36,Paid
4703,392,2025-11-05,2025-11-06,27843.05,3831.9,27843.05,3831.9,Paid
4704,392,2025-12-05,2025-12-10,27843.05,3576.44,27843.05,3576.44,Paid
4705,393,2025-01-05,2025-01-08,3738.74,1602.05,3738.74,1602.05,Paid
4706,393,2025-02-05,2025-02-10,3738.74,1575.35,3738.74,1575.35,Paid
4707,393,2025-03-05,2025-03-09,3738.74,1548.65,3738.74,1548.65,Paid
4708,393,2025-04-05,2025-04-06,3738.74,1521.95,3738.74,1521.95,Paid
4709,393,2025-05-05,2025-05-10,3738.74,1495.25,3738.74,1495.25,Paid
4710,393,2025-06-05,2025-06-09,3738.74,1468.54,3738.74,1468.54,Paid
4711,393,2025-07-05,2025-07-09,3738.74,1441.84,3738.74,1441.84,Paid
4712,393,2025-08-05,2025-08-07,3738.74,1415.14,3738.74,1415.14,Paid
4713,393,2025-09-05,2025-09-05,3738.74,1388.44,3738.74,1388.44,Paid
4714,393,2025-10-05,2025-10-10,3738.74,1361.74,3738.74,1361.74,Paid
4715,393,2025-11-05,2025-11-10,3738.74,1335.04,3738.74,1335.04,Paid
4716,393,2025-12-05,2025-12-05,3738.74,1308.34,3738.74,1308.34,Paid
4717,394,2025-01-05,2025-01-05,51229.68,8760.27,51229.68,8760.27,Paid
4718,394,2025-02-05,2025-02-06,51229.68,8395.26,51229.68,8395.26,Paid
4719,394,2025-03-05,2025-03-08,51229.68,8030.25,51229.68,8030.25,Paid
4720,394,2025-04-05,2025-04-10,51229.68,7665.24,51229.68,7665.24,Paid
4721,394,2025-05-05,2025-05-05,51229.68,7300.23,51229.68,7300.23,Paid
4722,394,2025-06-05,2025-06-07,51229.68,6935.22,51229.68,6935.22,Paid
4723,394,2025-07-05,2025-07-05,51229.68,6570.21,51229.68,6570.21,Paid
4724,394,2025-08-05,2025-08-09,51229.68,6205.19,51229.68,6205.19,Paid
4725,394,2025-09-05,2025-09-05,51229.68,5840.18,51229.68,5840.18,Paid
4726,394,2025-10-05,2025-10-07,51229.68,5475.17,51229.68,5475.17,Paid
4727,394,2025-11-05,2025-11-08,51229.68,5110.16,51229.68,5110.16,Paid
4728,394,2025-12-05,2025-12-06,51229.68,4745.15,51229.68,4745.15,Paid
4729,395,2025-01-05,2025-01-07,22596.68,8636.45,22596.68,8636.45,Paid
4730,395,2025-02-05,2025-02-06,22596.68,8396.55,22596.68,8396.55,Paid
4731,395,2025-03-05,2025-03-09,22596.68,8156.65,22596.68,8156.65,Paid
4732,395,2025-04-05,2025-04-07,22596.68,7916.75,22596.68,7916.75,Paid
4733,395,2025-05-05,2025-05-05,22596.68,7676.84,22596.68,7676.84,Paid
4734,395,2025-06-05,2025-06-05,22596.68,7436.94,22596.68,7436.94,Paid
4735,395,2025-07-05,2025-07-05,22596.68,7197.04,22596.68,7197.04,Paid
4736,395,2025-08-05,2025-08-06,22596.68,6957.14,22596.68,6957.14,Paid
4737,395,2025-09-05,2025-09-08,22596.68,6717.24,22596.68,6717.24,Paid
4738,395,2025-10-05,2025-10-06,22596.68,6477.34,22596.68,6477.34,Paid
4739,395,2025-11-05,2025-11-06,22596.68,6237.44,22596.68,6237.44,Paid
4740,395,2025-12-05,2025-12-05,22596.68,5997.53,22596.68,5997.53,Paid
4741,396,2025-01-05,2025-01-06,28900.79,18554.3,28900.79,18554.3,Paid
4742,396,2025-02-05,,28900.79,18245.07,0.0,0.0,Unpaid
4743,396,2025-03-05,2025-03-05,28900.79,18245.07,28900.79,18245.07,Paid
4744,396,2025-04-05,2025-04-07,28900.79,17935.83,28900.79,17935.83,Paid
4745,396,2025-05-05,2025-05-08,28900.79,17626.59,28900.79,17626.59,Paid
4746,396,2025-06-05,2025-06-07,28900.79,17317.35,28900.79,17317.35,Paid
4747,396,2025-07-05,2025-07-08,28900.79,17008.11,28900.79,17008.11,Paid
4748,396,2025-08-05,2025-08-05,28900.79,16698.87,28900.79,16698.87,Paid
4749,396,2025-09-05,2025-09-09,28900.79,16389.64,28900.79,16389.64,Paid
4750,396,2025-10-05,2025-10-05,28900.79,16080.4,28900.79,16080.4,Paid
4751,396,2025-11-05,2025-11-10,28900.79,15771.16,28900.79,15771.16,Paid
4752,396,2025-12-05,2025-12-08,28900.79,15461.92,28900.79,15461.92,Paid
4753,397,2025-01-05,2025-01-06,55047.2,13948.96,55047.2,13948.96,Paid
4754,397,2025-02-05,2025-02-07,55047.2,13367.75,55047.2,13367.75,Paid
4755,397,2025-03-05,2025-03-09,55047.2,12786.55,55047.2,12786.55,Paid
4756,397,2025-04-05,2025-04-08,55047.2,12205.34,55047.2,12205.34,Paid
4757,397,2025-05-05,2025-05-08,55047.2,11624.13,55047.2,11624.13,Paid
4758,397,2025-06-05,2025-06-08,55047.2,11042.93,55047.2,11042.93,Paid
4759,397,2025-07-05,2025-07-06,55047.2,10461.72,55047.2,10461.72,Paid
4760,397,2025-08-05,2025-08-07,55047.2,9880.51,55047.2,9880.51,Paid
4761,397,2025-09-05,2025-09-08,55047.2,9299.31,55047.2,9299.31,Paid
4762,397,2025-10-05,,55047.2,8718.1,0.0,0.0,Unpaid
4763,397,2025-11-05,2025-11-06,55047.2,8718.1,55047.2,8718.1,Paid
4764,397,2025-12-05,2025-12-06,55047.2,8136.89,55047.2,8136.89,Paid
4765,398,2025-01-05,2025-01-10,7056.97,5052.79,7056.97,5052.79,Paid
4766,398,2025-02-05,2025-02-07,7056.97,4968.58,7056.97,4968.58,Paid
4767,398,2025-03-05,2025-03-08,7056.97,4884.36,7056.97,4884.36,Paid
4768,398,2025-04-05,2025-04-08,7056.97,4800.15,7056.97,4800.15,Paid
4769,398,2025-05-05,2025-05-05,7056.97,4715.94,7056.97,4715.94,Paid
4770,398,2025-06-05,2025-06-05,7056.97,4631.72,7056.97,4631.72,Paid
4771,398,2025-07-05,2025-07-06,7056.97,4547.51,7056.97,4547.51,Paid
4772,398,2025-08-05,2025-08-09,7056.97,4463.3,7056.97,4463.3,Paid
4773,398,2025-09-05,,7056.97,4379.08,0.0,0.0,Unpaid
4774,398,2025-10-05,2025-10-06,7056.97,4379.08,7056.97,4379.08,Paid
4775,398,2025-11-05,2025-11-05,7056.97,4294.87,7056.97,4294.87,Paid
4776,398,2025-12-05,2025-12-08,7056.97,4210.66,7056.97,4210.66,Paid
4777,399,2025-01-05,2025-01-09,26565.96,7690.84,26565.96,7690.84,Paid
4778,399,2025-02-05,2025-02-05,26565.96,7477.21,26565.96,7477.21,Paid
4779,399,2025-03-05,2025-03-07,26565.96,7263.58,26565.96,7263.58,Paid
4780,399,2025-04-05,2025-04-07,26565.96,7049.94,26565.96,7049.94,Paid
4781,399,2025-05-05,2025-05-07,26565.96,6836.31,26565.96,6836.31,Paid
4782,399,2025-06-05,2025-06-09,26565.96,6622.67,26565.96,6622.67,Paid
4783,399,2025-07-05,2025-07-09,26565.96,6409.04,26565.96,6409.04,Paid
4784,399,2025-08-05,2025-08-05,26565.96,6195.4,26565.96,6195.4,Paid
4785,399,2025-09-05,2025-09-05,26565.96,5981.77,26565.96,5981.77,Paid
4786,399,2025-10-05,2025-10-05,26565.96,5768.13,26565.96,5768.13,Paid
4787,399,2025-11-05,2025-11-07,26565.96,5554.5,26565.96,5554.5,Paid
4788,399,2025-12-05,2025-12-07,26565.96,5340.86,26565.96,5340.86,Paid
4789,400,2025-01-05,,10782.79,13791.19,0.0,0.0,Unpaid
4790,400,2025-02-05,2025-02-08,10782.79,13791.19,10782.79,13791.19,Paid
4791,400,2025-03-05,2025-03-10,10782.79,13676.27,10782.79,13676.27,Paid
4792,400,2025-04-05,2025-04-10,10782.79,13561.34,10782.79,13561.34,Paid
4793,400,2025-05-05,2025-05-07,10782.79,13446.41,10782.79,13446.41,Paid
4794,400,2025-06-05,2025-06-10,10782.79,13331.49,10782.79,13331.49,Paid
4795,400,2025-07-05,2025-07-07,10782.79,13216.56,10782.79,13216.56,Paid
4796,400,2025-08-05,2025-08-09,10782.79,13101.63,10782.79,13101.63,Paid
4797,400,2025-09-05,2025-09-06,10782.79,12986.71,10782.79,12986.71,Paid
4798,400,2025-10-05,2025-10-08,10782.79,12871.78,10782.79,12871.78,Paid
4799,400,2025-11-05,,10782.79,12756.86,0.0,0.0,Unpaid
4800,400,2025-12-05,,10782.79,12756.86,0.0,0.0,Unpaid
4801,401,2025-01-05,2025-01-09,16270.51,14757.35,16270.51,14757.35,Paid
4802,401,2025-02-05,2025-02-06,16270.51,14634.38,16270.51,14634.38,Paid
4803,401,2025-03-05,2025-03-10,16270.51,14511.4,16270.51,14511.4,Paid
4804,401,2025-04-05,2025-04-05,16270.51,14388.42,16270.51,14388.42,Paid
4805,401,2025-05-05,2025-05-06,16270.51,14265.44,16270.51,14265.44,Paid
4806,401,2025-06-05,2025-06-08,16270.51,14142.46,16270.51,14142.46,Paid
4807,401,2025-07-05,2025-07-06,16270.51,14019.49,16270.51,14019.49,Paid
4808,401,2025-08-05,2025-08-10,16270.51,13896.51,16270.51,13896.51,Paid
4809,401,2025-09-05,2025-09-09,16270.51,13773.53,16270.51,13773.53,Paid
4810,401,2025-10-05,2025-10-06,16270.51,13650.55,16270.51,13650.55,Paid
4811,401,2025-11-05,2025-11-05,16270.51,13527.57,16270.51,13527.57,Paid
4812,401,2025-12-05,2025-12-08,16270.51,13404.6,16270.51,13404.6,Paid
4813,402,2025-01-05,,36703.48,44961.76,0.0,0.0,Unpaid
4814,402,2025-02-05,2025-02-05,36703.48,44961.76,36703.48,44961.76,Paid
4815,402,2025-03-05,2025-03-10,36703.48,44587.08,36703.48,44587.08,Paid
4816,402,2025-04-05,,36703.48,44212.4,0.0,0.0,Unpaid
4817,402,2025-05-05,2025-05-07,36703.48,44212.4,36703.48,44212.4,Paid
4818,402,2025-06-05,2025-06-07,36703.48,43837.72,36703.48,43837.72,Paid
4819,402,2025-07-05,2025-07-10,36703.48,43463.04,36703.48,43463.04,Paid
4820,402,2025-08-05,2025-08-09,36703.48,43088.35,36703.48,43088.35,Paid
4821,402,2025-09-05,2025-09-07,36703.48,42713.67,36703.48,42713.67,Paid
4822,402,2025-10-05,2025-10-06,36703.48,42338.99,36703.48,42338.99,Paid
4823,402,2025-11-05,2025-11-06,36703.48,41964.31,36703.48,41964.31,Paid
4824,402,2025-12-05,2025-12-06,36703.48,41589.63,36703.48,41589.63,Paid
4825,403,2025-01-05,2025-01-08,4589.04,2558.39,4589.04,2558.39,Paid
4826,403,2025-02-05,2025-02-10,4589.04,2515.75,4589.04,2515.75,Paid
4827,403,2025-03-05,2025-03-08,4589.04,2473.11,4589.04,2473.11,Paid
4828,403,2025-04-05,2025-04-05,4589.04,2430.47,4589.04,2430.47,Paid
4829,403,2025-05-05,2025-05-08,4589.04,2387.83,4589.04,2387.83,Paid
4830,403,2025-06-05,2025-06-06,4589.04,2345.19,4589.04,2345.19,Paid
4831,403,2025-07-05,2025-07-05,4589.04,2302.55,4589.04,2302.55,Paid
4832,403,2025-08-05,2025-08-10,4589.04,2259.91,4589.04,2259.91,Paid
4833,403,2025-09-05,2025-09-07,4589.04,2217.27,4589.04,2217.27,Paid
4834,403,2025-10-05,2025-10-05,4589.04,2174.63,4589.04,2174.63,Paid
4835,403,2025-11-05,2025-11-07,4589.04,2131.99,4589.04,2131.99,Paid
4836,403,2025-12-05,2025-12-08,4589.04,2089.35,4589.04,2089.35,Paid
4837,404,2025-01-05,2025-01-06,2802.16,2698.48,2802.16,2698.48,Paid
4838,404,2025-02-05,2025-02-08,2802.16,2675.99,2802.16,2675.99,Paid
4839,404,2025-03-05,2025-03-06,2802.16,2653.5,2802.16,2653.5,Paid
4840,404,2025-04-05,2025-04-09,2802.16,2631.02,2802.16,2631.02,Paid
4841,404,2025-05-05,2025-05-08,2802.16,2608.53,2802.16,2608.53,Paid
4842,404,2025-06-05,2025-06-10,2802.16,2586.04,2802.16,2586.04,Paid
4843,404,2025-07-05,2025-07-10,2802.16,2563.56,2802.16,2563.56,Paid
4844,404,2025-08-05,2025-08-08,2802.16,2541.07,2802.16,2541.07,Paid
4845,404,2025-09-05,2025-09-08,2802.16,2518.58,2802.16,2518.58,Paid
4846,404,2025-10-05,2025-10-06,2802.16,2496.09,2802.16,2496.09,Paid
4847,404,2025-11-05,2025-11-10,2802.16,2473.61,2802.16,2473.61,Paid
4848,404,2025-12-05,2025-12-06,2802.16,2451.12,2802.16,2451.12,Paid
4849,405,2025-01-05,2025-01-08,12109.01,7422.82,12109.01,7422.82,Paid
4850,405,2025-02-05,2025-02-07,12109.01,7299.11,12109.01,7299.11,Paid
4851,405,2025-03-05,2025-03-10,12109.01,7175.4,12109.01,7175.4,Paid
4852,405,2025-04-05,2025-04-06,12109.01,7051.68,12109.01,7051.68,Paid
4853,405,2025-05-05,2025-05-05,12109.01,6927.97,12109.01,6927.97,Paid
4854,405,2025-06-05,2025-06-07,12109.01,6804.26,12109.01,6804.26,Paid
4855,405,2025-07-05,2025-07-06,12109.01,6680.54,12109.01,6680.54,Paid
4856,405,2025-08-05,2025-08-08,12109.01,6556.83,12109.01,6556.83,Paid
4857,405,2025-09-05,2025-09-07,12109.01,6433.11,12109.01,6433.11,Paid
4858,405,2025-10-05,2025-10-08,12109.01,6309.4,12109.01,6309.4,Paid
4859,405,2025-11-05,2025-11-08,12109.01,6185.69,12109.01,6185.69,Paid
4860,405,2025-12-05,2025-12-10,12109.01,6061.97,12109.01,6061.97,Paid
4861,406,2025-01-05,2025-01-05,5650.57,7046.27,5650.57,7046.27,Paid
4862,406,2025-02-05,2025-02-06,5650.57,6987.55,5650.57,6987.55,Paid
4863,406,2025-03-05,2025-03-08,5650.57,6928.83,5650.57,6928.83,Paid
4864,406,2025-04-05,2025-04-07,5650.57,6870.11,5650.57,6870.11,Paid
4865,406,2025-05-05,2025-05-08,5650.57,6811.39,5650.57,6811.39,Paid
4866,406,2025-06-05,2025-06-09,5650.57,6752.67,5650.57,6752.67,Paid
4867,406,2025-07-05,2025-07-09,5650.57,6693.95,5650.57,6693.95,Paid
4868,406,2025-08-05,2025-08-08,5650.57,6635.23,5650.57,6635.23,Paid
4869,406,2025-09-05,2025-09-07,5650.57,6576.51,5650.57,6576.51,Paid
4870,406,2025-10-05,2025-10-07,5650.57,6517.8,5650.57,6517.8,Paid
4871,406,2025-11-05,2025-11-06,5650.57,6459.08,5650.57,6459.08,Paid
4872,406,2025-12-05,2025-12-07,5650.57,6400.36,5650.57,6400.36,Paid
4873,407,2025-01-05,2025-01-05,12162.86,15714.42,12162.86,15714.42,Paid
4874,407,2025-02-05,2025-02-05,12162.86,15583.46,12162.86,15583.46,Paid
4875,407,2025-03-05,2025-03-07,12162.86,15452.51,12162.86,15452.51,Paid
4876,407,2025-04-05,,12162.86,15321.56,0.0,0.0,Unpaid
4877,407,2025-05-05,2025-05-10,12162.86,15321.56,12162.86,15321.56,Paid
4878,407,2025-06-05,2025-06-10,12162.86,15190.6,12162.86,15190.6,Paid
4879,407,2025-07-05,2025-07-06,12162.86,15059.65,12162.86,15059.65,Paid
4880,407,2025-08-05,2025-08-10,12162.86,14928.7,12162.86,14928.7,Paid
4881,407,2025-09-05,2025-09-05,12162.86,14797.74,12162.86,14797.74,Paid
4882,407,2025-10-05,2025-10-10,12162.86,14666.79,12162.86,14666.79,Paid
4883,407,2025-11-05,2025-11-07,12162.86,14535.84,12162.86,14535.84,Paid
4884,407,2025-12-05,2025-12-06,12162.86,14404.88,12162.86,14404.88,Paid
4885,408,2025-01-05,2025-01-06,10754.87,3900.79,10754.87,3900.79,Paid
4886,408,2025-02-05,2025-02-09,10754.87,3792.44,10754.87,3792.44,Paid
4887,408,2025-03-05,2025-03-08,10754.87,3684.08,10754.87,3684.08,Paid
4888,408,2025-04-05,2025-04-08,10754.87,3575.72,10754.87,3575.72,Paid
4889,408,2025-05-05,,10754.87,3467.37,0.0,0.0,Unpaid
4890,408,2025-06-05,2025-06-08,10754.87,3467.37,10754.87,3467.37,Paid
4891,408,2025-07-05,2025-07-10,10754.87,3359.01,10754.87,3359.01,Paid
4892,408,2025-08-05,2025-08-06,10754.87,3250.66,10754.87,3250.66,Paid
4893,408,2025-09-05,,10754.87,3142.3,0.0,0.0,Unpaid
4894,408,2025-10-05,2025-10-06,10754.87,3142.3,10754.87,3142.3,Paid
4895,408,2025-11-05,2025-11-06,10754.87,3033.95,10754.87,3033.95,Paid
4896,408,2025-12-05,2025-12-10,10754.87,2925.59,10754.87,2925.59,Paid
4897,409,2025-01-05,2025-01-05,2665.52,4072.91,2665.52,4072.91,Paid
4898,409,2025-02-05,2025-02-09,2665.52,4038.97,2665.52,4038.97,Paid
4899,409,2025-03-05,2025-03-07,2665.52,4005.03,2665.52,4005.03,Paid
4900,409,2025-04-05,2025-04-05,2665.52,3971.09,2665.52,3971.09,Paid
4901,409,2025-05-05,2025-05-10,2665.52,3937.14,2665.52,3937.14,Paid
4902,409,2025-06-05,2025-06-06,2665.52,3903.2,2665.52,3903.2,Paid
4903,409,2025-07-05,2025-07-10,2665.52,3869.26,2665.52,3869.26,Paid
4904,409,2025-08-05,2025-08-10,2665.52,3835.32,2665.52,3835.32,Paid
4905,409,2025-09-05,2025-09-10,2665.52,3801.38,2665.52,3801.38,Paid
4906,409,2025-10-05,2025-10-08,2665.52,3767.44,2665.52,3767.44,Paid
4907,409,2025-11-05,2025-11-08,2665.52,3733.5,2665.52,3733.5,Paid
4908,409,2025-12-05,2025-12-10,2665.52,3699.56,2665.52,3699.56,Paid
4909,410,2025-01-05,2025-01-06,16560.36,8083.11,16560.36,8083.11,Paid
4910,410,2025-02-05,2025-02-07,16560.36,7858.58,16560.36,7858.58,Paid
4911,410,2025-03-05,2025-03-06,16560.36,7634.05,16560.36,7634.05,Paid
4912,410,2025-04-05,2025-04-07,16560.36,7409.52,16560.36,7409.52,Paid
4913,410,2025-05-05,2025-05-06,16560.36,7184.99,16560.36,7184.99,Paid
4914,410,2025-06-05,2025-06-05,16560.36,6960.46,16560.36,6960.46,Paid
4915,410,2025-07-05,2025-07-08,16560.36,6735.92,16560.36,6735.92,Paid
4916,410,2025-08-05,2025-08-08,16560.36,6511.39,16560.36,6511.39,Paid
4917,410,2025-09-05,2025-09-10,16560.36,6286.86,16560.36,6286.86,Paid
4918,410,2025-10-05,2025-10-06,16560.36,6062.33,16560.36,6062.33,Paid
4919,410,2025-11-05,2025-11-06,16560.36,5837.8,16560.36,5837.8,Paid
4920,410,2025-12-05,2025-12-09,16560.36,5613.27,16560.36,5613.27,Paid
4921,411,2025-01-05,2025-01-08,11277.45,17840.92,11277.45,17840.92,Paid
4922,411,2025-02-05,2025-02-07,11277.45,17692.25,11277.45,17692.25,Paid
4923,411,2025-03-05,2025-03-06,11277.45,17543.57,11277.45,17543.57,Paid
4924,411,2025-04-05,,11277.45,17394.9,0.0,0.0,Unpaid
4925,411,2025-05-05,2025-05-07,11277.45,17394.9,11277.45,17394.9,Paid
4926,411,2025-06-05,2025-06-05,11277.45,17246.22,11277.45,17246.22,Paid
4927,411,2025-07-05,2025-07-08,11277.45,17097.55,11277.45,17097.55,Paid
4928,411,2025-08-05,2025-08-08,11277.45,16948.88,11277.45,16948.88,Paid
4929,411,2025-09-05,2025-09-10,11277.45,16800.2,11277.45,16800.2,Paid
4930,411,2025-10-05,2025-10-05,11277.45,16651.53,11277.45,16651.53,Paid
4931,411,2025-11-05,2025-11-07,11277.45,16502.85,11277.45,16502.85,Paid
4932,411,2025-12-05,2025-12-07,11277.45,16354.18,11277.45,16354.18,Paid
4933,412,2025-01-05,2025-01-06,6967.59,4811.12,6967.59,4811.12,Paid
4934,412,2025-02-05,2025-02-08,6967.59,4730.93,6967.59,4730.93,Paid
4935,412,2025-03-05,2025-03-06,6967.59,4650.75,6967.59,4650.75,Paid
4936,412,2025-04-05,2025-04-10,6967.59,4570.56,6967.59,4570.56,Paid
4937,412,2025-05-05,,6967.59,4490.38,0.0,0.0,Unpaid
4938,412,2025-06-05,2025-06-05,6967.59,4490.38,6967.59,4490.38,Paid
4939,412,2025-07-05,2025-07-07,6967.59,4410.19,6967.59,4410.19,Paid
4940,412,2025-08-05,2025-08-09,6967.59,4330.01,6967.59,4330.01,Paid
4941,412,2025-09-05,2025-09-09,6967.59,4249.82,6967.59,4249.82,Paid
4942,412,2025-10-05,2025-10-07,6967.59,4169.64,6967.59,4169.64,Paid
4943,412,2025-11-05,,6967.59,4089.45,0.0,0.0,Unpaid
4944,412,2025-12-05,2025-12-07,6967.59,4089.45,6967.59,4089.45,Paid
4945,413,2025-01-05,2025-01-10,4535.09,6131.44,4535.09,6131.44,Paid
4946,413,2025-02-05,2025-02-08,4535.09,6080.34,4535.09,6080.34,Paid
4947,413,2025-03-05,2025-03-07,4535.09,6029.25,4535.09,6029.25,Paid
4948,413,2025-04-05,2025-04-08,4535.09,5978.15,4535.09,5978.15,Paid
4949,413,2025-05-05,2025-05-07,4535.09,5927.06,4535.09,5927.06,Paid
4950,413,2025-06-05,2025-06-05,4535.09,5875.96,4535.09,5875.96,Paid
4951,413,2025-07-05,2025-07-09,4535.09,5824.87,4535.09,5824.87,Paid
4952,413,2025-08-05,2025-08-06,4535.09,5773.77,4535.09,5773.77,Paid
4953,413,2025-09-05,2025-09-07,4535.09,5722.68,4535.09,5722.68,Paid
4954,413,2025-10-05,,4535.09,5671.58,0.0,0.0,Unpaid
4955,413,2025-11-05,2025-11-05,4535.09,5671.58,4535.09,5671.58,Paid
4956,413,2025-12-05,2025-12-05,4535.09,5620.48,4535.09,5620.48,Paid
4957,414,2025-01-05,2025-01-07,34480.8,15257.75,34480.8,15257.75,Paid
4958,414,2025-02-05,2025-02-07,34480.8,14833.93,34480.8,14833.93,Paid
4959,414,2025-03-05,2025-03-08,34480.8,14410.1,34480.8,14410.1,Paid
4960,414,2025-04-05,2025-04-05,34480.8,13986.28,34480.8,13986.28,Paid
4961,414,2025-05-05,2025-05-05,34480.8,13562.45,34480.8,13562.45,Paid
4962,414,2025-06-05,2025-06-08,34480.8,13138.62,34480.8,13138.62,Paid
4963,414,2025-07-05,2025-07-06,34480.8,12714.8,34480.8,12714.8,Paid
4964,414,2025-08-05,2025-08-06,34480.8,12290.97,34480.8,12290.97,Paid
4965,414,2025-09-05,2025-09-07,34480.8,11867.14,34480.8,11867.14,Paid
4966,414,2025-10-05,2025-10-05,34480.8,11443.32,34480.8,11443.32,Paid
4967,414,2025-11-05,2025-11-10,34480.8,11019.49,34480.8,11019.49,Paid
4968,414,2025-12-05,2025-12-06,34480.8,10595.66,34480.8,10595.66,Paid
4969,415,2025-01-05,2025-01-10,44363.19,7639.34,44363.19,7639.34,Paid
4970,415,2025-02-05,2025-02-09,44363.19,7321.04,44363.19,7321.04,Paid
4971,415,2025-03-05,2025-03-07,44363.19,7002.73,44363.19,7002.73,Paid
4972,415,2025-04-05,2025-04-09,44363.19,6684.42,44363.19,6684.42,Paid
4973,415,2025-05-05,2025-05-06,44363.19,6366.12,44363.19,6366.12,Paid
4974,415,2025-06-05,2025-06-09,44363.19,6047.81,44363.19,6047.81,Paid
4975,415,2025-07-05,2025-07-10,44363.19,5729.51,44363.19,5729.51,Paid
4976,415,2025-08-05,,44363.19,5411.2,0.0,0.0,Unpaid
4977,415,2025-09-05,2025-09-06,44363.19,5411.2,44363.19,5411.2,Paid
4978,415,2025-10-05,2025-10-08,44363.19,5092.89,44363.19,5092.89,Paid
4979,415,2025-11-05,2025-11-10,44363.19,4774.59,44363.19,4774.59,Paid
4980,415,2025-12-05,2025-12-07,44363.19,4456.28,44363.19,4456.28,Paid
4981,416,2025-01-05,,40498.21,12586.84,0.0,0.0,Unpaid
4982,416,2025-02-05,2025-02-07,40498.21,12586.84,40498.21,12586.84,Paid
4983,416,2025-03-05,2025-03-08,40498.21,12062.39,40498.21,12062.39,Paid
4984,416,2025-04-05,,40498.21,11537.94,0.0,0.0,Unpaid
4985,416,2025-05-05,2025-05-05,40498.21,11537.94,40498.21,11537.94,Paid
4986,416,2025-06-05,2025-06-06,40498.21,11013.49,40498.21,11013.49,Paid
4987,416,2025-07-05,2025-07-07,40498.21,10489.04,40498.21,10489.04,Paid
4988,416,2025-08-05,2025-08-08,40498.21,9964.58,40498.21,9964.58,Paid
4989,416,2025-09-05,2025-09-06,40498.21,9440.13,40498.21,9440.13,Paid
4990,416,2025-10-05,2025-10-07,40498.21,8915.68,40498.21,8915.68,Paid
4991,416,2025-11-05,2025-11-09,40498.21,8391.23,40498.21,8391.23,Paid
4992,416,2025-12-05,2025-12-08,40498.21,7866.78,40498.21,7866.78,Paid
4993,417,2025-01-05,2025-01-10,11309.66,9658.45,11309.66,9658.45,Paid
4994,417,2025-02-05,2025-02-08,11309.66,9497.48,11309.66,9497.48,Paid
4995,417,2025-03-05,2025-03-07,11309.66,9336.5,11309.66,9336.5,Paid
4996,417,2025-04-05,2025-04-07,11309.66,9175.53,11309.66,9175.53,Paid
4997,417,2025-05-05,2025-05-07,11309.66,9014.55,11309.66,9014.55,Paid
4998,417,2025-06-05,2025-06-05,11309.66,8853.58,11309.66,8853.58,Paid
4999,417,2025-07-05,2025-07-09,11309.66,8692.61,11309.66,8692.61,Paid
5000,417,2025-08-05,2025-08-07,11309.66,8531.63,11309.66,8531.63,Paid
5001,417,2025-09-05,2025-09-10,11309.66,8370.66,11309.66,8370.66,Paid
5002,417,2025-10-05,2025-10-05,11309.66,8209.68,11309.66,8209.68,Paid
5003,417,2025-11-05,2025-11-08,11309.66,8048.71,11309.66,8048.71,Paid
5004,417,2025-12-05,2025-12-06,11309.66,7887.74,11309.66,7887.74,Paid
5005,418,2025-01-05,2025-01-06,21338.09,11863.98,21338.09,11863.98,Paid
5006,418,2025-02-05,2025-02-07,21338.09,11666.25,21338.09,11666.25,Paid
5007,418,2025-03-05,2025-03-06,21338.09,11468.51,21338.09,11468.51,Paid
5008,418,2025-04-05,2025-04-10,21338.09,11270.78,21338.09,11270.78,Paid
5009,418,2025-05-05,2025-05-07,21338.09,11073.05,21338.09,11073.05,Paid
5010,418,2025-06-05,2025-06-06,21338.09,10875.31,21338.09,10875.31,Paid
5011,418,2025-07-05,2025-07-07,21338.09,10677.58,21338.09,10677.58,Paid
5012,418,2025-08-05,2025-08-09,21338.09,10479.85,21338.09,10479.85,Paid
5013,418,2025-09-05,2025-09-09,21338.09,10282.12,21338.09,10282.12,Paid
5014,418,2025-10-05,2025-10-08,21338.09,10084.38,21338.09,10084.38,Paid
5015,418,2025-11-05,2025-11-07,21338.09,9886.65,21338.09,9886.65,Paid
5016,418,2025-12-05,,21338.09,9688.92,0.0,0.0,Unpaid
5017,419,2025-01-05,2025-01-09,48019.81,23433.66,48019.81,23433.66,Paid
5018,419,2025-02-05,2025-02-07,48019.81,23043.1,48019.81,23043.1,Paid
5019,419,2025-03-05,,48019.81,22652.54,0.0,0.0,Unpaid
5020,419,2025-04-05,2025-04-06,48019.81,22652.54,48019.81,22652.54,Paid
5021,419,2025-05-05,2025-05-06,48019.81,22261.98,48019.81,22261.98,Paid
5022,419,2025-06-05,2025-06-05,48019.81,21871.42,48019.81,21871.42,Paid
5023,419,2025-07-05,2025-07-08,48019.81,21480.86,48019.81,21480.86,Paid
5024,419,2025-08-05,2025-08-07,48019.81,21090.3,48019.81,21090.3,Paid
5025,419,2025-09-05,2025-09-08,48019.81,20699.74,48019.81,20699.74,Paid
5026,419,2025-10-05,2025-10-09,48019.81,20309.18,48019.81,20309.18,Paid
5027,419,2025-11-05,2025-11-05,48019.81,19918.61,48019.81,19918.61,Paid
5028,419,2025-12-05,2025-12-08,48019.81,19528.05,48019.81,19528.05,Paid
5029,420,2025-01-05,2025-01-08,40501.18,10595.11,40501.18,10595.11,Paid
5030,420,2025-02-05,2025-02-07,40501.18,10153.65,40501.18,10153.65,Paid
5031,420,2025-03-05,2025-03-06,40501.18,9712.18,40501.18,9712.18,Paid
5032,420,2025-04-05,2025-04-06,40501.18,9270.72,40501.18,9270.72,Paid
5033,420,2025-05-05,2025-05-09,40501.18,8829.26,40501.18,8829.26,Paid
5034,420,2025-06-05,2025-06-08,40501.18,8387.79,40501.18,8387.79,Paid
5035,420,2025-07-05,2025-07-05,40501.18,7946.33,40501.18,7946.33,Paid
5036,420,2025-08-05,2025-08-10,40501.18,7504.87,40501.18,7504.87,Paid
5037,420,2025-09-05,2025-09-05,40501.18,7063.41,40501.18,7063.41,Paid
5038,420,2025-10-05,2025-10-06,40501.18,6621.94,40501.18,6621.94,Paid
5039,420,2025-11-05,2025-11-08,40501.18,6180.48,40501.18,6180.48,Paid
5040,420,2025-12-05,2025-12-09,40501.18,5739.02,40501.18,5739.02,Paid
5041,421,2025-01-05,2025-01-06,7513.7,10616.86,7513.7,10616.86,Paid
5042,421,2025-02-05,2025-02-06,7513.7,10528.39,7513.7,10528.39,Paid
5043,421,2025-03-05,2025-03-09,7513.7,10439.91,7513.7,10439.91,Paid
5044,421,2025-04-05,2025-04-06,7513.7,10351.44,7513.7,10351.44,Paid
5045,421,2025-05-05,2025-05-09,7513.7,10262.97,7513.7,10262.97,Paid
5046,421,2025-06-05,2025-06-10,7513.7,10174.49,7513.7,10174.49,Paid
5047,421,2025-07-05,2025-07-08,7513.7,10086.02,7513.7,10086.02,Paid
5048,421,2025-08-05,2025-08-06,7513.7,9997.54,7513.7,9997.54,Paid
5049,421,2025-09-05,2025-09-05,7513.7,9909.07,7513.7,9909.07,Paid
5050,421,2025-10-05,2025-10-08,7513.7,9820.6,7513.7,9820.6,Paid
5051,421,2025-11-05,2025-11-08,7513.7,9732.12,7513.7,9732.12,Paid
5052,421,2025-12-05,,7513.7,9643.65,0.0,0.0,Unpaid
5053,422,2025-01-05,2025-01-10,7285.63,7591.62,7285.63,7591.62,Paid
5054,422,2025-02-05,2025-02-08,7285.63,7528.36,7285.63,7528.36,Paid
5055,422,2025-03-05,2025-03-07,7285.63,7465.09,7285.63,7465.09,Paid
5056,422,2025-04-05,2025-04-10,7285.63,7401.83,7285.63,7401.83,Paid
5057,422,2025-05-05,,7285.63,7338.57,0.0,0.0,Unpaid
5058,422,2025-06-05,2025-06-07,7285.63,7338.57,7285.63,7338.57,Paid
5059,422,2025-07-05,2025-07-07,7285.63,7275.3,7285.63,7275.3,Paid
5060,422,2025-08-05,2025-08-09,7285.63,7212.04,7285.63,7212.04,Paid
5061,422,2025-09-05,2025-09-07,7285.63,7148.78,7285.63,7148.78,Paid
5062,422,2025-10-05,2025-10-09,7285.63,7085.51,7285.63,7085.51,Paid
5063,422,2025-11-05,2025-11-05,7285.63,7022.25,7285.63,7022.25,Paid
5064,422,2025-12-05,2025-12-10,7285.63,6958.99,7285.63,6958.99,Paid
5065,423,2025-01-05,2025-01-10,2309.77,3513.16,2309.77,3513.16,Paid
5066,423,2025-02-05,2025-02-05,2309.77,3483.89,2309.77,3483.89,Paid
5067,423,2025-03-05,2025-03-10,2309.77,3454.61,2309.77,3454.61,Paid
5068,423,2025-04-05,2025-04-05,2309.77,3425.33,2309.77,3425.33,Paid
5069,423,2025-05-05,2025-05-05,2309.77,3396.06,2309.77,3396.06,Paid
5070,423,2025-06-05,2025-06-06,2309.77,3366.78,2309.77,3366.78,Paid
5071,423,2025-07-05,2025-07-05,2309.77,3337.5,2309.77,3337.5,Paid
5072,423,2025-08-05,2025-08-09,2309.77,3308.23,2309.77,3308.23,Paid
5073,423,2025-09-05,2025-09-05,2309.77,3278.95,2309.77,3278.95,Paid
5074,423,2025-10-05,2025-10-09,2309.77,3249.68,2309.77,3249.68,Paid
5075,423,2025-11-05,2025-11-07,2309.77,3220.4,2309.77,3220.4,Paid
5076,423,2025-12-05,2025-12-07,2309.77,3191.12,2309.77,3191.12,Paid
5077,424,2025-01-05,2025-01-06,3152.67,5305.94,3152.67,5305.94,Paid
5078,424,2025-02-05,2025-02-06,3152.67,5261.73,3152.67,5261.73,Paid
5079,424,2025-03-05,2025-03-10,3152.67,5217.51,3152.67,5217.51,Paid
5080,424,2025-04-05,2025-04-09,3152.67,5173.29,3152.67,5173.29,Paid
5081,424,2025-05-05,2025-05-10,3152.67,5129.08,3152.67,5129.08,Paid
5082,424,2025-06-05,2025-06-08,3152.67,5084.86,3152.67,5084.86,Paid
5083,424,2025-07-05,2025-07-07,3152.67,5040.64,3152.67,5040.64,Paid
5084,424,2025-08-05,2025-08-05,3152.67,4996.43,3152.67,4996.43,Paid
5085,424,2025-09-05,2025-09-08,3152.67,4952.21,3152.67,4952.21,Paid
5086,424,2025-10-05,2025-10-06,3152.67,4908.0,3152.67,4908.0,Paid
5087,424,2025-11-05,2025-11-05,3152.67,4863.78,3152.67,4863.78,Paid
5088,424,2025-12-05,2025-12-08,3152.67,4819.56,3152.67,4819.56,Paid
5089,425,2025-01-05,2025-01-09,8144.94,4144.15,8144.94,4144.15,Paid
5090,425,2025-02-05,2025-02-10,8144.94,4029.03,8144.94,4029.03,Paid
5091,425,2025-03-05,2025-03-05,8144.94,3913.92,8144.94,3913.92,Paid
5092,425,2025-04-05,2025-04-07,8144.94,3798.8,8144.94,3798.8,Paid
5093,425,2025-05-05,2025-05-09,8144.94,3683.69,8144.94,3683.69,Paid
5094,425,2025-06-05,2025-06-06,8144.94,3568.57,8144.94,3568.57,Paid
5095,425,2025-07-05,2025-07-08,8144.94,3453.46,8144.94,3453.46,Paid
5096,425,2025-08-05,2025-08-10,8144.94,3338.34,8144.94,3338.34,Paid
5097,425,2025-09-05,2025-09-05,8144.94,3223.23,8144.94,3223.23,Paid
5098,425,2025-10-05,2025-10-07,8144.94,3108.11,8144.94,3108.11,Paid
5099,425,2025-11-05,2025-11-09,8144.94,2992.99,8144.94,2992.99,Paid
5100,425,2025-12-05,2025-12-06,8144.94,2877.88,8144.94,2877.88,Paid
5101,426,2025-01-05,2025-01-06,18538.96,4961.03,18538.96,4961.03,Paid
5102,426,2025-02-05,2025-02-07,18538.96,4823.22,18538.96,4823.22,Paid
5103,426,2025-03-05,2025-03-10,18538.96,4685.41,18538.96,4685.41,Paid
5104,426,2025-04-05,2025-04-09,18538.96,4547.61,18538.96,4547.61,Paid
5105,426,2025-05-05,2025-05-07,18538.96,4409.8,18538.96,4409.8,Paid
5106,426,2025-06-05,2025-06-06,18538.96,4271.99,18538.96,4271.99,Paid
5107,426,2025-07-05,,18538.96,4134.19,0.0,0.0,Unpaid
5108,426,2025-08-05,2025-08-08,18538.96,4134.19,18538.96,4134.19,Paid
5109,426,2025-09-05,2025-09-06,18538.96,3996.38,18538.96,3996.38,Paid
5110,426,2025-10-05,2025-10-07,18538.96,3858.58,18538.96,3858.58,Paid
5111,426,2025-11-05,2025-11-10,18538.96,3720.77,18538.96,3720.77,Paid
5112,426,2025-12-05,2025-12-05,18538.96,3582.96,18538.96,3582.96,Paid
5113,427,2025-01-05,2025-01-08,6807.63,10572.25,6807.63,10572.25,Paid
5114,427,2025-02-05,2025-02-09,6807.63,10484.14,6807.63,10484.14,Paid
5115,427,2025-03-05,2025-03-06,6807.63,10396.04,6807.63,10396.04,Paid
5116,427,2025-04-05,2025-04-08,6807.63,10307.94,6807.63,10307.94,Paid
5117,427,2025-05-05,2025-05-05,6807.63,10219.84,6807.63,10219.84,Paid
5118,427,2025-06-05,2025-06-06,6807.63,10131.74,6807.63,10131.74,Paid
5119,427,2025-07-05,2025-07-07,6807.63,10043.63,6807.63,10043.63,Paid
5120,427,2025-08-05,2025-08-05,6807.63,9955.53,6807.63,9955.53,Paid
5121,427,2025-09-05,2025-09-06,6807.63,9867.43,6807.63,9867.43,Paid
5122,427,2025-10-05,2025-10-05,6807.63,9779.33,6807.63,9779.33,Paid
5123,427,2025-11-05,2025-11-07,6807.63,9691.23,6807.63,9691.23,Paid
5124,427,2025-12-05,2025-12-10,6807.63,9603.12,6807.63,9603.12,Paid
5125,428,2025-01-05,2025-01-05,43750.77,13536.49,43750.77,13536.49,Paid
5126,428,2025-02-05,2025-02-07,43750.77,12972.47,43750.77,12972.47,Paid
5127,428,2025-03-05,2025-03-06,43750.77,12408.45,43750.77,12408.45,Paid
5128,428,2025-04-05,2025-04-09,43750.77,11844.43,43750.77,11844.43,Paid
5129,428,2025-05-05,2025-05-08,43750.77,11280.41,43750.77,11280.41,Paid
5130,428,2025-06-05,2025-06-08,43750.77,10716.39,43750.77,10716.39,Paid
5131,428,2025-07-05,2025-07-09,43750.77,10152.37,43750.77,10152.37,Paid
5132,428,2025-08-05,2025-08-07,43750.77,9588.35,43750.77,9588.35,Paid
5133,428,2025-09-05,2025-09-10,43750.77,9024.33,43750.77,9024.33,Paid
5134,428,2025-10-05,2025-10-09,43750.77,8460.31,43750.77,8460.31,Paid
5135,428,2025-11-05,2025-11-05,43750.77,7896.29,43750.77,7896.29,Paid
5136,428,2025-12-05,2025-12-09,43750.77,7332.26,43750.77,7332.26,Paid
5137,429,2025-01-05,2025-01-09,16654.31,3703.92,16654.31,3703.92,Paid
5138,429,2025-02-05,2025-02-08,16654.31,3549.59,16654.31,3549.59,Paid
5139,429,2025-03-05,2025-03-05,16654.31,3395.26,16654.31,3395.26,Paid
5140,429,2025-04-05,2025-04-06,16654.31,3240.93,16654.31,3240.93,Paid
5141,429,2025-05-05,2025-05-05,16654.31,3086.6,16654.31,3086.6,Paid
5142,429,2025-06-05,2025-06-10,16654.31,2932.27,16654.31,2932.27,Paid
5143,429,2025-07-05,2025-07-09,16654.31,2777.94,16654.31,2777.94,Paid
5144,429,2025-08-05,2025-08-07,16654.31,2623.61,16654.31,2623.61,Paid
5145,429,2025-09-05,2025-09-09,16654.31,2469.28,16654.31,2469.28,Paid
5146,429,2025-10-05,2025-10-10,16654.31,2314.95,16654.31,2314.95,Paid
5147,429,2025-11-05,2025-11-05,16654.31,2160.62,16654.31,2160.62,Paid
5148,429,2025-12-05,2025-12-09,16654.31,2006.29,16654.31,2006.29,Paid
5149,430,2025-01-05,2025-01-08,24117.86,5397.58,24117.86,5397.58,Paid
5150,430,2025-02-05,2025-02-09,24117.86,5172.68,24117.86,5172.68,Paid
5151,430,2025-03-05,2025-03-05,24117.86,4947.78,24117.86,4947.78,Paid
5152,430,2025-04-05,2025-04-09,24117.86,4722.88,24117.86,4722.88,Paid
5153,430,2025-05-05,2025-05-09,24117.86,4497.98,24117.86,4497.98,Paid
5154,430,2025-06-05,2025-06-09,24117.86,4273.08,24117.86,4273.08,Paid
5155,430,2025-07-05,2025-07-06,24117.86,4048.18,24117.86,4048.18,Paid
5156,430,2025-08-05,,24117.86,3823.28,0.0,0.0,Unpaid
5157,430,2025-09-05,2025-09-05,24117.86,3823.28,24117.86,3823.28,Paid
5158,430,2025-10-05,2025-10-09,24117.86,3598.39,24117.86,3598.39,Paid
5159,430,2025-11-05,2025-11-06,24117.86,3373.49,24117.86,3373.49,Paid
5160,430,2025-12-05,2025-12-09,24117.86,3148.59,24117.86,3148.59,Paid
5161,431,2025-01-05,2025-01-06,17354.25,4763.74,17354.25,4763.74,Paid
5162,431,2025-02-05,2025-02-07,17354.25,4631.41,17354.25,4631.41,Paid
5163,431,2025-03-05,2025-03-10,17354.25,4499.09,17354.25,4499.09,Paid
5164,431,2025-04-05,2025-04-05,17354.25,4366.76,17354.25,4366.76,Paid
5165,431,2025-05-05,2025-05-10,17354.25,4234.44,17354.25,4234.44,Paid
5166,431,2025-06-05,2025-06-10,17354.25,4102.11,17354.25,4102.11,Paid
5167,431,2025-07-05,2025-07-06,17354.25,3969.78,17354.25,3969.78,Paid
5168,431,2025-08-05,2025-08-10,17354.25,3837.46,17354.25,3837.46,Paid
5169,431,2025-09-05,2025-09-06,17354.25,3705.13,17354.25,3705.13,Paid
5170,431,2025-10-05,2025-10-07,17354.25,3572.81,17354.25,3572.81,Paid
5171,431,2025-11-05,2025-11-07,17354.25,3440.48,17354.25,3440.48,Paid
5172,431,2025-12-05,2025-12-07,17354.25,3308.15,17354.25,3308.15,Paid
5173,432,2025-01-05,2025-01-06,15148.96,12376.7,15148.96,12376.7,Paid
5174,432,2025-02-05,2025-02-10,15148.96,12170.42,15148.96,12170.42,Paid
5175,432,2025-03-05,2025-03-09,15148.96,11964.14,15148.96,11964.14,Paid
5176,432,2025-04-05,2025-04-09,15148.96,11757.87,15148.96,11757.87,Paid
5177,432,2025-05-05,2025-05-05,15148.96,11551.59,15148.96,11551.59,Paid
5178,432,2025-06-05,2025-06-05,15148.96,11345.31,15148.96,11345.31,Paid
5179,432,2025-07-05,2025-07-05,15148.96,11139.03,15148.96,11139.03,Paid
5180,432,2025-08-05,2025-08-07,15148.96,10932.75,15148.96,10932.75,Paid
5181,432,2025-09-05,2025-09-08,15148.96,10726.47,15148.96,10726.47,Paid
5182,432,2025-10-05,2025-10-07,15148.96,10520.2,15148.96,10520.2,Paid
5183,432,2025-11-05,2025-11-10,15148.96,10313.92,15148.96,10313.92,Paid
5184,432,2025-12-05,2025-12-07,15148.96,10107.64,15148.96,10107.64,Paid
5185,433,2025-01-05,2025-01-10,22270.87,3763.78,22270.87,3763.78,Paid
5186,433,2025-02-05,2025-02-08,22270.87,3606.95,22270.87,3606.95,Paid
5187,433,2025-03-05,2025-03-07,22270.87,3450.13,22270.87,3450.13,Paid
5188,433,2025-04-05,2025-04-06,22270.87,3293.31,22270.87,3293.31,Paid
5189,433,2025-05-05,2025-05-06,22270.87,3136.48,22270.87,3136.48,Paid
5190,433,2025-06-05,2025-06-05,22270.87,2979.66,22270.87,2979.66,Paid
5191,433,2025-07-05,2025-07-06,22270.87,2822.83,22270.87,2822.83,Paid
5192,433,2025-08-05,2025-08-07,22270.87,2666.01,22270.87,2666.01,Paid
5193,433,2025-09-05,2025-09-10,22270.87,2509.19,22270.87,2509.19,Paid
5194,433,2025-10-05,2025-10-07,22270.87,2352.36,22270.87,2352.36,Paid
5195,433,2025-11-05,2025-11-09,22270.87,2195.54,22270.87,2195.54,Paid
5196,433,2025-12-05,2025-12-10,22270.87,2038.71,22270.87,2038.71,Paid
5197,434,2025-01-05,2025-01-08,20250.07,12413.3,20250.07,12413.3,Paid
5198,434,2025-02-05,2025-02-08,20250.07,12206.41,20250.07,12206.41,Paid
5199,434,2025-03-05,2025-03-07,20250.07,11999.52,20250.07,11999.52,Paid
5200,434,2025-04-05,2025-04-07,20250.07,11792.63,20250.07,11792.63,Paid
5201,434,2025-05-05,2025-05-08,20250.07,11585.74,20250.07,11585.74,Paid
5202,434,2025-06-05,2025-06-05,20250.07,11378.85,20250.07,11378.85,Paid
5203,434,2025-07-05,2025-07-06,20250.07,11171.97,20250.07,11171.97,Paid
5204,434,2025-08-05,2025-08-07,20250.07,10965.08,20250.07,10965.08,Paid
5205,434,2025-09-05,2025-09-06,20250.07,10758.19,20250.07,10758.19,Paid
5206,434,2025-10-05,2025-10-07,20250.07,10551.3,20250.07,10551.3,Paid
5207,434,2025-11-05,2025-11-07,20250.07,10344.41,20250.07,10344.41,Paid
5208,434,2025-12-05,2025-12-06,20250.07,10137.52,20250.07,10137.52,Paid
5209,435,2025-01-05,2025-01-07,8122.5,3947.54,8122.5,3947.54,Paid
5210,435,2025-02-05,2025-02-07,8122.5,3881.74,8122.5,3881.74,Paid
5211,435,2025-03-05,,8122.5,3815.95,0.0,0.0,Unpaid
5212,435,2025-04-05,2025-04-07,8122.5,3815.95,8122.5,3815.95,Paid
5213,435,2025-05-05,2025-05-05,8122.5,3750.16,8122.5,3750.16,Paid
5214,435,2025-06-05,2025-06-06,8122.5,3684.37,8122.5,3684.37,Paid
5215,435,2025-07-05,2025-07-10,8122.5,3618.58,8122.5,3618.58,Paid
5216,435,2025-08-05,,8122.5,3552.78,0.0,0.0,Unpaid
5217,435,2025-09-05,2025-09-06,8122.5,3552.78,8122.5,3552.78,Paid
5218,435,2025-10-05,2025-10-06,8122.5,3486.99,8122.5,3486.99,Paid
5219,435,2025-11-05,2025-11-05,8122.5,3421.2,8122.5,3421.2,Paid
5220,435,2025-12-05,2025-12-10,8122.5,3355.41,8122.5,3355.41,Paid
5221,436,2025-01-05,2025-01-08,8595.79,6618.76,8595.79,6618.76,Paid
5222,436,2025-02-05,2025-02-07,8595.79,6508.45,8595.79,6508.45,Paid
5223,436,2025-03-05,,8595.79,6398.13,0.0,0.0,Unpaid
5224,436,2025-04-05,2025-04-08,8595.79,6398.13,8595.79,6398.13,Paid
5225,436,2025-05-05,2025-05-05,8595.79,6287.82,8595.79,6287.82,Paid
5226,436,2025-06-05,2025-06-08,8595.79,6177.51,8595.79,6177.51,Paid
5227,436,2025-07-05,2025-07-05,8595.79,6067.2,8595.79,6067.2,Paid
5228,436,2025-08-05,2025-08-08,8595.79,5956.88,8595.79,5956.88,Paid
5229,436,2025-09-05,2025-09-06,8595.79,5846.57,8595.79,5846.57,Paid
5230,436,2025-10-05,,8595.79,5736.26,0.0,0.0,Unpaid
5231,436,2025-11-05,,8595.79,5736.26,0.0,0.0,Unpaid
5232,436,2025-12-05,,8595.79,5736.26,0.0,0.0,Unpaid
5233,437,2025-01-05,2025-01-08,66366.38,13286.55,66366.38,13286.55,Paid
5234,437,2025-02-05,2025-02-06,66366.38,12732.94,66366.38,12732.94,Paid
5235,437,2025-03-05,2025-03-08,66366.38,12179.34,66366.38,12179.34,Paid
5236,437,2025-04-05,2025-04-08,66366.38,11625.73,66366.38,11625.73,Paid
5237,437,2025-05-05,2025-05-09,66366.38,11072.12,66366.38,11072.12,Paid
5238,437,2025-06-05,2025-06-10,66366.38,10518.52,66366.38,10518.52,Paid
5239,437,2025-07-05,2025-07-07,66366.38,9964.91,66366.38,9964.91,Paid
5240,437,2025-08-05,2025-08-06,66366.38,9411.31,66366.38,9411.31,Paid
5241,437,2025-09-05,2025-09-06,66366.38,8857.7,66366.38,8857.7,Paid
5242,437,2025-10-05,2025-10-05,66366.38,8304.09,66366.38,8304.09,Paid
5243,437,2025-11-05,2025-11-09,66366.38,7750.49,66366.38,7750.49,Paid
5244,437,2025-12-05,2025-12-08,66366.38,7196.88,66366.38,7196.88,Paid
5245,438,2025-01-05,2025-01-05,14702.02,8644.79,14702.02,8644.79,Paid
5246,438,2025-02-05,2025-02-10,14702.02,8500.71,14702.02,8500.71,Paid
5247,438,2025-03-05,2025-03-10,14702.02,8356.63,14702.02,8356.63,Paid
5248,438,2025-04-05,2025-04-05,14702.02,8212.55,14702.02,8212.55,Paid
5249,438,2025-05-05,2025-05-06,14702.02,8068.47,14702.02,8068.47,Paid
5250,438,2025-06-05,2025-06-06,14702.02,7924.39,14702.02,7924.39,Paid
5251,438,2025-07-05,2025-07-09,14702.02,7780.31,14702.02,7780.31,Paid
5252,438,2025-08-05,2025-08-07,14702.02,7636.23,14702.02,7636.23,Paid
5253,438,2025-09-05,2025-09-10,14702.02,7492.15,14702.02,7492.15,Paid
5254,438,2025-10-05,2025-10-05,14702.02,7348.07,14702.02,7348.07,Paid
5255,438,2025-11-05,2025-11-06,14702.02,7203.99,14702.02,7203.99,Paid
5256,438,2025-12-05,2025-12-09,14702.02,7059.91,14702.02,7059.91,Paid
5257,439,2025-01-05,2025-01-05,35368.83,23962.38,35368.83,23962.38,Paid
5258,439,2025-02-05,2025-02-05,35368.83,23563.01,35368.83,23563.01,Paid
5259,439,2025-03-05,2025-03-10,35368.83,23163.64,35368.83,23163.64,Paid
5260,439,2025-04-05,2025-04-07,35368.83,22764.26,35368.83,22764.26,Paid
5261,439,2025-05-05,2025-05-07,35368.83,22364.89,35368.83,22364.89,Paid
5262,439,2025-06-05,2025-06-06,35368.83,21965.52,35368.83,21965.52,Paid
5263,439,2025-07-05,2025-07-10,35368.83,21566.14,35368.83,21566.14,Paid
5264,439,2025-08-05,2025-08-06,35368.83,21166.77,35368.83,21166.77,Paid
5265,439,2025-09-05,,35368.83,20767.4,0.0,0.0,Unpaid
5266,439,2025-10-05,2025-10-08,35368.83,20767.4,35368.83,20767.4,Paid
5267,439,2025-11-05,2025-11-07,35368.83,20368.02,35368.83,20368.02,Paid
5268,439,2025-12-05,2025-12-05,35368.83,19968.65,35368.83,19968.65,Paid
5269,440,2025-01-05,2025-01-09,26799.58,12354.61,26799.58,12354.61,Paid
5270,440,2025-02-05,2025-02-10,26799.58,12148.7,26799.58,12148.7,Paid
5271,440,2025-03-05,,26799.58,11942.79,0.0,0.0,Unpaid
5272,440,2025-04-05,2025-04-09,26799.58,11942.79,26799.58,11942.79,Paid
5273,440,2025-05-05,2025-05-06,26799.58,11736.88,26799.58,11736.88,Paid
5274,440,2025-06-05,2025-06-10,26799.58,11530.97,26799.58,11530.97,Paid
5275,440,2025-07-05,2025-07-06,26799.58,11325.06,26799.58,11325.06,Paid
5276,440,2025-08-05,2025-08-09,26799.58,11119.15,26799.58,11119.15,Paid
5277,440,2025-09-05,2025-09-06,26799.58,10913.24,26799.58,10913.24,Paid
5278,440,2025-10-05,2025-10-09,26799.58,10707.33,26799.58,10707.33,Paid
5279,440,2025-11-05,2025-11-07,26799.58,10501.42,26799.58,10501.42,Paid
5280,440,2025-12-05,2025-12-09,26799.58,10295.51,26799.58,10295.51,Paid
5281,441,2025-01-05,2025-01-09,4347.64,6043.21,4347.64,6043.21,Paid
5282,441,2025-02-05,2025-02-08,4347.64,5992.85,4347.64,5992.85,Paid
5283,441,2025-03-05,2025-03-05,4347.64,5942.49,4347.64,5942.49,Paid
5284,441,2025-04-05,2025-04-05,4347.64,5892.13,4347.64,5892.13,Paid
5285,441,2025-05-05,2025-05-05,4347.64,5841.77,4347.64,5841.77,Paid
5286,441,2025-06-05,2025-06-06,4347.64,5791.41,4347.64,5791.41,Paid
5287,441,2025-07-05,2025-07-08,4347.64,5741.05,4347.64,5741.05,Paid
5288,441,2025-08-05,2025-08-08,4347.64,5690.69,4347.64,5690.69,Paid
5289,441,2025-09-05,2025-09-09,4347.64,5640.33,4347.64,5640.33,Paid
5290,441,2025-10-05,2025-10-10,4347.64,5589.97,4347.64,5589.97,Paid
5291,441,2025-11-05,2025-11-10,4347.64,5539.61,4347.64,5539.61,Paid
5292,441,2025-12-05,2025-12-06,4347.64,5489.25,4347.64,5489.25,Paid
5293,442,2025-01-05,2025-01-05,22543.61,6510.59,22543.61,6510.59,Paid
5294,442,2025-02-05,2025-02-06,22543.61,6239.32,22543.61,6239.32,Paid
5295,442,2025-03-05,2025-03-09,22543.61,5968.04,22543.61,5968.04,Paid
5296,442,2025-04-05,,22543.61,5696.77,0.0,0.0,Unpaid
5297,442,2025-05-05,2025-05-05,22543.61,5696.77,22543.61,5696.77,Paid
5298,442,2025-06-05,2025-06-09,22543.61,5425.5,22543.61,5425.5,Paid
5299,442,2025-07-05,2025-07-07,22543.61,5154.22,22543.61,5154.22,Paid
5300,442,2025-08-05,2025-08-09,22543.61,4882.95,22543.61,4882.95,Paid
5301,442,2025-09-05,2025-09-09,22543.61,4611.67,22543.61,4611.67,Paid
5302,442,2025-10-05,2025-10-07,22543.61,4340.4,22543.61,4340.4,Paid
5303,442,2025-11-05,2025-11-09,22543.61,4069.12,22543.61,4069.12,Paid
5304,442,2025-12-05,2025-12-05,22543.61,3797.85,22543.61,3797.85,Paid
5305,443,2025-01-05,2025-01-08,28237.65,13991.76,28237.65,13991.76,Paid
5306,443,2025-02-05,2025-02-10,28237.65,13758.56,28237.65,13758.56,Paid
5307,443,2025-03-05,2025-03-09,28237.65,13525.36,28237.65,13525.36,Paid
5308,443,2025-04-05,2025-04-07,28237.65,13292.17,28237.65,13292.17,Paid
5309,443,2025-05-05,2025-05-09,28237.65,13058.97,28237.65,13058.97,Paid
5310,443,2025-06-05,2025-06-07,28237.65,12825.78,28237.65,12825.78,Paid
5311,443,2025-07-05,2025-07-07,28237.65,12592.58,28237.65,12592.58,Paid
5312,443,2025-08-05,2025-08-06,28237.65,12359.38,28237.65,12359.38,Paid
5313,443,2025-09-05,2025-09-06,28237.65,12126.19,28237.65,12126.19,Paid
5314,443,2025-10-05,2025-10-07,28237.65,11892.99,28237.65,11892.99,Paid
5315,443,2025-11-05,2025-11-08,28237.65,11659.8,28237.65,11659.8,Paid
5316,443,2025-12-05,2025-12-07,28237.65,11426.6,28237.65,11426.6,Paid
5317,444,2025-01-05,2025-01-08,5766.33,3448.27,5766.33,3448.27,Paid
5318,444,2025-02-05,2025-02-08,5766.33,3390.79,5766.33,3390.79,Paid
5319,444,2025-03-05,2025-03-07,5766.33,3333.32,5766.33,3333.32,Paid
5320,444,2025-04-05,2025-04-10,5766.33,3275.85,5766.33,3275.85,Paid
5321,444,2025-05-05,2025-05-10,5766.33,3218.38,5766.33,3218.38,Paid
5322,444,2025-06-05,2025-06-07,5766.33,3160.91,5766.33,3160.91,Paid
5323,444,2025-07-05,2025-07-05,5766.33,3103.44,5766.33,3103.44,Paid
5324,444,2025-08-05,,5766.33,3045.97,0.0,0.0,Unpaid
5325,444,2025-09-05,2025-09-07,5766.33,3045.97,5766.33,3045.97,Paid
5326,444,2025-10-05,2025-10-08,5766.33,2988.5,5766.33,2988.5,Paid
5327,444,2025-11-05,2025-11-07,5766.33,2931.03,5766.33,2931.03,Paid
5328,444,2025-12-05,2025-12-06,5766.33,2873.55,5766.33,2873.55,Paid
5329,445,2025-01-05,2025-01-06,40201.31,13519.7,40201.31,13519.7,Paid
5330,445,2025-02-05,2025-02-05,40201.31,13144.15,40201.31,13144.15,Paid
5331,445,2025-03-05,2025-03-08,40201.31,12768.6,40201.31,12768.6,Paid
5332,445,2025-04-05,2025-04-05,40201.31,12393.06,40201.31,12393.06,Paid
5333,445,2025-05-05,2025-05-10,40201.31,12017.51,40201.31,12017.51,Paid
5334,445,2025-06-05,2025-06-09,40201.31,11641.96,40201.31,11641.96,Paid
5335,445,2025-07-05,2025-07-05,40201.31,11266.42,40201.31,11266.42,Paid
5336,445,2025-08-05,2025-08-06,40201.31,10890.87,40201.31,10890.87,Paid
5337,445,2025-09-05,2025-09-05,40201.31,10515.32,40201.31,10515.32,Paid
5338,445,2025-10-05,2025-10-06,40201.31,10139.77,40201.31,10139.77,Paid
5339,445,2025-11-05,2025-11-08,40201.31,9764.23,40201.31,9764.23,Paid
5340,445,2025-12-05,2025-12-05,40201.31,9388.68,40201.31,9388.68,Paid
5341,446,2025-01-05,2025-01-08,31321.1,5086.55,31321.1,5086.55,Paid
5342,446,2025-02-05,2025-02-07,31321.1,4874.61,31321.1,4874.61,Paid
5343,446,2025-03-05,2025-03-07,31321.1,4662.67,31321.1,4662.67,Paid
5344,446,2025-04-05,2025-04-08,31321.1,4450.73,31321.1,4450.73,Paid
5345,446,2025-05-05,2025-05-10,31321.1,4238.79,31321.1,4238.79,Paid
5346,446,2025-06-05,2025-06-08,31321.1,4026.85,31321.1,4026.85,Paid
5347,446,2025-07-05,2025-07-10,31321.1,3814.91,31321.1,3814.91,Paid
5348,446,2025-08-05,2025-08-08,31321.1,3602.97,31321.1,3602.97,Paid
5349,446,2025-09-05,2025-09-09,31321.1,3391.03,31321.1,3391.03,Paid
5350,446,2025-10-05,2025-10-06,31321.1,3179.09,31321.1,3179.09,Paid
5351,446,2025-11-05,2025-11-09,31321.1,2967.15,31321.1,2967.15,Paid
5352,446,2025-12-05,2025-12-08,31321.1,2755.21,31321.1,2755.21,Paid
5353,447,2025-01-05,2025-01-10,4959.48,2144.98,4959.48,2144.98,Paid
5354,447,2025-02-05,2025-02-09,4959.48,2109.23,4959.48,2109.23,Paid
5355,447,2025-03-05,2025-03-10,4959.48,2073.48,4959.48,2073.48,Paid
5356,447,2025-04-05,2025-04-08,4959.48,2037.73,4959.48,2037.73,Paid
5357,447,2025-05-05,2025-05-08,4959.48,2001.98,4959.48,2001.98,Paid
5358,447,2025-06-05,2025-06-05,4959.48,1966.23,4959.48,1966.23,Paid
5359,447,2025-07-05,2025-07-05,4959.48,1930.48,4959.48,1930.48,Paid
5360,447,2025-08-05,2025-08-06,4959.48,1894.73,4959.48,1894.73,Paid
5361,447,2025-09-05,2025-09-10,4959.48,1858.98,4959.48,1858.98,Paid
5362,447,2025-10-05,2025-10-10,4959.48,1823.23,4959.48,1823.23,Paid
5363,447,2025-11-05,2025-11-05,4959.48,1787.48,4959.48,1787.48,Paid
5364,447,2025-12-05,2025-12-05,4959.48,1751.73,4959.48,1751.73,Paid
5365,448,2025-01-05,2025-01-09,11466.48,4485.69,11466.48,4485.69,Paid
5366,448,2025-02-05,2025-02-07,11466.48,4361.08,11466.48,4361.08,Paid
5367,448,2025-03-05,2025-03-05,11466.48,4236.48,11466.48,4236.48,Paid
5368,448,2025-04-05,2025-04-07,11466.48,4111.88,11466.48,4111.88,Paid
5369,448,2025-05-05,2025-05-05,11466.48,3987.28,11466.48,3987.28,Paid
5370,448,2025-06-05,2025-06-10,11466.48,3862.67,11466.48,3862.67,Paid
5371,448,2025-07-05,2025-07-07,11466.48,3738.07,11466.48,3738.07,Paid
5372,448,2025-08-05,2025-08-07,11466.48,3613.47,11466.48,3613.47,Paid
5373,448,2025-09-05,2025-09-08,11466.48,3488.87,11466.48,3488.87,Paid
5374,448,2025-10-05,2025-10-09,11466.48,3364.26,11466.48,3364.26,Paid
5375,448,2025-11-05,2025-11-07,11466.48,3239.66,11466.48,3239.66,Paid
5376,448,2025-12-05,2025-12-10,11466.48,3115.06,11466.48,3115.06,Paid
5377,449,2025-01-05,2025-01-10,16866.92,4253.84,16866.92,4253.84,Paid
5378,449,2025-02-05,2025-02-09,16866.92,4076.59,16866.92,4076.59,Paid
5379,449,2025-03-05,2025-03-09,16866.92,3899.35,16866.92,3899.35,Paid
5380,449,2025-04-05,2025-04-07,16866.92,3722.11,16866.92,3722.11,Paid
5381,449,2025-05-05,2025-05-06,16866.92,3544.87,16866.92,3544.87,Paid
5382,449,2025-06-05,2025-06-08,16866.92,3367.62,16866.92,3367.62,Paid
5383,449,2025-07-05,2025-07-10,16866.92,3190.38,16866.92,3190.38,Paid
5384,449,2025-08-05,2025-08-09,16866.92,3013.14,16866.92,3013.14,Paid
5385,449,2025-09-05,2025-09-09,16866.92,2835.89,16866.92,2835.89,Paid
5386,449,2025-10-05,2025-10-06,16866.92,2658.65,16866.92,2658.65,Paid
5387,449,2025-11-05,2025-11-09,16866.92,2481.41,16866.92,2481.41,Paid
5388,449,2025-12-05,2025-12-07,16866.92,2304.16,16866.92,2304.16,Paid
5389,450,2025-01-05,2025-01-09,25226.45,6942.32,25226.45,6942.32,Paid
5390,450,2025-02-05,2025-02-07,25226.45,6653.06,25226.45,6653.06,Paid
5391,450,2025-03-05,2025-03-06,25226.45,6363.79,25226.45,6363.79,Paid
5392,450,2025-04-05,2025-04-08,25226.45,6074.53,25226.45,6074.53,Paid
5393,450,2025-05-05,2025-05-05,25226.45,5785.27,25226.45,5785.27,Paid
5394,450,2025-06-05,2025-06-10,25226.45,5496.0,25226.45,5496.0,Paid
5395,450,2025-07-05,2025-07-05,25226.45,5206.74,25226.45,5206.74,Paid
5396,450,2025-08-05,2025-08-07,25226.45,4917.48,25226.45,4917.48,Paid
5397,450,2025-09-05,2025-09-10,25226.45,4628.21,25226.45,4628.21,Paid
5398,450,2025-10-05,2025-10-10,25226.45,4338.95,25226.45,4338.95,Paid
5399,450,2025-11-05,2025-11-06,25226.45,4049.69,25226.45,4049.69,Paid
5400,450,2025-12-05,2025-12-10,25226.45,3760.42,25226.45,3760.42,Paid
5401,451,2025-01-05,2025-01-10,2756.37,2657.14,2756.37,2657.14,Paid
5402,451,2025-02-05,2025-02-05,2756.37,2635.0,2756.37,2635.0,Paid
5403,451,2025-03-05,2025-03-10,2756.37,2612.86,2756.37,2612.86,Paid
5404,451,2025-04-05,2025-04-05,2756.37,2590.72,2756.37,2590.72,Paid
5405,451,2025-05-05,2025-05-05,2756.37,2568.57,2756.37,2568.57,Paid
5406,451,2025-06-05,2025-06-07,2756.37,2546.43,2756.37,2546.43,Paid
5407,451,2025-07-05,2025-07-10,2756.37,2524.29,2756.37,2524.29,Paid
5408,451,2025-08-05,2025-08-08,2756.37,2502.14,2756.37,2502.14,Paid
5409,451,2025-09-05,,2756.37,2480.0,0.0,0.0,Unpaid
5410,451,2025-10-05,2025-10-06,2756.37,2480.0,2756.37,2480.0,Paid
5411,451,2025-11-05,2025-11-07,2756.37,2457.86,2756.37,2457.86,Paid
5412,451,2025-12-05,2025-12-05,2756.37,2435.72,2756.37,2435.72,Paid
5413,452,2025-01-05,2025-01-10,28654.35,6040.34,28654.35,6040.34,Paid
5414,452,2025-02-05,2025-02-10,28654.35,5788.66,28654.35,5788.66,Paid
5415,452,2025-03-05,2025-03-07,28654.35,5536.98,28654.35,5536.98,Paid
5416,452,2025-04-05,2025-04-10,28654.35,5285.29,28654.35,5285.29,Paid
5417,452,2025-05-05,2025-05-06,28654.35,5033.61,28654.35,5033.61,Paid
5418,452,2025-06-05,,28654.35,4781.93,0.0,0.0,Unpaid
5419,452,2025-07-05,2025-07-09,28654.35,4781.93,28654.35,4781.93,Paid
5420,452,2025-08-05,2025-08-08,28654.35,4530.25,28654.35,4530.25,Paid
5421,452,2025-09-05,2025-09-05,28654.35,4278.57,28654.35,4278.57,Paid
5422,452,2025-10-05,2025-10-10,28654.35,4026.89,28654.35,4026.89,Paid
5423,452,2025-11-05,2025-11-09,28654.35,3775.21,28654.35,3775.21,Paid
5424,452,2025-12-05,2025-12-06,28654.35,3523.53,28654.35,3523.53,Paid
5425,453,2025-01-05,2025-01-10,14645.65,9380.54,14645.65,9380.54,Paid
5426,453,2025-02-05,2025-02-05,14645.65,9224.19,14645.65,9224.19,Paid
5427,453,2025-03-05,2025-03-10,14645.65,9067.85,14645.65,9067.85,Paid
5428,453,2025-04-05,2025-04-09,14645.65,8911.51,14645.65,8911.51,Paid
5429,453,2025-05-05,2025-05-05,14645.65,8755.17,14645.65,8755.17,Paid
5430,453,2025-06-05,2025-06-06,14645.65,8598.83,14645.65,8598.83,Paid
5431,453,2025-07-05,2025-07-05,14645.65,8442.48,14645.65,8442.48,Paid
5432,453,2025-08-05,2025-08-08,14645.65,8286.14,14645.65,8286.14,Paid
5433,453,2025-09-05,2025-09-08,14645.65,8129.8,14645.65,8129.8,Paid
5434,453,2025-10-05,2025-10-08,14645.65,7973.46,14645.65,7973.46,Paid
5435,453,2025-11-05,2025-11-05,14645.65,7817.11,14645.65,7817.11,Paid
5436,453,2025-12-05,2025-12-10,14645.65,7660.77,14645.65,7660.77,Paid
5437,454,2025-01-05,2025-01-10,15741.06,27531.12,15741.06,27531.12,Paid
5438,454,2025-02-05,2025-02-10,15741.06,27301.69,15741.06,27301.69,Paid
5439,454,2025-03-05,2025-03-08,15741.06,27072.27,15741.06,27072.27,Paid
5440,454,2025-04-05,2025-04-07,15741.06,26842.84,15741.06,26842.84,Paid
5441,454,2025-05-05,2025-05-08,15741.06,26613.42,15741.06,26613.42,Paid
5442,454,2025-06-05,2025-06-09,15741.06,26383.99,15741.06,26383.99,Paid
5443,454,2025-07-05,2025-07-10,15741.06,26154.56,15741.06,26154.56,Paid
5444,454,2025-08-05,2025-08-07,15741.06,25925.14,15741.06,25925.14,Paid
5445,454,2025-09-05,2025-09-10,15741.06,25695.71,15741.06,25695.71,Paid
5446,454,2025-10-05,2025-10-07,15741.06,25466.29,15741.06,25466.29,Paid
5447,454,2025-11-05,2025-11-06,15741.06,25236.86,15741.06,25236.86,Paid
5448,454,2025-12-05,2025-12-07,15741.06,25007.43,15741.06,25007.43,Paid
5449,455,2025-01-05,2025-01-06,18427.58,15129.04,18427.58,15129.04,Paid
5450,455,2025-02-05,2025-02-10,18427.58,14876.89,18427.58,14876.89,Paid
5451,455,2025-03-05,2025-03-09,18427.58,14624.74,18427.58,14624.74,Paid
5452,455,2025-04-05,2025-04-06,18427.58,14372.59,18427.58,14372.59,Paid
5453,455,2025-05-05,2025-05-07,18427.58,14120.44,18427.58,14120.44,Paid
5454,455,2025-06-05,2025-06-09,18427.58,13868.29,18427.58,13868.29,Paid
5455,455,2025-07-05,2025-07-09,18427.58,13616.14,18427.58,13616.14,Paid
5456,455,2025-08-05,2025-08-09,18427.58,13363.99,18427.58,13363.99,Paid
5457,455,2025-09-05,2025-09-08,18427.58,13111.84,18427.58,13111.84,Paid
5458,455,2025-10-05,2025-10-10,18427.58,12859.69,18427.58,12859.69,Paid
5459,455,2025-11-05,2025-11-05,18427.58,12607.54,18427.58,12607.54,Paid
5460,455,2025-12-05,2025-12-07,18427.58,12355.39,18427.58,12355.39,Paid
5461,456,2025-01-05,2025-01-07,6404.61,7704.74,6404.61,7704.74,Paid
5462,456,2025-02-05,2025-02-06,6404.61,7640.54,6404.61,7640.54,Paid
5463,456,2025-03-05,2025-03-06,6404.61,7576.33,6404.61,7576.33,Paid
5464,456,2025-04-05,2025-04-05,6404.61,7512.13,6404.61,7512.13,Paid
5465,456,2025-05-05,2025-05-08,6404.61,7447.92,6404.61,7447.92,Paid
5466,456,2025-06-05,2025-06-06,6404.61,7383.71,6404.61,7383.71,Paid
5467,456,2025-07-05,2025-07-08,6404.61,7319.51,6404.61,7319.51,Paid
5468,456,2025-08-05,2025-08-10,6404.61,7255.3,6404.61,7255.3,Paid
5469,456,2025-09-05,2025-09-10,6404.61,7191.09,6404.61,7191.09,Paid
5470,456,2025-10-05,2025-10-07,6404.61,7126.89,6404.61,7126.89,Paid
5471,456,2025-11-05,2025-11-09,6404.61,7062.68,6404.61,7062.68,Paid
5472,456,2025-12-05,2025-12-06,6404.61,6998.48,6404.61,6998.48,Paid
5473,457,2025-01-05,2025-01-06,14590.09,8681.1,14590.09,8681.1,Paid
5474,457,2025-02-05,,14590.09,8536.42,0.0,0.0,Unpaid
5475,457,2025-03-05,2025-03-06,14590.09,8536.42,14590.09,8536.42,Paid
5476,457,2025-04-05,2025-04-05,14590.09,8391.73,14590.09,8391.73,Paid
5477,457,2025-05-05,2025-05-06,14590.09,8247.05,14590.09,8247.05,Paid
5478,457,2025-06-05,2025-06-08,14590.09,8102.36,14590.09,8102.36,Paid
5479,457,2025-07-05,2025-07-07,14590.09,7957.68,14590.09,7957.68,Paid
5480,457,2025-08-05,2025-08-08,14590.09,7812.99,14590.09,7812.99,Paid
5481,457,2025-09-05,2025-09-09,14590.09,7668.31,14590.09,7668.31,Paid
5482,457,2025-10-05,2025-10-08,14590.09,7523.62,14590.09,7523.62,Paid
5483,457,2025-11-05,2025-11-07,14590.09,7378.94,14590.09,7378.94,Paid
5484,457,2025-12-05,2025-12-06,14590.09,7234.25,14590.09,7234.25,Paid
5485,458,2025-01-05,2025-01-06,10033.74,4593.44,10033.74,4593.44,Paid
5486,458,2025-02-05,2025-02-05,10033.74,4465.85,10033.74,4465.85,Paid
5487,458,2025-03-05,2025-03-10,10033.74,4338.25,10033.74,4338.25,Paid
5488,458,2025-04-05,2025-04-08,10033.74,4210.66,10033.74,4210.66,Paid
5489,458,2025-05-05,2025-05-09,10033.74,4083.06,10033.74,4083.06,Paid
5490,458,2025-06-05,,10033.74,3955.47,0.0,0.0,Unpaid
5491,458,2025-07-05,2025-07-10,10033.74,3955.47,10033.74,3955.47,Paid
5492,458,2025-08-05,2025-08-09,10033.74,3827.87,10033.74,3827.87,Paid
5493,458,2025-09-05,2025-09-08,10033.74,3700.27,10033.74,3700.27,Paid
5494,458,2025-10-05,2025-10-05,10033.74,3572.68,10033.74,3572.68,Paid
5495,458,2025-11-05,2025-11-06,10033.74,3445.08,10033.74,3445.08,Paid
5496,458,2025-12-05,,10033.74,3317.49,0.0,0.0,Unpaid
5497,459,2025-01-05,2025-01-06,21030.95,5329.24,21030.95,5329.24,Paid
5498,459,2025-02-05,2025-02-08,21030.95,5107.19,21030.95,5107.19,Paid
5499,459,2025-03-05,2025-03-06,21030.95,4885.14,21030.95,4885.14,Paid
5500,459,2025-04-05,2025-04-05,21030.95,4663.09,21030.95,4663.09,Paid
5501,459,2025-05-05,2025-05-10,21030.95,4441.04,21030.95,4441.04,Paid
5502,459,2025-06-05,2025-06-05,21030.95,4218.98,21030.95,4218.98,Paid
5503,459,2025-07-05,,21030.95,3996.93,0.0,0.0,Unpaid
5504,459,2025-08-05,2025-08-07,21030.95,3996.93,21030.95,3996.93,Paid
5505,459,2025-09-05,2025-09-06,21030.95,3774.88,21030.95,3774.88,Paid
5506,459,2025-10-05,2025-10-10,21030.95,3552.83,21030.95,3552.83,Paid
5507,459,2025-11-05,2025-11-08,21030.95,3330.78,21030.95,3330.78,Paid
5508,459,2025-12-05,,21030.95,3108.72,0.0,0.0,Unpaid
5509,460,2025-01-05,2025-01-10,21171.75,12459.57,21171.75,12459.57,Paid
5510,460,2025-02-05,2025-02-09,21171.75,12251.91,21171.75,12251.91,Paid
5511,460,2025-03-05,2025-03-05,21171.75,12044.25,21171.75,12044.25,Paid
5512,460,2025-04-05,2025-04-08,21171.75,11836.59,21171.75,11836.59,Paid
5513,460,2025-05-05,2025-05-10,21171.75,11628.93,21171.75,11628.93,Paid
5514,460,2025-06-05,2025-06-06,21171.75,11421.28,21171.75,11421.28,Paid
5515,460,2025-07-05,2025-07-05,21171.75,11213.62,21171.75,11213.62,Paid
5516,460,2025-08-05,2025-08-07,21171.75,11005.96,21171.75,11005.96,Paid
5517,460,2025-09-05,2025-09-06,21171.75,10798.3,21171.75,10798.3,Paid
5518,460,2025-10-05,2025-10-06,21171.75,10590.64,21171.75,10590.64,Paid
5519,460,2025-11-05,2025-11-07,21171.75,10382.98,21171.75,10382.98,Paid
5520,460,2025-12-05,2025-12-08,21171.75,10175.32,21171.75,10175.32,Paid
5521,461,2025-01-05,2025-01-08,22159.78,4560.48,22159.78,4560.48,Paid
5522,461,2025-02-05,2025-02-10,22159.78,4370.46,22159.78,4370.46,Paid
5523,461,2025-03-05,2025-03-05,22159.78,4180.44,22159.78,4180.44,Paid
5524,461,2025-04-05,2025-04-07,22159.78,3990.42,22159.78,3990.42,Paid
5525,461,2025-05-05,2025-05-07,22159.78,3800.4,22159.78,3800.4,Paid
5526,461,2025-06-05,2025-06-08,22159.78,3610.38,22159.78,3610.38,Paid
5527,461,2025-07-05,2025-07-05,22159.78,3420.36,22159.78,3420.36,Paid
5528,461,2025-08-05,2025-08-10,22159.78,3230.34,22159.78,3230.34,Paid
5529,461,2025-09-05,2025-09-07,22159.78,3040.32,22159.78,3040.32,Paid
5530,461,2025-10-05,2025-10-06,22159.78,2850.3,22159.78,2850.3,Paid
5531,461,2025-11-05,2025-11-10,22159.78,2660.28,22159.78,2660.28,Paid
5532,461,2025-12-05,2025-12-05,22159.78,2470.26,22159.78,2470.26,Paid
5533,462,2025-01-05,2025-01-10,11541.76,5498.49,11541.76,5498.49,Paid
5534,462,2025-02-05,2025-02-10,11541.76,5345.76,11541.76,5345.76,Paid
5535,462,2025-03-05,2025-03-05,11541.76,5193.02,11541.76,5193.02,Paid
5536,462,2025-04-05,2025-04-08,11541.76,5040.29,11541.76,5040.29,Paid
5537,462,2025-05-05,2025-05-06,11541.76,4887.55,11541.76,4887.55,Paid
5538,462,2025-06-05,2025-06-06,11541.76,4734.81,11541.76,4734.81,Paid
5539,462,2025-07-05,2025-07-08,11541.76,4582.08,11541.76,4582.08,Paid
5540,462,2025-08-05,2025-08-09,11541.76,4429.34,11541.76,4429.34,Paid
5541,462,2025-09-05,2025-09-06,11541.76,4276.61,11541.76,4276.61,Paid
5542,462,2025-10-05,2025-10-06,11541.76,4123.87,11541.76,4123.87,Paid
5543,462,2025-11-05,2025-11-08,11541.76,3971.13,11541.76,3971.13,Paid
5544,462,2025-12-05,2025-12-06,11541.76,3818.4,11541.76,3818.4,Paid
5545,463,2025-01-05,2025-01-10,15497.49,5052.18,15497.49,5052.18,Paid
5546,463,2025-02-05,2025-02-09,15497.49,4841.68,15497.49,4841.68,Paid
5547,463,2025-03-05,2025-03-07,15497.49,4631.17,15497.49,4631.17,Paid
5548,463,2025-04-05,2025-04-09,15497.49,4420.66,15497.49,4420.66,Paid
5549,463,2025-05-05,2025-05-06,15497.49,4210.15,15497.49,4210.15,Paid
5550,463,2025-06-05,2025-06-09,15497.49,3999.65,15497.49,3999.65,Paid
5551,463,2025-07-05,2025-07-06,15497.49,3789.14,15497.49,3789.14,Paid
5552,463,2025-08-05,2025-08-05,15497.49,3578.63,15497.49,3578.63,Paid
5553,463,2025-09-05,2025-09-08,15497.49,3368.12,15497.49,3368.12,Paid
5554,463,2025-10-05,2025-10-06,15497.49,3157.62,15497.49,3157.62,Paid
5555,463,2025-11-05,2025-11-05,15497.49,2947.11,15497.49,2947.11,Paid
5556,463,2025-12-05,2025-12-07,15497.49,2736.6,15497.49,2736.6,Paid
5557,464,2025-01-05,2025-01-06,8687.87,8114.47,8687.87,8114.47,Paid
5558,464,2025-02-05,2025-02-07,8687.87,8046.85,8687.87,8046.85,Paid
5559,464,2025-03-05,2025-03-10,8687.87,7979.23,8687.87,7979.23,Paid
5560,464,2025-04-05,2025-04-07,8687.87,7911.61,8687.87,7911.61,Paid
5561,464,2025-05-05,2025-05-05,8687.87,7843.99,8687.87,7843.99,Paid
5562,464,2025-06-05,2025-06-08,8687.87,7776.37,8687.87,7776.37,Paid
5563,464,2025-07-05,2025-07-08,8687.87,7708.75,8687.87,7708.75,Paid
5564,464,2025-08-05,2025-08-08,8687.87,7641.13,8687.87,7641.13,Paid
5565,464,2025-09-05,2025-09-06,8687.87,7573.51,8687.87,7573.51,Paid
5566,464,2025-10-05,,8687.87,7505.89,0.0,0.0,Unpaid
5567,464,2025-11-05,2025-11-10,8687.87,7505.89,8687.87,7505.89,Paid
5568,464,2025-12-05,2025-12-07,8687.87,7438.27,8687.87,7438.27,Paid
5569,465,2025-01-05,2025-01-08,2871.9,1207.64,2871.9,1207.64,Paid
5570,465,2025-02-05,2025-02-06,2871.9,1187.51,2871.9,1187.51,Paid
5571,465,2025-03-05,2025-03-05,2871.9,1167.38,2871.9,1167.38,Paid
5572,465,2025-04-05,2025-04-05,2871.9,1147.25,2871.9,1147.25,Paid
5573,465,2025-05-05,2025-05-07,2871.9,1127.13,2871.9,1127.13,Paid
5574,465,2025-06-05,2025-06-10,2871.9,1107.0,2871.9,1107.0,Paid
5575,465,2025-07-05,2025-07-09,2871.9,1086.87,2871.9,1086.87,Paid
5576,465,2025-08-05,2025-08-05,2871.9,1066.74,2871.9,1066.74,Paid
5577,465,2025-09-05,2025-09-10,2871.9,1046.62,2871.9,1046.62,Paid
5578,465,2025-10-05,2025-10-08,2871.9,1026.49,2871.9,1026.49,Paid
5579,465,2025-11-05,2025-11-09,2871.9,1006.36,2871.9,1006.36,Paid
5580,465,2025-12-05,2025-12-10,2871.9,986.24,2871.9,986.24,Paid
5581,466,2025-01-05,2025-01-09,41979.88,9084.45,41979.88,9084.45,Paid
5582,466,2025-02-05,2025-02-09,41979.88,8705.93,41979.88,8705.93,Paid
5583,466,2025-03-05,2025-03-07,41979.88,8327.41,41979.88,8327.41,Paid
5584,466,2025-04-05,2025-04-08,41979.88,7948.89,41979.88,7948.89,Paid
5585,466,2025-05-05,2025-05-10,41979.88,7570.37,41979.88,7570.37,Paid
5586,466,2025-06-05,2025-06-07,41979.88,7191.85,41979.88,7191.85,Paid
5587,466,2025-07-05,2025-07-07,41979.88,6813.33,41979.88,6813.33,Paid
5588,466,2025-08-05,2025-08-06,41979.88,6434.82,41979.88,6434.82,Paid
5589,466,2025-09-05,2025-09-10,41979.88,6056.3,41979.88,6056.3,Paid
5590,466,2025-10-05,2025-10-09,41979.88,5677.78,41979.88,5677.78,Paid
5591,466,2025-11-05,2025-11-09,41979.88,5299.26,41979.88,5299.26,Paid
5592,466,2025-12-05,2025-12-07,41979.88,4920.74,41979.88,4920.74,Paid
5593,467,2025-01-05,2025-01-10,25629.45,13993.68,25629.45,13993.68,Paid
5594,467,2025-02-05,2025-02-09,25629.45,13760.45,25629.45,13760.45,Paid
5595,467,2025-03-05,2025-03-09,25629.45,13527.22,25629.45,13527.22,Paid
5596,467,2025-04-05,2025-04-09,25629.45,13294.0,25629.45,13294.0,Paid
5597,467,2025-05-05,2025-05-07,25629.45,13060.77,25629.45,13060.77,Paid
5598,467,2025-06-05,2025-06-05,25629.45,12827.54,25629.45,12827.54,Paid
5599,467,2025-07-05,2025-07-06,25629.45,12594.31,25629.45,12594.31,Paid
5600,467,2025-08-05,2025-08-09,25629.45,12361.08,25629.45,12361.08,Paid
5601,467,2025-09-05,2025-09-10,25629.45,12127.86,25629.45,12127.86,Paid
5602,467,2025-10-05,2025-10-07,25629.45,11894.63,25629.45,11894.63,Paid
5603,467,2025-11-05,2025-11-06,25629.45,11661.4,25629.45,11661.4,Paid
5604,467,2025-12-05,2025-12-05,25629.45,11428.17,25629.45,11428.17,Paid
5605,468,2025-01-05,2025-01-06,6594.18,9911.05,6594.18,9911.05,Paid
5606,468,2025-02-05,2025-02-10,6594.18,9828.46,6594.18,9828.46,Paid
5607,468,2025-03-05,2025-03-10,6594.18,9745.86,6594.18,9745.86,Paid
5608,468,2025-04-05,2025-04-10,6594.18,9663.27,6594.18,9663.27,Paid
5609,468,2025-05-05,2025-05-10,6594.18,9580.68,6594.18,9580.68,Paid
5610,468,2025-06-05,2025-06-09,6594.18,9498.09,6594.18,9498.09,Paid
5611,468,2025-07-05,2025-07-08,6594.18,9415.5,6594.18,9415.5,Paid
5612,468,2025-08-05,2025-08-05,6594.18,9332.9,6594.18,9332.9,Paid
5613,468,2025-09-05,2025-09-10,6594.18,9250.31,6594.18,9250.31,Paid
5614,468,2025-10-05,,6594.18,9167.72,0.0,0.0,Unpaid
5615,468,2025-11-05,2025-11-07,6594.18,9167.72,6594.18,9167.72,Paid
5616,468,2025-12-05,2025-12-10,6594.18,9085.13,6594.18,9085.13,Paid
5617,469,2025-01-05,2025-01-09,4296.43,7342.6,4296.43,7342.6,Paid
5618,469,2025-02-05,2025-02-06,4296.43,7281.41,4296.43,7281.41,Paid
5619,469,2025-03-05,2025-03-08,4296.43,7220.22,4296.43,7220.22,Paid
5620,469,2025-04-05,2025-04-09,4296.43,7159.04,4296.43,7159.04,Paid
5621,469,2025-05-05,2025-05-05,4296.43,7097.85,4296.43,7097.85,Paid
5622,469,2025-06-05,2025-06-08,4296.43,7036.66,4296.43,7036.66,Paid
5623,469,2025-07-05,2025-07-06,4296.43,6975.47,4296.43,6975.47,Paid
5624,469,2025-08-05,2025-08-06,4296.43,6914.28,4296.43,6914.28,Paid
5625,469,2025-09-05,2025-09-06,4296.43,6853.09,4296.43,6853.09,Paid
5626,469,2025-10-05,2025-10-07,4296.43,6791.91,4296.43,6791.91,Paid
5627,469,2025-11-05,2025-11-06,4296.43,6730.72,4296.43,6730.72,Paid
5628,469,2025-12-05,2025-12-09,4296.43,6669.53,4296.43,6669.53,Paid
5629,470,2025-01-05,2025-01-09,34576.11,18297.68,34576.11,18297.68,Paid
5630,470,2025-02-05,2025-02-05,34576.11,17789.41,34576.11,17789.41,Paid
5631,470,2025-03-05,,34576.11,17281.14,0.0,0.0,Unpaid
5632,470,2025-04-05,2025-04-05,34576.11,17281.14,34576.11,17281.14,Paid
5633,470,2025-05-05,2025-05-06,34576.11,16772.87,34576.11,16772.87,Paid
5634,470,2025-06-05,2025-06-05,34576.11,16264.6,34576.11,16264.6,Paid
5635,470,2025-07-05,2025-07-10,34576.11,15756.34,34576.11,15756.34,Paid
5636,470,2025-08-05,2025-08-10,34576.11,15248.07,34576.11,15248.07,Paid
5637,470,2025-09-05,2025-09-08,34576.11,14739.8,34576.11,14739.8,Paid
5638,470,2025-10-05,2025-10-09,34576.11,14231.53,34576.11,14231.53,Paid
5639,470,2025-11-05,,34576.11,13723.26,0.0,0.0,Unpaid
5640,470,2025-12-05,2025-12-07,34576.11,13723.26,34576.11,13723.26,Paid
5641,471,2025-01-05,2025-01-06,4437.45,1155.51,4437.45,1155.51,Paid
5642,471,2025-02-05,2025-02-10,4437.45,1123.41,4437.45,1123.41,Paid
5643,471,2025-03-05,2025-03-09,4437.45,1091.32,4437.45,1091.32,Paid
5644,471,2025-04-05,2025-04-07,4437.45,1059.22,4437.45,1059.22,Paid
5645,471,2025-05-05,2025-05-05,4437.45,1027.12,4437.45,1027.12,Paid
5646,471,2025-06-05,2025-06-09,4437.45,995.02,4437.45,995.02,Paid
5647,471,2025-07-05,2025-07-06,4437.45,962.93,4437.45,962.93,Paid
5648,471,2025-08-05,2025-08-09,4437.45,930.83,4437.45,930.83,Paid
5649,471,2025-09-05,2025-09-10,4437.45,898.73,4437.45,898.73,Paid
5650,471,2025-10-05,2025-10-09,4437.45,866.63,4437.45,866.63,Paid
5651,471,2025-11-05,2025-11-07,4437.45,834.54,4437.45,834.54,Paid
5652,471,2025-12-05,2025-12-10,4437.45,802.44,4437.45,802.44,Paid
5653,472,2025-01-05,2025-01-06,13542.25,3908.29,13542.25,3908.29,Paid
5654,472,2025-02-05,2025-02-10,13542.25,3745.45,13542.25,3745.45,Paid
5655,472,2025-03-05,2025-03-07,13542.25,3582.6,13542.25,3582.6,Paid
5656,472,2025-04-05,2025-04-06,13542.25,3419.76,13542.25,3419.76,Paid
5657,472,2025-05-05,2025-05-05,13542.25,3256.91,13542.25,3256.91,Paid
5658,472,2025-06-05,2025-06-10,13542.25,3094.07,13542.25,3094.07,Paid
5659,472,2025-07-05,2025-07-07,13542.25,2931.22,13542.25,2931.22,Paid
5660,472,2025-08-05,2025-08-05,13542.25,2768.37,13542.25,2768.37,Paid
5661,472,2025-09-05,2025-09-05,13542.25,2605.53,13542.25,2605.53,Paid
5662,472,2025-10-05,2025-10-06,13542.25,2442.68,13542.25,2442.68,Paid
5663,472,2025-11-05,,13542.25,2279.84,0.0,0.0,Unpaid
5664,472,2025-12-05,2025-12-06,13542.25,2279.84,13542.25,2279.84,Paid
5665,473,2025-01-05,2025-01-10,3327.69,2698.75,3327.69,2698.75,Paid
5666,473,2025-02-05,2025-02-09,3327.69,2653.77,3327.69,2653.77,Paid
5667,473,2025-03-05,2025-03-05,3327.69,2608.8,3327.69,2608.8,Paid
5668,473,2025-04-05,2025-04-06,3327.69,2563.82,3327.69,2563.82,Paid
5669,473,2025-05-05,2025-05-06,3327.69,2518.84,3327.69,2518.84,Paid
5670,473,2025-06-05,2025-06-06,3327.69,2473.86,3327.69,2473.86,Paid
5671,473,2025-07-05,2025-07-07,3327.69,2428.88,3327.69,2428.88,Paid
5672,473,2025-08-05,2025-08-10,3327.69,2383.9,3327.69,2383.9,Paid
5673,473,2025-09-05,2025-09-10,3327.69,2338.92,3327.69,2338.92,Paid
5674,473,2025-10-05,2025-10-07,3327.69,2293.94,3327.69,2293.94,Paid
5675,473,2025-11-05,,3327.69,2248.96,0.0,0.0,Unpaid
5676,473,2025-12-05,2025-12-05,3327.69,2248.96,3327.69,2248.96,Paid
5677,474,2025-01-05,2025-01-06,25210.38,7086.64,25210.38,7086.64,Paid
5678,474,2025-02-05,2025-02-05,25210.38,6889.79,25210.38,6889.79,Paid
5679,474,2025-03-05,,25210.38,6692.93,0.0,0.0,Unpaid
5680,474,2025-04-05,2025-04-10,25210.38,6692.93,25210.38,6692.93,Paid
5681,474,2025-05-05,2025-05-05,25210.38,6496.08,25210.38,6496.08,Paid
5682,474,2025-06-05,2025-06-10,25210.38,6299.23,25210.38,6299.23,Paid
5683,474,2025-07-05,2025-07-08,25210.38,6102.38,25210.38,6102.38,Paid
5684,474,2025-08-05,2025-08-10,25210.38,5905.53,25210.38,5905.53,Paid
5685,474,2025-09-05,2025-09-09,25210.38,5708.68,25210.38,5708.68,Paid
5686,474,2025-10-05,2025-10-05,25210.38,5511.83,25210.38,5511.83,Paid
5687,474,2025-11-05,2025-11-07,25210.38,5314.98,25210.38,5314.98,Paid
5688,474,2025-12-05,2025-12-06,25210.38,5118.13,25210.38,5118.13,Paid
5689,475,2025-01-05,2025-01-07,12582.6,5265.82,12582.6,5265.82,Paid
5690,475,2025-02-05,2025-02-05,12582.6,5119.54,12582.6,5119.54,Paid
5691,475,2025-03-05,2025-03-06,12582.6,4973.27,12582.6,4973.27,Paid
5692,475,2025-04-05,2025-04-06,12582.6,4827.0,12582.6,4827.0,Paid
5693,475,2025-05-05,2025-05-07,12582.6,4680.73,12582.6,4680.73,Paid
5694,475,2025-06-05,2025-06-08,12582.6,4534.45,12582.6,4534.45,Paid
5695,475,2025-07-05,2025-07-10,12582.6,4388.18,12582.6,4388.18,Paid
5696,475,2025-08-05,2025-08-07,12582.6,4241.91,12582.6,4241.91,Paid
5697,475,2025-09-05,2025-09-09,12582.6,4095.64,12582.6,4095.64,Paid
5698,475,2025-10-05,2025-10-09,12582.6,3949.36,12582.6,3949.36,Paid
5699,475,2025-11-05,2025-11-09,12582.6,3803.09,12582.6,3803.09,Paid
5700,475,2025-12-05,2025-12-09,12582.6,3656.82,12582.6,3656.82,Paid
5701,476,2025-01-05,,14758.02,2482.3,0.0,0.0,Unpaid
5702,476,2025-02-05,2025-02-06,14758.02,2482.3,14758.02,2482.3,Paid
5703,476,2025-03-05,2025-03-05,14758.02,2378.87,14758.02,2378.87,Paid
5704,476,2025-04-05,2025-04-09,14758.02,2275.44,14758.02,2275.44,Paid
5705,476,2025-05-05,2025-05-09,14758.02,2172.01,14758.02,2172.01,Paid
5706,476,2025-06-05,2025-06-08,14758.02,2068.58,14758.02,2068.58,Paid
5707,476,2025-07-05,2025-07-10,14758.02,1965.15,14758.02,1965.15,Paid
5708,476,2025-08-05,2025-08-06,14758.02,1861.72,14758.02,1861.72,Paid
5709,476,2025-09-05,2025-09-07,14758.02,1758.3,14758.02,1758.3,Paid
5710,476,2025-10-05,,14758.02,1654.87,0.0,0.0,Unpaid
5711,476,2025-11-05,2025-11-08,14758.02,1654.87,14758.02,1654.87,Paid
5712,476,2025-12-05,2025-12-10,14758.02,1551.44,14758.02,1551.44,Paid
5713,477,2025-01-05,2025-01-05,39238.44,14102.29,39238.44,14102.29,Paid
5714,477,2025-02-05,2025-02-08,39238.44,13514.7,39238.44,13514.7,Paid
5715,477,2025-03-05,2025-03-09,39238.44,12927.1,39238.44,12927.1,Paid
5716,477,2025-04-05,2025-04-07,39238.44,12339.51,39238.44,12339.51,Paid
5717,477,2025-05-05,2025-05-07,39238.44,11751.91,39238.44,11751.91,Paid
5718,477,2025-06-05,2025-06-10,39238.44,11164.32,39238.44,11164.32,Paid
5719,477,2025-07-05,2025-07-06,39238.44,10576.72,39238.44,10576.72,Paid
5720,477,2025-08-05,2025-08-06,39238.44,9989.12,39238.44,9989.12,Paid
5721,477,2025-09-05,2025-09-09,39238.44,9401.53,39238.44,9401.53,Paid
5722,477,2025-10-05,2025-10-08,39238.44,8813.93,39238.44,8813.93,Paid
5723,477,2025-11-05,2025-11-10,39238.44,8226.34,39238.44,8226.34,Paid
5724,477,2025-12-05,2025-12-07,39238.44,7638.74,39238.44,7638.74,Paid
5725,478,2025-01-05,,2375.3,2726.84,0.0,0.0,Unpaid
5726,478,2025-02-05,2025-02-05,2375.3,2726.84,2375.3,2726.84,Paid
5727,478,2025-03-05,2025-03-08,2375.3,2704.12,2375.3,2704.12,Paid
5728,478,2025-04-05,2025-04-05,2375.3,2681.39,2375.3,2681.39,Paid
5729,478,2025-05-05,,2375.3,2658.67,0.0,0.0,Unpaid
5730,478,2025-06-05,2025-06-10,2375.3,2658.67,2375.3,2658.67,Paid
5731,478,2025-07-05,2025-07-08,2375.3,2635.94,2375.3,2635.94,Paid
5732,478,2025-08-05,2025-08-08,2375.3,2613.22,2375.3,2613.22,Paid
5733,478,2025-09-05,2025-09-05,2375.3,2590.5,2375.3,2590.5,Paid
5734,478,2025-10-05,2025-10-10,2375.3,2567.77,2375.3,2567.77,Paid
5735,478,2025-11-05,2025-11-07,2375.3,2545.05,2375.3,2545.05,Paid
5736,478,2025-12-05,2025-12-08,2375.3,2522.33,2375.3,2522.33,Paid
5737,479,2025-01-05,2025-01-05,8334.9,5163.47,8334.9,5163.47,Paid
5738,479,2025-02-05,2025-02-07,8334.9,5077.41,8334.9,5077.41,Paid
5739,479,2025-03-05,2025-03-05,8334.9,4991.35,8334.9,4991.35,Paid
5740,479,2025-04-05,2025-04-07,8334.9,4905.3,8334.9,4905.3,Paid
5741,479,2025-05-05,2025-05-08,8334.9,4819.24,8334.9,4819.24,Paid
5742,479,2025-06-05,2025-06-09,8334.9,4733.18,8334.9,4733.18,Paid
5743,479,2025-07-05,2025-07-06,8334.9,4647.12,8334.9,4647.12,Paid
5744,479,2025-08-05,2025-08-07,8334.9,4561.06,8334.9,4561.06,Paid
5745,479,2025-09-05,2025-09-10,8334.9,4475.01,8334.9,4475.01,Paid
5746,479,2025-10-05,2025-10-05,8334.9,4388.95,8334.9,4388.95,Paid
5747,479,2025-11-05,2025-11-07,8334.9,4302.89,8334.9,4302.89,Paid
5748,479,2025-12-05,2025-12-06,8334.9,4216.83,8334.9,4216.83,Paid
5749,480,2025-01-05,2025-01-06,92997.89,19250.56,92997.89,19250.56,Paid
5750,480,2025-02-05,2025-02-09,92997.89,18448.46,92997.89,18448.46,Paid
5751,480,2025-03-05,2025-03-08,92997.89,17646.35,92997.89,17646.35,Paid
5752,480,2025-04-05,2025-04-07,92997.89,16844.24,92997.89,16844.24,Paid
5753,480,2025-05-05,2025-05-06,92997.89,16042.14,92997.89,16042.14,Paid
5754,480,2025-06-05,2025-06-09,92997.89,15240.03,92997.89,15240.03,Paid
5755,480,2025-07-05,2025-07-06,92997.89,14437.92,92997.89,14437.92,Paid
5756,480,2025-08-05,2025-08-08,92997.89,13635.82,92997.89,13635.82,Paid
5757,480,2025-09-05,2025-09-08,92997.89,12833.71,92997.89,12833.71,Paid
5758,480,2025-10-05,2025-10-07,92997.89,12031.6,92997.89,12031.6,Paid
5759,480,2025-11-05,2025-11-07,92997.89,11229.5,92997.89,11229.5,Paid
5760,480,2025-12-05,2025-12-07,92997.89,10427.39,92997.89,10427.39,Paid
5761,481,2025-01-05,2025-01-06,18653.93,10390.24,18653.93,10390.24,Paid
5762,481,2025-02-05,2025-02-10,18653.93,10217.07,18653.93,10217.07,Paid
5763,481,2025-03-05,2025-03-09,18653.93,10043.9,18653.93,10043.9,Paid
5764,481,2025-04-05,2025-04-10,18653.93,9870.73,18653.93,9870.73,Paid
5765,481,2025-05-05,2025-05-07,18653.93,9697.56,18653.93,9697.56,Paid
5766,481,2025-06-05,,18653.93,9524.39,0.0,0.0,Unpaid
5767,481,2025-07-05,2025-07-06,18653.93,9524.39,18653.93,9524.39,Paid
5768,481,2025-08-05,2025-08-10,18653.93,9351.22,18653.93,9351.22,Paid
5769,481,2025-09-05,2025-09-10,18653.93,9178.05,18653.93,9178.05,Paid
5770,481,2025-10-05,2025-10-10,18653.93,9004.88,18653.93,9004.88,Paid
5771,481,2025-11-05,2025-11-07,18653.93,8831.7,18653.93,8831.7,Paid
5772,481,2025-12-05,2025-12-06,18653.93,8658.53,18653.93,8658.53,Paid
5773,482,2025-01-05,2025-01-08,18368.01,15098.5,18368.01,15098.5,Paid
5774,482,2025-02-05,2025-02-08,18368.01,14846.86,18368.01,14846.86,Paid
5775,482,2025-03-05,2025-03-07,18368.01,14595.22,18368.01,14595.22,Paid
5776,482,2025-04-05,2025-04-05,18368.01,14343.58,18368.01,14343.58,Paid
5777,482,2025-05-05,2025-05-08,18368.01,14091.94,18368.01,14091.94,Paid
5778,482,2025-06-05,2025-06-06,18368.01,13840.29,18368.01,13840.29,Paid
5779,482,2025-07-05,2025-07-09,18368.01,13588.65,18368.01,13588.65,Paid
5780,482,2025-08-05,2025-08-05,18368.01,13337.01,18368.01,13337.01,Paid
5781,482,2025-09-05,2025-09-09,18368.01,13085.37,18368.01,13085.37,Paid
5782,482,2025-10-05,2025-10-10,18368.01,12833.73,18368.01,12833.73,Paid
5783,482,2025-11-05,2025-11-07,18368.01,12582.08,18368.01,12582.08,Paid
5784,482,2025-12-05,2025-12-09,18368.01,12330.44,18368.01,12330.44,Paid
5785,483,2025-01-05,2025-01-06,8730.69,7106.78,8730.69,7106.78,Paid
5786,483,2025-02-05,2025-02-09,8730.69,7047.56,8730.69,7047.56,Paid
5787,483,2025-03-05,,8730.69,6988.34,0.0,0.0,Unpaid
5788,483,2025-04-05,2025-04-05,8730.69,6988.34,8730.69,6988.34,Paid
5789,483,2025-05-05,,8730.69,6929.11,0.0,0.0,Unpaid
5790,483,2025-06-05,,8730.69,6929.11,0.0,0.0,Unpaid
5791,483,2025-07-05,2025-07-05,8730.69,6929.11,8730.69,6929.11,Paid
5792,483,2025-08-05,2025-08-06,8730.69,6869.89,8730.69,6869.89,Paid
5793,483,2025-09-05,2025-09-05,8730.69,6810.67,8730.69,6810.67,Paid
5794,483,2025-10-05,2025-10-09,8730.69,6751.44,8730.69,6751.44,Paid
5795,483,2025-11-05,2025-11-08,8730.69,6692.22,8730.69,6692.22,Paid
5796,483,2025-12-05,2025-12-05,8730.69,6633.0,8730.69,6633.0,Paid
5797,484,2025-01-05,2025-01-06,21669.46,7471.63,21669.46,7471.63,Paid
5798,484,2025-02-05,2025-02-06,21669.46,7160.31,21669.46,7160.31,Paid
5799,484,2025-03-05,2025-03-05,21669.46,6849.0,21669.46,6849.0,Paid
5800,484,2025-04-05,2025-04-08,21669.46,6537.68,21669.46,6537.68,Paid
5801,484,2025-05-05,2025-05-06,21669.46,6226.36,21669.46,6226.36,Paid
5802,484,2025-06-05,2025-06-07,21669.46,5915.04,21669.46,5915.04,Paid
5803,484,2025-07-05,2025-07-07,21669.46,5603.72,21669.46,5603.72,Paid
5804,484,2025-08-05,2025-08-05,21669.46,5292.41,21669.46,5292.41,Paid
5805,484,2025-09-05,2025-09-05,21669.46,4981.09,21669.46,4981.09,Paid
5806,484,2025-10-05,2025-10-07,21669.46,4669.77,21669.46,4669.77,Paid
5807,484,2025-11-05,2025-11-05,21669.46,4358.45,21669.46,4358.45,Paid
5808,484,2025-12-05,2025-12-07,21669.46,4047.13,21669.46,4047.13,Paid
5809,485,2025-01-05,2025-01-08,2400.75,1926.6,2400.75,1926.6,Paid
5810,485,2025-02-05,2025-02-05,2400.75,1894.49,2400.75,1894.49,Paid
5811,485,2025-03-05,2025-03-10,2400.75,1862.38,2400.75,1862.38,Paid
5812,485,2025-04-05,2025-04-05,2400.75,1830.27,2400.75,1830.27,Paid
5813,485,2025-05-05,2025-05-09,2400.75,1798.16,2400.75,1798.16,Paid
5814,485,2025-06-05,2025-06-10,2400.75,1766.05,2400.75,1766.05,Paid
5815,485,2025-07-05,2025-07-10,2400.75,1733.94,2400.75,1733.94,Paid
5816,485,2025-08-05,2025-08-07,2400.75,1701.83,2400.75,1701.83,Paid
5817,485,2025-09-05,2025-09-07,2400.75,1669.72,2400.75,1669.72,Paid
5818,485,2025-10-05,2025-10-07,2400.75,1637.61,2400.75,1637.61,Paid
5819,485,2025-11-05,2025-11-10,2400.75,1605.5,2400.75,1605.5,Paid
5820,485,2025-12-05,2025-12-07,2400.75,1573.39,2400.75,1573.39,Paid
5821,486,2025-01-05,2025-01-07,26444.25,14264.03,26444.25,14264.03,Paid
5822,486,2025-02-05,2025-02-10,26444.25,13867.81,26444.25,13867.81,Paid
5823,486,2025-03-05,2025-03-05,26444.25,13471.58,26444.25,13471.58,Paid
5824,486,2025-04-05,2025-04-05,26444.25,13075.36,26444.25,13075.36,Paid
5825,486,2025-05-05,2025-05-10,26444.25,12679.14,26444.25,12679.14,Paid
5826,486,2025-06-05,2025-06-10,26444.25,12282.91,26444.25,12282.91,Paid
5827,486,2025-07-05,2025-07-05,26444.25,11886.69,26444.25,11886.69,Paid
5828,486,2025-08-05,2025-08-06,26444.25,11490.47,26444.25,11490.47,Paid
5829,486,2025-09-05,2025-09-05,26444.25,11094.24,26444.25,11094.24,Paid
5830,486,2025-10-05,2025-10-06,26444.25,10698.02,26444.25,10698.02,Paid
5831,486,2025-11-05,2025-11-07,26444.25,10301.8,26444.25,10301.8,Paid
5832,486,2025-12-05,2025-12-10,26444.25,9905.58,26444.25,9905.58,Paid
5833,487,2025-01-05,2025-01-10,15749.84,5301.39,15749.84,5301.39,Paid
5834,487,2025-02-05,2025-02-05,15749.84,5154.13,15749.84,5154.13,Paid
5835,487,2025-03-05,,15749.84,5006.87,0.0,0.0,Unpaid
5836,487,2025-04-05,2025-04-09,15749.84,5006.87,15749.84,5006.87,Paid
5837,487,2025-05-05,2025-05-06,15749.84,4859.61,15749.84,4859.61,Paid
5838,487,2025-06-05,2025-06-06,15749.84,4712.35,15749.84,4712.35,Paid
5839,487,2025-07-05,2025-07-08,15749.84,4565.09,15749.84,4565.09,Paid
5840,487,2025-08-05,2025-08-06,15749.84,4417.83,15749.84,4417.83,Paid
5841,487,2025-09-05,,15749.84,4270.57,0.0,0.0,Unpaid
5842,487,2025-10-05,2025-10-09,15749.84,4270.57,15749.84,4270.57,Paid
5843,487,2025-11-05,2025-11-07,15749.84,4123.31,15749.84,4123.31,Paid
5844,487,2025-12-05,2025-12-05,15749.84,3976.05,15749.84,3976.05,Paid
5845,488,2025-01-05,2025-01-08,200121.57,39584.05,200121.57,39584.05,Paid
5846,488,2025-02-05,2025-02-07,200121.57,37934.71,200121.57,37934.71,Paid
5847,488,2025-03-05,2025-03-08,200121.57,36285.38,200121.57,36285.38,Paid
5848,488,2025-04-05,2025-04-08,200121.57,34636.04,200121.57,34636.04,Paid
5849,488,2025-05-05,2025-05-05,200121.57,32986.7,200121.57,32986.7,Paid
5850,488,2025-06-05,2025-06-05,200121.57,31337.37,200121.57,31337.37,Paid
5851,488,2025-07-05,2025-07-06,200121.57,29688.03,200121.57,29688.03,Paid
5852,488,2025-08-05,2025-08-10,200121.57,28038.7,200121.57,28038.7,Paid
5853,488,2025-09-05,2025-09-07,200121.57,26389.36,200121.57,26389.36,Paid
5854,488,2025-10-05,2025-10-09,200121.57,24740.03,200121.57,24740.03,Paid
5855,488,2025-11-05,2025-11-08,200121.57,23090.69,200121.57,23090.69,Paid
5856,488,2025-12-05,2025-12-05,200121.57,21441.36,200121.57,21441.36,Paid
5857,489,2025-01-05,2025-01-08,24362.81,7995.87,24362.81,7995.87,Paid
5858,489,2025-02-05,2025-02-08,24362.81,7662.71,24362.81,7662.71,Paid
5859,489,2025-03-05,2025-03-05,24362.81,7329.55,24362.81,7329.55,Paid
5860,489,2025-04-05,2025-04-07,24362.81,6996.39,24362.81,6996.39,Paid
5861,489,2025-05-05,2025-05-10,24362.81,6663.23,24362.81,6663.23,Paid
5862,489,2025-06-05,2025-06-06,24362.81,6330.07,24362.81,6330.07,Paid
5863,489,2025-07-05,2025-07-09,24362.81,5996.91,24362.81,5996.91,Paid
5864,489,2025-08-05,2025-08-07,24362.81,5663.74,24362.81,5663.74,Paid
5865,489,2025-09-05,2025-09-05,24362.81,5330.58,24362.81,5330.58,Paid
5866,489,2025-10-05,2025-10-06,24362.81,4997.42,24362.81,4997.42,Paid
5867,489,2025-11-05,2025-11-07,24362.81,4664.26,24362.81,4664.26,Paid
5868,489,2025-12-05,2025-12-05,24362.81,4331.1,24362.81,4331.1,Paid
5869,490,2025-01-05,2025-01-07,1848.72,2682.49,1848.72,2682.49,Paid
5870,490,2025-02-05,2025-02-07,1848.72,2660.13,1848.72,2660.13,Paid
5871,490,2025-03-05,,1848.72,2637.78,0.0,0.0,Unpaid
5872,490,2025-04-05,2025-04-05,1848.72,2637.78,1848.72,2637.78,Paid
5873,490,2025-05-05,2025-05-05,1848.72,2615.43,1848.72,2615.43,Paid
5874,490,2025-06-05,2025-06-09,1848.72,2593.07,1848.72,2593.07,Paid
5875,490,2025-07-05,2025-07-08,1848.72,2570.72,1848.72,2570.72,Paid
5876,490,2025-08-05,2025-08-06,1848.72,2548.36,1848.72,2548.36,Paid
5877,490,2025-09-05,2025-09-08,1848.72,2526.01,1848.72,2526.01,Paid
5878,490,2025-10-05,2025-10-06,1848.72,2503.65,1848.72,2503.65,Paid
5879,490,2025-11-05,2025-11-10,1848.72,2481.3,1848.72,2481.3,Paid
5880,490,2025-12-05,2025-12-08,1848.72,2458.95,1848.72,2458.95,Paid
5881,491,2025-01-05,,27152.68,9082.57,0.0,0.0,Unpaid
5882,491,2025-02-05,2025-02-08,27152.68,9082.57,27152.68,9082.57,Paid
5883,491,2025-03-05,2025-03-06,27152.68,8830.28,27152.68,8830.28,Paid
5884,491,2025-04-05,2025-04-07,27152.68,8577.98,27152.68,8577.98,Paid
5885,491,2025-05-05,2025-05-08,27152.68,8325.69,27152.68,8325.69,Paid
5886,491,2025-06-05,2025-06-08,27152.68,8073.4,27152.68,8073.4,Paid
5887,491,2025-07-05,2025-07-09,27152.68,7821.1,27152.68,7821.1,Paid
5888,491,2025-08-05,2025-08-08,27152.68,7568.81,27152.68,7568.81,Paid
5889,491,2025-09-05,2025-09-10,27152.68,7316.52,27152.68,7316.52,Paid
5890,491,2025-10-05,2025-10-09,27152.68,7064.22,27152.68,7064.22,Paid
5891,491,2025-11-05,2025-11-08,27152.68,6811.93,27152.68,6811.93,Paid
5892,491,2025-12-05,2025-12-10,27152.68,6559.64,27152.68,6559.64,Paid
5893,492,2025-01-05,2025-01-09,4067.45,3016.01,4067.45,3016.01,Paid
5894,492,2025-02-05,2025-02-07,4067.45,2965.75,4067.45,2965.75,Paid
5895,492,2025-03-05,2025-03-07,4067.45,2915.48,4067.45,2915.48,Paid
5896,492,2025-04-05,2025-04-09,4067.45,2865.21,4067.45,2865.21,Paid
5897,492,2025-05-05,2025-05-06,4067.45,2814.94,4067.45,2814.94,Paid
5898,492,2025-06-05,2025-06-09,4067.45,2764.68,4067.45,2764.68,Paid
5899,492,2025-07-05,2025-07-08,4067.45,2714.41,4067.45,2714.41,Paid
5900,492,2025-08-05,2025-08-07,4067.45,2664.14,4067.45,2664.14,Paid
5901,492,2025-09-05,2025-09-08,4067.45,2613.88,4067.45,2613.88,Paid
5902,492,2025-10-05,2025-10-08,4067.45,2563.61,4067.45,2563.61,Paid
5903,492,2025-11-05,2025-11-10,4067.45,2513.34,4067.45,2513.34,Paid
5904,492,2025-12-05,,4067.45,2463.08,0.0,0.0,Unpaid
5905,493,2025-01-05,2025-01-05,4381.86,5617.54,4381.86,5617.54,Paid
5906,493,2025-02-05,2025-02-09,4381.86,5570.73,4381.86,5570.73,Paid
5907,493,2025-03-05,2025-03-05,4381.86,5523.92,4381.86,5523.92,Paid
5908,493,2025-04-05,2025-04-08,4381.86,5477.11,4381.86,5477.11,Paid
5909,493,2025-05-05,2025-05-08,4381.86,5430.29,4381.86,5430.29,Paid
5910,493,2025-06-05,2025-06-09,4381.86,5383.48,4381.86,5383.48,Paid
5911,493,2025-07-05,2025-07-07,4381.86,5336.67,4381.86,5336.67,Paid
5912,493,2025-08-05,2025-08-06,4381.86,5289.85,4381.86,5289.85,Paid
5913,493,2025-09-05,2025-09-09,4381.86,5243.04,4381.86,5243.04,Paid
5914,493,2025-10-05,2025-10-09,4381.86,5196.23,4381.86,5196.23,Paid
5915,493,2025-11-05,2025-11-06,4381.86,5149.42,4381.86,5149.42,Paid
5916,493,2025-12-05,2025-12-07,4381.86,5102.6,4381.86,5102.6,Paid
5917,494,2025-01-05,2025-01-10,8238.97,3538.64,8238.97,3538.64,Paid
5918,494,2025-02-05,2025-02-09,8238.97,3479.66,8238.97,3479.66,Paid
5919,494,2025-03-05,2025-03-08,8238.97,3420.69,8238.97,3420.69,Paid
5920,494,2025-04-05,2025-04-06,8238.97,3361.71,8238.97,3361.71,Paid
5921,494,2025-05-05,2025-05-05,8238.97,3302.73,8238.97,3302.73,Paid
5922,494,2025-06-05,2025-06-07,8238.97,3243.75,8238.97,3243.75,Paid
5923,494,2025-07-05,2025-07-07,8238.97,3184.78,8238.97,3184.78,Paid
5924,494,2025-08-05,2025-08-09,8238.97,3125.8,8238.97,3125.8,Paid
5925,494,2025-09-05,2025-09-05,8238.97,3066.82,8238.97,3066.82,Paid
5926,494,2025-10-05,2025-10-08,8238.97,3007.84,8238.97,3007.84,Paid
5927,494,2025-11-05,2025-11-06,8238.97,2948.87,8238.97,2948.87,Paid
5928,494,2025-12-05,2025-12-10,8238.97,2889.89,8238.97,2889.89,Paid
5929,495,2025-01-05,2025-01-09,26573.73,15545.63,26573.73,15545.63,Paid
5930,495,2025-02-05,2025-02-07,26573.73,15286.54,26573.73,15286.54,Paid
5931,495,2025-03-05,2025-03-05,26573.73,15027.45,26573.73,15027.45,Paid
5932,495,2025-04-05,2025-04-06,26573.73,14768.35,26573.73,14768.35,Paid
5933,495,2025-05-05,2025-05-06,26573.73,14509.26,26573.73,14509.26,Paid
5934,495,2025-06-05,2025-06-07,26573.73,14250.16,26573.73,14250.16,Paid
5935,495,2025-07-05,2025-07-10,26573.73,13991.07,26573.73,13991.07,Paid
5936,495,2025-08-05,2025-08-09,26573.73,13731.98,26573.73,13731.98,Paid
5937,495,2025-09-05,2025-09-05,26573.73,13472.88,26573.73,13472.88,Paid
5938,495,2025-10-05,2025-10-07,26573.73,13213.79,26573.73,13213.79,Paid
5939,495,2025-11-05,2025-11-05,26573.73,12954.7,26573.73,12954.7,Paid
5940,495,2025-12-05,2025-12-05,26573.73,12695.6,26573.73,12695.6,Paid
5941,496,2025-01-05,2025-01-05,7219.41,3595.27,7219.41,3595.27,Paid
5942,496,2025-02-05,2025-02-08,7219.41,3535.34,7219.41,3535.34,Paid
5943,496,2025-03-05,2025-03-06,7219.41,3475.42,7219.41,3475.42,Paid
5944,496,2025-04-05,2025-04-06,7219.41,3415.5,7219.41,3415.5,Paid
5945,496,2025-05-05,2025-05-10,7219.41,3355.58,7219.41,3355.58,Paid
5946,496,2025-06-05,2025-06-06,7219.41,3295.66,7219.41,3295.66,Paid
5947,496,2025-07-05,2025-07-05,7219.41,3235.74,7219.41,3235.74,Paid
5948,496,2025-08-05,2025-08-06,7219.41,3175.82,7219.41,3175.82,Paid
5949,496,2025-09-05,2025-09-08,7219.41,3115.9,7219.41,3115.9,Paid
5950,496,2025-10-05,2025-10-09,7219.41,3055.98,7219.41,3055.98,Paid
5951,496,2025-11-05,2025-11-05,7219.41,2996.05,7219.41,2996.05,Paid
5952,496,2025-12-05,2025-12-07,7219.41,2936.13,7219.41,2936.13,Paid
5953,497,2025-01-05,2025-01-09,56295.96,15233.69,56295.96,15233.69,Paid
5954,497,2025-02-05,2025-02-06,56295.96,14810.53,56295.96,14810.53,Paid
5955,497,2025-03-05,2025-03-09,56295.96,14387.37,56295.96,14387.37,Paid
5956,497,2025-04-05,2025-04-10,56295.96,13964.21,56295.96,13964.21,Paid
5957,497,2025-05-05,2025-05-08,56295.96,13541.05,56295.96,13541.05,Paid
5958,497,2025-06-05,2025-06-05,56295.96,13117.9,56295.96,13117.9,Paid
5959,497,2025-07-05,2025-07-10,56295.96,12694.74,56295.96,12694.74,Paid
5960,497,2025-08-05,2025-08-06,56295.96,12271.58,56295.96,12271.58,Paid
5961,497,2025-09-05,2025-09-08,56295.96,11848.42,56295.96,11848.42,Paid
5962,497,2025-10-05,2025-10-07,56295.96,11425.26,56295.96,11425.26,Paid
5963,497,2025-11-05,2025-11-06,56295.96,11002.11,56295.96,11002.11,Paid
5964,497,2025-12-05,2025-12-09,56295.96,10578.95,56295.96,10578.95,Paid
5965,498,2025-01-05,,37954.0,31027.4,0.0,0.0,Unpaid
5966,498,2025-02-05,2025-02-09,37954.0,31027.4,37954.0,31027.4,Paid
5967,498,2025-03-05,2025-03-09,37954.0,30510.27,37954.0,30510.27,Paid
5968,498,2025-04-05,2025-04-06,37954.0,29993.15,37954.0,29993.15,Paid
5969,498,2025-05-05,2025-05-10,37954.0,29476.03,37954.0,29476.03,Paid
5970,498,2025-06-05,2025-06-06,37954.0,28958.9,37954.0,28958.9,Paid
5971,498,2025-07-05,2025-07-10,37954.0,28441.78,37954.0,28441.78,Paid
5972,498,2025-08-05,,37954.0,27924.66,0.0,0.0,Unpaid
5973,498,2025-09-05,2025-09-05,37954.0,27924.66,37954.0,27924.66,Paid
5974,498,2025-10-05,2025-10-09,37954.0,27407.53,37954.0,27407.53,Paid
5975,498,2025-11-05,2025-11-05,37954.0,26890.41,37954.0,26890.41,Paid
5976,498,2025-12-05,2025-12-05,37954.0,26373.29,37954.0,26373.29,Paid
5977,499,2025-01-05,2025-01-09,42852.68,20903.54,42852.68,20903.54,Paid
5978,499,2025-02-05,2025-02-05,42852.68,20322.88,42852.68,20322.88,Paid
5979,499,2025-03-05,2025-03-07,42852.68,19742.23,42852.68,19742.23,Paid
5980,499,2025-04-05,2025-04-10,42852.68,19161.58,42852.68,19161.58,Paid
5981,499,2025-05-05,,42852.68,18580.92,0.0,0.0,Unpaid
5982,499,2025-06-05,2025-06-10,42852.68,18580.92,42852.68,18580.92,Paid
5983,499,2025-07-05,2025-07-09,42852.68,18000.27,42852.68,18000.27,Paid
5984,499,2025-08-05,2025-08-07,42852.68,17419.61,42852.68,17419.61,Paid
5985,499,2025-09-05,2025-09-05,42852.68,16838.96,42852.68,16838.96,Paid
5986,499,2025-10-05,2025-10-09,42852.68,16258.31,42852.68,16258.31,Paid
5987,499,2025-11-05,2025-11-09,42852.68,15677.65,42852.68,15677.65,Paid
5988,499,2025-12-05,2025-12-06,42852.68,15097.0,42852.68,15097.0,Paid
5989,500,2025-01-05,2025-01-09,12249.83,3229.05,12249.83,3229.05,Paid
5990,500,2025-02-05,2025-02-10,12249.83,3094.51,12249.83,3094.51,Paid
5991,500,2025-03-05,,12249.83,2959.97,0.0,0.0,Unpaid
5992,500,2025-04-05,2025-04-05,12249.83,2959.97,12249.83,2959.97,Paid
5993,500,2025-05-05,,12249.83,2825.42,0.0,0.0,Unpaid
5994,500,2025-06-05,2025-06-05,12249.83,2825.42,12249.83,2825.42,Paid
5995,500,2025-07-05,2025-07-06,12249.83,2690.88,12249.83,2690.88,Paid
5996,500,2025-08-05,2025-08-06,12249.83,2556.33,12249.83,2556.33,Paid
5997,500,2025-09-05,2025-09-06,12249.83,2421.79,12249.83,2421.79,Paid
5998,500,2025-10-05,2025-10-05,12249.83,2287.25,12249.83,2287.25,Paid
5999,500,2025-11-05,2025-11-06,12249.83,2152.7,12249.83,2152.7,Paid
6000,500,2025-12-05,2025-12-09,12249.83,2018.16,12249.83,2018.16,Paid
6001,501,2025-01-05,2025-01-08,7918.52,10547.47,7918.52,10547.47,Paid
6002,501,2025-02-05,2025-02-09,7918.52,10459.58,7918.52,10459.58,Paid
6003,501,2025-03-05,2025-03-10,7918.52,10371.68,7918.52,10371.68,Paid
6004,501,2025-04-05,2025-04-06,7918.52,10283.79,7918.52,10283.79,Paid
6005,501,2025-05-05,2025-05-08,7918.52,10195.89,7918.52,10195.89,Paid
6006,501,2025-06-05,2025-06-09,7918.52,10108.0,7918.52,10108.0,Paid
6007,501,2025-07-05,2025-07-06,7918.52,10020.1,7918.52,10020.1,Paid
6008,501,2025-08-05,2025-08-05,7918.52,9932.2,7918.52,9932.2,Paid
6009,501,2025-09-05,2025-09-09,7918.52,9844.31,7918.52,9844.31,Paid
6010,501,2025-10-05,2025-10-08,7918.52,9756.41,7918.52,9756.41,Paid
6011,501,2025-11-05,2025-11-09,7918.52,9668.52,7918.52,9668.52,Paid
6012,501,2025-12-05,2025-12-07,7918.52,9580.62,7918.52,9580.62,Paid
6013,502,2025-01-05,2025-01-08,15609.89,11551.32,15609.89,11551.32,Paid
6014,502,2025-02-05,2025-02-07,15609.89,11358.8,15609.89,11358.8,Paid
6015,502,2025-03-05,2025-03-06,15609.89,11166.28,15609.89,11166.28,Paid
6016,502,2025-04-05,2025-04-10,15609.89,10973.76,15609.89,10973.76,Paid
6017,502,2025-05-05,2025-05-05,15609.89,10781.23,15609.89,10781.23,Paid
6018,502,2025-06-05,2025-06-07,15609.89,10588.71,15609.89,10588.71,Paid
6019,502,2025-07-05,2025-07-05,15609.89,10396.19,15609.89,10396.19,Paid
6020,502,2025-08-05,2025-08-10,15609.89,10203.67,15609.89,10203.67,Paid
6021,502,2025-09-05,2025-09-08,15609.89,10011.15,15609.89,10011.15,Paid
6022,502,2025-10-05,2025-10-07,15609.89,9818.62,15609.89,9818.62,Paid
6023,502,2025-11-05,2025-11-08,15609.89,9626.1,15609.89,9626.1,Paid
6024,502,2025-12-05,2025-12-08,15609.89,9433.58,15609.89,9433.58,Paid
6025,503,2025-01-05,2025-01-10,30939.52,14646.77,30939.52,14646.77,Paid
6026,503,2025-02-05,2025-02-05,30939.52,14239.91,30939.52,14239.91,Paid
6027,503,2025-03-05,2025-03-05,30939.52,13833.06,30939.52,13833.06,Paid
6028,503,2025-04-05,2025-04-08,30939.52,13426.2,30939.52,13426.2,Paid
6029,503,2025-05-05,2025-05-07,30939.52,13019.35,30939.52,13019.35,Paid
6030,503,2025-06-05,2025-06-08,30939.52,12612.49,30939.52,12612.49,Paid
6031,503,2025-07-05,2025-07-07,30939.52,12205.64,30939.52,12205.64,Paid
6032,503,2025-08-05,2025-08-07,30939.52,11798.78,30939.52,11798.78,Paid
6033,503,2025-09-05,2025-09-10,30939.52,11391.93,30939.52,11391.93,Paid
6034,503,2025-10-05,2025-10-10,30939.52,10985.08,30939.52,10985.08,Paid
6035,503,2025-11-05,2025-11-10,30939.52,10578.22,30939.52,10578.22,Paid
6036,503,2025-12-05,2025-12-08,30939.52,10171.37,30939.52,10171.37,Paid
6037,504,2025-01-05,2025-01-07,42319.93,13880.94,42319.93,13880.94,Paid
6038,504,2025-02-05,2025-02-09,42319.93,13302.56,42319.93,13302.56,Paid
6039,504,2025-03-05,2025-03-10,42319.93,12724.19,42319.93,12724.19,Paid
6040,504,2025-04-05,2025-04-07,42319.93,12145.82,42319.93,12145.82,Paid
6041,504,2025-05-05,2025-05-09,42319.93,11567.45,42319.93,11567.45,Paid
6042,504,2025-06-05,2025-06-07,42319.93,10989.08,42319.93,10989.08,Paid
6043,504,2025-07-05,2025-07-10,42319.93,10410.7,42319.93,10410.7,Paid
6044,504,2025-08-05,2025-08-10,42319.93,9832.33,42319.93,9832.33,Paid
6045,504,2025-09-05,2025-09-05,42319.93,9253.96,42319.93,9253.96,Paid
6046,504,2025-10-05,2025-10-07,42319.93,8675.59,42319.93,8675.59,Paid
6047,504,2025-11-05,2025-11-06,42319.93,8097.21,42319.93,8097.21,Paid
6048,504,2025-12-05,2025-12-06,42319.93,7518.84,42319.93,7518.84,Paid
6049,505,2025-01-05,2025-01-10,23500.66,18048.5,23500.66,18048.5,Paid
6050,505,2025-02-05,2025-02-09,23500.66,17747.7,23500.66,17747.7,Paid
6051,505,2025-03-05,2025-03-05,23500.66,17446.89,23500.66,17446.89,Paid
6052,505,2025-04-05,2025-04-09,23500.66,17146.08,23500.66,17146.08,Paid
6053,505,2025-05-05,2025-05-10,23500.66,16845.27,23500.66,16845.27,Paid
6054,505,2025-06-05,2025-06-05,23500.66,16544.46,23500.66,16544.46,Paid
6055,505,2025-07-05,2025-07-10,23500.66,16243.65,23500.66,16243.65,Paid
6056,505,2025-08-05,2025-08-06,23500.66,15942.85,23500.66,15942.85,Paid
6057,505,2025-09-05,2025-09-09,23500.66,15642.04,23500.66,15642.04,Paid
6058,505,2025-10-05,2025-10-06,23500.66,15341.23,23500.66,15341.23,Paid
6059,505,2025-11-05,2025-11-08,23500.66,15040.42,23500.66,15040.42,Paid
6060,505,2025-12-05,2025-12-05,23500.66,14739.61,23500.66,14739.61,Paid
6061,506,2025-01-05,2025-01-09,15049.16,26546.72,15049.16,26546.72,Paid
6062,506,2025-02-05,2025-02-05,15049.16,26325.5,15049.16,26325.5,Paid
6063,506,2025-03-05,2025-03-08,15049.16,26104.28,15049.16,26104.28,Paid
6064,506,2025-04-05,2025-04-08,15049.16,25883.05,15049.16,25883.05,Paid
6065,506,2025-05-05,2025-05-08,15049.16,25661.83,15049.16,25661.83,Paid
6066,506,2025-06-05,2025-06-09,15049.16,25440.61,15049.16,25440.61,Paid
6067,506,2025-07-05,2025-07-07,15049.16,25219.39,15049.16,25219.39,Paid
6068,506,2025-08-05,2025-08-06,15049.16,24998.16,15049.16,24998.16,Paid
6069,506,2025-09-05,2025-09-10,15049.16,24776.94,15049.16,24776.94,Paid
6070,506,2025-10-05,2025-10-05,15049.16,24555.72,15049.16,24555.72,Paid
6071,506,2025-11-05,2025-11-09,15049.16,24334.5,15049.16,24334.5,Paid
6072,506,2025-12-05,2025-12-05,15049.16,24113.27,15049.16,24113.27,Paid
6073,507,2025-01-05,2025-01-09,11915.14,3885.53,11915.14,3885.53,Paid
6074,507,2025-02-05,2025-02-06,11915.14,3777.6,11915.14,3777.6,Paid
6075,507,2025-03-05,2025-03-07,11915.14,3669.66,11915.14,3669.66,Paid
6076,507,2025-04-05,2025-04-09,11915.14,3561.73,11915.14,3561.73,Paid
6077,507,2025-05-05,2025-05-08,11915.14,3453.8,11915.14,3453.8,Paid
6078,507,2025-06-05,2025-06-07,11915.14,3345.87,11915.14,3345.87,Paid
6079,507,2025-07-05,2025-07-08,11915.14,3237.94,11915.14,3237.94,Paid
6080,507,2025-08-05,2025-08-05,11915.14,3130.01,11915.14,3130.01,Paid
6081,507,2025-09-05,2025-09-07,11915.14,3022.08,11915.14,3022.08,Paid
6082,507,2025-10-05,2025-10-08,11915.14,2914.15,11915.14,2914.15,Paid
6083,507,2025-11-05,,11915.14,2806.21,0.0,0.0,Unpaid
6084,507,2025-12-05,2025-12-07,11915.14,2806.21,11915.14,2806.21,Paid
6085,508,2025-01-05,2025-01-05,4680.58,3566.6,4680.58,3566.6,Paid
6086,508,2025-02-05,2025-02-09,4680.58,3507.16,4680.58,3507.16,Paid
6087,508,2025-03-05,2025-03-07,4680.58,3447.72,4680.58,3447.72,Paid
6088,508,2025-04-05,2025-04-08,4680.58,3388.27,4680.58,3388.27,Paid
6089,508,2025-05-05,2025-05-07,4680.58,3328.83,4680.58,3328.83,Paid
6090,508,2025-06-05,2025-06-10,4680.58,3269.39,4680.58,3269.39,Paid
6091,508,2025-07-05,2025-07-08,4680.58,3209.94,4680.58,3209.94,Paid
6092,508,2025-08-05,2025-08-09,4680.58,3150.5,4680.58,3150.5,Paid
6093,508,2025-09-05,2025-09-06,4680.58,3091.06,4680.58,3091.06,Paid
6094,508,2025-10-05,2025-10-08,4680.58,3031.61,4680.58,3031.61,Paid
6095,508,2025-11-05,2025-11-10,4680.58,2972.17,4680.58,2972.17,Paid
6096,508,2025-12-05,2025-12-07,4680.58,2912.72,4680.58,2912.72,Paid
6097,509,2025-01-05,2025-01-08,14930.25,16109.74,14930.25,16109.74,Paid
6098,509,2025-02-05,2025-02-05,14930.25,15975.49,14930.25,15975.49,Paid
6099,509,2025-03-05,2025-03-06,14930.25,15841.25,14930.25,15841.25,Paid
6100,509,2025-04-05,2025-04-09,14930.25,15707.0,14930.25,15707.0,Paid
6101,509,2025-05-05,2025-05-06,14930.25,15572.75,14930.25,15572.75,Paid
6102,509,2025-06-05,2025-06-06,14930.25,15438.5,14930.25,15438.5,Paid
6103,509,2025-07-05,2025-07-10,14930.25,15304.25,14930.25,15304.25,Paid
6104,509,2025-08-05,2025-08-06,14930.25,15170.01,14930.25,15170.01,Paid
6105,509,2025-09-05,2025-09-06,14930.25,15035.76,14930.25,15035.76,Paid
6106,509,2025-10-05,2025-10-07,14930.25,14901.51,14930.25,14901.51,Paid
6107,509,2025-11-05,2025-11-09,14930.25,14767.26,14930.25,14767.26,Paid
6108,509,2025-12-05,2025-12-06,14930.25,14633.02,14930.25,14633.02,Paid
6109,510,2025-01-05,2025-01-08,18102.12,8689.02,18102.12,8689.02,Paid
6110,510,2025-02-05,2025-02-10,18102.12,8447.65,18102.12,8447.65,Paid
6111,510,2025-03-05,2025-03-06,18102.12,8206.29,18102.12,8206.29,Paid
6112,510,2025-04-05,2025-04-09,18102.12,7964.93,18102.12,7964.93,Paid
6113,510,2025-05-05,2025-05-08,18102.12,7723.57,18102.12,7723.57,Paid
6114,510,2025-06-05,2025-06-10,18102.12,7482.21,18102.12,7482.21,Paid
6115,510,2025-07-05,2025-07-10,18102.12,7240.85,18102.12,7240.85,Paid
6116,510,2025-08-05,2025-08-06,18102.12,6999.48,18102.12,6999.48,Paid
6117,510,2025-09-05,2025-09-07,18102.12,6758.12,18102.12,6758.12,Paid
6118,510,2025-10-05,2025-10-06,18102.12,6516.76,18102.12,6516.76,Paid
6119,510,2025-11-05,2025-11-09,18102.12,6275.4,18102.12,6275.4,Paid
6120,510,2025-12-05,2025-12-06,18102.12,6034.04,18102.12,6034.04,Paid
6121,511,2025-01-05,2025-01-05,70955.91,20648.17,70955.91,20648.17,Paid
6122,511,2025-02-05,2025-02-10,70955.91,19787.83,70955.91,19787.83,Paid
6123,511,2025-03-05,2025-03-07,70955.91,18927.49,70955.91,18927.49,Paid
6124,511,2025-04-05,2025-04-10,70955.91,18067.15,70955.91,18067.15,Paid
6125,511,2025-05-05,2025-05-08,70955.91,17206.81,70955.91,17206.81,Paid
6126,511,2025-06-05,2025-06-09,70955.91,16346.47,70955.91,16346.47,Paid
6127,511,2025-07-05,2025-07-07,70955.91,15486.13,70955.91,15486.13,Paid
6128,511,2025-08-05,2025-08-07,70955.91,14625.79,70955.91,14625.79,Paid
6129,511,2025-09-05,2025-09-10,70955.91,13765.45,70955.91,13765.45,Paid
6130,511,2025-10-05,2025-10-06,70955.91,12905.11,70955.91,12905.11,Paid
6131,511,2025-11-05,2025-11-05,70955.91,12044.77,70955.91,12044.77,Paid
6132,511,2025-12-05,2025-12-06,70955.91,11184.43,70955.91,11184.43,Paid
6133,512,2025-01-05,2025-01-09,44337.48,33585.64,44337.48,33585.64,Paid
6134,512,2025-02-05,2025-02-05,44337.48,33025.88,44337.48,33025.88,Paid
6135,512,2025-03-05,2025-03-07,44337.48,32466.12,44337.48,32466.12,Paid
6136,512,2025-04-05,2025-04-08,44337.48,31906.36,44337.48,31906.36,Paid
6137,512,2025-05-05,2025-05-08,44337.48,31346.6,44337.48,31346.6,Paid
6138,512,2025-06-05,2025-06-06,44337.48,30786.84,44337.48,30786.84,Paid
6139,512,2025-07-05,2025-07-09,44337.48,30227.08,44337.48,30227.08,Paid
6140,512,2025-08-05,2025-08-08,44337.48,29667.31,44337.48,29667.31,Paid
6141,512,2025-09-05,2025-09-08,44337.48,29107.55,44337.48,29107.55,Paid
6142,512,2025-10-05,2025-10-09,44337.48,28547.79,44337.48,28547.79,Paid
6143,512,2025-11-05,2025-11-06,44337.48,27988.03,44337.48,27988.03,Paid
6144,512,2025-12-05,2025-12-07,44337.48,27428.27,44337.48,27428.27,Paid
6145,513,2025-01-05,2025-01-09,8655.15,11511.35,8655.15,11511.35,Paid
6146,513,2025-02-05,2025-02-06,8655.15,11415.42,8655.15,11415.42,Paid
6147,513,2025-03-05,2025-03-10,8655.15,11319.49,8655.15,11319.49,Paid
6148,513,2025-04-05,2025-04-10,8655.15,11223.56,8655.15,11223.56,Paid
6149,513,2025-05-05,2025-05-09,8655.15,11127.64,8655.15,11127.64,Paid
6150,513,2025-06-05,2025-06-05,8655.15,11031.71,8655.15,11031.71,Paid
6151,513,2025-07-05,2025-07-09,8655.15,10935.78,8655.15,10935.78,Paid
6152,513,2025-08-05,2025-08-07,8655.15,10839.85,8655.15,10839.85,Paid
6153,513,2025-09-05,2025-09-07,8655.15,10743.92,8655.15,10743.92,Paid
6154,513,2025-10-05,2025-10-10,8655.15,10648.0,8655.15,10648.0,Paid
6155,513,2025-11-05,2025-11-05,8655.15,10552.07,8655.15,10552.07,Paid
6156,513,2025-12-05,2025-12-10,8655.15,10456.14,8655.15,10456.14,Paid
6157,514,2025-01-05,2025-01-07,16216.13,4898.89,16216.13,4898.89,Paid
6158,514,2025-02-05,2025-02-09,16216.13,4762.81,16216.13,4762.81,Paid
6159,514,2025-03-05,2025-03-06,16216.13,4626.73,16216.13,4626.73,Paid
6160,514,2025-04-05,2025-04-07,16216.13,4490.65,16216.13,4490.65,Paid
6161,514,2025-05-05,,16216.13,4354.57,0.0,0.0,Unpaid
6162,514,2025-06-05,2025-06-06,16216.13,4354.57,16216.13,4354.57,Paid
6163,514,2025-07-05,2025-07-08,16216.13,4218.49,16216.13,4218.49,Paid
6164,514,2025-08-05,2025-08-06,16216.13,4082.41,16216.13,4082.41,Paid
6165,514,2025-09-05,2025-09-08,16216.13,3946.33,16216.13,3946.33,Paid
6166,514,2025-10-05,2025-10-09,16216.13,3810.25,16216.13,3810.25,Paid
6167,514,2025-11-05,2025-11-08,16216.13,3674.17,16216.13,3674.17,Paid
6168,514,2025-12-05,2025-12-07,16216.13,3538.09,16216.13,3538.09,Paid
6169,515,2025-01-05,2025-01-09,34444.42,11649.1,34444.42,11649.1,Paid
6170,515,2025-02-05,,34444.42,11163.72,0.0,0.0,Unpaid
6171,515,2025-03-05,,34444.42,11163.72,0.0,0.0,Unpaid
6172,515,2025-04-05,2025-04-06,34444.42,11163.72,34444.42,11163.72,Paid
6173,515,2025-05-05,2025-05-07,34444.42,10678.35,34444.42,10678.35,Paid
6174,515,2025-06-05,2025-06-08,34444.42,10192.97,34444.42,10192.97,Paid
6175,515,2025-07-05,2025-07-07,34444.42,9707.59,34444.42,9707.59,Paid
6176,515,2025-08-05,2025-08-06,34444.42,9222.21,34444.42,9222.21,Paid
6177,515,2025-09-05,2025-09-06,34444.42,8736.83,34444.42,8736.83,Paid
6178,515,2025-10-05,2025-10-08,34444.42,8251.45,34444.42,8251.45,Paid
6179,515,2025-11-05,2025-11-05,34444.42,7766.07,34444.42,7766.07,Paid
6180,515,2025-12-05,2025-12-09,34444.42,7280.69,34444.42,7280.69,Paid
6181,516,2025-01-05,,19394.63,34541.83,0.0,0.0,Unpaid
6182,516,2025-02-05,2025-02-10,19394.63,34541.83,19394.63,34541.83,Paid
6183,516,2025-03-05,2025-03-07,19394.63,34253.98,19394.63,34253.98,Paid
6184,516,2025-04-05,2025-04-10,19394.63,33966.13,19394.63,33966.13,Paid
6185,516,2025-05-05,2025-05-08,19394.63,33678.29,19394.63,33678.29,Paid
6186,516,2025-06-05,2025-06-08,19394.63,33390.44,19394.63,33390.44,Paid
6187,516,2025-07-05,2025-07-09,19394.63,33102.59,19394.63,33102.59,Paid
6188,516,2025-08-05,2025-08-08,19394.63,32814.74,19394.63,32814.74,Paid
6189,516,2025-09-05,2025-09-09,19394.63,32526.89,19394.63,32526.89,Paid
6190,516,2025-10-05,2025-10-09,19394.63,32239.04,19394.63,32239.04,Paid
6191,516,2025-11-05,2025-11-06,19394.63,31951.19,19394.63,31951.19,Paid
6192,516,2025-12-05,2025-12-09,19394.63,31663.34,19394.63,31663.34,Paid
6193,517,2025-01-05,2025-01-06,45897.4,16220.14,45897.4,16220.14,Paid
6194,517,2025-02-05,2025-02-08,45897.4,15769.58,45897.4,15769.58,Paid
6195,517,2025-03-05,2025-03-06,45897.4,15319.02,45897.4,15319.02,Paid
6196,517,2025-04-05,2025-04-06,45897.4,14868.46,45897.4,14868.46,Paid
6197,517,2025-05-05,2025-05-09,45897.4,14417.9,45897.4,14417.9,Paid
6198,517,2025-06-05,2025-06-09,45897.4,13967.34,45897.4,13967.34,Paid
6199,517,2025-07-05,2025-07-09,45897.4,13516.78,45897.4,13516.78,Paid
6200,517,2025-08-05,2025-08-10,45897.4,13066.22,45897.4,13066.22,Paid
6201,517,2025-09-05,2025-09-06,45897.4,12615.67,45897.4,12615.67,Paid
6202,517,2025-10-05,2025-10-10,45897.4,12165.11,45897.4,12165.11,Paid
6203,517,2025-11-05,2025-11-06,45897.4,11714.55,45897.4,11714.55,Paid
6204,517,2025-12-05,2025-12-07,45897.4,11263.99,45897.4,11263.99,Paid
6205,518,2025-01-05,2025-01-08,15799.37,12773.79,15799.37,12773.79,Paid
6206,518,2025-02-05,2025-02-07,15799.37,12560.9,15799.37,12560.9,Paid
6207,518,2025-03-05,2025-03-09,15799.37,12348.0,15799.37,12348.0,Paid
6208,518,2025-04-05,2025-04-06,15799.37,12135.1,15799.37,12135.1,Paid
6209,518,2025-05-05,2025-05-06,15799.37,11922.21,15799.37,11922.21,Paid
6210,518,2025-06-05,2025-06-10,15799.37,11709.31,15799.37,11709.31,Paid
6211,518,2025-07-05,2025-07-10,15799.37,11496.41,15799.37,11496.41,Paid
6212,518,2025-08-05,2025-08-09,15799.37,11283.52,15799.37,11283.52,Paid
6213,518,2025-09-05,2025-09-05,15799.37,11070.62,15799.37,11070.62,Paid
6214,518,2025-10-05,2025-10-09,15799.37,10857.72,15799.37,10857.72,Paid
6215,518,2025-11-05,2025-11-10,15799.37,10644.83,15799.37,10644.83,Paid
6216,518,2025-12-05,2025-12-08,15799.37,10431.93,15799.37,10431.93,Paid
6217,519,2025-01-05,2025-01-06,34850.74,13037.66,34850.74,13037.66,Paid
6218,519,2025-02-05,2025-02-09,34850.74,12675.51,34850.74,12675.51,Paid
6219,519,2025-03-05,2025-03-06,34850.74,12313.35,34850.74,12313.35,Paid
6220,519,2025-04-05,2025-04-05,34850.74,11951.19,34850.74,11951.19,Paid
6221,519,2025-05-05,,34850.74,11589.03,0.0,0.0,Unpaid
6222,519,2025-06-05,2025-06-10,34850.74,11589.03,34850.74,11589.03,Paid
6223,519,2025-07-05,2025-07-07,34850.74,11226.88,34850.74,11226.88,Paid
6224,519,2025-08-05,,34850.74,10864.72,0.0,0.0,Unpaid
6225,519,2025-09-05,2025-09-06,34850.74,10864.72,34850.74,10864.72,Paid
6226,519,2025-10-05,2025-10-07,34850.74,10502.56,34850.74,10502.56,Paid
6227,519,2025-11-05,2025-11-06,34850.74,10140.41,34850.74,10140.41,Paid
6228,519,2025-12-05,2025-12-05,34850.74,9778.25,34850.74,9778.25,Paid
6229,520,2025-01-05,2025-01-10,10940.19,4365.14,10940.19,4365.14,Paid
6230,520,2025-02-05,2025-02-05,10940.19,4243.88,10940.19,4243.88,Paid
6231,520,2025-03-05,2025-03-06,10940.19,4122.63,10940.19,4122.63,Paid
6232,520,2025-04-05,2025-04-09,10940.19,4001.38,10940.19,4001.38,Paid
6233,520,2025-05-05,2025-05-09,10940.19,3880.12,10940.19,3880.12,Paid
6234,520,2025-06-05,2025-06-09,10940.19,3758.87,10940.19,3758.87,Paid
6235,520,2025-07-05,2025-07-08,10940.19,3637.61,10940.19,3637.61,Paid
6236,520,2025-08-05,2025-08-10,10940.19,3516.36,10940.19,3516.36,Paid
6237,520,2025-09-05,2025-09-05,10940.19,3395.11,10940.19,3395.11,Paid
6238,520,2025-10-05,2025-10-08,10940.19,3273.85,10940.19,3273.85,Paid
6239,520,2025-11-05,2025-11-07,10940.19,3152.6,10940.19,3152.6,Paid
6240,520,2025-12-05,2025-12-09,10940.19,3031.35,10940.19,3031.35,Paid
6241,521,2025-01-05,2025-01-06,4418.27,7696.62,4418.27,7696.62,Paid
6242,521,2025-02-05,2025-02-09,4418.27,7632.48,4418.27,7632.48,Paid
6243,521,2025-03-05,2025-03-07,4418.27,7568.34,4418.27,7568.34,Paid
6244,521,2025-04-05,2025-04-10,4418.27,7504.21,4418.27,7504.21,Paid
6245,521,2025-05-05,2025-05-06,4418.27,7440.07,4418.27,7440.07,Paid
6246,521,2025-06-05,2025-06-06,4418.27,7375.93,4418.27,7375.93,Paid
6247,521,2025-07-05,2025-07-06,4418.27,7311.79,4418.27,7311.79,Paid
6248,521,2025-08-05,2025-08-06,4418.27,7247.65,4418.27,7247.65,Paid
6249,521,2025-09-05,2025-09-07,4418.27,7183.51,4418.27,7183.51,Paid
6250,521,2025-10-05,2025-10-05,4418.27,7119.37,4418.27,7119.37,Paid
6251,521,2025-11-05,2025-11-05,4418.27,7055.24,4418.27,7055.24,Paid
6252,521,2025-12-05,2025-12-07,4418.27,6991.1,4418.27,6991.1,Paid
6253,522,2025-01-05,2025-01-10,25344.79,15979.89,25344.79,15979.89,Paid
6254,522,2025-02-05,2025-02-06,25344.79,15713.56,25344.79,15713.56,Paid
6255,522,2025-03-05,2025-03-06,25344.79,15447.23,25344.79,15447.23,Paid
6256,522,2025-04-05,2025-04-05,25344.79,15180.9,25344.79,15180.9,Paid
6257,522,2025-05-05,,25344.79,14914.57,0.0,0.0,Unpaid
6258,522,2025-06-05,2025-06-07,25344.79,14914.57,25344.79,14914.57,Paid
6259,522,2025-07-05,,25344.79,14648.23,0.0,0.0,Unpaid
6260,522,2025-08-05,,25344.79,14648.23,0.0,0.0,Unpaid
6261,522,2025-09-05,2025-09-10,25344.79,14648.23,25344.79,14648.23,Paid
6262,522,2025-10-05,2025-10-08,25344.79,14381.9,25344.79,14381.9,Paid
6263,522,2025-11-05,2025-11-06,25344.79,14115.57,25344.79,14115.57,Paid
6264,522,2025-12-05,2025-12-09,25344.79,13849.24,25344.79,13849.24,Paid
6265,523,2025-01-05,2025-01-07,17792.96,18433.51,17792.96,18433.51,Paid
6266,523,2025-02-05,2025-02-10,17792.96,18279.9,17792.96,18279.9,Paid
6267,523,2025-03-05,2025-03-05,17792.96,18126.29,17792.96,18126.29,Paid
6268,523,2025-04-05,2025-04-05,17792.96,17972.67,17792.96,17972.67,Paid
6269,523,2025-05-05,2025-05-05,17792.96,17819.06,17792.96,17819.06,Paid
6270,523,2025-06-05,2025-06-10,17792.96,17665.45,17792.96,17665.45,Paid
6271,523,2025-07-05,2025-07-08,17792.96,17511.84,17792.96,17511.84,Paid
6272,523,2025-08-05,2025-08-06,17792.96,17358.22,17792.96,17358.22,Paid
6273,523,2025-09-05,2025-09-10,17792.96,17204.61,17792.96,17204.61,Paid
6274,523,2025-10-05,2025-10-09,17792.96,17051.0,17792.96,17051.0,Paid
6275,523,2025-11-05,2025-11-07,17792.96,16897.38,17792.96,16897.38,Paid
6276,523,2025-12-05,2025-12-06,17792.96,16743.77,17792.96,16743.77,Paid
6277,524,2025-01-05,2025-01-07,3749.76,3052.31,3749.76,3052.31,Paid
6278,524,2025-02-05,2025-02-06,3749.76,3026.87,3749.76,3026.87,Paid
6279,524,2025-03-05,2025-03-10,3749.76,3001.44,3749.76,3001.44,Paid
6280,524,2025-04-05,2025-04-06,3749.76,2976.0,3749.76,2976.0,Paid
6281,524,2025-05-05,2025-05-10,3749.76,2950.57,3749.76,2950.57,Paid
6282,524,2025-06-05,2025-06-05,3749.76,2925.13,3749.76,2925.13,Paid
6283,524,2025-07-05,2025-07-07,3749.76,2899.69,3749.76,2899.69,Paid
6284,524,2025-08-05,2025-08-09,3749.76,2874.26,3749.76,2874.26,Paid
6285,524,2025-09-05,2025-09-09,3749.76,2848.82,3749.76,2848.82,Paid
6286,524,2025-10-05,2025-10-09,3749.76,2823.39,3749.76,2823.39,Paid
6287,524,2025-11-05,2025-11-09,3749.76,2797.95,3749.76,2797.95,Paid
6288,524,2025-12-05,2025-12-07,3749.76,2772.51,3749.76,2772.51,Paid
6289,525,2025-01-05,2025-01-10,29552.85,4964.88,29552.85,4964.88,Paid
6290,525,2025-02-05,2025-02-08,29552.85,4758.01,29552.85,4758.01,Paid
6291,525,2025-03-05,2025-03-08,29552.85,4551.14,29552.85,4551.14,Paid
6292,525,2025-04-05,2025-04-05,29552.85,4344.27,29552.85,4344.27,Paid
6293,525,2025-05-05,2025-05-10,29552.85,4137.4,29552.85,4137.4,Paid
6294,525,2025-06-05,2025-06-08,29552.85,3930.53,29552.85,3930.53,Paid
6295,525,2025-07-05,2025-07-10,29552.85,3723.66,29552.85,3723.66,Paid
6296,525,2025-08-05,2025-08-08,29552.85,3516.79,29552.85,3516.79,Paid
6297,525,2025-09-05,2025-09-07,29552.85,3309.92,29552.85,3309.92,Paid
6298,525,2025-10-05,2025-10-09,29552.85,3103.05,29552.85,3103.05,Paid
6299,525,2025-11-05,2025-11-07,29552.85,2896.18,29552.85,2896.18,Paid
6300,525,2025-12-05,2025-12-07,29552.85,2689.31,29552.85,2689.31,Paid
6301,526,2025-01-05,2025-01-05,23468.83,14879.24,23468.83,14879.24,Paid
6302,526,2025-02-05,2025-02-10,23468.83,14631.25,23468.83,14631.25,Paid
6303,526,2025-03-05,2025-03-06,23468.83,14383.27,23468.83,14383.27,Paid
6304,526,2025-04-05,2025-04-10,23468.83,14135.28,23468.83,14135.28,Paid
6305,526,2025-05-05,2025-05-05,23468.83,13887.29,23468.83,13887.29,Paid
6306,526,2025-06-05,2025-06-06,23468.83,13639.3,23468.83,13639.3,Paid
6307,526,2025-07-05,2025-07-06,23468.83,13391.32,23468.83,13391.32,Paid
6308,526,2025-08-05,2025-08-07,23468.83,13143.33,23468.83,13143.33,Paid
6309,526,2025-09-05,2025-09-06,23468.83,12895.34,23468.83,12895.34,Paid
6310,526,2025-10-05,2025-10-05,23468.83,12647.36,23468.83,12647.36,Paid
6311,526,2025-11-05,,23468.83,12399.37,0.0,0.0,Unpaid
6312,526,2025-12-05,2025-12-08,23468.83,12399.37,23468.83,12399.37,Paid
6313,527,2025-01-05,2025-01-07,3875.56,5390.9,3875.56,5390.9,Paid
6314,527,2025-02-05,2025-02-07,3875.56,5345.98,3875.56,5345.98,Paid
6315,527,2025-03-05,2025-03-10,3875.56,5301.05,3875.56,5301.05,Paid
6316,527,2025-04-05,2025-04-07,3875.56,5256.13,3875.56,5256.13,Paid
6317,527,2025-05-05,2025-05-10,3875.56,5211.21,3875.56,5211.21,Paid
6318,527,2025-06-05,2025-06-05,3875.56,5166.28,3875.56,5166.28,Paid
6319,527,2025-07-05,2025-07-05,3875.56,5121.36,3875.56,5121.36,Paid
6320,527,2025-08-05,2025-08-06,3875.56,5076.43,3875.56,5076.43,Paid
6321,527,2025-09-05,2025-09-05,3875.56,5031.51,3875.56,5031.51,Paid
6322,527,2025-10-05,2025-10-10,3875.56,4986.58,3875.56,4986.58,Paid
6323,527,2025-11-05,,3875.56,4941.66,0.0,0.0,Unpaid
6324,527,2025-12-05,2025-12-10,3875.56,4941.66,3875.56,4941.66,Paid
6325,528,2025-01-05,2025-01-05,20814.63,4991.35,20814.63,4991.35,Paid
6326,528,2025-02-05,2025-02-07,20814.63,4783.38,20814.63,4783.38,Paid
6327,528,2025-03-05,2025-03-09,20814.63,4575.4,20814.63,4575.4,Paid
6328,528,2025-04-05,,20814.63,4367.43,0.0,0.0,Unpaid
6329,528,2025-05-05,,20814.63,4367.43,0.0,0.0,Unpaid
6330,528,2025-06-05,2025-06-07,20814.63,4367.43,20814.63,4367.43,Paid
6331,528,2025-07-05,2025-07-07,20814.63,4159.46,20814.63,4159.46,Paid
6332,528,2025-08-05,2025-08-07,20814.63,3951.48,20814.63,3951.48,Paid
6333,528,2025-09-05,2025-09-07,20814.63,3743.51,20814.63,3743.51,Paid
6334,528,2025-10-05,2025-10-09,20814.63,3535.54,20814.63,3535.54,Paid
6335,528,2025-11-05,2025-11-09,20814.63,3327.57,20814.63,3327.57,Paid
6336,528,2025-12-05,2025-12-07,20814.63,3119.59,20814.63,3119.59,Paid
6337,529,2025-01-05,2025-01-09,11776.78,3204.46,11776.78,3204.46,Paid
6338,529,2025-02-05,2025-02-09,11776.78,3115.45,11776.78,3115.45,Paid
6339,529,2025-03-05,2025-03-10,11776.78,3026.44,11776.78,3026.44,Paid
6340,529,2025-04-05,2025-04-07,11776.78,2937.42,11776.78,2937.42,Paid
6341,529,2025-05-05,2025-05-08,11776.78,2848.41,11776.78,2848.41,Paid
6342,529,2025-06-05,2025-06-08,11776.78,2759.4,11776.78,2759.4,Paid
6343,529,2025-07-05,2025-07-08,11776.78,2670.38,11776.78,2670.38,Paid
6344,529,2025-08-05,2025-08-06,11776.78,2581.37,11776.78,2581.37,Paid
6345,529,2025-09-05,2025-09-07,11776.78,2492.36,11776.78,2492.36,Paid
6346,529,2025-10-05,2025-10-05,11776.78,2403.35,11776.78,2403.35,Paid
6347,529,2025-11-05,2025-11-06,11776.78,2314.33,11776.78,2314.33,Paid
6348,529,2025-12-05,2025-12-05,11776.78,2225.32,11776.78,2225.32,Paid
6349,530,2025-01-05,2025-01-08,84858.69,69414.41,84858.69,69414.41,Paid
6350,530,2025-02-05,2025-02-08,84858.69,68257.5,84858.69,68257.5,Paid
6351,530,2025-03-05,2025-03-05,84858.69,67100.6,84858.69,67100.6,Paid
6352,530,2025-04-05,2025-04-09,84858.69,65943.69,84858.69,65943.69,Paid
6353,530,2025-05-05,2025-05-09,84858.69,64786.78,84858.69,64786.78,Paid
6354,530,2025-06-05,,84858.69,63629.88,0.0,0.0,Unpaid
6355,530,2025-07-05,,84858.69,63629.88,0.0,0.0,Unpaid
6356,530,2025-08-05,2025-08-07,84858.69,63629.88,84858.69,63629.88,Paid
6357,530,2025-09-05,2025-09-06,84858.69,62472.97,84858.69,62472.97,Paid
6358,530,2025-10-05,2025-10-08,84858.69,61316.06,84858.69,61316.06,Paid
6359,530,2025-11-05,2025-11-09,84858.69,60159.16,84858.69,60159.16,Paid
6360,530,2025-12-05,2025-12-07,84858.69,59002.25,84858.69,59002.25,Paid
6361,531,2025-01-05,2025-01-08,15870.05,7244.68,15870.05,7244.68,Paid
6362,531,2025-02-05,2025-02-05,15870.05,7123.93,15870.05,7123.93,Paid
6363,531,2025-03-05,2025-03-10,15870.05,7003.19,15870.05,7003.19,Paid
6364,531,2025-04-05,2025-04-07,15870.05,6882.44,15870.05,6882.44,Paid
6365,531,2025-05-05,2025-05-07,15870.05,6761.7,15870.05,6761.7,Paid
6366,531,2025-06-05,2025-06-07,15870.05,6640.96,15870.05,6640.96,Paid
6367,531,2025-07-05,2025-07-09,15870.05,6520.21,15870.05,6520.21,Paid
6368,531,2025-08-05,,15870.05,6399.47,0.0,0.0,Unpaid
6369,531,2025-09-05,2025-09-09,15870.05,6399.47,15870.05,6399.47,Paid
6370,531,2025-10-05,2025-10-07,15870.05,6278.72,15870.05,6278.72,Paid
6371,531,2025-11-05,2025-11-05,15870.05,6157.98,15870.05,6157.98,Paid
6372,531,2025-12-05,2025-12-08,15870.05,6037.23,15870.05,6037.23,Paid
6373,532,2025-01-05,2025-01-10,31086.2,7796.42,31086.2,7796.42,Paid
6374,532,2025-02-05,2025-02-05,31086.2,7471.57,31086.2,7471.57,Paid
6375,532,2025-03-05,2025-03-06,31086.2,7146.72,31086.2,7146.72,Paid
6376,532,2025-04-05,2025-04-05,31086.2,6821.87,31086.2,6821.87,Paid
6377,532,2025-05-05,2025-05-10,31086.2,6497.01,31086.2,6497.01,Paid
6378,532,2025-06-05,,31086.2,6172.16,0.0,0.0,Unpaid
6379,532,2025-07-05,2025-07-05,31086.2,6172.16,31086.2,6172.16,Paid
6380,532,2025-08-05,2025-08-06,31086.2,5847.31,31086.2,5847.31,Paid
6381,532,2025-09-05,2025-09-05,31086.2,5522.46,31086.2,5522.46,Paid
6382,532,2025-10-05,2025-10-07,31086.2,5197.61,31086.2,5197.61,Paid
6383,532,2025-11-05,2025-11-05,31086.2,4872.76,31086.2,4872.76,Paid
6384,532,2025-12-05,2025-12-08,31086.2,4547.91,31086.2,4547.91,Paid
6385,533,2025-01-05,2025-01-06,45890.48,10912.76,45890.48,10912.76,Paid
6386,533,2025-02-05,2025-02-05,45890.48,10458.06,45890.48,10458.06,Paid
6387,533,2025-03-05,2025-03-09,45890.48,10003.36,45890.48,10003.36,Paid
6388,533,2025-04-05,2025-04-07,45890.48,9548.66,45890.48,9548.66,Paid
6389,533,2025-05-05,2025-05-05,45890.48,9093.96,45890.48,9093.96,Paid
6390,533,2025-06-05,2025-06-07,45890.48,8639.27,45890.48,8639.27,Paid
6391,533,2025-07-05,2025-07-09,45890.48,8184.57,45890.48,8184.57,Paid
6392,533,2025-08-05,2025-08-07,45890.48,7729.87,45890.48,7729.87,Paid
6393,533,2025-09-05,2025-09-06,45890.48,7275.17,45890.48,7275.17,Paid
6394,533,2025-10-05,2025-10-10,45890.48,6820.47,45890.48,6820.47,Paid
6395,533,2025-11-05,2025-11-08,45890.48,6365.77,45890.48,6365.77,Paid
6396,533,2025-12-05,2025-12-09,45890.48,5911.08,45890.48,5911.08,Paid
6397,534,2025-01-05,2025-01-07,15977.75,4838.06,15977.75,4838.06,Paid
6398,534,2025-02-05,2025-02-08,15977.75,4636.48,15977.75,4636.48,Paid
6399,534,2025-03-05,2025-03-08,15977.75,4434.89,15977.75,4434.89,Paid
6400,534,2025-04-05,2025-04-05,15977.75,4233.31,15977.75,4233.31,Paid
6401,534,2025-05-05,2025-05-06,15977.75,4031.72,15977.75,4031.72,Paid
6402,534,2025-06-05,2025-06-06,15977.75,3830.13,15977.75,3830.13,Paid
6403,534,2025-07-05,2025-07-07,15977.75,3628.55,15977.75,3628.55,Paid
6404,534,2025-08-05,2025-08-07,15977.75,3426.96,15977.75,3426.96,Paid
6405,534,2025-09-05,2025-09-08,15977.75,3225.38,15977.75,3225.38,Paid
6406,534,2025-10-05,2025-10-06,15977.75,3023.79,15977.75,3023.79,Paid
6407,534,2025-11-05,2025-11-07,15977.75,2822.2,15977.75,2822.2,Paid
6408,534,2025-12-05,2025-12-07,15977.75,2620.62,15977.75,2620.62,Paid
6409,535,2025-01-05,2025-01-08,9419.3,9551.17,9419.3,9551.17,Paid
6410,535,2025-02-05,2025-02-09,9419.3,9471.58,9419.3,9471.58,Paid
6411,535,2025-03-05,,9419.3,9391.98,0.0,0.0,Unpaid
6412,535,2025-04-05,2025-04-05,9419.3,9391.98,9419.3,9391.98,Paid
6413,535,2025-05-05,2025-05-08,9419.3,9312.39,9419.3,9312.39,Paid
6414,535,2025-06-05,2025-06-06,9419.3,9232.8,9419.3,9232.8,Paid
6415,535,2025-07-05,2025-07-07,9419.3,9153.2,9419.3,9153.2,Paid
6416,535,2025-08-05,2025-08-09,9419.3,9073.61,9419.3,9073.61,Paid
6417,535,2025-09-05,2025-09-08,9419.3,8994.02,9419.3,8994.02,Paid
6418,535,2025-10-05,2025-10-09,9419.3,8914.43,9419.3,8914.43,Paid
6419,535,2025-11-05,2025-11-05,9419.3,8834.83,9419.3,8834.83,Paid
6420,535,2025-12-05,2025-12-06,9419.3,8755.24,9419.3,8755.24,Paid
6421,536,2025-01-05,2025-01-08,12217.83,9798.7,12217.83,9798.7,Paid
6422,536,2025-02-05,2025-02-07,12217.83,9635.39,12217.83,9635.39,Paid
6423,536,2025-03-05,2025-03-08,12217.83,9472.08,12217.83,9472.08,Paid
6424,536,2025-04-05,2025-04-05,12217.83,9308.77,12217.83,9308.77,Paid
6425,536,2025-05-05,2025-05-07,12217.83,9145.46,12217.83,9145.46,Paid
6426,536,2025-06-05,2025-06-06,12217.83,8982.14,12217.83,8982.14,Paid
6427,536,2025-07-05,2025-07-06,12217.83,8818.83,12217.83,8818.83,Paid
6428,536,2025-08-05,2025-08-06,12217.83,8655.52,12217.83,8655.52,Paid
6429,536,2025-09-05,2025-09-07,12217.83,8492.21,12217.83,8492.21,Paid
6430,536,2025-10-05,2025-10-10,12217.83,8328.9,12217.83,8328.9,Paid
6431,536,2025-11-05,2025-11-10,12217.83,8165.59,12217.83,8165.59,Paid
6432,536,2025-12-05,,12217.83,8002.27,0.0,0.0,Unpaid
6433,537,2025-01-05,2025-01-06,8603.3,13825.5,8603.3,13825.5,Paid
6434,537,2025-02-05,2025-02-07,8603.3,13710.29,8603.3,13710.29,Paid
6435,537,2025-03-05,2025-03-09,8603.3,13595.08,8603.3,13595.08,Paid
6436,537,2025-04-05,2025-04-09,8603.3,13479.87,8603.3,13479.87,Paid
6437,537,2025-05-05,2025-05-10,8603.3,13364.65,8603.3,13364.65,Paid
6438,537,2025-06-05,2025-06-06,8603.3,13249.44,8603.3,13249.44,Paid
6439,537,2025-07-05,2025-07-08,8603.3,13134.23,8603.3,13134.23,Paid
6440,537,2025-08-05,2025-08-10,8603.3,13019.02,8603.3,13019.02,Paid
6441,537,2025-09-05,2025-09-07,8603.3,12903.8,8603.3,12903.8,Paid
6442,537,2025-10-05,2025-10-07,8603.3,12788.59,8603.3,12788.59,Paid
6443,537,2025-11-05,2025-11-05,8603.3,12673.38,8603.3,12673.38,Paid
6444,537,2025-12-05,2025-12-07,8603.3,12558.17,8603.3,12558.17,Paid
6445,538,2025-01-05,2025-01-08,43004.76,25673.84,43004.76,25673.84,Paid
6446,538,2025-02-05,2025-02-05,43004.76,25245.94,43004.76,25245.94,Paid
6447,538,2025-03-05,,43004.76,24818.05,0.0,0.0,Unpaid
6448,538,2025-04-05,2025-04-07,43004.76,24818.05,43004.76,24818.05,Paid
6449,538,2025-05-05,,43004.76,24390.15,0.0,0.0,Unpaid
6450,538,2025-06-05,2025-06-09,43004.76,24390.15,43004.76,24390.15,Paid
6451,538,2025-07-05,2025-07-09,43004.76,23962.25,43004.76,23962.25,Paid
6452,538,2025-08-05,2025-08-09,43004.76,23534.35,43004.76,23534.35,Paid
6453,538,2025-09-05,2025-09-09,43004.76,23106.46,43004.76,23106.46,Paid
6454,538,2025-10-05,2025-10-07,43004.76,22678.56,43004.76,22678.56,Paid
6455,538,2025-11-05,2025-11-09,43004.76,22250.66,43004.76,22250.66,Paid
6456,538,2025-12-05,2025-12-05,43004.76,21822.77,43004.76,21822.77,Paid
6457,539,2025-01-05,2025-01-06,4110.49,5154.56,4110.49,5154.56,Paid
6458,539,2025-02-05,2025-02-07,4110.49,5111.61,4110.49,5111.61,Paid
6459,539,2025-03-05,2025-03-09,4110.49,5068.65,4110.49,5068.65,Paid
6460,539,2025-04-05,2025-04-09,4110.49,5025.7,4110.49,5025.7,Paid
6461,539,2025-05-05,2025-05-10,4110.49,4982.74,4110.49,4982.74,Paid
6462,539,2025-06-05,2025-06-08,4110.49,4939.79,4110.49,4939.79,Paid
6463,539,2025-07-05,2025-07-06,4110.49,4896.83,4110.49,4896.83,Paid
6464,539,2025-08-05,2025-08-05,4110.49,4853.88,4110.49,4853.88,Paid
6465,539,2025-09-05,2025-09-06,4110.49,4810.92,4110.49,4810.92,Paid
6466,539,2025-10-05,2025-10-06,4110.49,4767.97,4110.49,4767.97,Paid
6467,539,2025-11-05,2025-11-05,4110.49,4725.01,4110.49,4725.01,Paid
6468,539,2025-12-05,2025-12-07,4110.49,4682.06,4110.49,4682.06,Paid
6469,540,2025-01-05,2025-01-07,27035.32,9089.28,27035.32,9089.28,Paid
6470,540,2025-02-05,2025-02-09,27035.32,8710.56,27035.32,8710.56,Paid
6471,540,2025-03-05,2025-03-09,27035.32,8331.84,27035.32,8331.84,Paid
6472,540,2025-04-05,,27035.32,7953.12,0.0,0.0,Unpaid
6473,540,2025-05-05,,27035.32,7953.12,0.0,0.0,Unpaid
6474,540,2025-06-05,2025-06-05,27035.32,7953.12,27035.32,7953.12,Paid
6475,540,2025-07-05,,27035.32,7574.4,0.0,0.0,Unpaid
6476,540,2025-08-05,2025-08-10,27035.32,7574.4,27035.32,7574.4,Paid
6477,540,2025-09-05,2025-09-07,27035.32,7195.68,27035.32,7195.68,Paid
6478,540,2025-10-05,,27035.32,6816.96,0.0,0.0,Unpaid
6479,540,2025-11-05,2025-11-07,27035.32,6816.96,27035.32,6816.96,Paid
6480,540,2025-12-05,,27035.32,6438.24,0.0,0.0,Unpaid
6481,541,2025-01-05,2025-01-08,36843.01,12629.78,36843.01,12629.78,Paid
6482,541,2025-02-05,2025-02-09,36843.01,12103.54,36843.01,12103.54,Paid
6483,541,2025-03-05,2025-03-10,36843.01,11577.3,36843.01,11577.3,Paid
6484,541,2025-04-05,2025-04-10,36843.01,11051.06,36843.01,11051.06,Paid
6485,541,2025-05-05,2025-05-07,36843.01,10524.82,36843.01,10524.82,Paid
6486,541,2025-06-05,2025-06-05,36843.01,9998.58,36843.01,9998.58,Paid
6487,541,2025-07-05,2025-07-06,36843.01,9472.34,36843.01,9472.34,Paid
6488,541,2025-08-05,2025-08-09,36843.01,8946.1,36843.01,8946.1,Paid
6489,541,2025-09-05,2025-09-10,36843.01,8419.85,36843.01,8419.85,Paid
6490,541,2025-10-05,2025-10-07,36843.01,7893.61,36843.01,7893.61,Paid
6491,541,2025-11-05,2025-11-10,36843.01,7367.37,36843.01,7367.37,Paid
6492,541,2025-12-05,,36843.01,6841.13,0.0,0.0,Unpaid
6493,542,2025-01-05,2025-01-07,11031.31,5404.24,11031.31,5404.24,Paid
6494,542,2025-02-05,2025-02-05,11031.31,5254.12,11031.31,5254.12,Paid
6495,542,2025-03-05,2025-03-06,11031.31,5104.0,11031.31,5104.0,Paid
6496,542,2025-04-05,2025-04-05,11031.31,4953.88,11031.31,4953.88,Paid
6497,542,2025-05-05,2025-05-05,11031.31,4803.77,11031.31,4803.77,Paid
6498,542,2025-06-05,2025-06-07,11031.31,4653.65,11031.31,4653.65,Paid
6499,542,2025-07-05,2025-07-10,11031.31,4503.53,11031.31,4503.53,Paid
6500,542,2025-08-05,2025-08-10,11031.31,4353.41,11031.31,4353.41,Paid
6501,542,2025-09-05,2025-09-10,11031.31,4203.3,11031.31,4203.3,Paid
6502,542,2025-10-05,2025-10-05,11031.31,4053.18,11031.31,4053.18,Paid
6503,542,2025-11-05,2025-11-08,11031.31,3903.06,11031.31,3903.06,Paid
6504,542,2025-12-05,2025-12-06,11031.31,3752.94,11031.31,3752.94,Paid
6505,543,2025-01-05,2025-01-08,7253.08,6172.37,7253.08,6172.37,Paid
6506,543,2025-02-05,2025-02-10,7253.08,6120.94,7253.08,6120.94,Paid
6507,543,2025-03-05,2025-03-08,7253.08,6069.5,7253.08,6069.5,Paid
6508,543,2025-04-05,2025-04-09,7253.08,6018.06,7253.08,6018.06,Paid
6509,543,2025-05-05,2025-05-09,7253.08,5966.63,7253.08,5966.63,Paid
6510,543,2025-06-05,2025-06-07,7253.08,5915.19,7253.08,5915.19,Paid
6511,543,2025-07-05,2025-07-06,7253.08,5863.76,7253.08,5863.76,Paid
6512,543,2025-08-05,2025-08-10,7253.08,5812.32,7253.08,5812.32,Paid
6513,543,2025-09-05,2025-09-06,7253.08,5760.88,7253.08,5760.88,Paid
6514,543,2025-10-05,2025-10-08,7253.08,5709.45,7253.08,5709.45,Paid
6515,543,2025-11-05,2025-11-07,7253.08,5658.01,7253.08,5658.01,Paid
6516,543,2025-12-05,2025-12-10,7253.08,5606.57,7253.08,5606.57,Paid
6517,544,2025-01-05,2025-01-08,30700.66,14377.12,30700.66,14377.12,Paid
6518,544,2025-02-05,2025-02-09,30700.66,13977.76,30700.66,13977.76,Paid
6519,544,2025-03-05,2025-03-05,30700.66,13578.39,30700.66,13578.39,Paid
6520,544,2025-04-05,2025-04-07,30700.66,13179.03,30700.66,13179.03,Paid
6521,544,2025-05-05,2025-05-09,30700.66,12779.66,30700.66,12779.66,Paid
6522,544,2025-06-05,2025-06-09,30700.66,12380.3,30700.66,12380.3,Paid
6523,544,2025-07-05,2025-07-07,30700.66,11980.93,30700.66,11980.93,Paid
6524,544,2025-08-05,2025-08-08,30700.66,11581.57,30700.66,11581.57,Paid
6525,544,2025-09-05,2025-09-06,30700.66,11182.2,30700.66,11182.2,Paid
6526,544,2025-10-05,2025-10-05,30700.66,10782.84,30700.66,10782.84,Paid
6527,544,2025-11-05,2025-11-05,30700.66,10383.48,30700.66,10383.48,Paid
6528,544,2025-12-05,,30700.66,9984.11,0.0,0.0,Unpaid
6529,545,2025-01-05,2025-01-09,24253.09,7523.31,24253.09,7523.31,Paid
6530,545,2025-02-05,2025-02-05,24253.09,7209.84,24253.09,7209.84,Paid
6531,545,2025-03-05,2025-03-09,24253.09,6896.36,24253.09,6896.36,Paid
6532,545,2025-04-05,2025-04-10,24253.09,6582.89,24253.09,6582.89,Paid
6533,545,2025-05-05,,24253.09,6269.42,0.0,0.0,Unpaid
6534,545,2025-06-05,2025-06-08,24253.09,6269.42,24253.09,6269.42,Paid
6535,545,2025-07-05,2025-07-06,24253.09,5955.95,24253.09,5955.95,Paid
6536,545,2025-08-05,2025-08-06,24253.09,5642.48,24253.09,5642.48,Paid
6537,545,2025-09-05,2025-09-10,24253.09,5329.01,24253.09,5329.01,Paid
6538,545,2025-10-05,2025-10-05,24253.09,5015.54,24253.09,5015.54,Paid
6539,545,2025-11-05,2025-11-08,24253.09,4702.07,24253.09,4702.07,Paid
6540,545,2025-12-05,2025-12-07,24253.09,4388.6,24253.09,4388.6,Paid
6541,546,2025-01-05,2025-01-06,51143.99,18064.06,51143.99,18064.06,Paid
6542,546,2025-02-05,2025-02-05,51143.99,17311.39,51143.99,17311.39,Paid
6543,546,2025-03-05,2025-03-10,51143.99,16558.72,51143.99,16558.72,Paid
6544,546,2025-04-05,2025-04-08,51143.99,15806.05,51143.99,15806.05,Paid
6545,546,2025-05-05,,51143.99,15053.38,0.0,0.0,Unpaid
6546,546,2025-06-05,2025-06-09,51143.99,15053.38,51143.99,15053.38,Paid
6547,546,2025-07-05,2025-07-06,51143.99,14300.71,51143.99,14300.71,Paid
6548,546,2025-08-05,2025-08-06,51143.99,13548.04,51143.99,13548.04,Paid
6549,546,2025-09-05,2025-09-07,51143.99,12795.37,51143.99,12795.37,Paid
6550,546,2025-10-05,2025-10-06,51143.99,12042.71,51143.99,12042.71,Paid
6551,546,2025-11-05,2025-11-09,51143.99,11290.04,51143.99,11290.04,Paid
6552,546,2025-12-05,2025-12-05,51143.99,10537.37,51143.99,10537.37,Paid
6553,547,2025-01-05,2025-01-05,9046.61,5527.48,9046.61,5527.48,Paid
6554,547,2025-02-05,2025-02-10,9046.61,5435.35,9046.61,5435.35,Paid
6555,547,2025-03-05,2025-03-08,9046.61,5343.23,9046.61,5343.23,Paid
6556,547,2025-04-05,2025-04-05,9046.61,5251.1,9046.61,5251.1,Paid
6557,547,2025-05-05,2025-05-05,9046.61,5158.98,9046.61,5158.98,Paid
6558,547,2025-06-05,2025-06-09,9046.61,5066.85,9046.61,5066.85,Paid
6559,547,2025-07-05,2025-07-09,9046.61,4974.73,9046.61,4974.73,Paid
6560,547,2025-08-05,2025-08-07,9046.61,4882.6,9046.61,4882.6,Paid
6561,547,2025-09-05,2025-09-08,9046.61,4790.48,9046.61,4790.48,Paid
6562,547,2025-10-05,2025-10-10,9046.61,4698.35,9046.61,4698.35,Paid
6563,547,2025-11-05,2025-11-07,9046.61,4606.23,9046.61,4606.23,Paid
6564,547,2025-12-05,2025-12-09,9046.61,4514.11,9046.61,4514.11,Paid
6565,548,2025-01-05,2025-01-10,55182.03,20312.5,55182.03,20312.5,Paid
6566,548,2025-02-05,2025-02-07,55182.03,19748.27,55182.03,19748.27,Paid
6567,548,2025-03-05,2025-03-10,55182.03,19184.03,55182.03,19184.03,Paid
6568,548,2025-04-05,2025-04-05,55182.03,18619.8,55182.03,18619.8,Paid
6569,548,2025-05-05,2025-05-10,55182.03,18055.56,55182.03,18055.56,Paid
6570,548,2025-06-05,,55182.03,17491.32,0.0,0.0,Unpaid
6571,548,2025-07-05,2025-07-09,55182.03,17491.32,55182.03,17491.32,Paid
6572,548,2025-08-05,2025-08-09,55182.03,16927.09,55182.03,16927.09,Paid
6573,548,2025-09-05,,55182.03,16362.85,0.0,0.0,Unpaid
6574,548,2025-10-05,2025-10-07,55182.03,16362.85,55182.03,16362.85,Paid
6575,548,2025-11-05,2025-11-07,55182.03,15798.61,55182.03,15798.61,Paid
6576,548,2025-12-05,2025-12-10,55182.03,15234.38,55182.03,15234.38,Paid
6577,549,2025-01-05,2025-01-09,20669.0,6175.9,20669.0,6175.9,Paid
6578,549,2025-02-05,2025-02-10,20669.0,6004.34,20669.0,6004.34,Paid
6579,549,2025-03-05,2025-03-10,20669.0,5832.79,20669.0,5832.79,Paid
6580,549,2025-04-05,2025-04-05,20669.0,5661.24,20669.0,5661.24,Paid
6581,549,2025-05-05,2025-05-08,20669.0,5489.69,20669.0,5489.69,Paid
6582,549,2025-06-05,2025-06-07,20669.0,5318.13,20669.0,5318.13,Paid
6583,549,2025-07-05,2025-07-07,20669.0,5146.58,20669.0,5146.58,Paid
6584,549,2025-08-05,2025-08-09,20669.0,4975.03,20669.0,4975.03,Paid
6585,549,2025-09-05,2025-09-10,20669.0,4803.48,20669.0,4803.48,Paid
6586,549,2025-10-05,2025-10-05,20669.0,4631.92,20669.0,4631.92,Paid
6587,549,2025-11-05,2025-11-05,20669.0,4460.37,20669.0,4460.37,Paid
6588,549,2025-12-05,2025-12-05,20669.0,4288.82,20669.0,4288.82,Paid
6589,550,2025-01-05,2025-01-09,5472.39,6112.66,5472.39,6112.66,Paid
6590,550,2025-02-05,2025-02-08,5472.39,6061.72,5472.39,6061.72,Paid
6591,550,2025-03-05,2025-03-09,5472.39,6010.79,5472.39,6010.79,Paid
6592,550,2025-04-05,2025-04-07,5472.39,5959.85,5472.39,5959.85,Paid
6593,550,2025-05-05,2025-05-06,5472.39,5908.91,5472.39,5908.91,Paid
6594,550,2025-06-05,2025-06-10,5472.39,5857.97,5472.39,5857.97,Paid
6595,550,2025-07-05,2025-07-10,5472.39,5807.03,5472.39,5807.03,Paid
6596,550,2025-08-05,2025-08-05,5472.39,5756.09,5472.39,5756.09,Paid
6597,550,2025-09-05,2025-09-05,5472.39,5705.15,5472.39,5705.15,Paid
6598,550,2025-10-05,2025-10-07,5472.39,5654.21,5472.39,5654.21,Paid
6599,550,2025-11-05,2025-11-08,5472.39,5603.27,5472.39,5603.27,Paid
6600,550,2025-12-05,2025-12-05,5472.39,5552.34,5472.39,5552.34,Paid
6601,551,2025-01-05,2025-01-06,19957.16,29416.85,19957.16,29416.85,Paid
6602,551,2025-02-05,2025-02-10,19957.16,29171.71,19957.16,29171.71,Paid
6603,551,2025-03-05,2025-03-09,19957.16,28926.57,19957.16,28926.57,Paid
6604,551,2025-04-05,2025-04-10,19957.16,28681.43,19957.16,28681.43,Paid
6605,551,2025-05-05,2025-05-05,19957.16,28436.29,19957.16,28436.29,Paid
6606,551,2025-06-05,2025-06-10,19957.16,28191.15,19957.16,28191.15,Paid
6607,551,2025-07-05,2025-07-09,19957.16,27946.01,19957.16,27946.01,Paid
6608,551,2025-08-05,2025-08-08,19957.16,27700.87,19957.16,27700.87,Paid
6609,551,2025-09-05,2025-09-06,19957.16,27455.73,19957.16,27455.73,Paid
6610,551,2025-10-05,2025-10-09,19957.16,27210.59,19957.16,27210.59,Paid
6611,551,2025-11-05,2025-11-10,19957.16,26965.45,19957.16,26965.45,Paid
6612,551,2025-12-05,2025-12-09,19957.16,26720.31,19957.16,26720.31,Paid
6613,552,2025-01-05,2025-01-06,10597.34,13532.8,10597.34,13532.8,Paid
6614,552,2025-02-05,2025-02-07,10597.34,13420.03,10597.34,13420.03,Paid
6615,552,2025-03-05,2025-03-09,10597.34,13307.25,10597.34,13307.25,Paid
6616,552,2025-04-05,2025-04-07,10597.34,13194.48,10597.34,13194.48,Paid
6617,552,2025-05-05,2025-05-09,10597.34,13081.71,10597.34,13081.71,Paid
6618,552,2025-06-05,2025-06-10,10597.34,12968.93,10597.34,12968.93,Paid
6619,552,2025-07-05,2025-07-09,10597.34,12856.16,10597.34,12856.16,Paid
6620,552,2025-08-05,2025-08-05,10597.34,12743.39,10597.34,12743.39,Paid
6621,552,2025-09-05,2025-09-06,10597.34,12630.61,10597.34,12630.61,Paid
6622,552,2025-10-05,2025-10-09,10597.34,12517.84,10597.34,12517.84,Paid
6623,552,2025-11-05,2025-11-05,10597.34,12405.07,10597.34,12405.07,Paid
6624,552,2025-12-05,2025-12-09,10597.34,12292.29,10597.34,12292.29,Paid
6625,553,2025-01-05,2025-01-05,18171.63,14037.58,18171.63,14037.58,Paid
6626,553,2025-02-05,2025-02-07,18171.63,13803.62,18171.63,13803.62,Paid
6627,553,2025-03-05,2025-03-06,18171.63,13569.66,18171.63,13569.66,Paid
6628,553,2025-04-05,2025-04-05,18171.63,13335.7,18171.63,13335.7,Paid
6629,553,2025-05-05,2025-05-10,18171.63,13101.74,18171.63,13101.74,Paid
6630,553,2025-06-05,2025-06-09,18171.63,12867.78,18171.63,12867.78,Paid
6631,553,2025-07-05,2025-07-05,18171.63,12633.82,18171.63,12633.82,Paid
6632,553,2025-08-05,2025-08-06,18171.63,12399.86,18171.63,12399.86,Paid
6633,553,2025-09-05,2025-09-07,18171.63,12165.9,18171.63,12165.9,Paid
6634,553,2025-10-05,2025-10-08,18171.63,11931.94,18171.63,11931.94,Paid
6635,553,2025-11-05,2025-11-06,18171.63,11697.99,18171.63,11697.99,Paid
6636,553,2025-12-05,2025-12-08,18171.63,11464.03,18171.63,11464.03,Paid
6637,554,2025-01-05,2025-01-08,25486.59,5943.47,25486.59,5943.47,Paid
6638,554,2025-02-05,2025-02-10,25486.59,5695.83,25486.59,5695.83,Paid
6639,554,2025-03-05,2025-03-08,25486.59,5448.18,25486.59,5448.18,Paid
6640,554,2025-04-05,2025-04-09,25486.59,5200.54,25486.59,5200.54,Paid
6641,554,2025-05-05,2025-05-10,25486.59,4952.89,25486.59,4952.89,Paid
6642,554,2025-06-05,2025-06-06,25486.59,4705.25,25486.59,4705.25,Paid
6643,554,2025-07-05,,25486.59,4457.61,0.0,0.0,Unpaid
6644,554,2025-08-05,2025-08-07,25486.59,4457.61,25486.59,4457.61,Paid
6645,554,2025-09-05,2025-09-07,25486.59,4209.96,25486.59,4209.96,Paid
6646,554,2025-10-05,2025-10-05,25486.59,3962.32,25486.59,3962.32,Paid
6647,554,2025-11-05,2025-11-08,25486.59,3714.67,25486.59,3714.67,Paid
6648,554,2025-12-05,,25486.59,3467.03,0.0,0.0,Unpaid
6649,555,2025-01-05,2025-01-05,36946.77,14320.57,36946.77,14320.57,Paid
6650,555,2025-02-05,2025-02-08,36946.77,13922.78,36946.77,13922.78,Paid
6651,555,2025-03-05,2025-03-06,36946.77,13524.98,36946.77,13524.98,Paid
6652,555,2025-04-05,2025-04-10,36946.77,13127.19,36946.77,13127.19,Paid
6653,555,2025-05-05,2025-05-08,36946.77,12729.4,36946.77,12729.4,Paid
6654,555,2025-06-05,2025-06-09,36946.77,12331.6,36946.77,12331.6,Paid
6655,555,2025-07-05,2025-07-06,36946.77,11933.81,36946.77,11933.81,Paid
6656,555,2025-08-05,2025-08-08,36946.77,11536.01,36946.77,11536.01,Paid
6657,555,2025-09-05,2025-09-08,36946.77,11138.22,36946.77,11138.22,Paid
6658,555,2025-10-05,2025-10-05,36946.77,10740.43,36946.77,10740.43,Paid
6659,555,2025-11-05,2025-11-09,36946.77,10342.63,36946.77,10342.63,Paid
6660,555,2025-12-05,2025-12-10,36946.77,9944.84,36946.77,9944.84,Paid
6661,556,2025-01-05,,27319.79,4994.06,0.0,0.0,Unpaid
6662,556,2025-02-05,2025-02-05,27319.79,4994.06,27319.79,4994.06,Paid
6663,556,2025-03-05,2025-03-08,27319.79,4785.97,27319.79,4785.97,Paid
6664,556,2025-04-05,2025-04-07,27319.79,4577.89,27319.79,4577.89,Paid
6665,556,2025-05-05,2025-05-09,27319.79,4369.8,27319.79,4369.8,Paid
6666,556,2025-06-05,2025-06-05,27319.79,4161.71,27319.79,4161.71,Paid
6667,556,2025-07-05,2025-07-07,27319.79,3953.63,27319.79,3953.63,Paid
6668,556,2025-08-05,2025-08-08,27319.79,3745.54,27319.79,3745.54,Paid
6669,556,2025-09-05,2025-09-09,27319.79,3537.46,27319.79,3537.46,Paid
6670,556,2025-10-05,2025-10-10,27319.79,3329.37,27319.79,3329.37,Paid
6671,556,2025-11-05,2025-11-09,27319.79,3121.29,27319.79,3121.29,Paid
6672,556,2025-12-05,2025-12-09,27319.79,2913.2,27319.79,2913.2,Paid
6673,557,2025-01-05,2025-01-05,19364.06,16856.41,19364.06,16856.41,Paid
6674,557,2025-02-05,2025-02-10,19364.06,16575.47,19364.06,16575.47,Paid
6675,557,2025-03-05,2025-03-05,19364.06,16294.53,19364.06,16294.53,Paid
6676,557,2025-04-05,2025-04-06,19364.06,16013.59,19364.06,16013.59,Paid
6677,557,2025-05-05,2025-05-10,19364.06,15732.65,19364.06,15732.65,Paid
6678,557,2025-06-05,2025-06-06,19364.06,15451.71,19364.06,15451.71,Paid
6679,557,2025-07-05,2025-07-07,19364.06,15170.77,19364.06,15170.77,Paid
6680,557,2025-08-05,,19364.06,14889.83,0.0,0.0,Unpaid
6681,557,2025-09-05,2025-09-05,19364.06,14889.83,19364.06,14889.83,Paid
6682,557,2025-10-05,2025-10-07,19364.06,14608.89,19364.06,14608.89,Paid
6683,557,2025-11-05,2025-11-08,19364.06,14327.95,19364.06,14327.95,Paid
6684,557,2025-12-05,2025-12-07,19364.06,14047.01,19364.06,14047.01,Paid
6685,558,2025-01-05,,10011.4,14116.07,0.0,0.0,Unpaid
6686,558,2025-02-05,2025-02-06,10011.4,14116.07,10011.4,14116.07,Paid
6687,558,2025-03-05,2025-03-09,10011.4,13998.44,10011.4,13998.44,Paid
6688,558,2025-04-05,2025-04-07,10011.4,13880.81,10011.4,13880.81,Paid
6689,558,2025-05-05,2025-05-09,10011.4,13763.17,10011.4,13763.17,Paid
6690,558,2025-06-05,2025-06-10,10011.4,13645.54,10011.4,13645.54,Paid
6691,558,2025-07-05,2025-07-10,10011.4,13527.9,10011.4,13527.9,Paid
6692,558,2025-08-05,2025-08-06,10011.4,13410.27,10011.4,13410.27,Paid
6693,558,2025-09-05,2025-09-05,10011.4,13292.64,10011.4,13292.64,Paid
6694,558,2025-10-05,2025-10-10,10011.4,13175.0,10011.4,13175.0,Paid
6695,558,2025-11-05,2025-11-10,10011.4,13057.37,10011.4,13057.37,Paid
6696,558,2025-12-05,2025-12-10,10011.4,12939.73,10011.4,12939.73,Paid
6697,559,2025-01-05,2025-01-08,7992.3,6353.88,7992.3,6353.88,Paid
6698,559,2025-02-05,2025-02-06,7992.3,6247.98,7992.3,6247.98,Paid
6699,559,2025-03-05,2025-03-06,7992.3,6142.08,7992.3,6142.08,Paid
6700,559,2025-04-05,2025-04-06,7992.3,6036.19,7992.3,6036.19,Paid
6701,559,2025-05-05,2025-05-08,7992.3,5930.29,7992.3,5930.29,Paid
6702,559,2025-06-05,2025-06-09,7992.3,5824.39,7992.3,5824.39,Paid
6703,559,2025-07-05,2025-07-10,7992.3,5718.49,7992.3,5718.49,Paid
6704,559,2025-08-05,2025-08-07,7992.3,5612.59,7992.3,5612.59,Paid
6705,559,2025-09-05,2025-09-10,7992.3,5506.7,7992.3,5506.7,Paid
6706,559,2025-10-05,2025-10-10,7992.3,5400.8,7992.3,5400.8,Paid
6707,559,2025-11-05,2025-11-09,7992.3,5294.9,7992.3,5294.9,Paid
6708,559,2025-12-05,2025-12-05,7992.3,5189.0,7992.3,5189.0,Paid
6709,560,2025-01-05,2025-01-08,23838.25,8946.5,23838.25,8946.5,Paid
6710,560,2025-02-05,2025-02-06,23838.25,8697.98,23838.25,8697.98,Paid
6711,560,2025-03-05,2025-03-06,23838.25,8449.47,23838.25,8449.47,Paid
6712,560,2025-04-05,2025-04-07,23838.25,8200.95,23838.25,8200.95,Paid
6713,560,2025-05-05,2025-05-05,23838.25,7952.44,23838.25,7952.44,Paid
6714,560,2025-06-05,,23838.25,7703.93,0.0,0.0,Unpaid
6715,560,2025-07-05,2025-07-06,23838.25,7703.93,23838.25,7703.93,Paid
6716,560,2025-08-05,2025-08-06,23838.25,7455.41,23838.25,7455.41,Paid
6717,560,2025-09-05,2025-09-08,23838.25,7206.9,23838.25,7206.9,Paid
6718,560,2025-10-05,2025-10-09,23838.25,6958.39,23838.25,6958.39,Paid
6719,560,2025-11-05,2025-11-10,23838.25,6709.87,23838.25,6709.87,Paid
6720,560,2025-12-05,2025-12-06,23838.25,6461.36,23838.25,6461.36,Paid
6721,561,2025-01-05,2025-01-09,51752.24,16778.08,51752.24,16778.08,Paid
6722,561,2025-02-05,2025-02-10,51752.24,16078.99,51752.24,16078.99,Paid
6723,561,2025-03-05,2025-03-08,51752.24,15379.9,51752.24,15379.9,Paid
6724,561,2025-04-05,2025-04-10,51752.24,14680.82,51752.24,14680.82,Paid
6725,561,2025-05-05,2025-05-05,51752.24,13981.73,51752.24,13981.73,Paid
6726,561,2025-06-05,2025-06-07,51752.24,13282.64,51752.24,13282.64,Paid
6727,561,2025-07-05,2025-07-06,51752.24,12583.56,51752.24,12583.56,Paid
6728,561,2025-08-05,2025-08-09,51752.24,11884.47,51752.24,11884.47,Paid
6729,561,2025-09-05,2025-09-06,51752.24,11185.38,51752.24,11185.38,Paid
6730,561,2025-10-05,2025-10-10,51752.24,10486.3,51752.24,10486.3,Paid
6731,561,2025-11-05,2025-11-09,51752.24,9787.21,51752.24,9787.21,Paid
6732,561,2025-12-05,2025-12-09,51752.24,9088.12,51752.24,9088.12,Paid
6733,562,2025-01-05,2025-01-08,26194.83,34367.62,26194.83,34367.62,Paid
6734,562,2025-02-05,2025-02-08,26194.83,34081.22,26194.83,34081.22,Paid
6735,562,2025-03-05,2025-03-08,26194.83,33794.82,26194.83,33794.82,Paid
6736,562,2025-04-05,2025-04-10,26194.83,33508.43,26194.83,33508.43,Paid
6737,562,2025-05-05,2025-05-09,26194.83,33222.03,26194.83,33222.03,Paid
6738,562,2025-06-05,2025-06-09,26194.83,32935.63,26194.83,32935.63,Paid
6739,562,2025-07-05,2025-07-05,26194.83,32649.24,26194.83,32649.24,Paid
6740,562,2025-08-05,2025-08-09,26194.83,32362.84,26194.83,32362.84,Paid
6741,562,2025-09-05,2025-09-09,26194.83,32076.44,26194.83,32076.44,Paid
6742,562,2025-10-05,2025-10-10,26194.83,31790.05,26194.83,31790.05,Paid
6743,562,2025-11-05,2025-11-06,26194.83,31503.65,26194.83,31503.65,Paid
6744,562,2025-12-05,2025-12-08,26194.83,31217.25,26194.83,31217.25,Paid
6745,563,2025-01-05,2025-01-09,4716.64,3035.16,4716.64,3035.16,Paid
6746,563,2025-02-05,2025-02-07,4716.64,2984.57,4716.64,2984.57,Paid
6747,563,2025-03-05,2025-03-07,4716.64,2933.99,4716.64,2933.99,Paid
6748,563,2025-04-05,2025-04-08,4716.64,2883.4,4716.64,2883.4,Paid
6749,563,2025-05-05,2025-05-08,4716.64,2832.82,4716.64,2832.82,Paid
6750,563,2025-06-05,2025-06-06,4716.64,2782.23,4716.64,2782.23,Paid
6751,563,2025-07-05,2025-07-10,4716.64,2731.64,4716.64,2731.64,Paid
6752,563,2025-08-05,2025-08-05,4716.64,2681.06,4716.64,2681.06,Paid
6753,563,2025-09-05,,4716.64,2630.47,0.0,0.0,Unpaid
6754,563,2025-10-05,2025-10-10,4716.64,2630.47,4716.64,2630.47,Paid
6755,563,2025-11-05,2025-11-09,4716.64,2579.89,4716.64,2579.89,Paid
6756,563,2025-12-05,2025-12-09,4716.64,2529.3,4716.64,2529.3,Paid
6757,564,2025-01-05,2025-01-07,28142.27,10806.63,28142.27,10806.63,Paid
6758,564,2025-02-05,2025-02-10,28142.27,10506.45,28142.27,10506.45,Paid
6759,564,2025-03-05,2025-03-08,28142.27,10206.26,28142.27,10206.26,Paid
6760,564,2025-04-05,2025-04-08,28142.27,9906.08,28142.27,9906.08,Paid
6761,564,2025-05-05,2025-05-07,28142.27,9605.89,28142.27,9605.89,Paid
6762,564,2025-06-05,,28142.27,9305.71,0.0,0.0,Unpaid
6763,564,2025-07-05,2025-07-07,28142.27,9305.71,28142.27,9305.71,Paid
6764,564,2025-08-05,2025-08-06,28142.27,9005.53,28142.27,9005.53,Paid
6765,564,2025-09-05,2025-09-09,28142.27,8705.34,28142.27,8705.34,Paid
6766,564,2025-10-05,2025-10-06,28142.27,8405.16,28142.27,8405.16,Paid
6767,564,2025-11-05,2025-11-08,28142.27,8104.97,28142.27,8104.97,Paid
6768,564,2025-12-05,2025-12-05,28142.27,7804.79,28142.27,7804.79,Paid
6769,565,2025-01-05,2025-01-07,4215.38,4190.09,4215.38,4190.09,Paid
6770,565,2025-02-05,2025-02-10,4215.38,4155.17,4215.38,4155.17,Paid
6771,565,2025-03-05,2025-03-10,4215.38,4120.26,4215.38,4120.26,Paid
6772,565,2025-04-05,2025-04-06,4215.38,4085.34,4215.38,4085.34,Paid
6773,565,2025-05-05,2025-05-08,4215.38,4050.42,4215.38,4050.42,Paid
6774,565,2025-06-05,2025-06-07,4215.38,4015.5,4215.38,4015.5,Paid
6775,565,2025-07-05,2025-07-09,4215.38,3980.59,4215.38,3980.59,Paid
6776,565,2025-08-05,2025-08-09,4215.38,3945.67,4215.38,3945.67,Paid
6777,565,2025-09-05,2025-09-06,4215.38,3910.75,4215.38,3910.75,Paid
6778,565,2025-10-05,2025-10-10,4215.38,3875.83,4215.38,3875.83,Paid
6779,565,2025-11-05,2025-11-05,4215.38,3840.92,4215.38,3840.92,Paid
6780,565,2025-12-05,2025-12-08,4215.38,3806.0,4215.38,3806.0,Paid
6781,566,2025-01-05,2025-01-08,2838.03,4387.6,2838.03,4387.6,Paid
6782,566,2025-02-05,2025-02-08,2838.03,4351.03,2838.03,4351.03,Paid
6783,566,2025-03-05,2025-03-08,2838.03,4314.47,2838.03,4314.47,Paid
6784,566,2025-04-05,2025-04-10,2838.03,4277.91,2838.03,4277.91,Paid
6785,566,2025-05-05,2025-05-05,2838.03,4241.34,2838.03,4241.34,Paid
6786,566,2025-06-05,2025-06-05,2838.03,4204.78,2838.03,4204.78,Paid
6787,566,2025-07-05,2025-07-10,2838.03,4168.22,2838.03,4168.22,Paid
6788,566,2025-08-05,2025-08-08,2838.03,4131.65,2838.03,4131.65,Paid
6789,566,2025-09-05,2025-09-08,2838.03,4095.09,2838.03,4095.09,Paid
6790,566,2025-10-05,2025-10-07,2838.03,4058.53,2838.03,4058.53,Paid
6791,566,2025-11-05,2025-11-06,2838.03,4021.96,2838.03,4021.96,Paid
6792,566,2025-12-05,2025-12-08,2838.03,3985.4,2838.03,3985.4,Paid
6793,567,2025-01-05,2025-01-08,20737.13,14028.67,20737.13,14028.67,Paid
6794,567,2025-02-05,2025-02-10,20737.13,13794.86,20737.13,13794.86,Paid
6795,567,2025-03-05,2025-03-08,20737.13,13561.05,20737.13,13561.05,Paid
6796,567,2025-04-05,2025-04-08,20737.13,13327.23,20737.13,13327.23,Paid
6797,567,2025-05-05,2025-05-08,20737.13,13093.42,20737.13,13093.42,Paid
6798,567,2025-06-05,2025-06-10,20737.13,12859.61,20737.13,12859.61,Paid
6799,567,2025-07-05,2025-07-07,20737.13,12625.8,20737.13,12625.8,Paid
6800,567,2025-08-05,2025-08-06,20737.13,12391.99,20737.13,12391.99,Paid
6801,567,2025-09-05,2025-09-08,20737.13,12158.18,20737.13,12158.18,Paid
6802,567,2025-10-05,2025-10-09,20737.13,11924.37,20737.13,11924.37,Paid
6803,567,2025-11-05,2025-11-06,20737.13,11690.56,20737.13,11690.56,Paid
6804,567,2025-12-05,2025-12-10,20737.13,11456.75,20737.13,11456.75,Paid
6805,568,2025-01-05,2025-01-07,20970.78,10495.87,20970.78,10495.87,Paid
6806,568,2025-02-05,2025-02-10,20970.78,10320.94,20970.78,10320.94,Paid
6807,568,2025-03-05,2025-03-06,20970.78,10146.01,20970.78,10146.01,Paid
6808,568,2025-04-05,2025-04-08,20970.78,9971.08,20970.78,9971.08,Paid
6809,568,2025-05-05,2025-05-09,20970.78,9796.15,20970.78,9796.15,Paid
6810,568,2025-06-05,2025-06-05,20970.78,9621.22,20970.78,9621.22,Paid
6811,568,2025-07-05,2025-07-08,20970.78,9446.29,20970.78,9446.29,Paid
6812,568,2025-08-05,2025-08-08,20970.78,9271.36,20970.78,9271.36,Paid
6813,568,2025-09-05,2025-09-07,20970.78,9096.42,20970.78,9096.42,Paid
6814,568,2025-10-05,2025-10-10,20970.78,8921.49,20970.78,8921.49,Paid
6815,568,2025-11-05,2025-11-09,20970.78,8746.56,20970.78,8746.56,Paid
6816,568,2025-12-05,2025-12-10,20970.78,8571.63,20970.78,8571.63,Paid
6817,569,2025-01-05,2025-01-10,97668.34,17424.03,97668.34,17424.03,Paid
6818,569,2025-02-05,2025-02-06,97668.34,16698.03,97668.34,16698.03,Paid
6819,569,2025-03-05,,97668.34,15972.03,0.0,0.0,Unpaid
6820,569,2025-04-05,2025-04-09,97668.34,15972.03,97668.34,15972.03,Paid
6821,569,2025-05-05,2025-05-06,97668.34,15246.03,97668.34,15246.03,Paid
6822,569,2025-06-05,2025-06-06,97668.34,14520.03,97668.34,14520.03,Paid
6823,569,2025-07-05,2025-07-09,97668.34,13794.02,97668.34,13794.02,Paid
6824,569,2025-08-05,2025-08-07,97668.34,13068.02,97668.34,13068.02,Paid
6825,569,2025-09-05,2025-09-09,97668.34,12342.02,97668.34,12342.02,Paid
6826,569,2025-10-05,2025-10-08,97668.34,11616.02,97668.34,11616.02,Paid
6827,569,2025-11-05,2025-11-08,97668.34,10890.02,97668.34,10890.02,Paid
6828,569,2025-12-05,2025-12-10,97668.34,10164.02,97668.34,10164.02,Paid
6829,570,2025-01-05,2025-01-10,13688.25,5950.28,13688.25,5950.28,Paid
6830,570,2025-02-05,2025-02-05,13688.25,5785.0,13688.25,5785.0,Paid
6831,570,2025-03-05,2025-03-06,13688.25,5619.71,13688.25,5619.71,Paid
6832,570,2025-04-05,2025-04-05,13688.25,5454.43,13688.25,5454.43,Paid
6833,570,2025-05-05,2025-05-08,13688.25,5289.14,13688.25,5289.14,Paid
6834,570,2025-06-05,,13688.25,5123.85,0.0,0.0,Unpaid
6835,570,2025-07-05,2025-07-09,13688.25,5123.85,13688.25,5123.85,Paid
6836,570,2025-08-05,2025-08-08,13688.25,4958.57,13688.25,4958.57,Paid
6837,570,2025-09-05,2025-09-08,13688.25,4793.28,13688.25,4793.28,Paid
6838,570,2025-10-05,2025-10-10,13688.25,4628.0,13688.25,4628.0,Paid
6839,570,2025-11-05,2025-11-06,13688.25,4462.71,13688.25,4462.71,Paid
6840,570,2025-12-05,2025-12-05,13688.25,4297.43,13688.25,4297.43,Paid
6841,571,2025-01-05,2025-01-06,12913.39,15496.06,12913.39,15496.06,Paid
6842,571,2025-02-05,2025-02-06,12913.39,15366.93,12913.39,15366.93,Paid
6843,571,2025-03-05,2025-03-07,12913.39,15237.8,12913.39,15237.8,Paid
6844,571,2025-04-05,2025-04-09,12913.39,15108.66,12913.39,15108.66,Paid
6845,571,2025-05-05,2025-05-10,12913.39,14979.53,12913.39,14979.53,Paid
6846,571,2025-06-05,2025-06-09,12913.39,14850.39,12913.39,14850.39,Paid
6847,571,2025-07-05,2025-07-07,12913.39,14721.26,12913.39,14721.26,Paid
6848,571,2025-08-05,2025-08-07,12913.39,14592.13,12913.39,14592.13,Paid
6849,571,2025-09-05,2025-09-06,12913.39,14462.99,12913.39,14462.99,Paid
6850,571,2025-10-05,2025-10-07,12913.39,14333.86,12913.39,14333.86,Paid
6851,571,2025-11-05,2025-11-07,12913.39,14204.72,12913.39,14204.72,Paid
6852,571,2025-12-05,2025-12-05,12913.39,14075.59,12913.39,14075.59,Paid
6853,572,2025-01-05,2025-01-10,7639.19,1680.62,7639.19,1680.62,Paid
6854,572,2025-02-05,2025-02-09,7639.19,1610.6,7639.19,1610.6,Paid
6855,572,2025-03-05,2025-03-06,7639.19,1540.57,7639.19,1540.57,Paid
6856,572,2025-04-05,2025-04-07,7639.19,1470.54,7639.19,1470.54,Paid
6857,572,2025-05-05,2025-05-09,7639.19,1400.52,7639.19,1400.52,Paid
6858,572,2025-06-05,2025-06-08,7639.19,1330.49,7639.19,1330.49,Paid
6859,572,2025-07-05,2025-07-08,7639.19,1260.47,7639.19,1260.47,Paid
6860,572,2025-08-05,2025-08-07,7639.19,1190.44,7639.19,1190.44,Paid
6861,572,2025-09-05,2025-09-09,7639.19,1120.41,7639.19,1120.41,Paid
6862,572,2025-10-05,2025-10-09,7639.19,1050.39,7639.19,1050.39,Paid
6863,572,2025-11-05,2025-11-05,7639.19,980.36,7639.19,980.36,Paid
6864,572,2025-12-05,2025-12-10,7639.19,910.34,7639.19,910.34,Paid
6865,573,2025-01-05,2025-01-07,31060.71,23280.0,31060.71,23280.0,Paid
6866,573,2025-02-05,2025-02-10,31060.71,22892.0,31060.71,22892.0,Paid
6867,573,2025-03-05,2025-03-09,31060.71,22504.0,31060.71,22504.0,Paid
6868,573,2025-04-05,2025-04-08,31060.71,22116.0,31060.71,22116.0,Paid
6869,573,2025-05-05,2025-05-06,31060.71,21728.0,31060.71,21728.0,Paid
6870,573,2025-06-05,2025-06-09,31060.71,21340.0,31060.71,21340.0,Paid
6871,573,2025-07-05,2025-07-07,31060.71,20952.0,31060.71,20952.0,Paid
6872,573,2025-08-05,2025-08-08,31060.71,20564.0,31060.71,20564.0,Paid
6873,573,2025-09-05,2025-09-06,31060.71,20176.0,31060.71,20176.0,Paid
6874,573,2025-10-05,2025-10-10,31060.71,19788.0,31060.71,19788.0,Paid
6875,573,2025-11-05,2025-11-09,31060.71,19400.0,31060.71,19400.0,Paid
6876,573,2025-12-05,2025-12-06,31060.71,19012.0,31060.71,19012.0,Paid
6877,574,2025-01-05,2025-01-10,12174.66,2897.57,12174.66,2897.57,Paid
6878,574,2025-02-05,2025-02-10,12174.66,2776.84,12174.66,2776.84,Paid
6879,574,2025-03-05,2025-03-06,12174.66,2656.11,12174.66,2656.11,Paid
6880,574,2025-04-05,2025-04-05,12174.66,2535.37,12174.66,2535.37,Paid
6881,574,2025-05-05,2025-05-08,12174.66,2414.64,12174.66,2414.64,Paid
6882,574,2025-06-05,2025-06-10,12174.66,2293.91,12174.66,2293.91,Paid
6883,574,2025-07-05,2025-07-05,12174.66,2173.18,12174.66,2173.18,Paid
6884,574,2025-08-05,2025-08-05,12174.66,2052.45,12174.66,2052.45,Paid
6885,574,2025-09-05,2025-09-09,12174.66,1931.71,12174.66,1931.71,Paid
6886,574,2025-10-05,2025-10-08,12174.66,1810.98,12174.66,1810.98,Paid
6887,574,2025-11-05,2025-11-05,12174.66,1690.25,12174.66,1690.25,Paid
6888,574,2025-12-05,2025-12-09,12174.66,1569.52,12174.66,1569.52,Paid
6889,575,2025-01-05,2025-01-05,82056.24,13801.86,82056.24,13801.86,Paid
6890,575,2025-02-05,2025-02-10,82056.24,13226.78,82056.24,13226.78,Paid
6891,575,2025-03-05,2025-03-10,82056.24,12651.71,82056.24,12651.71,Paid
6892,575,2025-04-05,2025-04-07,82056.24,12076.63,82056.24,12076.63,Paid
6893,575,2025-05-05,,82056.24,11501.55,0.0,0.0,Unpaid
6894,575,2025-06-05,2025-06-07,82056.24,11501.55,82056.24,11501.55,Paid
6895,575,2025-07-05,2025-07-07,82056.24,10926.47,82056.24,10926.47,Paid
6896,575,2025-08-05,2025-08-06,82056.24,10351.4,82056.24,10351.4,Paid
6897,575,2025-09-05,2025-09-10,82056.24,9776.32,82056.24,9776.32,Paid
6898,575,2025-10-05,2025-10-09,82056.24,9201.24,82056.24,9201.24,Paid
6899,575,2025-11-05,2025-11-05,82056.24,8626.16,82056.24,8626.16,Paid
6900,575,2025-12-05,2025-12-08,82056.24,8051.09,82056.24,8051.09,Paid
6901,576,2025-01-05,2025-01-07,132746.81,27053.8,132746.81,27053.8,Paid
6902,576,2025-02-05,,132746.81,25926.56,0.0,0.0,Unpaid
6903,576,2025-03-05,,132746.81,25926.56,0.0,0.0,Unpaid
6904,576,2025-04-05,2025-04-08,132746.81,25926.56,132746.81,25926.56,Paid
6905,576,2025-05-05,2025-05-09,132746.81,24799.32,132746.81,24799.32,Paid
6906,576,2025-06-05,2025-06-09,132746.81,23672.07,132746.81,23672.07,Paid
6907,576,2025-07-05,2025-07-09,132746.81,22544.83,132746.81,22544.83,Paid
6908,576,2025-08-05,2025-08-09,132746.81,21417.59,132746.81,21417.59,Paid
6909,576,2025-09-05,2025-09-07,132746.81,20290.35,132746.81,20290.35,Paid
6910,576,2025-10-05,2025-10-09,132746.81,19163.11,132746.81,19163.11,Paid
6911,576,2025-11-05,2025-11-08,132746.81,18035.87,132746.81,18035.87,Paid
6912,576,2025-12-05,2025-12-10,132746.81,16908.62,132746.81,16908.62,Paid
6913,577,2025-01-05,2025-01-06,3231.9,2911.94,3231.9,2911.94,Paid
6914,577,2025-02-05,2025-02-07,3231.9,2887.67,3231.9,2887.67,Paid
6915,577,2025-03-05,2025-03-07,3231.9,2863.41,3231.9,2863.41,Paid
6916,577,2025-04-05,2025-04-06,3231.9,2839.14,3231.9,2839.14,Paid
6917,577,2025-05-05,2025-05-09,3231.9,2814.87,3231.9,2814.87,Paid
6918,577,2025-06-05,2025-06-08,3231.9,2790.61,3231.9,2790.61,Paid
6919,577,2025-07-05,,3231.9,2766.34,0.0,0.0,Unpaid
6920,577,2025-08-05,2025-08-09,3231.9,2766.34,3231.9,2766.34,Paid
6921,577,2025-09-05,,3231.9,2742.08,0.0,0.0,Unpaid
6922,577,2025-10-05,2025-10-05,3231.9,2742.08,3231.9,2742.08,Paid
6923,577,2025-11-05,2025-11-06,3231.9,2717.81,3231.9,2717.81,Paid
6924,577,2025-12-05,2025-12-10,3231.9,2693.54,3231.9,2693.54,Paid
6925,578,2025-01-05,2025-01-06,23550.58,4601.78,23550.58,4601.78,Paid
6926,578,2025-02-05,2025-02-10,23550.58,4410.04,23550.58,4410.04,Paid
6927,578,2025-03-05,2025-03-06,23550.58,4218.3,23550.58,4218.3,Paid
6928,578,2025-04-05,2025-04-06,23550.58,4026.56,23550.58,4026.56,Paid
6929,578,2025-05-05,2025-05-05,23550.58,3834.82,23550.58,3834.82,Paid
6930,578,2025-06-05,2025-06-08,23550.58,3643.08,23550.58,3643.08,Paid
6931,578,2025-07-05,2025-07-06,23550.58,3451.34,23550.58,3451.34,Paid
6932,578,2025-08-05,2025-08-09,23550.58,3259.6,23550.58,3259.6,Paid
6933,578,2025-09-05,2025-09-08,23550.58,3067.85,23550.58,3067.85,Paid
6934,578,2025-10-05,2025-10-08,23550.58,2876.11,23550.58,2876.11,Paid
6935,578,2025-11-05,2025-11-08,23550.58,2684.37,23550.58,2684.37,Paid
6936,578,2025-12-05,2025-12-07,23550.58,2492.63,23550.58,2492.63,Paid
6937,579,2025-01-05,2025-01-09,19596.12,22202.41,19596.12,22202.41,Paid
6938,579,2025-02-05,2025-02-05,19596.12,22017.39,19596.12,22017.39,Paid
6939,579,2025-03-05,2025-03-08,19596.12,21832.37,19596.12,21832.37,Paid
6940,579,2025-04-05,2025-04-05,19596.12,21647.35,19596.12,21647.35,Paid
6941,579,2025-05-05,2025-05-08,19596.12,21462.33,19596.12,21462.33,Paid
6942,579,2025-06-05,2025-06-06,19596.12,21277.31,19596.12,21277.31,Paid
6943,579,2025-07-05,2025-07-09,19596.12,21092.29,19596.12,21092.29,Paid
6944,579,2025-08-05,2025-08-10,19596.12,20907.27,19596.12,20907.27,Paid
6945,579,2025-09-05,2025-09-07,19596.12,20722.25,19596.12,20722.25,Paid
6946,579,2025-10-05,2025-10-07,19596.12,20537.23,19596.12,20537.23,Paid
6947,579,2025-11-05,2025-11-05,19596.12,20352.21,19596.12,20352.21,Paid
6948,579,2025-12-05,2025-12-09,19596.12,20167.19,19596.12,20167.19,Paid
6949,580,2025-01-05,2025-01-05,56743.24,13527.59,56743.24,13527.59,Paid
6950,580,2025-02-05,2025-02-09,56743.24,12963.94,56743.24,12963.94,Paid
6951,580,2025-03-05,2025-03-06,56743.24,12400.29,56743.24,12400.29,Paid
6952,580,2025-04-05,2025-04-07,56743.24,11836.64,56743.24,11836.64,Paid
6953,580,2025-05-05,2025-05-05,56743.24,11272.99,56743.24,11272.99,Paid
6954,580,2025-06-05,,56743.24,10709.34,0.0,0.0,Unpaid
6955,580,2025-07-05,,56743.24,10709.34,0.0,0.0,Unpaid
6956,580,2025-08-05,2025-08-07,56743.24,10709.34,56743.24,10709.34,Paid
6957,580,2025-09-05,2025-09-06,56743.24,10145.69,56743.24,10145.69,Paid
6958,580,2025-10-05,2025-10-05,56743.24,9582.04,56743.24,9582.04,Paid
6959,580,2025-11-05,2025-11-05,56743.24,9018.39,56743.24,9018.39,Paid
6960,580,2025-12-05,2025-12-05,56743.24,8454.74,56743.24,8454.74,Paid
6961,581,2025-01-05,2025-01-09,7015.83,8271.66,7015.83,8271.66,Paid
6962,581,2025-02-05,2025-02-05,7015.83,8202.73,7015.83,8202.73,Paid
6963,581,2025-03-05,2025-03-08,7015.83,8133.8,7015.83,8133.8,Paid
6964,581,2025-04-05,2025-04-10,7015.83,8064.87,7015.83,8064.87,Paid
6965,581,2025-05-05,2025-05-07,7015.83,7995.94,7015.83,7995.94,Paid
6966,581,2025-06-05,2025-06-10,7015.83,7927.01,7015.83,7927.01,Paid
6967,581,2025-07-05,2025-07-09,7015.83,7858.08,7015.83,7858.08,Paid
6968,581,2025-08-05,2025-08-05,7015.83,7789.15,7015.83,7789.15,Paid
6969,581,2025-09-05,2025-09-09,7015.83,7720.22,7015.83,7720.22,Paid
6970,581,2025-10-05,2025-10-05,7015.83,7651.29,7015.83,7651.29,Paid
6971,581,2025-11-05,2025-11-07,7015.83,7582.35,7015.83,7582.35,Paid
6972,581,2025-12-05,2025-12-09,7015.83,7513.42,7015.83,7513.42,Paid
6973,582,2025-01-05,2025-01-06,13413.8,11026.14,13413.8,11026.14,Paid
6974,582,2025-02-05,2025-02-05,13413.8,10842.37,13413.8,10842.37,Paid
6975,582,2025-03-05,2025-03-06,13413.8,10658.61,13413.8,10658.61,Paid
6976,582,2025-04-05,2025-04-07,13413.8,10474.84,13413.8,10474.84,Paid
6977,582,2025-05-05,2025-05-08,13413.8,10291.07,13413.8,10291.07,Paid
6978,582,2025-06-05,2025-06-09,13413.8,10107.3,13413.8,10107.3,Paid
6979,582,2025-07-05,2025-07-09,13413.8,9923.53,13413.8,9923.53,Paid
6980,582,2025-08-05,2025-08-07,13413.8,9739.76,13413.8,9739.76,Paid
6981,582,2025-09-05,,13413.8,9555.99,0.0,0.0,Unpaid
6982,582,2025-10-05,2025-10-06,13413.8,9555.99,13413.8,9555.99,Paid
6983,582,2025-11-05,2025-11-08,13413.8,9372.22,13413.8,9372.22,Paid
6984,582,2025-12-05,2025-12-08,13413.8,9188.45,13413.8,9188.45,Paid
6985,583,2025-01-05,2025-01-07,19779.02,6349.07,19779.02,6349.07,Paid
6986,583,2025-02-05,2025-02-07,19779.02,6084.52,19779.02,6084.52,Paid
6987,583,2025-03-05,2025-03-05,19779.02,5819.98,19779.02,5819.98,Paid
6988,583,2025-04-05,2025-04-07,19779.02,5555.43,19779.02,5555.43,Paid
6989,583,2025-05-05,,19779.02,5290.89,0.0,0.0,Unpaid
6990,583,2025-06-05,2025-06-06,19779.02,5290.89,19779.02,5290.89,Paid
6991,583,2025-07-05,2025-07-09,19779.02,5026.34,19779.02,5026.34,Paid
6992,583,2025-08-05,2025-08-08,19779.02,4761.8,19779.02,4761.8,Paid
6993,583,2025-09-05,2025-09-08,19779.02,4497.25,19779.02,4497.25,Paid
6994,583,2025-10-05,2025-10-07,19779.02,4232.71,19779.02,4232.71,Paid
6995,583,2025-11-05,2025-11-10,19779.02,3968.17,19779.02,3968.17,Paid
6996,583,2025-12-05,2025-12-08,19779.02,3703.62,19779.02,3703.62,Paid
6997,584,2025-01-05,2025-01-06,56726.75,15009.9,56726.75,15009.9,Paid
6998,584,2025-02-05,2025-02-07,56726.75,14384.49,56726.75,14384.49,Paid
6999,584,2025-03-05,2025-03-08,56726.75,13759.07,56726.75,13759.07,Paid
7000,584,2025-04-05,2025-04-09,56726.75,13133.66,56726.75,13133.66,Paid
7001,584,2025-05-05,2025-05-09,56726.75,12508.25,56726.75,12508.25,Paid
7002,584,2025-06-05,2025-06-08,56726.75,11882.84,56726.75,11882.84,Paid
7003,584,2025-07-05,2025-07-08,56726.75,11257.42,56726.75,11257.42,Paid
7004,584,2025-08-05,2025-08-05,56726.75,10632.01,56726.75,10632.01,Paid
7005,584,2025-09-05,2025-09-08,56726.75,10006.6,56726.75,10006.6,Paid
7006,584,2025-10-05,2025-10-06,56726.75,9381.19,56726.75,9381.19,Paid
7007,584,2025-11-05,2025-11-06,56726.75,8755.77,56726.75,8755.77,Paid
7008,584,2025-12-05,2025-12-06,56726.75,8130.36,56726.75,8130.36,Paid
7009,585,2025-01-05,,41919.92,8719.34,0.0,0.0,Unpaid
7010,585,2025-02-05,2025-02-05,41919.92,8719.34,41919.92,8719.34,Paid
7011,585,2025-03-05,2025-03-07,41919.92,8356.04,41919.92,8356.04,Paid
7012,585,2025-04-05,2025-04-08,41919.92,7992.73,41919.92,7992.73,Paid
7013,585,2025-05-05,2025-05-10,41919.92,7629.42,41919.92,7629.42,Paid
7014,585,2025-06-05,2025-06-10,41919.92,7266.12,41919.92,7266.12,Paid
7015,585,2025-07-05,2025-07-05,41919.92,6902.81,41919.92,6902.81,Paid
7016,585,2025-08-05,2025-08-05,41919.92,6539.51,41919.92,6539.51,Paid
7017,585,2025-09-05,2025-09-05,41919.92,6176.2,41919.92,6176.2,Paid
7018,585,2025-10-05,2025-10-10,41919.92,5812.89,41919.92,5812.89,Paid
7019,585,2025-11-05,2025-11-08,41919.92,5449.59,41919.92,5449.59,Paid
7020,585,2025-12-05,2025-12-10,41919.92,5086.28,41919.92,5086.28,Paid
7021,586,2025-01-05,2025-01-10,61447.19,25144.19,61447.19,25144.19,Paid
7022,586,2025-02-05,2025-02-09,61447.19,24445.74,61447.19,24445.74,Paid
7023,586,2025-03-05,2025-03-06,61447.19,23747.29,61447.19,23747.29,Paid
7024,586,2025-04-05,2025-04-09,61447.19,23048.84,61447.19,23048.84,Paid
7025,586,2025-05-05,2025-05-07,61447.19,22350.39,61447.19,22350.39,Paid
7026,586,2025-06-05,2025-06-05,61447.19,21651.94,61447.19,21651.94,Paid
7027,586,2025-07-05,2025-07-10,61447.19,20953.49,61447.19,20953.49,Paid
7028,586,2025-08-05,2025-08-05,61447.19,20255.04,61447.19,20255.04,Paid
7029,586,2025-09-05,2025-09-07,61447.19,19556.59,61447.19,19556.59,Paid
7030,586,2025-10-05,,61447.19,18858.14,0.0,0.0,Unpaid
7031,586,2025-11-05,2025-11-07,61447.19,18858.14,61447.19,18858.14,Paid
7032,586,2025-12-05,2025-12-05,61447.19,18159.69,61447.19,18159.69,Paid
7033,587,2025-01-05,2025-01-05,20015.72,5464.29,20015.72,5464.29,Paid
7034,587,2025-02-05,2025-02-07,20015.72,5312.51,20015.72,5312.51,Paid
7035,587,2025-03-05,2025-03-09,20015.72,5160.72,20015.72,5160.72,Paid
7036,587,2025-04-05,2025-04-10,20015.72,5008.93,20015.72,5008.93,Paid
7037,587,2025-05-05,2025-05-05,20015.72,4857.15,20015.72,4857.15,Paid
7038,587,2025-06-05,2025-06-09,20015.72,4705.36,20015.72,4705.36,Paid
7039,587,2025-07-05,2025-07-06,20015.72,4553.58,20015.72,4553.58,Paid
7040,587,2025-08-05,2025-08-06,20015.72,4401.79,20015.72,4401.79,Paid
7041,587,2025-09-05,2025-09-10,20015.72,4250.0,20015.72,4250.0,Paid
7042,587,2025-10-05,2025-10-09,20015.72,4098.22,20015.72,4098.22,Paid
7043,587,2025-11-05,2025-11-08,20015.72,3946.43,20015.72,3946.43,Paid
7044,587,2025-12-05,2025-12-07,20015.72,3794.65,20015.72,3794.65,Paid
7045,588,2025-01-05,2025-01-08,45104.87,11619.02,45104.87,11619.02,Paid
7046,588,2025-02-05,2025-02-09,45104.87,11134.89,45104.87,11134.89,Paid
7047,588,2025-03-05,2025-03-10,45104.87,10650.76,45104.87,10650.76,Paid
7048,588,2025-04-05,2025-04-08,45104.87,10166.64,45104.87,10166.64,Paid
7049,588,2025-05-05,2025-05-08,45104.87,9682.51,45104.87,9682.51,Paid
7050,588,2025-06-05,2025-06-08,45104.87,9198.39,45104.87,9198.39,Paid
7051,588,2025-07-05,2025-07-07,45104.87,8714.26,45104.87,8714.26,Paid
7052,588,2025-08-05,2025-08-07,45104.87,8230.14,45104.87,8230.14,Paid
7053,588,2025-09-05,2025-09-06,45104.87,7746.01,45104.87,7746.01,Paid
7054,588,2025-10-05,2025-10-08,45104.87,7261.88,45104.87,7261.88,Paid
7055,588,2025-11-05,2025-11-10,45104.87,6777.76,45104.87,6777.76,Paid
7056,588,2025-12-05,2025-12-08,45104.87,6293.63,45104.87,6293.63,Paid
7057,589,2025-01-05,,10871.51,2739.62,0.0,0.0,Unpaid
7058,589,2025-02-05,,10871.51,2739.62,0.0,0.0,Unpaid
7059,589,2025-03-05,2025-03-10,10871.51,2739.62,10871.51,2739.62,Paid
7060,589,2025-04-05,2025-04-05,10871.51,2663.52,10871.51,2663.52,Paid
7061,589,2025-05-05,2025-05-05,10871.51,2587.42,10871.51,2587.42,Paid
7062,589,2025-06-05,2025-06-09,10871.51,2511.32,10871.51,2511.32,Paid
7063,589,2025-07-05,2025-07-07,10871.51,2435.22,10871.51,2435.22,Paid
7064,589,2025-08-05,2025-08-10,10871.51,2359.12,10871.51,2359.12,Paid
7065,589,2025-09-05,2025-09-06,10871.51,2283.02,10871.51,2283.02,Paid
7066,589,2025-10-05,2025-10-10,10871.51,2206.92,10871.51,2206.92,Paid
7067,589,2025-11-05,2025-11-07,10871.51,2130.82,10871.51,2130.82,Paid
7068,589,2025-12-05,2025-12-06,10871.51,2054.72,10871.51,2054.72,Paid
7069,590,2025-01-05,2025-01-09,16052.62,7233.31,16052.62,7233.31,Paid
7070,590,2025-02-05,2025-02-09,16052.62,7032.38,16052.62,7032.38,Paid
7071,590,2025-03-05,2025-03-07,16052.62,6831.46,16052.62,6831.46,Paid
7072,590,2025-04-05,2025-04-09,16052.62,6630.53,16052.62,6630.53,Paid
7073,590,2025-05-05,2025-05-10,16052.62,6429.61,16052.62,6429.61,Paid
7074,590,2025-06-05,2025-06-09,16052.62,6228.68,16052.62,6228.68,Paid
7075,590,2025-07-05,2025-07-06,16052.62,6027.76,16052.62,6027.76,Paid
7076,590,2025-08-05,2025-08-10,16052.62,5826.83,16052.62,5826.83,Paid
7077,590,2025-09-05,2025-09-07,16052.62,5625.91,16052.62,5625.91,Paid
7078,590,2025-10-05,2025-10-08,16052.62,5424.98,16052.62,5424.98,Paid
7079,590,2025-11-05,2025-11-06,16052.62,5224.06,16052.62,5224.06,Paid
7080,590,2025-12-05,2025-12-10,16052.62,5023.13,16052.62,5023.13,Paid
7081,591,2025-01-05,2025-01-05,29646.15,10094.51,29646.15,10094.51,Paid
7082,591,2025-02-05,2025-02-06,29646.15,9814.11,29646.15,9814.11,Paid
7083,591,2025-03-05,2025-03-06,29646.15,9533.71,29646.15,9533.71,Paid
7084,591,2025-04-05,2025-04-08,29646.15,9253.3,29646.15,9253.3,Paid
7085,591,2025-05-05,2025-05-05,29646.15,8972.9,29646.15,8972.9,Paid
7086,591,2025-06-05,2025-06-08,29646.15,8692.5,29646.15,8692.5,Paid
7087,591,2025-07-05,2025-07-05,29646.15,8412.1,29646.15,8412.1,Paid
7088,591,2025-08-05,2025-08-09,29646.15,8131.69,29646.15,8131.69,Paid
7089,591,2025-09-05,2025-09-10,29646.15,7851.29,29646.15,7851.29,Paid
7090,591,2025-10-05,2025-10-07,29646.15,7570.89,29646.15,7570.89,Paid
7091,591,2025-11-05,2025-11-10,29646.15,7290.48,29646.15,7290.48,Paid
7092,591,2025-12-05,2025-12-09,29646.15,7010.08,29646.15,7010.08,Paid
7093,592,2025-01-05,2025-01-06,26660.3,4990.81,26660.3,4990.81,Paid
7094,592,2025-02-05,2025-02-08,26660.3,4782.86,26660.3,4782.86,Paid
7095,592,2025-03-05,2025-03-07,26660.3,4574.91,26660.3,4574.91,Paid
7096,592,2025-04-05,2025-04-09,26660.3,4366.96,26660.3,4366.96,Paid
7097,592,2025-05-05,2025-05-06,26660.3,4159.01,26660.3,4159.01,Paid
7098,592,2025-06-05,2025-06-08,26660.3,3951.06,26660.3,3951.06,Paid
7099,592,2025-07-05,2025-07-10,26660.3,3743.11,26660.3,3743.11,Paid
7100,592,2025-08-05,2025-08-08,26660.3,3535.16,26660.3,3535.16,Paid
7101,592,2025-09-05,2025-09-07,26660.3,3327.21,26660.3,3327.21,Paid
7102,592,2025-10-05,2025-10-09,26660.3,3119.26,26660.3,3119.26,Paid
7103,592,2025-11-05,2025-11-09,26660.3,2911.31,26660.3,2911.31,Paid
7104,592,2025-12-05,2025-12-05,26660.3,2703.36,26660.3,2703.36,Paid
7105,593,2025-01-05,2025-01-10,26348.03,7962.37,26348.03,7962.37,Paid
7106,593,2025-02-05,2025-02-10,26348.03,7630.61,26348.03,7630.61,Paid
7107,593,2025-03-05,2025-03-05,26348.03,7298.84,26348.03,7298.84,Paid
7108,593,2025-04-05,2025-04-10,26348.03,6967.08,26348.03,6967.08,Paid
7109,593,2025-05-05,2025-05-08,26348.03,6635.31,26348.03,6635.31,Paid
7110,593,2025-06-05,2025-06-05,26348.03,6303.55,26348.03,6303.55,Paid
7111,593,2025-07-05,2025-07-09,26348.03,5971.78,26348.03,5971.78,Paid
7112,593,2025-08-05,2025-08-07,26348.03,5640.02,26348.03,5640.02,Paid
7113,593,2025-09-05,2025-09-05,26348.03,5308.25,26348.03,5308.25,Paid
7114,593,2025-10-05,2025-10-10,26348.03,4976.48,26348.03,4976.48,Paid
7115,593,2025-11-05,,26348.03,4644.72,0.0,0.0,Unpaid
7116,593,2025-12-05,2025-12-09,26348.03,4644.72,26348.03,4644.72,Paid
7117,594,2025-01-05,2025-01-07,55164.84,13537.45,55164.84,13537.45,Paid
7118,594,2025-02-05,2025-02-06,55164.84,13161.41,55164.84,13161.41,Paid
7119,594,2025-03-05,2025-03-07,55164.84,12785.37,55164.84,12785.37,Paid
7120,594,2025-04-05,2025-04-07,55164.84,12409.33,55164.84,12409.33,Paid
7121,594,2025-05-05,2025-05-07,55164.84,12033.29,55164.84,12033.29,Paid
7122,594,2025-06-05,2025-06-07,55164.84,11657.25,55164.84,11657.25,Paid
7123,594,2025-07-05,2025-07-07,55164.84,11281.21,55164.84,11281.21,Paid
7124,594,2025-08-05,2025-08-09,55164.84,10905.17,55164.84,10905.17,Paid
7125,594,2025-09-05,2025-09-07,55164.84,10529.13,55164.84,10529.13,Paid
7126,594,2025-10-05,2025-10-05,55164.84,10153.09,55164.84,10153.09,Paid
7127,594,2025-11-05,2025-11-10,55164.84,9777.05,55164.84,9777.05,Paid
7128,594,2025-12-05,2025-12-09,55164.84,9401.01,55164.84,9401.01,Paid
7129,595,2025-01-05,2025-01-08,1146.78,1766.04,1146.78,1766.04,Paid
7130,595,2025-02-05,2025-02-09,1146.78,1751.32,1146.78,1751.32,Paid
7131,595,2025-03-05,2025-03-09,1146.78,1736.61,1146.78,1736.61,Paid
7132,595,2025-04-05,2025-04-10,1146.78,1721.89,1146.78,1721.89,Paid
7133,595,2025-05-05,2025-05-07,1146.78,1707.17,1146.78,1707.17,Paid
7134,595,2025-06-05,2025-06-09,1146.78,1692.45,1146.78,1692.45,Paid
7135,595,2025-07-05,2025-07-09,1146.78,1677.74,1146.78,1677.74,Paid
7136,595,2025-08-05,2025-08-10,1146.78,1663.02,1146.78,1663.02,Paid
7137,595,2025-09-05,2025-09-08,1146.78,1648.3,1146.78,1648.3,Paid
7138,595,2025-10-05,2025-10-10,1146.78,1633.59,1146.78,1633.59,Paid
7139,595,2025-11-05,2025-11-08,1146.78,1618.87,1146.78,1618.87,Paid
7140,595,2025-12-05,2025-12-10,1146.78,1604.15,1146.78,1604.15,Paid
7141,596,2025-01-05,2025-01-07,5094.54,7264.81,5094.54,7264.81,Paid
7142,596,2025-02-05,2025-02-08,5094.54,7204.27,5094.54,7204.27,Paid
7143,596,2025-03-05,2025-03-09,5094.54,7143.73,5094.54,7143.73,Paid
7144,596,2025-04-05,2025-04-08,5094.54,7083.19,5094.54,7083.19,Paid
7145,596,2025-05-05,,5094.54,7022.65,0.0,0.0,Unpaid
7146,596,2025-06-05,2025-06-10,5094.54,7022.65,5094.54,7022.65,Paid
7147,596,2025-07-05,2025-07-10,5094.54,6962.11,5094.54,6962.11,Paid
7148,596,2025-08-05,2025-08-08,5094.54,6901.57,5094.54,6901.57,Paid
7149,596,2025-09-05,2025-09-08,5094.54,6841.03,5094.54,6841.03,Paid
7150,596,2025-10-05,2025-10-09,5094.54,6780.49,5094.54,6780.49,Paid
7151,596,2025-11-05,2025-11-07,5094.54,6719.95,5094.54,6719.95,Paid
7152,596,2025-12-05,,5094.54,6659.41,0.0,0.0,Unpaid
7153,597,2025-01-05,2025-01-05,15934.23,6875.62,15934.23,6875.62,Paid
7154,597,2025-02-05,2025-02-08,15934.23,6761.03,15934.23,6761.03,Paid
7155,597,2025-03-05,2025-03-10,15934.23,6646.43,15934.23,6646.43,Paid
7156,597,2025-04-05,2025-04-05,15934.23,6531.84,15934.23,6531.84,Paid
7157,597,2025-05-05,,15934.23,6417.24,0.0,0.0,Unpaid
7158,597,2025-06-05,2025-06-05,15934.23,6417.24,15934.23,6417.24,Paid
7159,597,2025-07-05,2025-07-07,15934.23,6302.65,15934.23,6302.65,Paid
7160,597,2025-08-05,2025-08-05,15934.23,6188.06,15934.23,6188.06,Paid
7161,597,2025-09-05,2025-09-09,15934.23,6073.46,15934.23,6073.46,Paid
7162,597,2025-10-05,2025-10-07,15934.23,5958.87,15934.23,5958.87,Paid
7163,597,2025-11-05,2025-11-05,15934.23,5844.28,15934.23,5844.28,Paid
7164,597,2025-12-05,2025-12-09,15934.23,5729.68,15934.23,5729.68,Paid
7165,598,2025-01-05,2025-01-09,1949.09,3399.22,1949.09,3399.22,Paid
7166,598,2025-02-05,2025-02-07,1949.09,3370.89,1949.09,3370.89,Paid
7167,598,2025-03-05,2025-03-08,1949.09,3342.57,1949.09,3342.57,Paid
7168,598,2025-04-05,2025-04-09,1949.09,3314.24,1949.09,3314.24,Paid
7169,598,2025-05-05,,1949.09,3285.91,0.0,0.0,Unpaid
7170,598,2025-06-05,2025-06-06,1949.09,3285.91,1949.09,3285.91,Paid
7171,598,2025-07-05,2025-07-06,1949.09,3257.59,1949.09,3257.59,Paid
7172,598,2025-08-05,2025-08-07,1949.09,3229.26,1949.09,3229.26,Paid
7173,598,2025-09-05,2025-09-10,1949.09,3200.93,1949.09,3200.93,Paid
7174,598,2025-10-05,2025-10-05,1949.09,3172.61,1949.09,3172.61,Paid
7175,598,2025-11-05,2025-11-09,1949.09,3144.28,1949.09,3144.28,Paid
7176,598,2025-12-05,2025-12-07,1949.09,3115.95,1949.09,3115.95,Paid
7177,599,2025-01-05,2025-01-10,13824.31,12193.04,13824.31,12193.04,Paid
7178,599,2025-02-05,2025-02-06,13824.31,12091.43,13824.31,12091.43,Paid
7179,599,2025-03-05,2025-03-10,13824.31,11989.82,13824.31,11989.82,Paid
7180,599,2025-04-05,2025-04-09,13824.31,11888.22,13824.31,11888.22,Paid
7181,599,2025-05-05,2025-05-09,13824.31,11786.61,13824.31,11786.61,Paid
7182,599,2025-06-05,2025-06-07,13824.31,11685.0,13824.31,11685.0,Paid
7183,599,2025-07-05,2025-07-09,13824.31,11583.39,13824.31,11583.39,Paid
7184,599,2025-08-05,2025-08-10,13824.31,11481.78,13824.31,11481.78,Paid
7185,599,2025-09-05,2025-09-06,13824.31,11380.17,13824.31,11380.17,Paid
7186,599,2025-10-05,2025-10-06,13824.31,11278.56,13824.31,11278.56,Paid
7187,599,2025-11-05,2025-11-07,13824.31,11176.95,13824.31,11176.95,Paid
7188,599,2025-12-05,2025-12-06,13824.31,11075.35,13824.31,11075.35,Paid
7189,600,2025-01-05,2025-01-07,15210.86,3288.59,15210.86,3288.59,Paid
7190,600,2025-02-05,2025-02-09,15210.86,3151.56,15210.86,3151.56,Paid
7191,600,2025-03-05,2025-03-08,15210.86,3014.54,15210.86,3014.54,Paid
7192,600,2025-04-05,2025-04-08,15210.86,2877.51,15210.86,2877.51,Paid
7193,600,2025-05-05,2025-05-07,15210.86,2740.49,15210.86,2740.49,Paid
7194,600,2025-06-05,2025-06-09,15210.86,2603.47,15210.86,2603.47,Paid
7195,600,2025-07-05,2025-07-06,15210.86,2466.44,15210.86,2466.44,Paid
7196,600,2025-08-05,2025-08-06,15210.86,2329.42,15210.86,2329.42,Paid
7197,600,2025-09-05,2025-09-08,15210.86,2192.39,15210.86,2192.39,Paid
7198,600,2025-10-05,2025-10-09,15210.86,2055.37,15210.86,2055.37,Paid
7199,600,2025-11-05,2025-11-10,15210.86,1918.34,15210.86,1918.34,Paid
7200,600,2025-12-05,,15210.86,1781.32,0.0,0.0,Unpaid
7201,601,2025-01-05,2025-01-05,8271.57,3019.95,8271.57,3019.95,Paid
7202,601,2025-02-05,2025-02-05,8271.57,2936.06,8271.57,2936.06,Paid
7203,601,2025-03-05,2025-03-07,8271.57,2852.18,8271.57,2852.18,Paid
7204,601,2025-04-05,2025-04-06,8271.57,2768.29,8271.57,2768.29,Paid
7205,601,2025-05-05,2025-05-06,8271.57,2684.4,8271.57,2684.4,Paid
7206,601,2025-06-05,2025-06-05,8271.57,2600.51,8271.57,2600.51,Paid
7207,601,2025-07-05,2025-07-06,8271.57,2516.63,8271.57,2516.63,Paid
7208,601,2025-08-05,2025-08-05,8271.57,2432.74,8271.57,2432.74,Paid
7209,601,2025-09-05,2025-09-07,8271.57,2348.85,8271.57,2348.85,Paid
7210,601,2025-10-05,2025-10-05,8271.57,2264.96,8271.57,2264.96,Paid
7211,601,2025-11-05,2025-11-06,8271.57,2181.08,8271.57,2181.08,Paid
7212,601,2025-12-05,2025-12-06,8271.57,2097.19,8271.57,2097.19,Paid
7213,602,2025-01-05,2025-01-09,11481.42,18324.34,11481.42,18324.34,Paid
7214,602,2025-02-05,2025-02-06,11481.42,18171.64,11481.42,18171.64,Paid
7215,602,2025-03-05,2025-03-06,11481.42,18018.94,11481.42,18018.94,Paid
7216,602,2025-04-05,2025-04-05,11481.42,17866.24,11481.42,17866.24,Paid
7217,602,2025-05-05,2025-05-10,11481.42,17713.53,11481.42,17713.53,Paid
7218,602,2025-06-05,2025-06-08,11481.42,17560.83,11481.42,17560.83,Paid
7219,602,2025-07-05,2025-07-10,11481.42,17408.13,11481.42,17408.13,Paid
7220,602,2025-08-05,2025-08-08,11481.42,17255.42,11481.42,17255.42,Paid
7221,602,2025-09-05,,11481.42,17102.72,0.0,0.0,Unpaid
7222,602,2025-10-05,2025-10-09,11481.42,17102.72,11481.42,17102.72,Paid
7223,602,2025-11-05,,11481.42,16950.02,0.0,0.0,Unpaid
7224,602,2025-12-05,2025-12-08,11481.42,16950.02,11481.42,16950.02,Paid
7225,603,2025-01-05,2025-01-07,6927.81,12345.36,6927.81,12345.36,Paid
7226,603,2025-02-05,2025-02-07,6927.81,12242.48,6927.81,12242.48,Paid
7227,603,2025-03-05,2025-03-07,6927.81,12139.61,6927.81,12139.61,Paid
7228,603,2025-04-05,2025-04-08,6927.81,12036.73,6927.81,12036.73,Paid
7229,603,2025-05-05,,6927.81,11933.85,0.0,0.0,Unpaid
7230,603,2025-06-05,,6927.81,11933.85,0.0,0.0,Unpaid
7231,603,2025-07-05,2025-07-10,6927.81,11933.85,6927.81,11933.85,Paid
7232,603,2025-08-05,2025-08-10,6927.81,11830.97,6927.81,11830.97,Paid
7233,603,2025-09-05,,6927.81,11728.09,0.0,0.0,Unpaid
7234,603,2025-10-05,2025-10-06,6927.81,11728.09,6927.81,11728.09,Paid
7235,603,2025-11-05,2025-11-10,6927.81,11625.22,6927.81,11625.22,Paid
7236,603,2025-12-05,2025-12-08,6927.81,11522.34,6927.81,11522.34,Paid
7237,604,2025-01-05,2025-01-07,15944.31,25590.62,15944.31,25590.62,Paid
7238,604,2025-02-05,2025-02-10,15944.31,25377.36,15944.31,25377.36,Paid
7239,604,2025-03-05,2025-03-06,15944.31,25164.11,15944.31,25164.11,Paid
7240,604,2025-04-05,2025-04-07,15944.31,24950.85,15944.31,24950.85,Paid
7241,604,2025-05-05,2025-05-10,15944.31,24737.6,15944.31,24737.6,Paid
7242,604,2025-06-05,2025-06-07,15944.31,24524.34,15944.31,24524.34,Paid
7243,604,2025-07-05,2025-07-07,15944.31,24311.09,15944.31,24311.09,Paid
7244,604,2025-08-05,2025-08-06,15944.31,24097.83,15944.31,24097.83,Paid
7245,604,2025-09-05,2025-09-08,15944.31,23884.58,15944.31,23884.58,Paid
7246,604,2025-10-05,2025-10-10,15944.31,23671.32,15944.31,23671.32,Paid
7247,604,2025-11-05,2025-11-08,15944.31,23458.07,15944.31,23458.07,Paid
7248,604,2025-12-05,2025-12-09,15944.31,23244.81,15944.31,23244.81,Paid
7249,605,2025-01-05,2025-01-05,8265.56,7170.37,8265.56,7170.37,Paid
7250,605,2025-02-05,2025-02-06,8265.56,7050.87,8265.56,7050.87,Paid
7251,605,2025-03-05,2025-03-07,8265.56,6931.36,8265.56,6931.36,Paid
7252,605,2025-04-05,2025-04-07,8265.56,6811.85,8265.56,6811.85,Paid
7253,605,2025-05-05,2025-05-08,8265.56,6692.35,8265.56,6692.35,Paid
7254,605,2025-06-05,2025-06-07,8265.56,6572.84,8265.56,6572.84,Paid
7255,605,2025-07-05,2025-07-09,8265.56,6453.33,8265.56,6453.33,Paid
7256,605,2025-08-05,2025-08-05,8265.56,6333.83,8265.56,6333.83,Paid
7257,605,2025-09-05,2025-09-05,8265.56,6214.32,8265.56,6214.32,Paid
7258,605,2025-10-05,2025-10-06,8265.56,6094.82,8265.56,6094.82,Paid
7259,605,2025-11-05,2025-11-07,8265.56,5975.31,8265.56,5975.31,Paid
7260,605,2025-12-05,2025-12-08,8265.56,5855.8,8265.56,5855.8,Paid
7261,606,2025-01-05,2025-01-07,34595.38,18370.15,34595.38,18370.15,Paid
7262,606,2025-02-05,2025-02-09,34595.38,17859.87,34595.38,17859.87,Paid
7263,606,2025-03-05,2025-03-08,34595.38,17349.58,34595.38,17349.58,Paid
7264,606,2025-04-05,2025-04-08,34595.38,16839.3,34595.38,16839.3,Paid
7265,606,2025-05-05,2025-05-05,34595.38,16329.02,34595.38,16329.02,Paid
7266,606,2025-06-05,2025-06-06,34595.38,15818.74,34595.38,15818.74,Paid
7267,606,2025-07-05,2025-07-09,34595.38,15308.46,34595.38,15308.46,Paid
7268,606,2025-08-05,2025-08-10,34595.38,14798.17,34595.38,14798.17,Paid
7269,606,2025-09-05,2025-09-05,34595.38,14287.89,34595.38,14287.89,Paid
7270,606,2025-10-05,2025-10-08,34595.38,13777.61,34595.38,13777.61,Paid
7271,606,2025-11-05,2025-11-09,34595.38,13267.33,34595.38,13267.33,Paid
7272,606,2025-12-05,2025-12-09,34595.38,12757.05,34595.38,12757.05,Paid
7273,607,2025-01-05,2025-01-09,42536.84,14198.8,42536.84,14198.8,Paid
7274,607,2025-02-05,2025-02-08,42536.84,13607.18,42536.84,13607.18,Paid
7275,607,2025-03-05,2025-03-08,42536.84,13015.56,42536.84,13015.56,Paid
7276,607,2025-04-05,2025-04-06,42536.84,12423.95,42536.84,12423.95,Paid
7277,607,2025-05-05,2025-05-08,42536.84,11832.33,42536.84,11832.33,Paid
7278,607,2025-06-05,2025-06-06,42536.84,11240.71,42536.84,11240.71,Paid
7279,607,2025-07-05,2025-07-07,42536.84,10649.1,42536.84,10649.1,Paid
7280,607,2025-08-05,2025-08-07,42536.84,10057.48,42536.84,10057.48,Paid
7281,607,2025-09-05,2025-09-07,42536.84,9465.86,42536.84,9465.86,Paid
7282,607,2025-10-05,2025-10-07,42536.84,8874.25,42536.84,8874.25,Paid
7283,607,2025-11-05,2025-11-05,42536.84,8282.63,42536.84,8282.63,Paid
7284,607,2025-12-05,2025-12-06,42536.84,7691.02,42536.84,7691.02,Paid
7285,608,2025-01-05,2025-01-07,5785.85,7504.25,5785.85,7504.25,Paid
7286,608,2025-02-05,2025-02-09,5785.85,7441.71,5785.85,7441.71,Paid
7287,608,2025-03-05,2025-03-05,5785.85,7379.18,5785.85,7379.18,Paid
7288,608,2025-04-05,2025-04-09,5785.85,7316.64,5785.85,7316.64,Paid
7289,608,2025-05-05,2025-05-08,5785.85,7254.11,5785.85,7254.11,Paid
7290,608,2025-06-05,2025-06-06,5785.85,7191.57,5785.85,7191.57,Paid
7291,608,2025-07-05,,5785.85,7129.03,0.0,0.0,Unpaid
7292,608,2025-08-05,2025-08-09,5785.85,7129.03,5785.85,7129.03,Paid
7293,608,2025-09-05,2025-09-08,5785.85,7066.5,5785.85,7066.5,Paid
7294,608,2025-10-05,2025-10-09,5785.85,7003.96,5785.85,7003.96,Paid
7295,608,2025-11-05,2025-11-07,5785.85,6941.43,5785.85,6941.43,Paid
7296,608,2025-12-05,2025-12-06,5785.85,6878.89,5785.85,6878.89,Paid
7297,609,2025-01-05,2025-01-09,10074.89,11485.38,10074.89,11485.38,Paid
7298,609,2025-02-05,2025-02-09,10074.89,11389.67,10074.89,11389.67,Paid
7299,609,2025-03-05,2025-03-06,10074.89,11293.96,10074.89,11293.96,Paid
7300,609,2025-04-05,2025-04-06,10074.89,11198.24,10074.89,11198.24,Paid
7301,609,2025-05-05,2025-05-05,10074.89,11102.53,10074.89,11102.53,Paid
7302,609,2025-06-05,2025-06-06,10074.89,11006.82,10074.89,11006.82,Paid
7303,609,2025-07-05,2025-07-05,10074.89,10911.11,10074.89,10911.11,Paid
7304,609,2025-08-05,2025-08-08,10074.89,10815.4,10074.89,10815.4,Paid
7305,609,2025-09-05,2025-09-08,10074.89,10719.69,10074.89,10719.69,Paid
7306,609,2025-10-05,2025-10-10,10074.89,10623.98,10074.89,10623.98,Paid
7307,609,2025-11-05,2025-11-10,10074.89,10528.26,10074.89,10528.26,Paid
7308,609,2025-12-05,,10074.89,10432.55,0.0,0.0,Unpaid
7309,610,2025-01-05,2025-01-05,61496.09,14962.0,61496.09,14962.0,Paid
7310,610,2025-02-05,2025-02-10,61496.09,14546.39,61496.09,14546.39,Paid
7311,610,2025-03-05,2025-03-05,61496.09,14130.78,61496.09,14130.78,Paid
7312,610,2025-04-05,2025-04-05,61496.09,13715.17,61496.09,13715.17,Paid
7313,610,2025-05-05,2025-05-08,61496.09,13299.56,61496.09,13299.56,Paid
7314,610,2025-06-05,2025-06-09,61496.09,12883.94,61496.09,12883.94,Paid
7315,610,2025-07-05,2025-07-05,61496.09,12468.33,61496.09,12468.33,Paid
7316,610,2025-08-05,2025-08-08,61496.09,12052.72,61496.09,12052.72,Paid
7317,610,2025-09-05,2025-09-09,61496.09,11637.11,61496.09,11637.11,Paid
7318,610,2025-10-05,2025-10-07,61496.09,11221.5,61496.09,11221.5,Paid
7319,610,2025-11-05,2025-11-09,61496.09,10805.89,61496.09,10805.89,Paid
7320,610,2025-12-05,2025-12-09,61496.09,10390.28,61496.09,10390.28,Paid
7321,611,2025-01-05,2025-01-05,7249.4,4135.78,7249.4,4135.78,Paid
7322,611,2025-02-05,2025-02-06,7249.4,4066.85,7249.4,4066.85,Paid
7323,611,2025-03-05,2025-03-07,7249.4,3997.93,7249.4,3997.93,Paid
7324,611,2025-04-05,2025-04-05,7249.4,3929.0,7249.4,3929.0,Paid
7325,611,2025-05-05,2025-05-08,7249.4,3860.07,7249.4,3860.07,Paid
7326,611,2025-06-05,2025-06-06,7249.4,3791.14,7249.4,3791.14,Paid
7327,611,2025-07-05,2025-07-07,7249.4,3722.21,7249.4,3722.21,Paid
7328,611,2025-08-05,,7249.4,3653.28,0.0,0.0,Unpaid
7329,611,2025-09-05,2025-09-05,7249.4,3653.28,7249.4,3653.28,Paid
7330,611,2025-10-05,2025-10-10,7249.4,3584.35,7249.4,3584.35,Paid
7331,611,2025-11-05,2025-11-10,7249.4,3515.42,7249.4,3515.42,Paid
7332,611,2025-12-05,2025-12-10,7249.4,3446.49,7249.4,3446.49,Paid
7333,612,2025-01-05,2025-01-08,15240.3,5801.98,15240.3,5801.98,Paid
7334,612,2025-02-05,2025-02-10,15240.3,5640.81,15240.3,5640.81,Paid
7335,612,2025-03-05,2025-03-05,15240.3,5479.65,15240.3,5479.65,Paid
7336,612,2025-04-05,2025-04-05,15240.3,5318.48,15240.3,5318.48,Paid
7337,612,2025-05-05,2025-05-10,15240.3,5157.32,15240.3,5157.32,Paid
7338,612,2025-06-05,2025-06-05,15240.3,4996.15,15240.3,4996.15,Paid
7339,612,2025-07-05,2025-07-05,15240.3,4834.98,15240.3,4834.98,Paid
7340,612,2025-08-05,2025-08-08,15240.3,4673.82,15240.3,4673.82,Paid
7341,612,2025-09-05,2025-09-06,15240.3,4512.65,15240.3,4512.65,Paid
7342,612,2025-10-05,2025-10-09,15240.3,4351.48,15240.3,4351.48,Paid
7343,612,2025-11-05,2025-11-08,15240.3,4190.32,15240.3,4190.32,Paid
7344,612,2025-12-05,2025-12-08,15240.3,4029.15,15240.3,4029.15,Paid
7345,613,2025-01-05,2025-01-10,41319.68,11887.67,41319.68,11887.67,Paid
7346,613,2025-02-05,2025-02-09,41319.68,11557.46,41319.68,11557.46,Paid
7347,613,2025-03-05,2025-03-09,41319.68,11227.25,41319.68,11227.25,Paid
7348,613,2025-04-05,2025-04-05,41319.68,10897.03,41319.68,10897.03,Paid
7349,613,2025-05-05,2025-05-09,41319.68,10566.82,41319.68,10566.82,Paid
7350,613,2025-06-05,2025-06-06,41319.68,10236.61,41319.68,10236.61,Paid
7351,613,2025-07-05,2025-07-05,41319.68,9906.39,41319.68,9906.39,Paid
7352,613,2025-08-05,2025-08-05,41319.68,9576.18,41319.68,9576.18,Paid
7353,613,2025-09-05,2025-09-06,41319.68,9245.97,41319.68,9245.97,Paid
7354,613,2025-10-05,2025-10-05,41319.68,8915.75,41319.68,8915.75,Paid
7355,613,2025-11-05,2025-11-07,41319.68,8585.54,41319.68,8585.54,Paid
7356,613,2025-12-05,2025-12-06,41319.68,8255.33,41319.68,8255.33,Paid
7357,614,2025-01-05,2025-01-05,4240.04,4498.68,4240.04,4498.68,Paid
7358,614,2025-02-05,2025-02-07,4240.04,4461.19,4240.04,4461.19,Paid
7359,614,2025-03-05,,4240.04,4423.7,0.0,0.0,Unpaid
7360,614,2025-04-05,2025-04-09,4240.04,4423.7,4240.04,4423.7,Paid
7361,614,2025-05-05,2025-05-05,4240.04,4386.21,4240.04,4386.21,Paid
7362,614,2025-06-05,2025-06-09,4240.04,4348.73,4240.04,4348.73,Paid
7363,614,2025-07-05,2025-07-06,4240.04,4311.24,4240.04,4311.24,Paid
7364,614,2025-08-05,2025-08-08,4240.04,4273.75,4240.04,4273.75,Paid
7365,614,2025-09-05,2025-09-05,4240.04,4236.26,4240.04,4236.26,Paid
7366,614,2025-10-05,2025-10-09,4240.04,4198.77,4240.04,4198.77,Paid
7367,614,2025-11-05,2025-11-05,4240.04,4161.28,4240.04,4161.28,Paid
7368,614,2025-12-05,2025-12-09,4240.04,4123.79,4240.04,4123.79,Paid
7369,615,2025-01-05,2025-01-06,27540.08,13186.19,27540.08,13186.19,Paid
7370,615,2025-02-05,2025-02-06,27540.08,12819.91,27540.08,12819.91,Paid
7371,615,2025-03-05,2025-03-10,27540.08,12453.63,27540.08,12453.63,Paid
7372,615,2025-04-05,2025-04-05,27540.08,12087.34,27540.08,12087.34,Paid
7373,615,2025-05-05,2025-05-05,27540.08,11721.06,27540.08,11721.06,Paid
7374,615,2025-06-05,2025-06-05,27540.08,11354.78,27540.08,11354.78,Paid
7375,615,2025-07-05,2025-07-09,27540.08,10988.49,27540.08,10988.49,Paid
7376,615,2025-08-05,2025-08-07,27540.08,10622.21,27540.08,10622.21,Paid
7377,615,2025-09-05,2025-09-08,27540.08,10255.93,27540.08,10255.93,Paid
7378,615,2025-10-05,2025-10-05,27540.08,9889.64,27540.08,9889.64,Paid
7379,615,2025-11-05,2025-11-06,27540.08,9523.36,27540.08,9523.36,Paid
7380,615,2025-12-05,2025-12-07,27540.08,9157.08,27540.08,9157.08,Paid
7381,616,2025-01-05,2025-01-09,44458.57,30387.43,44458.57,30387.43,Paid
7382,616,2025-02-05,2025-02-06,44458.57,29880.98,44458.57,29880.98,Paid
7383,616,2025-03-05,2025-03-05,44458.57,29374.52,44458.57,29374.52,Paid
7384,616,2025-04-05,2025-04-05,44458.57,28868.06,44458.57,28868.06,Paid
7385,616,2025-05-05,2025-05-06,44458.57,28361.61,44458.57,28361.61,Paid
7386,616,2025-06-05,2025-06-10,44458.57,27855.15,44458.57,27855.15,Paid
7387,616,2025-07-05,2025-07-10,44458.57,27348.69,44458.57,27348.69,Paid
7388,616,2025-08-05,,44458.57,26842.23,0.0,0.0,Unpaid
7389,616,2025-09-05,2025-09-06,44458.57,26842.23,44458.57,26842.23,Paid
7390,616,2025-10-05,2025-10-10,44458.57,26335.78,44458.57,26335.78,Paid
7391,616,2025-11-05,2025-11-08,44458.57,25829.32,44458.57,25829.32,Paid
7392,616,2025-12-05,2025-12-05,44458.57,25322.86,44458.57,25322.86,Paid
7393,617,2025-01-05,2025-01-06,17905.65,7810.44,17905.65,7810.44,Paid
7394,617,2025-02-05,2025-02-05,17905.65,7593.49,17905.65,7593.49,Paid
7395,617,2025-03-05,2025-03-06,17905.65,7376.53,17905.65,7376.53,Paid
7396,617,2025-04-05,2025-04-06,17905.65,7159.57,17905.65,7159.57,Paid
7397,617,2025-05-05,2025-05-06,17905.65,6942.62,17905.65,6942.62,Paid
7398,617,2025-06-05,2025-06-07,17905.65,6725.66,17905.65,6725.66,Paid
7399,617,2025-07-05,,17905.65,6508.7,0.0,0.0,Unpaid
7400,617,2025-08-05,2025-08-09,17905.65,6508.7,17905.65,6508.7,Paid
7401,617,2025-09-05,,17905.65,6291.75,0.0,0.0,Unpaid
7402,617,2025-10-05,2025-10-09,17905.65,6291.75,17905.65,6291.75,Paid
7403,617,2025-11-05,2025-11-06,17905.65,6074.79,17905.65,6074.79,Paid
7404,617,2025-12-05,2025-12-07,17905.65,5857.83,17905.65,5857.83,Paid
7405,618,2025-01-05,,63350.62,32099.76,0.0,0.0,Unpaid
7406,618,2025-02-05,2025-02-05,63350.62,32099.76,63350.62,32099.76,Paid
7407,618,2025-03-05,2025-03-10,63350.62,31208.1,63350.62,31208.1,Paid
7408,618,2025-04-05,2025-04-09,63350.62,30316.44,63350.62,30316.44,Paid
7409,618,2025-05-05,2025-05-06,63350.62,29424.78,63350.62,29424.78,Paid
7410,618,2025-06-05,2025-06-05,63350.62,28533.12,63350.62,28533.12,Paid
7411,618,2025-07-05,2025-07-05,63350.62,27641.46,63350.62,27641.46,Paid
7412,618,2025-08-05,2025-08-05,63350.62,26749.8,63350.62,26749.8,Paid
7413,618,2025-09-05,2025-09-05,63350.62,25858.14,63350.62,25858.14,Paid
7414,618,2025-10-05,2025-10-10,63350.62,24966.48,63350.62,24966.48,Paid
7415,618,2025-11-05,2025-11-07,63350.62,24074.82,63350.62,24074.82,Paid
7416,618,2025-12-05,2025-12-06,63350.62,23183.16,63350.62,23183.16,Paid
7417,619,2025-01-05,2025-01-07,13089.9,6859.11,13089.9,6859.11,Paid
7418,619,2025-02-05,2025-02-09,13089.9,6744.79,13089.9,6744.79,Paid
7419,619,2025-03-05,2025-03-09,13089.9,6630.47,13089.9,6630.47,Paid
7420,619,2025-04-05,2025-04-08,13089.9,6516.15,13089.9,6516.15,Paid
7421,619,2025-05-05,2025-05-05,13089.9,6401.83,13089.9,6401.83,Paid
7422,619,2025-06-05,2025-06-09,13089.9,6287.52,13089.9,6287.52,Paid
7423,619,2025-07-05,2025-07-05,13089.9,6173.2,13089.9,6173.2,Paid
7424,619,2025-08-05,2025-08-08,13089.9,6058.88,13089.9,6058.88,Paid
7425,619,2025-09-05,2025-09-10,13089.9,5944.56,13089.9,5944.56,Paid
7426,619,2025-10-05,2025-10-05,13089.9,5830.24,13089.9,5830.24,Paid
7427,619,2025-11-05,2025-11-07,13089.9,5715.92,13089.9,5715.92,Paid
7428,619,2025-12-05,2025-12-05,13089.9,5601.61,13089.9,5601.61,Paid
7429,620,2025-01-05,2025-01-06,5977.69,8093.79,5977.69,8093.79,Paid
7430,620,2025-02-05,2025-02-08,5977.69,8026.34,5977.69,8026.34,Paid
7431,620,2025-03-05,2025-03-10,5977.69,7958.9,5977.69,7958.9,Paid
7432,620,2025-04-05,2025-04-09,5977.69,7891.45,5977.69,7891.45,Paid
7433,620,2025-05-05,2025-05-06,5977.69,7824.0,5977.69,7824.0,Paid
7434,620,2025-06-05,2025-06-06,5977.69,7756.55,5977.69,7756.55,Paid
7435,620,2025-07-05,2025-07-06,5977.69,7689.1,5977.69,7689.1,Paid
7436,620,2025-08-05,2025-08-10,5977.69,7621.65,5977.69,7621.65,Paid
7437,620,2025-09-05,2025-09-05,5977.69,7554.21,5977.69,7554.21,Paid
7438,620,2025-10-05,2025-10-08,5977.69,7486.76,5977.69,7486.76,Paid
7439,620,2025-11-05,2025-11-08,5977.69,7419.31,5977.69,7419.31,Paid
7440,620,2025-12-05,2025-12-09,5977.69,7351.86,5977.69,7351.86,Paid
7441,621,2025-01-05,2025-01-10,1658.92,2566.35,1658.92,2566.35,Paid
7442,621,2025-02-05,2025-02-08,1658.92,2544.97,1658.92,2544.97,Paid
7443,621,2025-03-05,2025-03-10,1658.92,2523.58,1658.92,2523.58,Paid
7444,621,2025-04-05,2025-04-09,1658.92,2502.19,1658.92,2502.19,Paid
7445,621,2025-05-05,2025-05-07,1658.92,2480.81,1658.92,2480.81,Paid
7446,621,2025-06-05,2025-06-06,1658.92,2459.42,1658.92,2459.42,Paid
7447,621,2025-07-05,2025-07-07,1658.92,2438.03,1658.92,2438.03,Paid
7448,621,2025-08-05,2025-08-10,1658.92,2416.65,1658.92,2416.65,Paid
7449,621,2025-09-05,2025-09-07,1658.92,2395.26,1658.92,2395.26,Paid
7450,621,2025-10-05,2025-10-10,1658.92,2373.88,1658.92,2373.88,Paid
7451,621,2025-11-05,2025-11-06,1658.92,2352.49,1658.92,2352.49,Paid
7452,621,2025-12-05,2025-12-10,1658.92,2331.1,1658.92,2331.1,Paid
7453,622,2025-01-05,2025-01-05,5993.15,10511.98,5993.15,10511.98,Paid
7454,622,2025-02-05,2025-02-09,5993.15,10424.38,5993.15,10424.38,Paid
7455,622,2025-03-05,2025-03-05,5993.15,10336.78,5993.15,10336.78,Paid
7456,622,2025-04-05,2025-04-10,5993.15,10249.18,5993.15,10249.18,Paid
7457,622,2025-05-05,2025-05-10,5993.15,10161.58,5993.15,10161.58,Paid
7458,622,2025-06-05,2025-06-07,5993.15,10073.98,5993.15,10073.98,Paid
7459,622,2025-07-05,2025-07-07,5993.15,9986.38,5993.15,9986.38,Paid
7460,622,2025-08-05,2025-08-09,5993.15,9898.78,5993.15,9898.78,Paid
7461,622,2025-09-05,2025-09-08,5993.15,9811.19,5993.15,9811.19,Paid
7462,622,2025-10-05,2025-10-07,5993.15,9723.59,5993.15,9723.59,Paid
7463,622,2025-11-05,2025-11-10,5993.15,9635.99,5993.15,9635.99,Paid
7464,622,2025-12-05,2025-12-05,5993.15,9548.39,5993.15,9548.39,Paid
7465,623,2025-01-05,2025-01-07,30595.11,14073.75,30595.11,14073.75,Paid
7466,623,2025-02-05,2025-02-06,30595.11,13839.19,30595.11,13839.19,Paid
7467,623,2025-03-05,2025-03-10,30595.11,13604.62,30595.11,13604.62,Paid
7468,623,2025-04-05,2025-04-05,30595.11,13370.06,30595.11,13370.06,Paid
7469,623,2025-05-05,2025-05-09,30595.11,13135.5,30595.11,13135.5,Paid
7470,623,2025-06-05,2025-06-09,30595.11,12900.94,30595.11,12900.94,Paid
7471,623,2025-07-05,2025-07-08,30595.11,12666.37,30595.11,12666.37,Paid
7472,623,2025-08-05,2025-08-10,30595.11,12431.81,30595.11,12431.81,Paid
7473,623,2025-09-05,2025-09-05,30595.11,12197.25,30595.11,12197.25,Paid
7474,623,2025-10-05,2025-10-05,30595.11,11962.69,30595.11,11962.69,Paid
7475,623,2025-11-05,2025-11-09,30595.11,11728.12,30595.11,11728.12,Paid
7476,623,2025-12-05,2025-12-05,30595.11,11493.56,30595.11,11493.56,Paid
7477,624,2025-01-05,2025-01-07,7940.62,3470.05,7940.62,3470.05,Paid
7478,624,2025-02-05,2025-02-06,7940.62,3412.22,7940.62,3412.22,Paid
7479,624,2025-03-05,2025-03-09,7940.62,3354.38,7940.62,3354.38,Paid
7480,624,2025-04-05,2025-04-09,7940.62,3296.55,7940.62,3296.55,Paid
7481,624,2025-05-05,2025-05-05,7940.62,3238.71,7940.62,3238.71,Paid
7482,624,2025-06-05,2025-06-08,7940.62,3180.88,7940.62,3180.88,Paid
7483,624,2025-07-05,2025-07-08,7940.62,3123.04,7940.62,3123.04,Paid
7484,624,2025-08-05,2025-08-08,7940.62,3065.21,7940.62,3065.21,Paid
7485,624,2025-09-05,2025-09-10,7940.62,3007.38,7940.62,3007.38,Paid
7486,624,2025-10-05,2025-10-10,7940.62,2949.54,7940.62,2949.54,Paid
7487,624,2025-11-05,2025-11-10,7940.62,2891.71,7940.62,2891.71,Paid
7488,624,2025-12-05,2025-12-10,7940.62,2833.87,7940.62,2833.87,Paid
7489,625,2025-01-05,2025-01-10,4247.47,2926.5,4247.47,2926.5,Paid
7490,625,2025-02-05,,4247.47,2877.73,0.0,0.0,Unpaid
7491,625,2025-03-05,2025-03-05,4247.47,2877.73,4247.47,2877.73,Paid
7492,625,2025-04-05,2025-04-06,4247.47,2828.95,4247.47,2828.95,Paid
7493,625,2025-05-05,2025-05-06,4247.47,2780.18,4247.47,2780.18,Paid
7494,625,2025-06-05,2025-06-05,4247.47,2731.4,4247.47,2731.4,Paid
7495,625,2025-07-05,2025-07-07,4247.47,2682.63,4247.47,2682.63,Paid
7496,625,2025-08-05,2025-08-10,4247.47,2633.85,4247.47,2633.85,Paid
7497,625,2025-09-05,2025-09-08,4247.47,2585.08,4247.47,2585.08,Paid
7498,625,2025-10-05,2025-10-08,4247.47,2536.3,4247.47,2536.3,Paid
7499,625,2025-11-05,2025-11-05,4247.47,2487.53,4247.47,2487.53,Paid
7500,625,2025-12-05,2025-12-06,4247.47,2438.75,4247.47,2438.75,Paid
7501,626,2025-01-05,2025-01-06,9521.88,7707.96,9521.88,7707.96,Paid
7502,626,2025-02-05,2025-02-10,9521.88,7579.5,9521.88,7579.5,Paid
7503,626,2025-03-05,2025-03-08,9521.88,7451.03,9521.88,7451.03,Paid
7504,626,2025-04-05,2025-04-08,9521.88,7322.57,9521.88,7322.57,Paid
7505,626,2025-05-05,2025-05-09,9521.88,7194.1,9521.88,7194.1,Paid
7506,626,2025-06-05,2025-06-06,9521.88,7065.63,9521.88,7065.63,Paid
7507,626,2025-07-05,2025-07-07,9521.88,6937.17,9521.88,6937.17,Paid
7508,626,2025-08-05,2025-08-05,9521.88,6808.7,9521.88,6808.7,Paid
7509,626,2025-09-05,2025-09-09,9521.88,6680.24,9521.88,6680.24,Paid
7510,626,2025-10-05,2025-10-10,9521.88,6551.77,9521.88,6551.77,Paid
7511,626,2025-11-05,2025-11-05,9521.88,6423.3,9521.88,6423.3,Paid
7512,626,2025-12-05,2025-12-06,9521.88,6294.84,9521.88,6294.84,Paid
7513,627,2025-01-05,2025-01-07,11601.74,4138.34,11601.74,4138.34,Paid
7514,627,2025-02-05,2025-02-09,11601.74,4023.39,11601.74,4023.39,Paid
7515,627,2025-03-05,2025-03-05,11601.74,3908.43,11601.74,3908.43,Paid
7516,627,2025-04-05,2025-04-07,11601.74,3793.48,11601.74,3793.48,Paid
7517,627,2025-05-05,2025-05-09,11601.74,3678.53,11601.74,3678.53,Paid
7518,627,2025-06-05,2025-06-05,11601.74,3563.57,11601.74,3563.57,Paid
7519,627,2025-07-05,2025-07-07,11601.74,3448.62,11601.74,3448.62,Paid
7520,627,2025-08-05,,11601.74,3333.66,0.0,0.0,Unpaid
7521,627,2025-09-05,2025-09-10,11601.74,3333.66,11601.74,3333.66,Paid
7522,627,2025-10-05,2025-10-07,11601.74,3218.71,11601.74,3218.71,Paid
7523,627,2025-11-05,2025-11-10,11601.74,3103.76,11601.74,3103.76,Paid
7524,627,2025-12-05,2025-12-06,11601.74,2988.8,11601.74,2988.8,Paid
7525,628,2025-01-05,2025-01-10,17663.96,10359.91,17663.96,10359.91,Paid
7526,628,2025-02-05,2025-02-09,17663.96,10187.25,17663.96,10187.25,Paid
7527,628,2025-03-05,2025-03-10,17663.96,10014.58,17663.96,10014.58,Paid
7528,628,2025-04-05,2025-04-05,17663.96,9841.92,17663.96,9841.92,Paid
7529,628,2025-05-05,2025-05-09,17663.96,9669.25,17663.96,9669.25,Paid
7530,628,2025-06-05,2025-06-06,17663.96,9496.59,17663.96,9496.59,Paid
7531,628,2025-07-05,2025-07-08,17663.96,9323.92,17663.96,9323.92,Paid
7532,628,2025-08-05,2025-08-07,17663.96,9151.26,17663.96,9151.26,Paid
7533,628,2025-09-05,2025-09-10,17663.96,8978.59,17663.96,8978.59,Paid
7534,628,2025-10-05,2025-10-05,17663.96,8805.93,17663.96,8805.93,Paid
7535,628,2025-11-05,2025-11-05,17663.96,8633.26,17663.96,8633.26,Paid
7536,628,2025-12-05,2025-12-05,17663.96,8460.6,17663.96,8460.6,Paid
7537,629,2025-01-05,2025-01-07,38253.05,7681.21,38253.05,7681.21,Paid
7538,629,2025-02-05,2025-02-08,38253.05,7361.16,38253.05,7361.16,Paid
7539,629,2025-03-05,2025-03-05,38253.05,7041.11,38253.05,7041.11,Paid
7540,629,2025-04-05,2025-04-10,38253.05,6721.06,38253.05,6721.06,Paid
7541,629,2025-05-05,2025-05-07,38253.05,6401.01,38253.05,6401.01,Paid
7542,629,2025-06-05,2025-06-06,38253.05,6080.96,38253.05,6080.96,Paid
7543,629,2025-07-05,2025-07-10,38253.05,5760.91,38253.05,5760.91,Paid
7544,629,2025-08-05,2025-08-10,38253.05,5440.86,38253.05,5440.86,Paid
7545,629,2025-09-05,2025-09-09,38253.05,5120.81,38253.05,5120.81,Paid
7546,629,2025-10-05,2025-10-05,38253.05,4800.76,38253.05,4800.76,Paid
7547,629,2025-11-05,2025-11-08,38253.05,4480.71,38253.05,4480.71,Paid
7548,629,2025-12-05,2025-12-05,38253.05,4160.66,38253.05,4160.66,Paid
7549,630,2025-01-05,2025-01-06,97248.65,29096.79,97248.65,29096.79,Paid
7550,630,2025-02-05,2025-02-08,97248.65,27884.43,97248.65,27884.43,Paid
7551,630,2025-03-05,2025-03-06,97248.65,26672.06,97248.65,26672.06,Paid
7552,630,2025-04-05,2025-04-05,97248.65,25459.7,97248.65,25459.7,Paid
7553,630,2025-05-05,2025-05-07,97248.65,24247.33,97248.65,24247.33,Paid
7554,630,2025-06-05,2025-06-09,97248.65,23034.96,97248.65,23034.96,Paid
7555,630,2025-07-05,2025-07-06,97248.65,21822.6,97248.65,21822.6,Paid
7556,630,2025-08-05,2025-08-07,97248.65,20610.23,97248.65,20610.23,Paid
7557,630,2025-09-05,2025-09-10,97248.65,19397.86,97248.65,19397.86,Paid
7558,630,2025-10-05,2025-10-06,97248.65,18185.5,97248.65,18185.5,Paid
7559,630,2025-11-05,2025-11-06,97248.65,16973.13,97248.65,16973.13,Paid
7560,630,2025-12-05,2025-12-06,97248.65,15760.76,97248.65,15760.76,Paid
7561,631,2025-01-05,2025-01-08,8892.76,9221.79,8892.76,9221.79,Paid
7562,631,2025-02-05,2025-02-07,8892.76,9144.94,8892.76,9144.94,Paid
7563,631,2025-03-05,2025-03-09,8892.76,9068.1,8892.76,9068.1,Paid
7564,631,2025-04-05,,8892.76,8991.25,0.0,0.0,Unpaid
7565,631,2025-05-05,2025-05-10,8892.76,8991.25,8892.76,8991.25,Paid
7566,631,2025-06-05,,8892.76,8914.4,0.0,0.0,Unpaid
7567,631,2025-07-05,2025-07-10,8892.76,8914.4,8892.76,8914.4,Paid
7568,631,2025-08-05,2025-08-06,8892.76,8837.55,8892.76,8837.55,Paid
7569,631,2025-09-05,2025-09-10,8892.76,8760.7,8892.76,8760.7,Paid
7570,631,2025-10-05,2025-10-06,8892.76,8683.85,8892.76,8683.85,Paid
7571,631,2025-11-05,2025-11-10,8892.76,8607.01,8892.76,8607.01,Paid
7572,631,2025-12-05,2025-12-08,8892.76,8530.16,8892.76,8530.16,Paid
7573,632,2025-01-05,2025-01-09,16212.49,6711.97,16212.49,6711.97,Paid
7574,632,2025-02-05,2025-02-05,16212.49,6600.11,16212.49,6600.11,Paid
7575,632,2025-03-05,2025-03-05,16212.49,6488.24,16212.49,6488.24,Paid
7576,632,2025-04-05,2025-04-05,16212.49,6376.37,16212.49,6376.37,Paid
7577,632,2025-05-05,2025-05-10,16212.49,6264.51,16212.49,6264.51,Paid
7578,632,2025-06-05,2025-06-09,16212.49,6152.64,16212.49,6152.64,Paid
7579,632,2025-07-05,2025-07-06,16212.49,6040.78,16212.49,6040.78,Paid
7580,632,2025-08-05,2025-08-07,16212.49,5928.91,16212.49,5928.91,Paid
7581,632,2025-09-05,2025-09-10,16212.49,5817.04,16212.49,5817.04,Paid
7582,632,2025-10-05,2025-10-09,16212.49,5705.18,16212.49,5705.18,Paid
7583,632,2025-11-05,2025-11-08,16212.49,5593.31,16212.49,5593.31,Paid
7584,632,2025-12-05,2025-12-08,16212.49,5481.44,16212.49,5481.44,Paid
7585,633,2025-01-05,2025-01-08,79174.98,22137.33,79174.98,22137.33,Paid
7586,633,2025-02-05,,79174.98,21214.94,0.0,0.0,Unpaid
7587,633,2025-03-05,2025-03-09,79174.98,21214.94,79174.98,21214.94,Paid
7588,633,2025-04-05,2025-04-05,79174.98,20292.55,79174.98,20292.55,Paid
7589,633,2025-05-05,2025-05-10,79174.98,19370.16,79174.98,19370.16,Paid
7590,633,2025-06-05,2025-06-10,79174.98,18447.77,79174.98,18447.77,Paid
7591,633,2025-07-05,2025-07-05,79174.98,17525.38,79174.98,17525.38,Paid
7592,633,2025-08-05,2025-08-06,79174.98,16602.99,79174.98,16602.99,Paid
7593,633,2025-09-05,2025-09-05,79174.98,15680.61,79174.98,15680.61,Paid
7594,633,2025-10-05,2025-10-05,79174.98,14758.22,79174.98,14758.22,Paid
7595,633,2025-11-05,2025-11-10,79174.98,13835.83,79174.98,13835.83,Paid
7596,633,2025-12-05,2025-12-08,79174.98,12913.44,79174.98,12913.44,Paid
7597,634,2025-01-05,2025-01-06,10938.05,18857.2,10938.05,18857.2,Paid
7598,634,2025-02-05,2025-02-08,10938.05,18700.06,10938.05,18700.06,Paid
7599,634,2025-03-05,2025-03-08,10938.05,18542.91,10938.05,18542.91,Paid
7600,634,2025-04-05,2025-04-06,10938.05,18385.77,10938.05,18385.77,Paid
7601,634,2025-05-05,2025-05-10,10938.05,18228.63,10938.05,18228.63,Paid
7602,634,2025-06-05,2025-06-05,10938.05,18071.48,10938.05,18071.48,Paid
7603,634,2025-07-05,2025-07-10,10938.05,17914.34,10938.05,17914.34,Paid
7604,634,2025-08-05,,10938.05,17757.2,0.0,0.0,Unpaid
7605,634,2025-09-05,2025-09-07,10938.05,17757.2,10938.05,17757.2,Paid
7606,634,2025-10-05,2025-10-06,10938.05,17600.05,10938.05,17600.05,Paid
7607,634,2025-11-05,2025-11-07,10938.05,17442.91,10938.05,17442.91,Paid
7608,634,2025-12-05,2025-12-06,10938.05,17285.77,10938.05,17285.77,Paid
7609,635,2025-01-05,2025-01-08,13500.46,3259.01,13500.46,3259.01,Paid
7610,635,2025-02-05,2025-02-08,13500.46,3123.22,13500.46,3123.22,Paid
7611,635,2025-03-05,2025-03-10,13500.46,2987.43,13500.46,2987.43,Paid
7612,635,2025-04-05,2025-04-06,13500.46,2851.63,13500.46,2851.63,Paid
7613,635,2025-05-05,2025-05-09,13500.46,2715.84,13500.46,2715.84,Paid
7614,635,2025-06-05,2025-06-06,13500.46,2580.05,13500.46,2580.05,Paid
7615,635,2025-07-05,2025-07-09,13500.46,2444.26,13500.46,2444.26,Paid
7616,635,2025-08-05,2025-08-09,13500.46,2308.47,13500.46,2308.47,Paid
7617,635,2025-09-05,2025-09-05,13500.46,2172.67,13500.46,2172.67,Paid
7618,635,2025-10-05,2025-10-06,13500.46,2036.88,13500.46,2036.88,Paid
7619,635,2025-11-05,2025-11-08,13500.46,1901.09,13500.46,1901.09,Paid
7620,635,2025-12-05,2025-12-08,13500.46,1765.3,13500.46,1765.3,Paid
7621,636,2025-01-05,2025-01-05,8277.09,8343.31,8277.09,8343.31,Paid
7622,636,2025-02-05,2025-02-10,8277.09,8273.78,8277.09,8273.78,Paid
7623,636,2025-03-05,2025-03-05,8277.09,8204.26,8277.09,8204.26,Paid
7624,636,2025-04-05,2025-04-10,8277.09,8134.73,8277.09,8134.73,Paid
7625,636,2025-05-05,2025-05-09,8277.09,8065.2,8277.09,8065.2,Paid
7626,636,2025-06-05,2025-06-08,8277.09,7995.67,8277.09,7995.67,Paid
7627,636,2025-07-05,2025-07-09,8277.09,7926.14,8277.09,7926.14,Paid
7628,636,2025-08-05,2025-08-05,8277.09,7856.62,8277.09,7856.62,Paid
7629,636,2025-09-05,2025-09-07,8277.09,7787.09,8277.09,7787.09,Paid
7630,636,2025-10-05,2025-10-08,8277.09,7717.56,8277.09,7717.56,Paid
7631,636,2025-11-05,2025-11-05,8277.09,7648.03,8277.09,7648.03,Paid
7632,636,2025-12-05,2025-12-06,8277.09,7578.51,8277.09,7578.51,Paid
7633,637,2025-01-05,2025-01-09,13765.78,5682.51,13765.78,5682.51,Paid
7634,637,2025-02-05,2025-02-10,13765.78,5524.66,13765.78,5524.66,Paid
7635,637,2025-03-05,2025-03-07,13765.78,5366.82,13765.78,5366.82,Paid
7636,637,2025-04-05,2025-04-08,13765.78,5208.97,13765.78,5208.97,Paid
7637,637,2025-05-05,2025-05-06,13765.78,5051.12,13765.78,5051.12,Paid
7638,637,2025-06-05,2025-06-05,13765.78,4893.27,13765.78,4893.27,Paid
7639,637,2025-07-05,2025-07-07,13765.78,4735.43,13765.78,4735.43,Paid
7640,637,2025-08-05,2025-08-05,13765.78,4577.58,13765.78,4577.58,Paid
7641,637,2025-09-05,2025-09-05,13765.78,4419.73,13765.78,4419.73,Paid
7642,637,2025-10-05,2025-10-06,13765.78,4261.88,13765.78,4261.88,Paid
7643,637,2025-11-05,2025-11-06,13765.78,4104.04,13765.78,4104.04,Paid
7644,637,2025-12-05,2025-12-05,13765.78,3946.19,13765.78,3946.19,Paid
7645,638,2025-01-05,2025-01-08,99877.24,23211.47,99877.24,23211.47,Paid
7646,638,2025-02-05,2025-02-05,99877.24,22244.33,99877.24,22244.33,Paid
7647,638,2025-03-05,2025-03-10,99877.24,21277.18,99877.24,21277.18,Paid
7648,638,2025-04-05,2025-04-07,99877.24,20310.04,99877.24,20310.04,Paid
7649,638,2025-05-05,2025-05-06,99877.24,19342.89,99877.24,19342.89,Paid
7650,638,2025-06-05,2025-06-06,99877.24,18375.75,99877.24,18375.75,Paid
7651,638,2025-07-05,2025-07-09,99877.24,17408.6,99877.24,17408.6,Paid
7652,638,2025-08-05,2025-08-06,99877.24,16441.46,99877.24,16441.46,Paid
7653,638,2025-09-05,2025-09-07,99877.24,15474.31,99877.24,15474.31,Paid
7654,638,2025-10-05,2025-10-08,99877.24,14507.17,99877.24,14507.17,Paid
7655,638,2025-11-05,2025-11-10,99877.24,13540.03,99877.24,13540.03,Paid
7656,638,2025-12-05,2025-12-08,99877.24,12572.88,99877.24,12572.88,Paid
7657,639,2025-01-05,2025-01-08,58166.04,10272.12,58166.04,10272.12,Paid
7658,639,2025-02-05,2025-02-07,58166.04,9844.12,58166.04,9844.12,Paid
7659,639,2025-03-05,2025-03-07,58166.04,9416.11,58166.04,9416.11,Paid
7660,639,2025-04-05,2025-04-10,58166.04,8988.11,58166.04,8988.11,Paid
7661,639,2025-05-05,2025-05-09,58166.04,8560.1,58166.04,8560.1,Paid
7662,639,2025-06-05,2025-06-06,58166.04,8132.1,58166.04,8132.1,Paid
7663,639,2025-07-05,2025-07-07,58166.04,7704.09,58166.04,7704.09,Paid
7664,639,2025-08-05,2025-08-05,58166.04,7276.09,58166.04,7276.09,Paid
7665,639,2025-09-05,2025-09-09,58166.04,6848.08,58166.04,6848.08,Paid
7666,639,2025-10-05,2025-10-09,58166.04,6420.08,58166.04,6420.08,Paid
7667,639,2025-11-05,2025-11-07,58166.04,5992.07,58166.04,5992.07,Paid
7668,639,2025-12-05,2025-12-09,58166.04,5564.07,58166.04,5564.07,Paid
7669,640,2025-01-05,2025-01-07,16718.83,29826.39,16718.83,29826.39,Paid
7670,640,2025-02-05,2025-02-06,16718.83,29577.84,16718.83,29577.84,Paid
7671,640,2025-03-05,2025-03-06,16718.83,29329.29,16718.83,29329.29,Paid
7672,640,2025-04-05,2025-04-08,16718.83,29080.73,16718.83,29080.73,Paid
7673,640,2025-05-05,2025-05-06,16718.83,28832.18,16718.83,28832.18,Paid
7674,640,2025-06-05,2025-06-07,16718.83,28583.63,16718.83,28583.63,Paid
7675,640,2025-07-05,2025-07-08,16718.83,28335.07,16718.83,28335.07,Paid
7676,640,2025-08-05,2025-08-06,16718.83,28086.52,16718.83,28086.52,Paid
7677,640,2025-09-05,2025-09-05,16718.83,27837.97,16718.83,27837.97,Paid
7678,640,2025-10-05,2025-10-08,16718.83,27589.42,16718.83,27589.42,Paid
7679,640,2025-11-05,2025-11-06,16718.83,27340.86,16718.83,27340.86,Paid
7680,640,2025-12-05,2025-12-05,16718.83,27092.31,16718.83,27092.31,Paid
7681,641,2025-01-05,2025-01-06,17721.51,9224.05,17721.51,9224.05,Paid
7682,641,2025-02-05,2025-02-07,17721.51,9070.31,17721.51,9070.31,Paid
7683,641,2025-03-05,2025-03-08,17721.51,8916.58,17721.51,8916.58,Paid
7684,641,2025-04-05,2025-04-07,17721.51,8762.84,17721.51,8762.84,Paid
7685,641,2025-05-05,2025-05-10,17721.51,8609.11,17721.51,8609.11,Paid
7686,641,2025-06-05,2025-06-09,17721.51,8455.37,17721.51,8455.37,Paid
7687,641,2025-07-05,2025-07-06,17721.51,8301.64,17721.51,8301.64,Paid
7688,641,2025-08-05,2025-08-09,17721.51,8147.91,17721.51,8147.91,Paid
7689,641,2025-09-05,2025-09-08,17721.51,7994.17,17721.51,7994.17,Paid
7690,641,2025-10-05,2025-10-05,17721.51,7840.44,17721.51,7840.44,Paid
7691,641,2025-11-05,,17721.51,7686.7,0.0,0.0,Unpaid
7692,641,2025-12-05,2025-12-07,17721.51,7686.7,17721.51,7686.7,Paid
7693,642,2025-01-05,2025-01-07,87261.23,20611.1,87261.23,20611.1,Paid
7694,642,2025-02-05,2025-02-08,87261.23,19752.31,87261.23,19752.31,Paid
7695,642,2025-03-05,2025-03-08,87261.23,18893.51,87261.23,18893.51,Paid
7696,642,2025-04-05,2025-04-09,87261.23,18034.71,87261.23,18034.71,Paid
7697,642,2025-05-05,2025-05-07,87261.23,17175.92,87261.23,17175.92,Paid
7698,642,2025-06-05,2025-06-06,87261.23,16317.12,87261.23,16317.12,Paid
7699,642,2025-07-05,2025-07-05,87261.23,15458.33,87261.23,15458.33,Paid
7700,642,2025-08-05,2025-08-10,87261.23,14599.53,87261.23,14599.53,Paid
7701,642,2025-09-05,2025-09-08,87261.23,13740.73,87261.23,13740.73,Paid
7702,642,2025-10-05,2025-10-08,87261.23,12881.94,87261.23,12881.94,Paid
7703,642,2025-11-05,2025-11-09,87261.23,12023.14,87261.23,12023.14,Paid
7704,642,2025-12-05,2025-12-05,87261.23,11164.35,87261.23,11164.35,Paid
7705,643,2025-01-05,2025-01-10,13921.61,12334.54,13921.61,12334.54,Paid
7706,643,2025-02-05,2025-02-06,13921.61,12128.97,13921.61,12128.97,Paid
7707,643,2025-03-05,2025-03-05,13921.61,11923.39,13921.61,11923.39,Paid
7708,643,2025-04-05,2025-04-09,13921.61,11717.82,13921.61,11717.82,Paid
7709,643,2025-05-05,2025-05-07,13921.61,11512.24,13921.61,11512.24,Paid
7710,643,2025-06-05,2025-06-05,13921.61,11306.66,13921.61,11306.66,Paid
7711,643,2025-07-05,2025-07-07,13921.61,11101.09,13921.61,11101.09,Paid
7712,643,2025-08-05,2025-08-05,13921.61,10895.51,13921.61,10895.51,Paid
7713,643,2025-09-05,,13921.61,10689.94,0.0,0.0,Unpaid
7714,643,2025-10-05,2025-10-08,13921.61,10689.94,13921.61,10689.94,Paid
7715,643,2025-11-05,2025-11-06,13921.61,10484.36,13921.61,10484.36,Paid
7716,643,2025-12-05,2025-12-06,13921.61,10278.79,13921.61,10278.79,Paid
7717,644,2025-01-05,2025-01-09,11784.41,20858.4,11784.41,20858.4,Paid
7718,644,2025-02-05,2025-02-05,11784.41,20684.58,11784.41,20684.58,Paid
7719,644,2025-03-05,2025-03-09,11784.41,20510.76,11784.41,20510.76,Paid
7720,644,2025-04-05,2025-04-10,11784.41,20336.94,11784.41,20336.94,Paid
7721,644,2025-05-05,2025-05-09,11784.41,20163.12,11784.41,20163.12,Paid
7722,644,2025-06-05,2025-06-10,11784.41,19989.3,11784.41,19989.3,Paid
7723,644,2025-07-05,2025-07-05,11784.41,19815.48,11784.41,19815.48,Paid
7724,644,2025-08-05,2025-08-07,11784.41,19641.66,11784.41,19641.66,Paid
7725,644,2025-09-05,2025-09-06,11784.41,19467.84,11784.41,19467.84,Paid
7726,644,2025-10-05,2025-10-08,11784.41,19294.02,11784.41,19294.02,Paid
7727,644,2025-11-05,2025-11-09,11784.41,19120.2,11784.41,19120.2,Paid
7728,644,2025-12-05,2025-12-07,11784.41,18946.38,11784.41,18946.38,Paid
7729,645,2025-01-05,2025-01-06,12727.28,5215.64,12727.28,5215.64,Paid
7730,645,2025-02-05,2025-02-08,12727.28,5070.76,12727.28,5070.76,Paid
7731,645,2025-03-05,2025-03-06,12727.28,4925.88,12727.28,4925.88,Paid
7732,645,2025-04-05,2025-04-09,12727.28,4781.0,12727.28,4781.0,Paid
7733,645,2025-05-05,2025-05-09,12727.28,4636.13,12727.28,4636.13,Paid
7734,645,2025-06-05,2025-06-08,12727.28,4491.25,12727.28,4491.25,Paid
7735,645,2025-07-05,2025-07-05,12727.28,4346.37,12727.28,4346.37,Paid
7736,645,2025-08-05,2025-08-09,12727.28,4201.49,12727.28,4201.49,Paid
7737,645,2025-09-05,2025-09-05,12727.28,4056.61,12727.28,4056.61,Paid
7738,645,2025-10-05,2025-10-09,12727.28,3911.73,12727.28,3911.73,Paid
7739,645,2025-11-05,2025-11-08,12727.28,3766.85,12727.28,3766.85,Paid
7740,645,2025-12-05,2025-12-09,12727.28,3621.97,12727.28,3621.97,Paid
7741,646,2025-01-05,2025-01-06,50241.16,26502.21,50241.16,26502.21,Paid
7742,646,2025-02-05,2025-02-08,50241.16,26060.51,50241.16,26060.51,Paid
7743,646,2025-03-05,,50241.16,25618.8,0.0,0.0,Unpaid
7744,646,2025-04-05,2025-04-08,50241.16,25618.8,50241.16,25618.8,Paid
7745,646,2025-05-05,2025-05-07,50241.16,25177.1,50241.16,25177.1,Paid
7746,646,2025-06-05,2025-06-05,50241.16,24735.4,50241.16,24735.4,Paid
7747,646,2025-07-05,2025-07-07,50241.16,24293.69,50241.16,24293.69,Paid
7748,646,2025-08-05,2025-08-07,50241.16,23851.99,50241.16,23851.99,Paid
7749,646,2025-09-05,2025-09-05,50241.16,23410.29,50241.16,23410.29,Paid
7750,646,2025-10-05,2025-10-05,50241.16,22968.58,50241.16,22968.58,Paid
7751,646,2025-11-05,2025-11-07,50241.16,22526.88,50241.16,22526.88,Paid
7752,646,2025-12-05,2025-12-10,50241.16,22085.18,50241.16,22085.18,Paid
7753,647,2025-01-05,2025-01-10,47352.03,22032.9,47352.03,22032.9,Paid
7754,647,2025-02-05,2025-02-10,47352.03,21420.87,47352.03,21420.87,Paid
7755,647,2025-03-05,2025-03-10,47352.03,20808.85,47352.03,20808.85,Paid
7756,647,2025-04-05,2025-04-08,47352.03,20196.82,47352.03,20196.82,Paid
7757,647,2025-05-05,2025-05-10,47352.03,19584.8,47352.03,19584.8,Paid
7758,647,2025-06-05,2025-06-07,47352.03,18972.77,47352.03,18972.77,Paid
7759,647,2025-07-05,2025-07-06,47352.03,18360.75,47352.03,18360.75,Paid
7760,647,2025-08-05,2025-08-09,47352.03,17748.72,47352.03,17748.72,Paid
7761,647,2025-09-05,2025-09-10,47352.03,17136.7,47352.03,17136.7,Paid
7762,647,2025-10-05,2025-10-08,47352.03,16524.67,47352.03,16524.67,Paid
7763,647,2025-11-05,2025-11-09,47352.03,15912.65,47352.03,15912.65,Paid
7764,647,2025-12-05,2025-12-08,47352.03,15300.62,47352.03,15300.62,Paid
7765,648,2025-01-05,2025-01-10,41965.95,14528.61,41965.95,14528.61,Paid
7766,648,2025-02-05,2025-02-07,41965.95,14125.04,41965.95,14125.04,Paid
7767,648,2025-03-05,,41965.95,13721.47,0.0,0.0,Unpaid
7768,648,2025-04-05,2025-04-10,41965.95,13721.47,41965.95,13721.47,Paid
7769,648,2025-05-05,2025-05-09,41965.95,13317.89,41965.95,13317.89,Paid
7770,648,2025-06-05,2025-06-08,41965.95,12914.32,41965.95,12914.32,Paid
7771,648,2025-07-05,2025-07-10,41965.95,12510.75,41965.95,12510.75,Paid
7772,648,2025-08-05,2025-08-06,41965.95,12107.18,41965.95,12107.18,Paid
7773,648,2025-09-05,2025-09-09,41965.95,11703.6,41965.95,11703.6,Paid
7774,648,2025-10-05,2025-10-07,41965.95,11300.03,41965.95,11300.03,Paid
7775,648,2025-11-05,2025-11-06,41965.95,10896.46,41965.95,10896.46,Paid
7776,648,2025-12-05,2025-12-07,41965.95,10492.89,41965.95,10492.89,Paid
7777,649,2025-01-05,2025-01-10,138142.91,53627.08,138142.91,53627.08,Paid
7778,649,2025-02-05,2025-02-07,138142.91,52137.44,138142.91,52137.44,Paid
7779,649,2025-03-05,2025-03-08,138142.91,50647.8,138142.91,50647.8,Paid
7780,649,2025-04-05,2025-04-06,138142.91,49158.16,138142.91,49158.16,Paid
7781,649,2025-05-05,2025-05-05,138142.91,47668.51,138142.91,47668.51,Paid
7782,649,2025-06-05,2025-06-10,138142.91,46178.87,138142.91,46178.87,Paid
7783,649,2025-07-05,,138142.91,44689.23,0.0,0.0,Unpaid
7784,649,2025-08-05,2025-08-05,138142.91,44689.23,138142.91,44689.23,Paid
7785,649,2025-09-05,2025-09-07,138142.91,43199.59,138142.91,43199.59,Paid
7786,649,2025-10-05,2025-10-10,138142.91,41709.95,138142.91,41709.95,Paid
7787,649,2025-11-05,2025-11-05,138142.91,40220.31,138142.91,40220.31,Paid
7788,649,2025-12-05,2025-12-05,138142.91,38730.67,138142.91,38730.67,Paid
7789,650,2025-01-05,,123602.56,26327.34,0.0,0.0,Unpaid
7790,650,2025-02-05,2025-02-09,123602.56,26327.34,123602.56,26327.34,Paid
7791,650,2025-03-05,,123602.56,25230.37,0.0,0.0,Unpaid
7792,650,2025-04-05,2025-04-06,123602.56,25230.37,123602.56,25230.37,Paid
7793,650,2025-05-05,,123602.56,24133.4,0.0,0.0,Unpaid
7794,650,2025-06-05,2025-06-09,123602.56,24133.4,123602.56,24133.4,Paid
7795,650,2025-07-05,2025-07-10,123602.56,23036.43,123602.56,23036.43,Paid
7796,650,2025-08-05,2025-08-10,123602.56,21939.45,123602.56,21939.45,Paid
7797,650,2025-09-05,2025-09-05,123602.56,20842.48,123602.56,20842.48,Paid
7798,650,2025-10-05,2025-10-10,123602.56,19745.51,123602.56,19745.51,Paid
7799,650,2025-11-05,2025-11-07,123602.56,18648.54,123602.56,18648.54,Paid
7800,650,2025-12-05,2025-12-10,123602.56,17551.56,123602.56,17551.56,Paid
7801,651,2025-01-05,2025-01-10,28868.29,18504.57,28868.29,18504.57,Paid
7802,651,2025-02-05,2025-02-10,28868.29,18196.16,28868.29,18196.16,Paid
7803,651,2025-03-05,2025-03-09,28868.29,17887.75,28868.29,17887.75,Paid
7804,651,2025-04-05,,28868.29,17579.34,0.0,0.0,Unpaid
7805,651,2025-05-05,2025-05-06,28868.29,17579.34,28868.29,17579.34,Paid
7806,651,2025-06-05,2025-06-10,28868.29,17270.93,28868.29,17270.93,Paid
7807,651,2025-07-05,2025-07-06,28868.29,16962.52,28868.29,16962.52,Paid
7808,651,2025-08-05,,28868.29,16654.12,0.0,0.0,Unpaid
7809,651,2025-09-05,2025-09-06,28868.29,16654.12,28868.29,16654.12,Paid
7810,651,2025-10-05,2025-10-05,28868.29,16345.71,28868.29,16345.71,Paid
7811,651,2025-11-05,2025-11-09,28868.29,16037.3,28868.29,16037.3,Paid
7812,651,2025-12-05,2025-12-05,28868.29,15728.89,28868.29,15728.89,Paid
7813,652,2025-01-05,2025-01-10,11062.25,2688.13,11062.25,2688.13,Paid
7814,652,2025-02-05,2025-02-05,11062.25,2576.12,11062.25,2576.12,Paid
7815,652,2025-03-05,,11062.25,2464.12,0.0,0.0,Unpaid
7816,652,2025-04-05,2025-04-05,11062.25,2464.12,11062.25,2464.12,Paid
7817,652,2025-05-05,2025-05-06,11062.25,2352.11,11062.25,2352.11,Paid
7818,652,2025-06-05,2025-06-09,11062.25,2240.11,11062.25,2240.11,Paid
7819,652,2025-07-05,2025-07-08,11062.25,2128.1,11062.25,2128.1,Paid
7820,652,2025-08-05,2025-08-08,11062.25,2016.1,11062.25,2016.1,Paid
7821,652,2025-09-05,2025-09-07,11062.25,1904.09,11062.25,1904.09,Paid
7822,652,2025-10-05,2025-10-10,11062.25,1792.08,11062.25,1792.08,Paid
7823,652,2025-11-05,2025-11-05,11062.25,1680.08,11062.25,1680.08,Paid
7824,652,2025-12-05,2025-12-10,11062.25,1568.07,11062.25,1568.07,Paid
7825,653,2025-01-05,,7747.81,6027.79,0.0,0.0,Unpaid
7826,653,2025-02-05,2025-02-08,7747.81,6027.79,7747.81,6027.79,Paid
7827,653,2025-03-05,2025-03-07,7747.81,5927.33,7747.81,5927.33,Paid
7828,653,2025-04-05,2025-04-06,7747.81,5826.87,7747.81,5826.87,Paid
7829,653,2025-05-05,2025-05-08,7747.81,5726.4,7747.81,5726.4,Paid
7830,653,2025-06-05,2025-06-09,7747.81,5625.94,7747.81,5625.94,Paid
7831,653,2025-07-05,2025-07-10,7747.81,5525.48,7747.81,5525.48,Paid
7832,653,2025-08-05,2025-08-07,7747.81,5425.01,7747.81,5425.01,Paid
7833,653,2025-09-05,,7747.81,5324.55,0.0,0.0,Unpaid
7834,653,2025-10-05,2025-10-05,7747.81,5324.55,7747.81,5324.55,Paid
7835,653,2025-11-05,2025-11-09,7747.81,5224.09,7747.81,5224.09,Paid
7836,653,2025-12-05,2025-12-07,7747.81,5123.62,7747.81,5123.62,Paid
7837,654,2025-01-05,2025-01-10,25059.74,11449.8,25059.74,11449.8,Paid
7838,654,2025-02-05,2025-02-07,25059.74,11131.75,25059.74,11131.75,Paid
7839,654,2025-03-05,2025-03-09,25059.74,10813.7,25059.74,10813.7,Paid
7840,654,2025-04-05,2025-04-07,25059.74,10495.65,25059.74,10495.65,Paid
7841,654,2025-05-05,2025-05-08,25059.74,10177.6,25059.74,10177.6,Paid
7842,654,2025-06-05,,25059.74,9859.55,0.0,0.0,Unpaid
7843,654,2025-07-05,2025-07-08,25059.74,9859.55,25059.74,9859.55,Paid
7844,654,2025-08-05,2025-08-08,25059.74,9541.5,25059.74,9541.5,Paid
7845,654,2025-09-05,2025-09-07,25059.74,9223.45,25059.74,9223.45,Paid
7846,654,2025-10-05,2025-10-06,25059.74,8905.4,25059.74,8905.4,Paid
7847,654,2025-11-05,2025-11-06,25059.74,8587.35,25059.74,8587.35,Paid
7848,654,2025-12-05,2025-12-10,25059.74,8269.3,25059.74,8269.3,Paid
7849,655,2025-01-05,2025-01-07,18922.46,5688.09,18922.46,5688.09,Paid
7850,655,2025-02-05,2025-02-09,18922.46,5530.09,18922.46,5530.09,Paid
7851,655,2025-03-05,2025-03-07,18922.46,5372.09,18922.46,5372.09,Paid
7852,655,2025-04-05,2025-04-07,18922.46,5214.08,18922.46,5214.08,Paid
7853,655,2025-05-05,2025-05-07,18922.46,5056.08,18922.46,5056.08,Paid
7854,655,2025-06-05,,18922.46,4898.08,0.0,0.0,Unpaid
7855,655,2025-07-05,2025-07-07,18922.46,4898.08,18922.46,4898.08,Paid
7856,655,2025-08-05,2025-08-07,18922.46,4740.08,18922.46,4740.08,Paid
7857,655,2025-09-05,2025-09-05,18922.46,4582.07,18922.46,4582.07,Paid
7858,655,2025-10-05,2025-10-09,18922.46,4424.07,18922.46,4424.07,Paid
7859,655,2025-11-05,2025-11-07,18922.46,4266.07,18922.46,4266.07,Paid
7860,655,2025-12-05,2025-12-08,18922.46,4108.07,18922.46,4108.07,Paid
7861,656,2025-01-05,2025-01-09,4102.5,5952.72,4102.5,5952.72,Paid
7862,656,2025-02-05,,4102.5,5903.12,0.0,0.0,Unpaid
7863,656,2025-03-05,2025-03-05,4102.5,5903.12,4102.5,5903.12,Paid
7864,656,2025-04-05,2025-04-07,4102.5,5853.51,4102.5,5853.51,Paid
7865,656,2025-05-05,2025-05-10,4102.5,5803.91,4102.5,5803.91,Paid
7866,656,2025-06-05,2025-06-08,4102.5,5754.3,4102.5,5754.3,Paid
7867,656,2025-07-05,2025-07-09,4102.5,5704.69,4102.5,5704.69,Paid
7868,656,2025-08-05,2025-08-06,4102.5,5655.09,4102.5,5655.09,Paid
7869,656,2025-09-05,2025-09-10,4102.5,5605.48,4102.5,5605.48,Paid
7870,656,2025-10-05,2025-10-09,4102.5,5555.88,4102.5,5555.88,Paid
7871,656,2025-11-05,2025-11-06,4102.5,5506.27,4102.5,5506.27,Paid
7872,656,2025-12-05,2025-12-08,4102.5,5456.66,4102.5,5456.66,Paid
7873,657,2025-01-05,2025-01-05,38196.79,15928.06,38196.79,15928.06,Paid
7874,657,2025-02-05,2025-02-07,38196.79,15662.59,38196.79,15662.59,Paid
7875,657,2025-03-05,2025-03-07,38196.79,15397.13,38196.79,15397.13,Paid
7876,657,2025-04-05,2025-04-05,38196.79,15131.66,38196.79,15131.66,Paid
7877,657,2025-05-05,2025-05-05,38196.79,14866.19,38196.79,14866.19,Paid
7878,657,2025-06-05,2025-06-07,38196.79,14600.72,38196.79,14600.72,Paid
7879,657,2025-07-05,2025-07-10,38196.79,14335.25,38196.79,14335.25,Paid
7880,657,2025-08-05,2025-08-09,38196.79,14069.79,38196.79,14069.79,Paid
7881,657,2025-09-05,2025-09-10,38196.79,13804.32,38196.79,13804.32,Paid
7882,657,2025-10-05,2025-10-08,38196.79,13538.85,38196.79,13538.85,Paid
7883,657,2025-11-05,2025-11-07,38196.79,13273.38,38196.79,13273.38,Paid
7884,657,2025-12-05,,38196.79,13007.92,0.0,0.0,Unpaid
7885,658,2025-01-05,2025-01-05,14011.67,7496.24,14011.67,7496.24,Paid
7886,658,2025-02-05,2025-02-06,14011.67,7371.31,14011.67,7371.31,Paid
7887,658,2025-03-05,2025-03-05,14011.67,7246.37,14011.67,7246.37,Paid
7888,658,2025-04-05,2025-04-05,14011.67,7121.43,14011.67,7121.43,Paid
7889,658,2025-05-05,2025-05-10,14011.67,6996.49,14011.67,6996.49,Paid
7890,658,2025-06-05,2025-06-08,14011.67,6871.56,14011.67,6871.56,Paid
7891,658,2025-07-05,2025-07-07,14011.67,6746.62,14011.67,6746.62,Paid
7892,658,2025-08-05,2025-08-10,14011.67,6621.68,14011.67,6621.68,Paid
7893,658,2025-09-05,2025-09-05,14011.67,6496.74,14011.67,6496.74,Paid
7894,658,2025-10-05,2025-10-09,14011.67,6371.81,14011.67,6371.81,Paid
7895,658,2025-11-05,2025-11-07,14011.67,6246.87,14011.67,6246.87,Paid
7896,658,2025-12-05,2025-12-10,14011.67,6121.93,14011.67,6121.93,Paid
7897,659,2025-01-05,2025-01-06,9625.67,4716.58,9625.67,4716.58,Paid
7898,659,2025-02-05,2025-02-10,9625.67,4637.97,9625.67,4637.97,Paid
7899,659,2025-03-05,2025-03-08,9625.67,4559.36,9625.67,4559.36,Paid
7900,659,2025-04-05,2025-04-08,9625.67,4480.75,9625.67,4480.75,Paid
7901,659,2025-05-05,2025-05-06,9625.67,4402.14,9625.67,4402.14,Paid
7902,659,2025-06-05,2025-06-09,9625.67,4323.53,9625.67,4323.53,Paid
7903,659,2025-07-05,2025-07-08,9625.67,4244.92,9625.67,4244.92,Paid
7904,659,2025-08-05,2025-08-07,9625.67,4166.31,9625.67,4166.31,Paid
7905,659,2025-09-05,2025-09-07,9625.67,4087.7,9625.67,4087.7,Paid
7906,659,2025-10-05,2025-10-05,9625.67,4009.09,9625.67,4009.09,Paid
7907,659,2025-11-05,2025-11-10,9625.67,3930.48,9625.67,3930.48,Paid
7908,659,2025-12-05,2025-12-07,9625.67,3851.87,9625.67,3851.87,Paid
7909,660,2025-01-05,2025-01-06,84033.32,29949.47,84033.32,29949.47,Paid
7910,660,2025-02-05,2025-02-08,84033.32,28701.58,84033.32,28701.58,Paid
7911,660,2025-03-05,2025-03-05,84033.32,27453.69,84033.32,27453.69,Paid
7912,660,2025-04-05,2025-04-06,84033.32,26205.79,84033.32,26205.79,Paid
7913,660,2025-05-05,2025-05-07,84033.32,24957.9,84033.32,24957.9,Paid
7914,660,2025-06-05,2025-06-08,84033.32,23710.0,84033.32,23710.0,Paid
7915,660,2025-07-05,2025-07-05,84033.32,22462.11,84033.32,22462.11,Paid
7916,660,2025-08-05,2025-08-09,84033.32,21214.21,84033.32,21214.21,Paid
7917,660,2025-09-05,2025-09-10,84033.32,19966.32,84033.32,19966.32,Paid
7918,660,2025-10-05,2025-10-05,84033.32,18718.42,84033.32,18718.42,Paid
7919,660,2025-11-05,2025-11-08,84033.32,17470.53,84033.32,17470.53,Paid
7920,660,2025-12-05,2025-12-09,84033.32,16222.63,84033.32,16222.63,Paid
7921,661,2025-01-05,2025-01-10,34850.18,10590.97,34850.18,10590.97,Paid
7922,661,2025-02-05,2025-02-09,34850.18,10296.78,34850.18,10296.78,Paid
7923,661,2025-03-05,2025-03-07,34850.18,10002.58,34850.18,10002.58,Paid
7924,661,2025-04-05,2025-04-10,34850.18,9708.39,34850.18,9708.39,Paid
7925,661,2025-05-05,2025-05-09,34850.18,9414.19,34850.18,9414.19,Paid
7926,661,2025-06-05,2025-06-08,34850.18,9120.0,34850.18,9120.0,Paid
7927,661,2025-07-05,2025-07-05,34850.18,8825.81,34850.18,8825.81,Paid
7928,661,2025-08-05,2025-08-09,34850.18,8531.61,34850.18,8531.61,Paid
7929,661,2025-09-05,2025-09-05,34850.18,8237.42,34850.18,8237.42,Paid
7930,661,2025-10-05,2025-10-09,34850.18,7943.23,34850.18,7943.23,Paid
7931,661,2025-11-05,2025-11-10,34850.18,7649.03,34850.18,7649.03,Paid
7932,661,2025-12-05,,34850.18,7354.84,0.0,0.0,Unpaid
7933,662,2025-01-05,2025-01-10,23930.2,10972.0,23930.2,10972.0,Paid
7934,662,2025-02-05,2025-02-09,23930.2,10789.13,23930.2,10789.13,Paid
7935,662,2025-03-05,2025-03-10,23930.2,10606.26,23930.2,10606.26,Paid
7936,662,2025-04-05,2025-04-07,23930.2,10423.4,23930.2,10423.4,Paid
7937,662,2025-05-05,2025-05-06,23930.2,10240.53,23930.2,10240.53,Paid
7938,662,2025-06-05,2025-06-05,23930.2,10057.66,23930.2,10057.66,Paid
7939,662,2025-07-05,2025-07-10,23930.2,9874.8,23930.2,9874.8,Paid
7940,662,2025-08-05,2025-08-09,23930.2,9691.93,23930.2,9691.93,Paid
7941,662,2025-09-05,2025-09-07,23930.2,9509.07,23930.2,9509.07,Paid
7942,662,2025-10-05,2025-10-07,23930.2,9326.2,23930.2,9326.2,Paid
7943,662,2025-11-05,2025-11-08,23930.2,9143.33,23930.2,9143.33,Paid
7944,662,2025-12-05,2025-12-08,23930.2,8960.47,23930.2,8960.47,Paid
7945,663,2025-01-05,2025-01-05,19681.24,22023.31,19681.24,22023.31,Paid
7946,663,2025-02-05,2025-02-09,19681.24,21839.78,19681.24,21839.78,Paid
7947,663,2025-03-05,2025-03-10,19681.24,21656.26,19681.24,21656.26,Paid
7948,663,2025-04-05,2025-04-10,19681.24,21472.73,19681.24,21472.73,Paid
7949,663,2025-05-05,2025-05-05,19681.24,21289.2,19681.24,21289.2,Paid
7950,663,2025-06-05,2025-06-05,19681.24,21105.67,19681.24,21105.67,Paid
7951,663,2025-07-05,2025-07-06,19681.24,20922.15,19681.24,20922.15,Paid
7952,663,2025-08-05,2025-08-05,19681.24,20738.62,19681.24,20738.62,Paid
7953,663,2025-09-05,2025-09-05,19681.24,20555.09,19681.24,20555.09,Paid
7954,663,2025-10-05,2025-10-10,19681.24,20371.56,19681.24,20371.56,Paid
7955,663,2025-11-05,,19681.24,20188.04,0.0,0.0,Unpaid
7956,663,2025-12-05,2025-12-10,19681.24,20188.04,19681.24,20188.04,Paid
7957,664,2025-01-05,2025-01-05,7387.17,6508.09,7387.17,6508.09,Paid
7958,664,2025-02-05,2025-02-08,7387.17,6399.63,7387.17,6399.63,Paid
7959,664,2025-03-05,2025-03-10,7387.17,6291.16,7387.17,6291.16,Paid
7960,664,2025-04-05,,7387.17,6182.69,0.0,0.0,Unpaid
7961,664,2025-05-05,2025-05-05,7387.17,6182.69,7387.17,6182.69,Paid
7962,664,2025-06-05,2025-06-08,7387.17,6074.22,7387.17,6074.22,Paid
7963,664,2025-07-05,2025-07-06,7387.17,5965.75,7387.17,5965.75,Paid
7964,664,2025-08-05,2025-08-08,7387.17,5857.29,7387.17,5857.29,Paid
7965,664,2025-09-05,2025-09-08,7387.17,5748.82,7387.17,5748.82,Paid
7966,664,2025-10-05,2025-10-07,7387.17,5640.35,7387.17,5640.35,Paid
7967,664,2025-11-05,2025-11-10,7387.17,5531.88,7387.17,5531.88,Paid
7968,664,2025-12-05,2025-12-06,7387.17,5423.41,7387.17,5423.41,Paid
7969,665,2025-01-05,2025-01-09,10138.88,6848.81,10138.88,6848.81,Paid
7970,665,2025-02-05,2025-02-10,10138.88,6734.67,10138.88,6734.67,Paid
7971,665,2025-03-05,2025-03-06,10138.88,6620.52,10138.88,6620.52,Paid
7972,665,2025-04-05,,10138.88,6506.37,0.0,0.0,Unpaid
7973,665,2025-05-05,2025-05-06,10138.88,6506.37,10138.88,6506.37,Paid
7974,665,2025-06-05,2025-06-09,10138.88,6392.23,10138.88,6392.23,Paid
7975,665,2025-07-05,2025-07-05,10138.88,6278.08,10138.88,6278.08,Paid
7976,665,2025-08-05,2025-08-05,10138.88,6163.93,10138.88,6163.93,Paid
7977,665,2025-09-05,2025-09-05,10138.88,6049.78,10138.88,6049.78,Paid
7978,665,2025-10-05,2025-10-09,10138.88,5935.64,10138.88,5935.64,Paid
7979,665,2025-11-05,2025-11-07,10138.88,5821.49,10138.88,5821.49,Paid
7980,665,2025-12-05,2025-12-05,10138.88,5707.34,10138.88,5707.34,Paid
7981,666,2025-01-05,2025-01-05,9196.92,10889.15,9196.92,10889.15,Paid
7982,666,2025-02-05,2025-02-07,9196.92,10798.4,9196.92,10798.4,Paid
7983,666,2025-03-05,2025-03-09,9196.92,10707.66,9196.92,10707.66,Paid
7984,666,2025-04-05,2025-04-05,9196.92,10616.92,9196.92,10616.92,Paid
7985,666,2025-05-05,2025-05-10,9196.92,10526.18,9196.92,10526.18,Paid
7986,666,2025-06-05,2025-06-09,9196.92,10435.43,9196.92,10435.43,Paid
7987,666,2025-07-05,2025-07-09,9196.92,10344.69,9196.92,10344.69,Paid
7988,666,2025-08-05,2025-08-08,9196.92,10253.95,9196.92,10253.95,Paid
7989,666,2025-09-05,2025-09-09,9196.92,10163.2,9196.92,10163.2,Paid
7990,666,2025-10-05,2025-10-09,9196.92,10072.46,9196.92,10072.46,Paid
7991,666,2025-11-05,2025-11-10,9196.92,9981.72,9196.92,9981.72,Paid
7992,666,2025-12-05,2025-12-08,9196.92,9890.98,9196.92,9890.98,Paid
7993,667,2025-01-05,2025-01-05,15553.26,7512.22,15553.26,7512.22,Paid
7994,667,2025-02-05,2025-02-07,15553.26,7303.55,15553.26,7303.55,Paid
7995,667,2025-03-05,2025-03-07,15553.26,7094.88,15553.26,7094.88,Paid
7996,667,2025-04-05,2025-04-06,15553.26,6886.21,15553.26,6886.21,Paid
7997,667,2025-05-05,2025-05-08,15553.26,6677.53,15553.26,6677.53,Paid
7998,667,2025-06-05,2025-06-09,15553.26,6468.86,15553.26,6468.86,Paid
7999,667,2025-07-05,2025-07-05,15553.26,6260.19,15553.26,6260.19,Paid
8000,667,2025-08-05,2025-08-06,15553.26,6051.51,15553.26,6051.51,Paid
8001,667,2025-09-05,2025-09-06,15553.26,5842.84,15553.26,5842.84,Paid
8002,667,2025-10-05,2025-10-08,15553.26,5634.17,15553.26,5634.17,Paid
8003,667,2025-11-05,2025-11-06,15553.26,5425.5,15553.26,5425.5,Paid
8004,667,2025-12-05,2025-12-10,15553.26,5216.82,15553.26,5216.82,Paid
8005,668,2025-01-05,2025-01-10,18251.61,7391.9,18251.61,7391.9,Paid
8006,668,2025-02-05,2025-02-10,18251.61,7186.57,18251.61,7186.57,Paid
8007,668,2025-03-05,2025-03-09,18251.61,6981.24,18251.61,6981.24,Paid
8008,668,2025-04-05,2025-04-07,18251.61,6775.91,18251.61,6775.91,Paid
8009,668,2025-05-05,2025-05-08,18251.61,6570.58,18251.61,6570.58,Paid
8010,668,2025-06-05,2025-06-06,18251.61,6365.25,18251.61,6365.25,Paid
8011,668,2025-07-05,,18251.61,6159.92,0.0,0.0,Unpaid
8012,668,2025-08-05,2025-08-05,18251.61,6159.92,18251.61,6159.92,Paid
8013,668,2025-09-05,2025-09-09,18251.61,5954.59,18251.61,5954.59,Paid
8014,668,2025-10-05,2025-10-10,18251.61,5749.26,18251.61,5749.26,Paid
8015,668,2025-11-05,2025-11-06,18251.61,5543.93,18251.61,5543.93,Paid
8016,668,2025-12-05,2025-12-08,18251.61,5338.59,18251.61,5338.59,Paid
8017,669,2025-01-05,2025-01-09,11493.23,13228.7,11493.23,13228.7,Paid
8018,669,2025-02-05,2025-02-06,11493.23,13118.46,11493.23,13118.46,Paid
8019,669,2025-03-05,2025-03-10,11493.23,13008.22,11493.23,13008.22,Paid
8020,669,2025-04-05,2025-04-06,11493.23,12897.99,11493.23,12897.99,Paid
8021,669,2025-05-05,2025-05-10,11493.23,12787.75,11493.23,12787.75,Paid
8022,669,2025-06-05,2025-06-06,11493.23,12677.51,11493.23,12677.51,Paid
8023,669,2025-07-05,2025-07-05,11493.23,12567.27,11493.23,12567.27,Paid
8024,669,2025-08-05,2025-08-05,11493.23,12457.03,11493.23,12457.03,Paid
8025,669,2025-09-05,2025-09-09,11493.23,12346.79,11493.23,12346.79,Paid
8026,669,2025-10-05,2025-10-07,11493.23,12236.55,11493.23,12236.55,Paid
8027,669,2025-11-05,2025-11-07,11493.23,12126.31,11493.23,12126.31,Paid
8028,669,2025-12-05,2025-12-10,11493.23,12016.07,11493.23,12016.07,Paid
8029,670,2025-01-05,2025-01-07,37211.0,11743.79,37211.0,11743.79,Paid
8030,670,2025-02-05,2025-02-09,37211.0,11417.58,37211.0,11417.58,Paid
8031,670,2025-03-05,2025-03-09,37211.0,11091.36,37211.0,11091.36,Paid
8032,670,2025-04-05,2025-04-09,37211.0,10765.14,37211.0,10765.14,Paid
8033,670,2025-05-05,2025-05-10,37211.0,10438.93,37211.0,10438.93,Paid
8034,670,2025-06-05,2025-06-09,37211.0,10112.71,37211.0,10112.71,Paid
8035,670,2025-07-05,,37211.0,9786.49,0.0,0.0,Unpaid
8036,670,2025-08-05,2025-08-07,37211.0,9786.49,37211.0,9786.49,Paid
8037,670,2025-09-05,2025-09-07,37211.0,9460.28,37211.0,9460.28,Paid
8038,670,2025-10-05,,37211.0,9134.06,0.0,0.0,Unpaid
8039,670,2025-11-05,2025-11-09,37211.0,9134.06,37211.0,9134.06,Paid
8040,670,2025-12-05,2025-12-07,37211.0,8807.85,37211.0,8807.85,Paid
8041,671,2025-01-05,2025-01-08,22615.97,9724.87,22615.97,9724.87,Paid
8042,671,2025-02-05,2025-02-06,22615.97,9562.78,22615.97,9562.78,Paid
8043,671,2025-03-05,2025-03-09,22615.97,9400.7,22615.97,9400.7,Paid
8044,671,2025-04-05,2025-04-08,22615.97,9238.62,22615.97,9238.62,Paid
8045,671,2025-05-05,2025-05-10,22615.97,9076.54,22615.97,9076.54,Paid
8046,671,2025-06-05,2025-06-10,22615.97,8914.46,22615.97,8914.46,Paid
8047,671,2025-07-05,2025-07-07,22615.97,8752.38,22615.97,8752.38,Paid
8048,671,2025-08-05,2025-08-06,22615.97,8590.3,22615.97,8590.3,Paid
8049,671,2025-09-05,2025-09-05,22615.97,8428.22,22615.97,8428.22,Paid
8050,671,2025-10-05,,22615.97,8266.14,0.0,0.0,Unpaid
8051,671,2025-11-05,2025-11-08,22615.97,8266.14,22615.97,8266.14,Paid
8052,671,2025-12-05,2025-12-06,22615.97,8104.05,22615.97,8104.05,Paid
8053,672,2025-01-05,2025-01-09,15738.57,7002.09,15738.57,7002.09,Paid
8054,672,2025-02-05,,15738.57,6807.59,0.0,0.0,Unpaid
8055,672,2025-03-05,2025-03-07,15738.57,6807.59,15738.57,6807.59,Paid
8056,672,2025-04-05,2025-04-07,15738.57,6613.08,15738.57,6613.08,Paid
8057,672,2025-05-05,2025-05-10,15738.57,6418.58,15738.57,6418.58,Paid
8058,672,2025-06-05,2025-06-06,15738.57,6224.08,15738.57,6224.08,Paid
8059,672,2025-07-05,2025-07-09,15738.57,6029.58,15738.57,6029.58,Paid
8060,672,2025-08-05,2025-08-08,15738.57,5835.07,15738.57,5835.07,Paid
8061,672,2025-09-05,2025-09-09,15738.57,5640.57,15738.57,5640.57,Paid
8062,672,2025-10-05,,15738.57,5446.07,0.0,0.0,Unpaid
8063,672,2025-11-05,2025-11-09,15738.57,5446.07,15738.57,5446.07,Paid
8064,672,2025-12-05,2025-12-08,15738.57,5251.57,15738.57,5251.57,Paid
8065,673,2025-01-05,2025-01-06,6842.02,5073.35,6842.02,5073.35,Paid
8066,673,2025-02-05,2025-02-09,6842.02,4988.8,6842.02,4988.8,Paid
8067,673,2025-03-05,2025-03-09,6842.02,4904.24,6842.02,4904.24,Paid
8068,673,2025-04-05,2025-04-08,6842.02,4819.69,6842.02,4819.69,Paid
8069,673,2025-05-05,2025-05-10,6842.02,4735.13,6842.02,4735.13,Paid
8070,673,2025-06-05,2025-06-09,6842.02,4650.58,6842.02,4650.58,Paid
8071,673,2025-07-05,2025-07-09,6842.02,4566.02,6842.02,4566.02,Paid
8072,673,2025-08-05,2025-08-06,6842.02,4481.46,6842.02,4481.46,Paid
8073,673,2025-09-05,2025-09-08,6842.02,4396.91,6842.02,4396.91,Paid
8074,673,2025-10-05,2025-10-06,6842.02,4312.35,6842.02,4312.35,Paid
8075,673,2025-11-05,2025-11-07,6842.02,4227.8,6842.02,4227.8,Paid
8076,673,2025-12-05,2025-12-07,6842.02,4143.24,6842.02,4143.24,Paid
8077,674,2025-01-05,2025-01-06,2411.78,4001.14,2411.78,4001.14,Paid
8078,674,2025-02-05,2025-02-06,2411.78,3967.79,2411.78,3967.79,Paid
8079,674,2025-03-05,2025-03-06,2411.78,3934.45,2411.78,3934.45,Paid
8080,674,2025-04-05,2025-04-07,2411.78,3901.11,2411.78,3901.11,Paid
8081,674,2025-05-05,2025-05-07,2411.78,3867.76,2411.78,3867.76,Paid
8082,674,2025-06-05,2025-06-05,2411.78,3834.42,2411.78,3834.42,Paid
8083,674,2025-07-05,2025-07-07,2411.78,3801.08,2411.78,3801.08,Paid
8084,674,2025-08-05,2025-08-10,2411.78,3767.74,2411.78,3767.74,Paid
8085,674,2025-09-05,2025-09-07,2411.78,3734.39,2411.78,3734.39,Paid
8086,674,2025-10-05,2025-10-07,2411.78,3701.05,2411.78,3701.05,Paid
8087,674,2025-11-05,2025-11-07,2411.78,3667.71,2411.78,3667.71,Paid
8088,674,2025-12-05,2025-12-10,2411.78,3634.36,2411.78,3634.36,Paid
8089,675,2025-01-05,2025-01-05,59892.97,13176.45,59892.97,13176.45,Paid
8090,675,2025-02-05,2025-02-07,59892.97,12627.43,59892.97,12627.43,Paid
8091,675,2025-03-05,2025-03-05,59892.97,12078.42,59892.97,12078.42,Paid
8092,675,2025-04-05,2025-04-09,59892.97,11529.4,59892.97,11529.4,Paid
8093,675,2025-05-05,2025-05-08,59892.97,10980.38,59892.97,10980.38,Paid
8094,675,2025-06-05,,59892.97,10431.36,0.0,0.0,Unpaid
8095,675,2025-07-05,2025-07-07,59892.97,10431.36,59892.97,10431.36,Paid
8096,675,2025-08-05,2025-08-05,59892.97,9882.34,59892.97,9882.34,Paid
8097,675,2025-09-05,2025-09-06,59892.97,9333.32,59892.97,9333.32,Paid
8098,675,2025-10-05,2025-10-07,59892.97,8784.3,59892.97,8784.3,Paid
8099,675,2025-11-05,2025-11-10,59892.97,8235.28,59892.97,8235.28,Paid
8100,675,2025-12-05,,59892.97,7686.26,0.0,0.0,Unpaid
8101,676,2025-01-05,2025-01-10,3705.31,2464.03,3705.31,2464.03,Paid
8102,676,2025-02-05,2025-02-07,3705.31,2422.97,3705.31,2422.97,Paid
8103,676,2025-03-05,2025-03-06,3705.31,2381.9,3705.31,2381.9,Paid
8104,676,2025-04-05,2025-04-07,3705.31,2340.83,3705.31,2340.83,Paid
8105,676,2025-05-05,2025-05-10,3705.31,2299.76,3705.31,2299.76,Paid
8106,676,2025-06-05,2025-06-09,3705.31,2258.7,3705.31,2258.7,Paid
8107,676,2025-07-05,2025-07-08,3705.31,2217.63,3705.31,2217.63,Paid
8108,676,2025-08-05,2025-08-08,3705.31,2176.56,3705.31,2176.56,Paid
8109,676,2025-09-05,2025-09-08,3705.31,2135.5,3705.31,2135.5,Paid
8110,676,2025-10-05,2025-10-08,3705.31,2094.43,3705.31,2094.43,Paid
8111,676,2025-11-05,2025-11-06,3705.31,2053.36,3705.31,2053.36,Paid
8112,676,2025-12-05,2025-12-06,3705.31,2012.29,3705.31,2012.29,Paid
8113,677,2025-01-05,2025-01-10,9248.8,11505.51,9248.8,11505.51,Paid
8114,677,2025-02-05,2025-02-09,9248.8,11409.63,9248.8,11409.63,Paid
8115,677,2025-03-05,2025-03-06,9248.8,11313.75,9248.8,11313.75,Paid
8116,677,2025-04-05,2025-04-07,9248.8,11217.87,9248.8,11217.87,Paid
8117,677,2025-05-05,2025-05-10,9248.8,11121.99,9248.8,11121.99,Paid
8118,677,2025-06-05,2025-06-05,9248.8,11026.11,9248.8,11026.11,Paid
8119,677,2025-07-05,2025-07-05,9248.8,10930.23,9248.8,10930.23,Paid
8120,677,2025-08-05,2025-08-05,9248.8,10834.35,9248.8,10834.35,Paid
8121,677,2025-09-05,2025-09-09,9248.8,10738.47,9248.8,10738.47,Paid
8122,677,2025-10-05,2025-10-06,9248.8,10642.59,9248.8,10642.59,Paid
8123,677,2025-11-05,2025-11-10,9248.8,10546.71,9248.8,10546.71,Paid
8124,677,2025-12-05,2025-12-06,9248.8,10450.83,9248.8,10450.83,Paid
8125,678,2025-01-05,2025-01-06,34420.32,11861.24,34420.32,11861.24,Paid
8126,678,2025-02-05,2025-02-06,34420.32,11367.03,34420.32,11367.03,Paid
8127,678,2025-03-05,2025-03-05,34420.32,10872.81,34420.32,10872.81,Paid
8128,678,2025-04-05,2025-04-10,34420.32,10378.59,34420.32,10378.59,Paid
8129,678,2025-05-05,2025-05-05,34420.32,9884.37,34420.32,9884.37,Paid
8130,678,2025-06-05,2025-06-05,34420.32,9390.15,34420.32,9390.15,Paid
8131,678,2025-07-05,2025-07-05,34420.32,8895.93,34420.32,8895.93,Paid
8132,678,2025-08-05,2025-08-08,34420.32,8401.71,34420.32,8401.71,Paid
8133,678,2025-09-05,2025-09-06,34420.32,7907.5,34420.32,7907.5,Paid
8134,678,2025-10-05,2025-10-09,34420.32,7413.28,34420.32,7413.28,Paid
8135,678,2025-11-05,2025-11-10,34420.32,6919.06,34420.32,6919.06,Paid
8136,678,2025-12-05,2025-12-07,34420.32,6424.84,34420.32,6424.84,Paid
8137,679,2025-01-05,,8085.77,2411.18,0.0,0.0,Unpaid
8138,679,2025-02-05,2025-02-10,8085.77,2411.18,8085.77,2411.18,Paid
8139,679,2025-03-05,2025-03-08,8085.77,2344.2,8085.77,2344.2,Paid
8140,679,2025-04-05,2025-04-07,8085.77,2277.22,8085.77,2277.22,Paid
8141,679,2025-05-05,2025-05-05,8085.77,2210.25,8085.77,2210.25,Paid
8142,679,2025-06-05,2025-06-07,8085.77,2143.27,8085.77,2143.27,Paid
8143,679,2025-07-05,2025-07-05,8085.77,2076.29,8085.77,2076.29,Paid
8144,679,2025-08-05,2025-08-05,8085.77,2009.32,8085.77,2009.32,Paid
8145,679,2025-09-05,2025-09-06,8085.77,1942.34,8085.77,1942.34,Paid
8146,679,2025-10-05,2025-10-08,8085.77,1875.36,8085.77,1875.36,Paid
8147,679,2025-11-05,2025-11-08,8085.77,1808.38,8085.77,1808.38,Paid
8148,679,2025-12-05,2025-12-09,8085.77,1741.41,8085.77,1741.41,Paid
8149,680,2025-01-05,2025-01-07,31911.43,7984.24,31911.43,7984.24,Paid
8150,680,2025-02-05,2025-02-09,31911.43,7762.46,31911.43,7762.46,Paid
8151,680,2025-03-05,,31911.43,7540.67,0.0,0.0,Unpaid
8152,680,2025-04-05,2025-04-10,31911.43,7540.67,31911.43,7540.67,Paid
8153,680,2025-05-05,2025-05-09,31911.43,7318.89,31911.43,7318.89,Paid
8154,680,2025-06-05,2025-06-09,31911.43,7097.1,31911.43,7097.1,Paid
8155,680,2025-07-05,2025-07-05,31911.43,6875.32,31911.43,6875.32,Paid
8156,680,2025-08-05,2025-08-07,31911.43,6653.53,31911.43,6653.53,Paid
8157,680,2025-09-05,2025-09-09,31911.43,6431.75,31911.43,6431.75,Paid
8158,680,2025-10-05,2025-10-05,31911.43,6209.97,31911.43,6209.97,Paid
8159,680,2025-11-05,2025-11-06,31911.43,5988.18,31911.43,5988.18,Paid
8160,680,2025-12-05,2025-12-09,31911.43,5766.4,31911.43,5766.4,Paid
8161,681,2025-01-05,2025-01-08,15266.79,11366.13,15266.79,11366.13,Paid
8162,681,2025-02-05,2025-02-06,15266.79,11176.69,15266.79,11176.69,Paid
8163,681,2025-03-05,2025-03-09,15266.79,10987.26,15266.79,10987.26,Paid
8164,681,2025-04-05,2025-04-05,15266.79,10797.82,15266.79,10797.82,Paid
8165,681,2025-05-05,2025-05-06,15266.79,10608.38,15266.79,10608.38,Paid
8166,681,2025-06-05,2025-06-07,15266.79,10418.95,15266.79,10418.95,Paid
8167,681,2025-07-05,2025-07-06,15266.79,10229.51,15266.79,10229.51,Paid
8168,681,2025-08-05,2025-08-06,15266.79,10040.08,15266.79,10040.08,Paid
8169,681,2025-09-05,2025-09-10,15266.79,9850.64,15266.79,9850.64,Paid
8170,681,2025-10-05,,15266.79,9661.21,0.0,0.0,Unpaid
8171,681,2025-11-05,2025-11-08,15266.79,9661.21,15266.79,9661.21,Paid
8172,681,2025-12-05,2025-12-08,15266.79,9471.77,15266.79,9471.77,Paid
8173,682,2025-01-05,2025-01-08,11659.35,15460.3,11659.35,15460.3,Paid
8174,682,2025-02-05,2025-02-05,11659.35,15331.46,11659.35,15331.46,Paid
8175,682,2025-03-05,2025-03-07,11659.35,15202.62,11659.35,15202.62,Paid
8176,682,2025-04-05,2025-04-06,11659.35,15073.79,11659.35,15073.79,Paid
8177,682,2025-05-05,2025-05-07,11659.35,14944.95,11659.35,14944.95,Paid
8178,682,2025-06-05,2025-06-07,11659.35,14816.12,11659.35,14816.12,Paid
8179,682,2025-07-05,2025-07-10,11659.35,14687.28,11659.35,14687.28,Paid
8180,682,2025-08-05,2025-08-05,11659.35,14558.45,11659.35,14558.45,Paid
8181,682,2025-09-05,2025-09-05,11659.35,14429.61,11659.35,14429.61,Paid
8182,682,2025-10-05,2025-10-08,11659.35,14300.77,11659.35,14300.77,Paid
8183,682,2025-11-05,2025-11-07,11659.35,14171.94,11659.35,14171.94,Paid
8184,682,2025-12-05,2025-12-05,11659.35,14043.1,11659.35,14043.1,Paid
8185,683,2025-01-05,2025-01-08,70871.94,24514.6,70871.94,24514.6,Paid
8186,683,2025-02-05,2025-02-08,70871.94,23833.64,70871.94,23833.64,Paid
8187,683,2025-03-05,2025-03-06,70871.94,23152.68,70871.94,23152.68,Paid
8188,683,2025-04-05,2025-04-07,70871.94,22471.72,70871.94,22471.72,Paid
8189,683,2025-05-05,2025-05-06,70871.94,21790.76,70871.94,21790.76,Paid
8190,683,2025-06-05,2025-06-10,70871.94,21109.8,70871.94,21109.8,Paid
8191,683,2025-07-05,2025-07-06,70871.94,20428.84,70871.94,20428.84,Paid
8192,683,2025-08-05,2025-08-05,70871.94,19747.87,70871.94,19747.87,Paid
8193,683,2025-09-05,,70871.94,19066.91,0.0,0.0,Unpaid
8194,683,2025-10-05,2025-10-06,70871.94,19066.91,70871.94,19066.91,Paid
8195,683,2025-11-05,,70871.94,18385.95,0.0,0.0,Unpaid
8196,683,2025-12-05,2025-12-10,70871.94,18385.95,70871.94,18385.95,Paid
8197,684,2025-01-05,2025-01-08,42865.35,9987.63,42865.35,9987.63,Paid
8198,684,2025-02-05,2025-02-08,42865.35,9571.48,42865.35,9571.48,Paid
8199,684,2025-03-05,2025-03-10,42865.35,9155.33,42865.35,9155.33,Paid
8200,684,2025-04-05,2025-04-06,42865.35,8739.17,42865.35,8739.17,Paid
8201,684,2025-05-05,2025-05-06,42865.35,8323.02,42865.35,8323.02,Paid
8202,684,2025-06-05,2025-06-09,42865.35,7906.87,42865.35,7906.87,Paid
8203,684,2025-07-05,2025-07-05,42865.35,7490.72,42865.35,7490.72,Paid
8204,684,2025-08-05,2025-08-08,42865.35,7074.57,42865.35,7074.57,Paid
8205,684,2025-09-05,2025-09-08,42865.35,6658.42,42865.35,6658.42,Paid
8206,684,2025-10-05,2025-10-10,42865.35,6242.27,42865.35,6242.27,Paid
8207,684,2025-11-05,2025-11-08,42865.35,5826.12,42865.35,5826.12,Paid
8208,684,2025-12-05,2025-12-09,42865.35,5409.97,42865.35,5409.97,Paid
8209,685,2025-01-05,2025-01-09,11149.82,6450.17,11149.82,6450.17,Paid
8210,685,2025-02-05,2025-02-05,11149.82,6342.67,11149.82,6342.67,Paid
8211,685,2025-03-05,2025-03-05,11149.82,6235.16,11149.82,6235.16,Paid
8212,685,2025-04-05,2025-04-06,11149.82,6127.66,11149.82,6127.66,Paid
8213,685,2025-05-05,2025-05-07,11149.82,6020.16,11149.82,6020.16,Paid
8214,685,2025-06-05,2025-06-10,11149.82,5912.66,11149.82,5912.66,Paid
8215,685,2025-07-05,2025-07-10,11149.82,5805.15,11149.82,5805.15,Paid
8216,685,2025-08-05,2025-08-10,11149.82,5697.65,11149.82,5697.65,Paid
8217,685,2025-09-05,2025-09-07,11149.82,5590.15,11149.82,5590.15,Paid
8218,685,2025-10-05,,11149.82,5482.64,0.0,0.0,Unpaid
8219,685,2025-11-05,2025-11-08,11149.82,5482.64,11149.82,5482.64,Paid
8220,685,2025-12-05,2025-12-05,11149.82,5375.14,11149.82,5375.14,Paid
8221,686,2025-01-05,2025-01-10,26581.78,7926.69,26581.78,7926.69,Paid
8222,686,2025-02-05,2025-02-09,26581.78,7706.5,26581.78,7706.5,Paid
8223,686,2025-03-05,2025-03-06,26581.78,7486.32,26581.78,7486.32,Paid
8224,686,2025-04-05,2025-04-07,26581.78,7266.13,26581.78,7266.13,Paid
8225,686,2025-05-05,,26581.78,7045.94,0.0,0.0,Unpaid
8226,686,2025-06-05,2025-06-06,26581.78,7045.94,26581.78,7045.94,Paid
8227,686,2025-07-05,2025-07-09,26581.78,6825.76,26581.78,6825.76,Paid
8228,686,2025-08-05,2025-08-10,26581.78,6605.57,26581.78,6605.57,Paid
8229,686,2025-09-05,2025-09-06,26581.78,6385.39,26581.78,6385.39,Paid
8230,686,2025-10-05,2025-10-10,26581.78,6165.2,26581.78,6165.2,Paid
8231,686,2025-11-05,2025-11-10,26581.78,5945.02,26581.78,5945.02,Paid
8232,686,2025-12-05,2025-12-10,26581.78,5724.83,26581.78,5724.83,Paid
8233,687,2025-01-05,2025-01-06,15804.19,5521.98,15804.19,5521.98,Paid
8234,687,2025-02-05,2025-02-10,15804.19,5291.9,15804.19,5291.9,Paid
8235,687,2025-03-05,2025-03-08,15804.19,5061.82,15804.19,5061.82,Paid
8236,687,2025-04-05,2025-04-08,15804.19,4831.74,15804.19,4831.74,Paid
8237,687,2025-05-05,2025-05-06,15804.19,4601.65,15804.19,4601.65,Paid
8238,687,2025-06-05,2025-06-05,15804.19,4371.57,15804.19,4371.57,Paid
8239,687,2025-07-05,2025-07-05,15804.19,4141.49,15804.19,4141.49,Paid
8240,687,2025-08-05,,15804.19,3911.41,0.0,0.0,Unpaid
8241,687,2025-09-05,2025-09-05,15804.19,3911.41,15804.19,3911.41,Paid
8242,687,2025-10-05,2025-10-08,15804.19,3681.32,15804.19,3681.32,Paid
8243,687,2025-11-05,2025-11-09,15804.19,3451.24,15804.19,3451.24,Paid
8244,687,2025-12-05,2025-12-07,15804.19,3221.16,15804.19,3221.16,Paid
8245,688,2025-01-05,2025-01-10,96209.53,24571.91,96209.53,24571.91,Paid
8246,688,2025-02-05,2025-02-05,96209.53,23548.08,96209.53,23548.08,Paid
8247,688,2025-03-05,2025-03-10,96209.53,22524.25,96209.53,22524.25,Paid
8248,688,2025-04-05,2025-04-09,96209.53,21500.42,96209.53,21500.42,Paid
8249,688,2025-05-05,2025-05-09,96209.53,20476.59,96209.53,20476.59,Paid
8250,688,2025-06-05,2025-06-09,96209.53,19452.76,96209.53,19452.76,Paid
8251,688,2025-07-05,2025-07-08,96209.53,18428.93,96209.53,18428.93,Paid
8252,688,2025-08-05,2025-08-10,96209.53,17405.11,96209.53,17405.11,Paid
8253,688,2025-09-05,2025-09-08,96209.53,16381.28,96209.53,16381.28,Paid
8254,688,2025-10-05,2025-10-06,96209.53,15357.45,96209.53,15357.45,Paid
8255,688,2025-11-05,2025-11-07,96209.53,14333.62,96209.53,14333.62,Paid
8256,688,2025-12-05,2025-12-09,96209.53,13309.79,96209.53,13309.79,Paid
8257,689,2025-01-05,2025-01-07,8872.16,15552.9,8872.16,15552.9,Paid
8258,689,2025-02-05,2025-02-07,8872.16,15423.3,8872.16,15423.3,Paid
8259,689,2025-03-05,2025-03-10,8872.16,15293.69,8872.16,15293.69,Paid
8260,689,2025-04-05,2025-04-08,8872.16,15164.08,8872.16,15164.08,Paid
8261,689,2025-05-05,,8872.16,15034.47,0.0,0.0,Unpaid
8262,689,2025-06-05,2025-06-05,8872.16,15034.47,8872.16,15034.47,Paid
8263,689,2025-07-05,2025-07-07,8872.16,14904.87,8872.16,14904.87,Paid
8264,689,2025-08-05,2025-08-09,8872.16,14775.26,8872.16,14775.26,Paid
8265,689,2025-09-05,2025-09-10,8872.16,14645.65,8872.16,14645.65,Paid
8266,689,2025-10-05,2025-10-08,8872.16,14516.04,8872.16,14516.04,Paid
8267,689,2025-11-05,2025-11-07,8872.16,14386.44,8872.16,14386.44,Paid
8268,689,2025-12-05,2025-12-05,8872.16,14256.83,8872.16,14256.83,Paid
8269,690,2025-01-05,2025-01-07,4380.64,4739.85,4380.64,4739.85,Paid
8270,690,2025-02-05,2025-02-05,4380.64,4700.35,4380.64,4700.35,Paid
8271,690,2025-03-05,2025-03-07,4380.64,4660.85,4380.64,4660.85,Paid
8272,690,2025-04-05,2025-04-10,4380.64,4621.35,4380.64,4621.35,Paid
8273,690,2025-05-05,2025-05-10,4380.64,4581.85,4380.64,4581.85,Paid
8274,690,2025-06-05,2025-06-05,4380.64,4542.35,4380.64,4542.35,Paid
8275,690,2025-07-05,2025-07-05,4380.64,4502.86,4380.64,4502.86,Paid
8276,690,2025-08-05,2025-08-09,4380.64,4463.36,4380.64,4463.36,Paid
8277,690,2025-09-05,2025-09-09,4380.64,4423.86,4380.64,4423.86,Paid
8278,690,2025-10-05,2025-10-09,4380.64,4384.36,4380.64,4384.36,Paid
8279,690,2025-11-05,2025-11-10,4380.64,4344.86,4380.64,4344.86,Paid
8280,690,2025-12-05,2025-12-06,4380.64,4305.36,4380.64,4305.36,Paid
8281,691,2025-01-05,2025-01-09,8083.76,7000.53,8083.76,7000.53,Paid
8282,691,2025-02-05,2025-02-10,8083.76,6942.2,8083.76,6942.2,Paid
8283,691,2025-03-05,2025-03-05,8083.76,6883.86,8083.76,6883.86,Paid
8284,691,2025-04-05,2025-04-10,8083.76,6825.52,8083.76,6825.52,Paid
8285,691,2025-05-05,2025-05-09,8083.76,6767.18,8083.76,6767.18,Paid
8286,691,2025-06-05,2025-06-08,8083.76,6708.84,8083.76,6708.84,Paid
8287,691,2025-07-05,2025-07-07,8083.76,6650.51,8083.76,6650.51,Paid
8288,691,2025-08-05,2025-08-09,8083.76,6592.17,8083.76,6592.17,Paid
8289,691,2025-09-05,2025-09-07,8083.76,6533.83,8083.76,6533.83,Paid
8290,691,2025-10-05,,8083.76,6475.49,0.0,0.0,Unpaid
8291,691,2025-11-05,2025-11-08,8083.76,6475.49,8083.76,6475.49,Paid
8292,691,2025-12-05,2025-12-10,8083.76,6417.15,8083.76,6417.15,Paid
8293,692,2025-01-05,2025-01-05,7841.83,6296.99,7841.83,6296.99,Paid
8294,692,2025-02-05,2025-02-09,7841.83,6244.51,7841.83,6244.51,Paid
8295,692,2025-03-05,2025-03-06,7841.83,6192.04,7841.83,6192.04,Paid
8296,692,2025-04-05,2025-04-06,7841.83,6139.56,7841.83,6139.56,Paid
8297,692,2025-05-05,2025-05-09,7841.83,6087.09,7841.83,6087.09,Paid
8298,692,2025-06-05,2025-06-06,7841.83,6034.61,7841.83,6034.61,Paid
8299,692,2025-07-05,2025-07-07,7841.83,5982.14,7841.83,5982.14,Paid
8300,692,2025-08-05,2025-08-09,7841.83,5929.66,7841.83,5929.66,Paid
8301,692,2025-09-05,2025-09-08,7841.83,5877.19,7841.83,5877.19,Paid
8302,692,2025-10-05,2025-10-06,7841.83,5824.71,7841.83,5824.71,Paid
8303,692,2025-11-05,2025-11-06,7841.83,5772.24,7841.83,5772.24,Paid
8304,692,2025-12-05,2025-12-10,7841.83,5719.76,7841.83,5719.76,Paid
8305,693,2025-01-05,2025-01-09,26721.13,10830.08,26721.13,10830.08,Paid
8306,693,2025-02-05,2025-02-07,26721.13,10529.24,26721.13,10529.24,Paid
8307,693,2025-03-05,2025-03-09,26721.13,10228.4,26721.13,10228.4,Paid
8308,693,2025-04-05,2025-04-10,26721.13,9927.57,26721.13,9927.57,Paid
8309,693,2025-05-05,2025-05-05,26721.13,9626.73,26721.13,9626.73,Paid
8310,693,2025-06-05,2025-06-10,26721.13,9325.9,26721.13,9325.9,Paid
8311,693,2025-07-05,2025-07-08,26721.13,9025.06,26721.13,9025.06,Paid
8312,693,2025-08-05,2025-08-07,26721.13,8724.23,26721.13,8724.23,Paid
8313,693,2025-09-05,2025-09-05,26721.13,8423.39,26721.13,8423.39,Paid
8314,693,2025-10-05,2025-10-05,26721.13,8122.56,26721.13,8122.56,Paid
8315,693,2025-11-05,2025-11-08,26721.13,7821.72,26721.13,7821.72,Paid
8316,693,2025-12-05,2025-12-09,26721.13,7520.89,26721.13,7520.89,Paid
8317,694,2025-01-05,2025-01-09,5798.47,3803.8,5798.47,3803.8,Paid
8318,694,2025-02-05,2025-02-09,5798.47,3740.4,5798.47,3740.4,Paid
8319,694,2025-03-05,2025-03-09,5798.47,3677.01,5798.47,3677.01,Paid
8320,694,2025-04-05,2025-04-08,5798.47,3613.61,5798.47,3613.61,Paid
8321,694,2025-05-05,2025-05-09,5798.47,3550.21,5798.47,3550.21,Paid
8322,694,2025-06-05,2025-06-07,5798.47,3486.82,5798.47,3486.82,Paid
8323,694,2025-07-05,2025-07-08,5798.47,3423.42,5798.47,3423.42,Paid
8324,694,2025-08-05,2025-08-10,5798.47,3360.02,5798.47,3360.02,Paid
8325,694,2025-09-05,2025-09-09,5798.47,3296.63,5798.47,3296.63,Paid
8326,694,2025-10-05,2025-10-05,5798.47,3233.23,5798.47,3233.23,Paid
8327,694,2025-11-05,2025-11-06,5798.47,3169.83,5798.47,3169.83,Paid
8328,694,2025-12-05,2025-12-08,5798.47,3106.44,5798.47,3106.44,Paid
8329,695,2025-01-05,2025-01-05,24715.33,7434.37,24715.33,7434.37,Paid
8330,695,2025-02-05,2025-02-07,24715.33,7124.6,24715.33,7124.6,Paid
8331,695,2025-03-05,2025-03-07,24715.33,6814.84,24715.33,6814.84,Paid
8332,695,2025-04-05,2025-04-06,24715.33,6505.07,24715.33,6505.07,Paid
8333,695,2025-05-05,2025-05-08,24715.33,6195.31,24715.33,6195.31,Paid
8334,695,2025-06-05,,24715.33,5885.54,0.0,0.0,Unpaid
8335,695,2025-07-05,2025-07-08,24715.33,5885.54,24715.33,5885.54,Paid
8336,695,2025-08-05,2025-08-09,24715.33,5575.78,24715.33,5575.78,Paid
8337,695,2025-09-05,2025-09-08,24715.33,5266.01,24715.33,5266.01,Paid
8338,695,2025-10-05,2025-10-09,24715.33,4956.25,24715.33,4956.25,Paid
8339,695,2025-11-05,2025-11-07,24715.33,4646.48,24715.33,4646.48,Paid
8340,695,2025-12-05,2025-12-10,24715.33,4336.72,24715.33,4336.72,Paid
8341,696,2025-01-05,2025-01-07,11302.67,2832.45,11302.67,2832.45,Paid
8342,696,2025-02-05,2025-02-07,11302.67,2714.43,11302.67,2714.43,Paid
8343,696,2025-03-05,2025-03-10,11302.67,2596.41,11302.67,2596.41,Paid
8344,696,2025-04-05,2025-04-05,11302.67,2478.39,11302.67,2478.39,Paid
8345,696,2025-05-05,2025-05-09,11302.67,2360.37,11302.67,2360.37,Paid
8346,696,2025-06-05,2025-06-08,11302.67,2242.36,11302.67,2242.36,Paid
8347,696,2025-07-05,2025-07-06,11302.67,2124.34,11302.67,2124.34,Paid
8348,696,2025-08-05,2025-08-07,11302.67,2006.32,11302.67,2006.32,Paid
8349,696,2025-09-05,2025-09-08,11302.67,1888.3,11302.67,1888.3,Paid
8350,696,2025-10-05,2025-10-06,11302.67,1770.28,11302.67,1770.28,Paid
8351,696,2025-11-05,2025-11-06,11302.67,1652.26,11302.67,1652.26,Paid
8352,696,2025-12-05,2025-12-10,11302.67,1534.24,11302.67,1534.24,Paid
8353,697,2025-01-05,2025-01-07,14457.7,11486.65,14457.7,11486.65,Paid
8354,697,2025-02-05,,14457.7,11295.2,0.0,0.0,Unpaid
8355,697,2025-03-05,2025-03-05,14457.7,11295.2,14457.7,11295.2,Paid
8356,697,2025-04-05,2025-04-07,14457.7,11103.76,14457.7,11103.76,Paid
8357,697,2025-05-05,2025-05-06,14457.7,10912.31,14457.7,10912.31,Paid
8358,697,2025-06-05,2025-06-08,14457.7,10720.87,14457.7,10720.87,Paid
8359,697,2025-07-05,2025-07-06,14457.7,10529.43,14457.7,10529.43,Paid
8360,697,2025-08-05,2025-08-08,14457.7,10337.98,14457.7,10337.98,Paid
8361,697,2025-09-05,2025-09-08,14457.7,10146.54,14457.7,10146.54,Paid
8362,697,2025-10-05,2025-10-09,14457.7,9955.09,14457.7,9955.09,Paid
8363,697,2025-11-05,2025-11-05,14457.7,9763.65,14457.7,9763.65,Paid
8364,697,2025-12-05,2025-12-08,14457.7,9572.21,14457.7,9572.21,Paid
8365,698,2025-01-05,2025-01-05,18746.86,7704.96,18746.86,7704.96,Paid
8366,698,2025-02-05,,18746.86,7490.93,0.0,0.0,Unpaid
8367,698,2025-03-05,2025-03-06,18746.86,7490.93,18746.86,7490.93,Paid
8368,698,2025-04-05,2025-04-05,18746.86,7276.9,18746.86,7276.9,Paid
8369,698,2025-05-05,2025-05-05,18746.86,7062.88,18746.86,7062.88,Paid
8370,698,2025-06-05,2025-06-09,18746.86,6848.85,18746.86,6848.85,Paid
8371,698,2025-07-05,2025-07-09,18746.86,6634.82,18746.86,6634.82,Paid
8372,698,2025-08-05,2025-08-05,18746.86,6420.8,18746.86,6420.8,Paid
8373,698,2025-09-05,2025-09-08,18746.86,6206.77,18746.86,6206.77,Paid
8374,698,2025-10-05,2025-10-09,18746.86,5992.74,18746.86,5992.74,Paid
8375,698,2025-11-05,2025-11-06,18746.86,5778.72,18746.86,5778.72,Paid
8376,698,2025-12-05,2025-12-08,18746.86,5564.69,18746.86,5564.69,Paid
8377,699,2025-01-05,2025-01-05,59980.1,18335.92,59980.1,18335.92,Paid
8378,699,2025-02-05,2025-02-07,59980.1,17826.59,59980.1,17826.59,Paid
8379,699,2025-03-05,2025-03-08,59980.1,17317.26,59980.1,17317.26,Paid
8380,699,2025-04-05,2025-04-08,59980.1,16807.92,59980.1,16807.92,Paid
8381,699,2025-05-05,2025-05-09,59980.1,16298.59,59980.1,16298.59,Paid
8382,699,2025-06-05,2025-06-07,59980.1,15789.26,59980.1,15789.26,Paid
8383,699,2025-07-05,2025-07-07,59980.1,15279.93,59980.1,15279.93,Paid
8384,699,2025-08-05,2025-08-06,59980.1,14770.6,59980.1,14770.6,Paid
8385,699,2025-09-05,2025-09-08,59980.1,14261.27,59980.1,14261.27,Paid
8386,699,2025-10-05,2025-10-07,59980.1,13751.94,59980.1,13751.94,Paid
8387,699,2025-11-05,2025-11-07,59980.1,13242.61,59980.1,13242.61,Paid
8388,699,2025-12-05,2025-12-08,59980.1,12733.28,59980.1,12733.28,Paid
8389,700,2025-01-05,,56726.14,18617.52,0.0,0.0,Unpaid
8390,700,2025-02-05,2025-02-09,56726.14,18617.52,56726.14,18617.52,Paid
8391,700,2025-03-05,2025-03-09,56726.14,17841.79,56726.14,17841.79,Paid
8392,700,2025-04-05,2025-04-05,56726.14,17066.06,56726.14,17066.06,Paid
8393,700,2025-05-05,2025-05-09,56726.14,16290.33,56726.14,16290.33,Paid
8394,700,2025-06-05,2025-06-09,56726.14,15514.6,56726.14,15514.6,Paid
8395,700,2025-07-05,,56726.14,14738.87,0.0,0.0,Unpaid
8396,700,2025-08-05,,56726.14,14738.87,0.0,0.0,Unpaid
8397,700,2025-09-05,2025-09-08,56726.14,14738.87,56726.14,14738.87,Paid
8398,700,2025-10-05,2025-10-10,56726.14,13963.14,56726.14,13963.14,Paid
8399,700,2025-11-05,2025-11-07,56726.14,13187.41,56726.14,13187.41,Paid
8400,700,2025-12-05,2025-12-07,56726.14,12411.68,56726.14,12411.68,Paid
8401,701,2025-01-05,2025-01-10,16087.54,28137.11,16087.54,28137.11,Paid
8402,701,2025-02-05,2025-02-08,16087.54,27902.63,16087.54,27902.63,Paid
8403,701,2025-03-05,2025-03-08,16087.54,27668.15,16087.54,27668.15,Paid
8404,701,2025-04-05,2025-04-09,16087.54,27433.68,16087.54,27433.68,Paid
8405,701,2025-05-05,2025-05-07,16087.54,27199.2,16087.54,27199.2,Paid
8406,701,2025-06-05,,16087.54,26964.73,0.0,0.0,Unpaid
8407,701,2025-07-05,2025-07-08,16087.54,26964.73,16087.54,26964.73,Paid
8408,701,2025-08-05,2025-08-05,16087.54,26730.25,16087.54,26730.25,Paid
8409,701,2025-09-05,2025-09-05,16087.54,26495.77,16087.54,26495.77,Paid
8410,701,2025-10-05,2025-10-05,16087.54,26261.3,16087.54,26261.3,Paid
8411,701,2025-11-05,2025-11-07,16087.54,26026.82,16087.54,26026.82,Paid
8412,701,2025-12-05,2025-12-09,16087.54,25792.35,16087.54,25792.35,Paid
8413,702,2025-01-05,2025-01-05,19493.95,4121.02,19493.95,4121.02,Paid
8414,702,2025-02-05,,19493.95,3949.31,0.0,0.0,Unpaid
8415,702,2025-03-05,2025-03-07,19493.95,3949.31,19493.95,3949.31,Paid
8416,702,2025-04-05,2025-04-05,19493.95,3777.6,19493.95,3777.6,Paid
8417,702,2025-05-05,2025-05-06,19493.95,3605.89,19493.95,3605.89,Paid
8418,702,2025-06-05,2025-06-09,19493.95,3434.18,19493.95,3434.18,Paid
8419,702,2025-07-05,2025-07-08,19493.95,3262.47,19493.95,3262.47,Paid
8420,702,2025-08-05,2025-08-10,19493.95,3090.76,19493.95,3090.76,Paid
8421,702,2025-09-05,,19493.95,2919.06,0.0,0.0,Unpaid
8422,702,2025-10-05,2025-10-09,19493.95,2919.06,19493.95,2919.06,Paid
8423,702,2025-11-05,2025-11-08,19493.95,2747.35,19493.95,2747.35,Paid
8424,702,2025-12-05,2025-12-05,19493.95,2575.64,19493.95,2575.64,Paid
8425,703,2025-01-05,2025-01-09,14926.75,5060.17,14926.75,5060.17,Paid
8426,703,2025-02-05,2025-02-10,14926.75,4919.61,14926.75,4919.61,Paid
8427,703,2025-03-05,2025-03-09,14926.75,4779.05,14926.75,4779.05,Paid
8428,703,2025-04-05,2025-04-09,14926.75,4638.49,14926.75,4638.49,Paid
8429,703,2025-05-05,2025-05-09,14926.75,4497.93,14926.75,4497.93,Paid
8430,703,2025-06-05,2025-06-07,14926.75,4357.37,14926.75,4357.37,Paid
8431,703,2025-07-05,2025-07-06,14926.75,4216.81,14926.75,4216.81,Paid
8432,703,2025-08-05,2025-08-07,14926.75,4076.25,14926.75,4076.25,Paid
8433,703,2025-09-05,2025-09-05,14926.75,3935.69,14926.75,3935.69,Paid
8434,703,2025-10-05,2025-10-09,14926.75,3795.13,14926.75,3795.13,Paid
8435,703,2025-11-05,2025-11-06,14926.75,3654.57,14926.75,3654.57,Paid
8436,703,2025-12-05,2025-12-05,14926.75,3514.0,14926.75,3514.0,Paid
8437,704,2025-01-05,2025-01-09,20816.05,5736.9,20816.05,5736.9,Paid
8438,704,2025-02-05,2025-02-08,20816.05,5497.87,20816.05,5497.87,Paid
8439,704,2025-03-05,2025-03-08,20816.05,5258.83,20816.05,5258.83,Paid
8440,704,2025-04-05,2025-04-08,20816.05,5019.79,20816.05,5019.79,Paid
8441,704,2025-05-05,2025-05-07,20816.05,4780.75,20816.05,4780.75,Paid
8442,704,2025-06-05,2025-06-08,20816.05,4541.72,20816.05,4541.72,Paid
8443,704,2025-07-05,2025-07-07,20816.05,4302.68,20816.05,4302.68,Paid
8444,704,2025-08-05,2025-08-10,20816.05,4063.64,20816.05,4063.64,Paid
8445,704,2025-09-05,2025-09-07,20816.05,3824.6,20816.05,3824.6,Paid
8446,704,2025-10-05,2025-10-10,20816.05,3585.56,20816.05,3585.56,Paid
8447,704,2025-11-05,2025-11-09,20816.05,3346.53,20816.05,3346.53,Paid
8448,704,2025-12-05,2025-12-06,20816.05,3107.49,20816.05,3107.49,Paid
8449,705,2025-01-05,2025-01-10,12030.08,9287.22,12030.08,9287.22,Paid
8450,705,2025-02-05,,12030.08,9132.43,0.0,0.0,Unpaid
8451,705,2025-03-05,2025-03-10,12030.08,9132.43,12030.08,9132.43,Paid
8452,705,2025-04-05,2025-04-09,12030.08,8977.65,12030.08,8977.65,Paid
8453,705,2025-05-05,2025-05-05,12030.08,8822.86,12030.08,8822.86,Paid
8454,705,2025-06-05,2025-06-10,12030.08,8668.07,12030.08,8668.07,Paid
8455,705,2025-07-05,2025-07-10,12030.08,8513.29,12030.08,8513.29,Paid
8456,705,2025-08-05,2025-08-07,12030.08,8358.5,12030.08,8358.5,Paid
8457,705,2025-09-05,2025-09-08,12030.08,8203.71,12030.08,8203.71,Paid
8458,705,2025-10-05,2025-10-06,12030.08,8048.93,12030.08,8048.93,Paid
8459,705,2025-11-05,2025-11-08,12030.08,7894.14,12030.08,7894.14,Paid
8460,705,2025-12-05,2025-12-07,12030.08,7739.35,12030.08,7739.35,Paid
8461,706,2025-01-05,2025-01-05,24263.67,18731.56,24263.67,18731.56,Paid
8462,706,2025-02-05,2025-02-07,24263.67,18419.36,24263.67,18419.36,Paid
8463,706,2025-03-05,2025-03-10,24263.67,18107.17,24263.67,18107.17,Paid
8464,706,2025-04-05,2025-04-07,24263.67,17794.98,24263.67,17794.98,Paid
8465,706,2025-05-05,2025-05-07,24263.67,17482.79,24263.67,17482.79,Paid
8466,706,2025-06-05,2025-06-10,24263.67,17170.59,24263.67,17170.59,Paid
8467,706,2025-07-05,2025-07-08,24263.67,16858.4,24263.67,16858.4,Paid
8468,706,2025-08-05,2025-08-05,24263.67,16546.21,24263.67,16546.21,Paid
8469,706,2025-09-05,2025-09-10,24263.67,16234.02,24263.67,16234.02,Paid
8470,706,2025-10-05,2025-10-10,24263.67,15921.82,24263.67,15921.82,Paid
8471,706,2025-11-05,2025-11-08,24263.67,15609.63,24263.67,15609.63,Paid
8472,706,2025-12-05,2025-12-05,24263.67,15297.44,24263.67,15297.44,Paid
8473,707,2025-01-05,2025-01-05,16262.13,28149.75,16262.13,28149.75,Paid
8474,707,2025-02-05,2025-02-06,16262.13,27915.17,16262.13,27915.17,Paid
8475,707,2025-03-05,,16262.13,27680.59,0.0,0.0,Unpaid
8476,707,2025-04-05,2025-04-06,16262.13,27680.59,16262.13,27680.59,Paid
8477,707,2025-05-05,2025-05-10,16262.13,27446.01,16262.13,27446.01,Paid
8478,707,2025-06-05,2025-06-07,16262.13,27211.43,16262.13,27211.43,Paid
8479,707,2025-07-05,2025-07-10,16262.13,26976.85,16262.13,26976.85,Paid
8480,707,2025-08-05,2025-08-07,16262.13,26742.27,16262.13,26742.27,Paid
8481,707,2025-09-05,2025-09-05,16262.13,26507.68,16262.13,26507.68,Paid
8482,707,2025-10-05,2025-10-05,16262.13,26273.1,16262.13,26273.1,Paid
8483,707,2025-11-05,2025-11-06,16262.13,26038.52,16262.13,26038.52,Paid
8484,707,2025-12-05,2025-12-09,16262.13,25803.94,16262.13,25803.94,Paid
8485,708,2025-01-05,2025-01-05,9591.02,9236.15,9591.02,9236.15,Paid
8486,708,2025-02-05,2025-02-09,9591.02,9159.19,9591.02,9159.19,Paid
8487,708,2025-03-05,2025-03-07,9591.02,9082.22,9591.02,9082.22,Paid
8488,708,2025-04-05,2025-04-07,9591.02,9005.25,9591.02,9005.25,Paid
8489,708,2025-05-05,2025-05-07,9591.02,8928.28,9591.02,8928.28,Paid
8490,708,2025-06-05,2025-06-10,9591.02,8851.31,9591.02,8851.31,Paid
8491,708,2025-07-05,2025-07-05,9591.02,8774.35,9591.02,8774.35,Paid
8492,708,2025-08-05,2025-08-07,9591.02,8697.38,9591.02,8697.38,Paid
8493,708,2025-09-05,2025-09-06,9591.02,8620.41,9591.02,8620.41,Paid
8494,708,2025-10-05,2025-10-09,9591.02,8543.44,9591.02,8543.44,Paid
8495,708,2025-11-05,2025-11-06,9591.02,8466.47,9591.02,8466.47,Paid
8496,708,2025-12-05,2025-12-05,9591.02,8389.51,9591.02,8389.51,Paid
8497,709,2025-01-05,2025-01-06,16165.77,11299.87,16165.77,11299.87,Paid
8498,709,2025-02-05,2025-02-10,16165.77,11111.54,16165.77,11111.54,Paid
8499,709,2025-03-05,2025-03-06,16165.77,10923.21,16165.77,10923.21,Paid
8500,709,2025-04-05,2025-04-07,16165.77,10734.88,16165.77,10734.88,Paid
8501,709,2025-05-05,2025-05-05,16165.77,10546.55,16165.77,10546.55,Paid
8502,709,2025-06-05,2025-06-10,16165.77,10358.22,16165.77,10358.22,Paid
8503,709,2025-07-05,2025-07-07,16165.77,10169.89,16165.77,10169.89,Paid
8504,709,2025-08-05,2025-08-08,16165.77,9981.55,16165.77,9981.55,Paid
8505,709,2025-09-05,,16165.77,9793.22,0.0,0.0,Unpaid
8506,709,2025-10-05,2025-10-09,16165.77,9793.22,16165.77,9793.22,Paid
8507,709,2025-11-05,2025-11-05,16165.77,9604.89,16165.77,9604.89,Paid
8508,709,2025-12-05,2025-12-09,16165.77,9416.56,16165.77,9416.56,Paid
8509,710,2025-01-05,2025-01-07,18866.47,9310.6,18866.47,9310.6,Paid
8510,710,2025-02-05,2025-02-10,18866.47,9051.98,18866.47,9051.98,Paid
8511,710,2025-03-05,2025-03-08,18866.47,8793.35,18866.47,8793.35,Paid
8512,710,2025-04-05,2025-04-09,18866.47,8534.72,18866.47,8534.72,Paid
8513,710,2025-05-05,2025-05-07,18866.47,8276.09,18866.47,8276.09,Paid
8514,710,2025-06-05,2025-06-10,18866.47,8017.46,18866.47,8017.46,Paid
8515,710,2025-07-05,2025-07-05,18866.47,7758.84,18866.47,7758.84,Paid
8516,710,2025-08-05,2025-08-09,18866.47,7500.21,18866.47,7500.21,Paid
8517,710,2025-09-05,2025-09-05,18866.47,7241.58,18866.47,7241.58,Paid
8518,710,2025-10-05,2025-10-10,18866.47,6982.95,18866.47,6982.95,Paid
8519,710,2025-11-05,2025-11-06,18866.47,6724.32,18866.47,6724.32,Paid
8520,710,2025-12-05,2025-12-10,18866.47,6465.7,18866.47,6465.7,Paid
8521,711,2025-01-05,2025-01-07,14858.4,3598.7,14858.4,3598.7,Paid
8522,711,2025-02-05,2025-02-08,14858.4,3448.76,14858.4,3448.76,Paid
8523,711,2025-03-05,2025-03-10,14858.4,3298.81,14858.4,3298.81,Paid
8524,711,2025-04-05,2025-04-07,14858.4,3148.87,14858.4,3148.87,Paid
8525,711,2025-05-05,2025-05-09,14858.4,2998.92,14858.4,2998.92,Paid
8526,711,2025-06-05,2025-06-09,14858.4,2848.97,14858.4,2848.97,Paid
8527,711,2025-07-05,2025-07-05,14858.4,2699.03,14858.4,2699.03,Paid
8528,711,2025-08-05,2025-08-09,14858.4,2549.08,14858.4,2549.08,Paid
8529,711,2025-09-05,2025-09-09,14858.4,2399.14,14858.4,2399.14,Paid
8530,711,2025-10-05,2025-10-09,14858.4,2249.19,14858.4,2249.19,Paid
8531,711,2025-11-05,2025-11-06,14858.4,2099.24,14858.4,2099.24,Paid
8532,711,2025-12-05,2025-12-06,14858.4,1949.3,14858.4,1949.3,Paid
8533,712,2025-01-05,2025-01-06,62573.15,19385.16,62573.15,19385.16,Paid
8534,712,2025-02-05,2025-02-06,62573.15,18577.45,62573.15,18577.45,Paid
8535,712,2025-03-05,2025-03-10,62573.15,17769.73,62573.15,17769.73,Paid
8536,712,2025-04-05,2025-04-05,62573.15,16962.02,62573.15,16962.02,Paid
8537,712,2025-05-05,2025-05-08,62573.15,16154.3,62573.15,16154.3,Paid
8538,712,2025-06-05,2025-06-07,62573.15,15346.59,62573.15,15346.59,Paid
8539,712,2025-07-05,2025-07-10,62573.15,14538.87,62573.15,14538.87,Paid
8540,712,2025-08-05,2025-08-08,62573.15,13731.16,62573.15,13731.16,Paid
8541,712,2025-09-05,,62573.15,12923.44,0.0,0.0,Unpaid
8542,712,2025-10-05,2025-10-08,62573.15,12923.44,62573.15,12923.44,Paid
8543,712,2025-11-05,2025-11-06,62573.15,12115.73,62573.15,12115.73,Paid
8544,712,2025-12-05,2025-12-07,62573.15,11308.01,62573.15,11308.01,Paid
8545,713,2025-01-05,2025-01-07,53017.99,26084.85,53017.99,26084.85,Paid
8546,713,2025-02-05,2025-02-08,53017.99,25360.27,53017.99,25360.27,Paid
8547,713,2025-03-05,2025-03-06,53017.99,24635.69,53017.99,24635.69,Paid
8548,713,2025-04-05,2025-04-09,53017.99,23911.11,53017.99,23911.11,Paid
8549,713,2025-05-05,,53017.99,23186.53,0.0,0.0,Unpaid
8550,713,2025-06-05,2025-06-10,53017.99,23186.53,53017.99,23186.53,Paid
8551,713,2025-07-05,2025-07-09,53017.99,22461.96,53017.99,22461.96,Paid
8552,713,2025-08-05,2025-08-05,53017.99,21737.38,53017.99,21737.38,Paid
8553,713,2025-09-05,2025-09-10,53017.99,21012.8,53017.99,21012.8,Paid
8554,713,2025-10-05,2025-10-05,53017.99,20288.22,53017.99,20288.22,Paid
8555,713,2025-11-05,2025-11-07,53017.99,19563.64,53017.99,19563.64,Paid
8556,713,2025-12-05,2025-12-05,53017.99,18839.06,53017.99,18839.06,Paid
8557,714,2025-01-05,2025-01-10,44564.63,16524.56,44564.63,16524.56,Paid
8558,714,2025-02-05,2025-02-06,44564.63,16065.55,44564.63,16065.55,Paid
8559,714,2025-03-05,2025-03-08,44564.63,15606.53,44564.63,15606.53,Paid
8560,714,2025-04-05,2025-04-10,44564.63,15147.52,44564.63,15147.52,Paid
8561,714,2025-05-05,2025-05-09,44564.63,14688.5,44564.63,14688.5,Paid
8562,714,2025-06-05,2025-06-07,44564.63,14229.49,44564.63,14229.49,Paid
8563,714,2025-07-05,2025-07-07,44564.63,13770.47,44564.63,13770.47,Paid
8564,714,2025-08-05,2025-08-10,44564.63,13311.45,44564.63,13311.45,Paid
8565,714,2025-09-05,2025-09-10,44564.63,12852.44,44564.63,12852.44,Paid
8566,714,2025-10-05,2025-10-09,44564.63,12393.42,44564.63,12393.42,Paid
8567,714,2025-11-05,2025-11-10,44564.63,11934.41,44564.63,11934.41,Paid
8568,714,2025-12-05,2025-12-09,44564.63,11475.39,44564.63,11475.39,Paid
8569,715,2025-01-05,2025-01-10,7847.13,5292.89,7847.13,5292.89,Paid
8570,715,2025-02-05,2025-02-07,7847.13,5204.68,7847.13,5204.68,Paid
8571,715,2025-03-05,2025-03-06,7847.13,5116.46,7847.13,5116.46,Paid
8572,715,2025-04-05,2025-04-07,7847.13,5028.25,7847.13,5028.25,Paid
8573,715,2025-05-05,2025-05-07,7847.13,4940.03,7847.13,4940.03,Paid
8574,715,2025-06-05,2025-06-05,7847.13,4851.82,7847.13,4851.82,Paid
8575,715,2025-07-05,2025-07-08,7847.13,4763.6,7847.13,4763.6,Paid
8576,715,2025-08-05,2025-08-06,7847.13,4675.39,7847.13,4675.39,Paid
8577,715,2025-09-05,2025-09-05,7847.13,4587.17,7847.13,4587.17,Paid
8578,715,2025-10-05,2025-10-07,7847.13,4498.96,7847.13,4498.96,Paid
8579,715,2025-11-05,2025-11-05,7847.13,4410.74,7847.13,4410.74,Paid
8580,715,2025-12-05,2025-12-08,7847.13,4322.53,7847.13,4322.53,Paid
8581,716,2025-01-05,2025-01-05,5015.84,7909.98,5015.84,7909.98,Paid
8582,716,2025-02-05,2025-02-09,5015.84,7844.07,5015.84,7844.07,Paid
8583,716,2025-03-05,2025-03-07,5015.84,7778.15,5015.84,7778.15,Paid
8584,716,2025-04-05,2025-04-09,5015.84,7712.23,5015.84,7712.23,Paid
8585,716,2025-05-05,2025-05-09,5015.84,7646.32,5015.84,7646.32,Paid
8586,716,2025-06-05,2025-06-08,5015.84,7580.4,5015.84,7580.4,Paid
8587,716,2025-07-05,2025-07-06,5015.84,7514.48,5015.84,7514.48,Paid
8588,716,2025-08-05,2025-08-07,5015.84,7448.57,5015.84,7448.57,Paid
8589,716,2025-09-05,2025-09-05,5015.84,7382.65,5015.84,7382.65,Paid
8590,716,2025-10-05,2025-10-06,5015.84,7316.74,5015.84,7316.74,Paid
8591,716,2025-11-05,2025-11-05,5015.84,7250.82,5015.84,7250.82,Paid
8592,716,2025-12-05,2025-12-08,5015.84,7184.9,5015.84,7184.9,Paid
8593,717,2025-01-05,2025-01-09,41749.74,22256.79,41749.74,22256.79,Paid
8594,717,2025-02-05,2025-02-06,41749.74,21638.54,41749.74,21638.54,Paid
8595,717,2025-03-05,2025-03-05,41749.74,21020.3,41749.74,21020.3,Paid
8596,717,2025-04-05,2025-04-06,41749.74,20402.06,41749.74,20402.06,Paid
8597,717,2025-05-05,2025-05-06,41749.74,19783.81,41749.74,19783.81,Paid
8598,717,2025-06-05,2025-06-10,41749.74,19165.57,41749.74,19165.57,Paid
8599,717,2025-07-05,2025-07-08,41749.74,18547.32,41749.74,18547.32,Paid
8600,717,2025-08-05,2025-08-05,41749.74,17929.08,41749.74,17929.08,Paid
8601,717,2025-09-05,2025-09-09,41749.74,17310.84,41749.74,17310.84,Paid
8602,717,2025-10-05,2025-10-09,41749.74,16692.59,41749.74,16692.59,Paid
8603,717,2025-11-05,2025-11-07,41749.74,16074.35,41749.74,16074.35,Paid
8604,717,2025-12-05,2025-12-10,41749.74,15456.1,41749.74,15456.1,Paid
8605,718,2025-01-05,2025-01-07,3838.68,985.77,3838.68,985.77,Paid
8606,718,2025-02-05,2025-02-05,3838.68,944.7,3838.68,944.7,Paid
8607,718,2025-03-05,2025-03-07,3838.68,903.62,3838.68,903.62,Paid
8608,718,2025-04-05,2025-04-05,3838.68,862.55,3838.68,862.55,Paid
8609,718,2025-05-05,2025-05-06,3838.68,821.48,3838.68,821.48,Paid
8610,718,2025-06-05,2025-06-08,3838.68,780.4,3838.68,780.4,Paid
8611,718,2025-07-05,2025-07-07,3838.68,739.33,3838.68,739.33,Paid
8612,718,2025-08-05,2025-08-05,3838.68,698.25,3838.68,698.25,Paid
8613,718,2025-09-05,2025-09-07,3838.68,657.18,3838.68,657.18,Paid
8614,718,2025-10-05,2025-10-10,3838.68,616.11,3838.68,616.11,Paid
8615,718,2025-11-05,2025-11-09,3838.68,575.03,3838.68,575.03,Paid
8616,718,2025-12-05,2025-12-07,3838.68,533.96,3838.68,533.96,Paid
8617,719,2025-01-05,2025-01-07,13922.57,11555.73,13922.57,11555.73,Paid
8618,719,2025-02-05,2025-02-09,13922.57,11459.43,13922.57,11459.43,Paid
8619,719,2025-03-05,2025-03-07,13922.57,11363.14,13922.57,11363.14,Paid
8620,719,2025-04-05,2025-04-05,13922.57,11266.84,13922.57,11266.84,Paid
8621,719,2025-05-05,2025-05-06,13922.57,11170.54,13922.57,11170.54,Paid
8622,719,2025-06-05,2025-06-06,13922.57,11074.24,13922.57,11074.24,Paid
8623,719,2025-07-05,2025-07-10,13922.57,10977.94,13922.57,10977.94,Paid
8624,719,2025-08-05,2025-08-05,13922.57,10881.65,13922.57,10881.65,Paid
8625,719,2025-09-05,2025-09-10,13922.57,10785.35,13922.57,10785.35,Paid
8626,719,2025-10-05,2025-10-06,13922.57,10689.05,13922.57,10689.05,Paid
8627,719,2025-11-05,2025-11-08,13922.57,10592.75,13922.57,10592.75,Paid
8628,719,2025-12-05,,13922.57,10496.46,0.0,0.0,Unpaid
8629,720,2025-01-05,2025-01-06,14214.93,9723.01,14214.93,9723.01,Paid
8630,720,2025-02-05,2025-02-10,14214.93,9560.96,14214.93,9560.96,Paid
8631,720,2025-03-05,2025-03-08,14214.93,9398.91,14214.93,9398.91,Paid
8632,720,2025-04-05,2025-04-09,14214.93,9236.86,14214.93,9236.86,Paid
8633,720,2025-05-05,2025-05-09,14214.93,9074.81,14214.93,9074.81,Paid
8634,720,2025-06-05,,14214.93,8912.76,0.0,0.0,Unpaid
8635,720,2025-07-05,2025-07-09,14214.93,8912.76,14214.93,8912.76,Paid
8636,720,2025-08-05,2025-08-08,14214.93,8750.71,14214.93,8750.71,Paid
8637,720,2025-09-05,2025-09-05,14214.93,8588.66,14214.93,8588.66,Paid
8638,720,2025-10-05,2025-10-10,14214.93,8426.61,14214.93,8426.61,Paid
8639,720,2025-11-05,,14214.93,8264.56,0.0,0.0,Unpaid
8640,720,2025-12-05,2025-12-09,14214.93,8264.56,14214.93,8264.56,Paid
8641,721,2025-01-05,2025-01-10,28016.99,35777.69,28016.99,35777.69,Paid
8642,721,2025-02-05,2025-02-09,28016.99,35479.54,28016.99,35479.54,Paid
8643,721,2025-03-05,2025-03-09,28016.99,35181.4,28016.99,35181.4,Paid
8644,721,2025-04-05,2025-04-10,28016.99,34883.25,28016.99,34883.25,Paid
8645,721,2025-05-05,2025-05-09,28016.99,34585.1,28016.99,34585.1,Paid
8646,721,2025-06-05,2025-06-06,28016.99,34286.95,28016.99,34286.95,Paid
8647,721,2025-07-05,2025-07-09,28016.99,33988.81,28016.99,33988.81,Paid
8648,721,2025-08-05,2025-08-10,28016.99,33690.66,28016.99,33690.66,Paid
8649,721,2025-09-05,2025-09-06,28016.99,33392.51,28016.99,33392.51,Paid
8650,721,2025-10-05,2025-10-06,28016.99,33094.36,28016.99,33094.36,Paid
8651,721,2025-11-05,2025-11-07,28016.99,32796.22,28016.99,32796.22,Paid
8652,721,2025-12-05,2025-12-09,28016.99,32498.07,28016.99,32498.07,Paid
8653,722,2025-01-05,2025-01-06,14915.89,25983.47,14915.89,25983.47,Paid
8654,722,2025-02-05,2025-02-10,14915.89,25766.94,14915.89,25766.94,Paid
8655,722,2025-03-05,2025-03-06,14915.89,25550.41,14915.89,25550.41,Paid
8656,722,2025-04-05,2025-04-10,14915.89,25333.89,14915.89,25333.89,Paid
8657,722,2025-05-05,2025-05-07,14915.89,25117.36,14915.89,25117.36,Paid
8658,722,2025-06-05,2025-06-09,14915.89,24900.83,14915.89,24900.83,Paid
8659,722,2025-07-05,2025-07-08,14915.89,24684.3,14915.89,24684.3,Paid
8660,722,2025-08-05,2025-08-09,14915.89,24467.77,14915.89,24467.77,Paid
8661,722,2025-09-05,2025-09-05,14915.89,24251.24,14915.89,24251.24,Paid
8662,722,2025-10-05,2025-10-08,14915.89,24034.71,14915.89,24034.71,Paid
8663,722,2025-11-05,2025-11-05,14915.89,23818.18,14915.89,23818.18,Paid
8664,722,2025-12-05,2025-12-09,14915.89,23601.65,14915.89,23601.65,Paid
8665,723,2025-01-05,2025-01-08,10981.85,6363.98,10981.85,6363.98,Paid
8666,723,2025-02-05,2025-02-08,10981.85,6257.92,10981.85,6257.92,Paid
8667,723,2025-03-05,2025-03-06,10981.85,6151.85,10981.85,6151.85,Paid
8668,723,2025-04-05,2025-04-10,10981.85,6045.78,10981.85,6045.78,Paid
8669,723,2025-05-05,2025-05-06,10981.85,5939.72,10981.85,5939.72,Paid
8670,723,2025-06-05,2025-06-10,10981.85,5833.65,10981.85,5833.65,Paid
8671,723,2025-07-05,2025-07-06,10981.85,5727.59,10981.85,5727.59,Paid
8672,723,2025-08-05,2025-08-05,10981.85,5621.52,10981.85,5621.52,Paid
8673,723,2025-09-05,2025-09-09,10981.85,5515.45,10981.85,5515.45,Paid
8674,723,2025-10-05,2025-10-09,10981.85,5409.39,10981.85,5409.39,Paid
8675,723,2025-11-05,2025-11-05,10981.85,5303.32,10981.85,5303.32,Paid
8676,723,2025-12-05,2025-12-05,10981.85,5197.25,10981.85,5197.25,Paid
8677,724,2025-01-05,2025-01-09,7118.23,9581.14,7118.23,9581.14,Paid
8678,724,2025-02-05,2025-02-05,7118.23,9501.3,7118.23,9501.3,Paid
8679,724,2025-03-05,2025-03-06,7118.23,9421.45,7118.23,9421.45,Paid
8680,724,2025-04-05,2025-04-09,7118.23,9341.61,7118.23,9341.61,Paid
8681,724,2025-05-05,2025-05-06,7118.23,9261.77,7118.23,9261.77,Paid
8682,724,2025-06-05,2025-06-08,7118.23,9181.92,7118.23,9181.92,Paid
8683,724,2025-07-05,2025-07-08,7118.23,9102.08,7118.23,9102.08,Paid
8684,724,2025-08-05,2025-08-09,7118.23,9022.24,7118.23,9022.24,Paid
8685,724,2025-09-05,2025-09-05,7118.23,8942.4,7118.23,8942.4,Paid
8686,724,2025-10-05,2025-10-08,7118.23,8862.55,7118.23,8862.55,Paid
8687,724,2025-11-05,2025-11-07,7118.23,8782.71,7118.23,8782.71,Paid
8688,724,2025-12-05,,7118.23,8702.87,0.0,0.0,Unpaid
8689,725,2025-01-05,2025-01-07,30304.3,8497.32,30304.3,8497.32,Paid
8690,725,2025-02-05,2025-02-06,30304.3,8143.27,30304.3,8143.27,Paid
8691,725,2025-03-05,2025-03-07,30304.3,7789.21,30304.3,7789.21,Paid
8692,725,2025-04-05,2025-04-08,30304.3,7435.16,30304.3,7435.16,Paid
8693,725,2025-05-05,2025-05-05,30304.3,7081.1,30304.3,7081.1,Paid
8694,725,2025-06-05,2025-06-05,30304.3,6727.05,30304.3,6727.05,Paid
8695,725,2025-07-05,2025-07-09,30304.3,6372.99,30304.3,6372.99,Paid
8696,725,2025-08-05,2025-08-08,30304.3,6018.94,30304.3,6018.94,Paid
8697,725,2025-09-05,2025-09-07,30304.3,5664.88,30304.3,5664.88,Paid
8698,725,2025-10-05,2025-10-07,30304.3,5310.83,30304.3,5310.83,Paid
8699,725,2025-11-05,2025-11-10,30304.3,4956.77,30304.3,4956.77,Paid
8700,725,2025-12-05,2025-12-07,30304.3,4602.72,30304.3,4602.72,Paid
8701,726,2025-01-05,2025-01-05,17978.13,7130.13,17978.13,7130.13,Paid
8702,726,2025-02-05,2025-02-07,17978.13,6932.07,17978.13,6932.07,Paid
8703,726,2025-03-05,2025-03-05,17978.13,6734.01,17978.13,6734.01,Paid
8704,726,2025-04-05,2025-04-08,17978.13,6535.95,17978.13,6535.95,Paid
8705,726,2025-05-05,2025-05-05,17978.13,6337.89,17978.13,6337.89,Paid
8706,726,2025-06-05,2025-06-08,17978.13,6139.83,17978.13,6139.83,Paid
8707,726,2025-07-05,2025-07-10,17978.13,5941.77,17978.13,5941.77,Paid
8708,726,2025-08-05,2025-08-07,17978.13,5743.71,17978.13,5743.71,Paid
8709,726,2025-09-05,2025-09-05,17978.13,5545.65,17978.13,5545.65,Paid
8710,726,2025-10-05,2025-10-08,17978.13,5347.59,17978.13,5347.59,Paid
8711,726,2025-11-05,2025-11-06,17978.13,5149.54,17978.13,5149.54,Paid
8712,726,2025-12-05,,17978.13,4951.48,0.0,0.0,Unpaid
8713,727,2025-01-05,2025-01-10,5637.02,2694.49,5637.02,2694.49,Paid
8714,727,2025-02-05,2025-02-06,5637.02,2649.59,5637.02,2649.59,Paid
8715,727,2025-03-05,2025-03-06,5637.02,2604.68,5637.02,2604.68,Paid
8716,727,2025-04-05,2025-04-08,5637.02,2559.77,5637.02,2559.77,Paid
8717,727,2025-05-05,2025-05-08,5637.02,2514.86,5637.02,2514.86,Paid
8718,727,2025-06-05,2025-06-06,5637.02,2469.95,5637.02,2469.95,Paid
8719,727,2025-07-05,2025-07-08,5637.02,2425.04,5637.02,2425.04,Paid
8720,727,2025-08-05,2025-08-05,5637.02,2380.14,5637.02,2380.14,Paid
8721,727,2025-09-05,2025-09-08,5637.02,2335.23,5637.02,2335.23,Paid
8722,727,2025-10-05,2025-10-06,5637.02,2290.32,5637.02,2290.32,Paid
8723,727,2025-11-05,2025-11-09,5637.02,2245.41,5637.02,2245.41,Paid
8724,727,2025-12-05,2025-12-10,5637.02,2200.5,5637.02,2200.5,Paid
8725,728,2025-01-05,2025-01-08,9525.57,7425.18,9525.57,7425.18,Paid
8726,728,2025-02-05,2025-02-06,9525.57,7301.43,9525.57,7301.43,Paid
8727,728,2025-03-05,2025-03-07,9525.57,7177.67,9525.57,7177.67,Paid
8728,728,2025-04-05,2025-04-08,9525.57,7053.92,9525.57,7053.92,Paid
8729,728,2025-05-05,2025-05-10,9525.57,6930.17,9525.57,6930.17,Paid
8730,728,2025-06-05,2025-06-05,9525.57,6806.41,9525.57,6806.41,Paid
8731,728,2025-07-05,2025-07-06,9525.57,6682.66,9525.57,6682.66,Paid
8732,728,2025-08-05,2025-08-06,9525.57,6558.91,9525.57,6558.91,Paid
8733,728,2025-09-05,,9525.57,6435.16,0.0,0.0,Unpaid
8734,728,2025-10-05,2025-10-08,9525.57,6435.16,9525.57,6435.16,Paid
8735,728,2025-11-05,2025-11-05,9525.57,6311.4,9525.57,6311.4,Paid
8736,728,2025-12-05,2025-12-10,9525.57,6187.65,9525.57,6187.65,Paid
8737,729,2025-01-05,2025-01-09,84856.54,36403.46,84856.54,36403.46,Paid
8738,729,2025-02-05,2025-02-05,84856.54,35392.25,84856.54,35392.25,Paid
8739,729,2025-03-05,2025-03-10,84856.54,34381.04,84856.54,34381.04,Paid
8740,729,2025-04-05,2025-04-09,84856.54,33369.84,84856.54,33369.84,Paid
8741,729,2025-05-05,2025-05-06,84856.54,32358.63,84856.54,32358.63,Paid
8742,729,2025-06-05,2025-06-08,84856.54,31347.42,84856.54,31347.42,Paid
8743,729,2025-07-05,2025-07-06,84856.54,30336.21,84856.54,30336.21,Paid
8744,729,2025-08-05,2025-08-09,84856.54,29325.01,84856.54,29325.01,Paid
8745,729,2025-09-05,2025-09-05,84856.54,28313.8,84856.54,28313.8,Paid
8746,729,2025-10-05,2025-10-07,84856.54,27302.59,84856.54,27302.59,Paid
8747,729,2025-11-05,2025-11-06,84856.54,26291.39,84856.54,26291.39,Paid
8748,729,2025-12-05,2025-12-10,84856.54,25280.18,84856.54,25280.18,Paid
8749,730,2025-01-05,2025-01-06,12570.27,6417.12,12570.27,6417.12,Paid
8750,730,2025-02-05,2025-02-06,12570.27,6310.17,12570.27,6310.17,Paid
8751,730,2025-03-05,2025-03-08,12570.27,6203.22,12570.27,6203.22,Paid
8752,730,2025-04-05,2025-04-05,12570.27,6096.27,12570.27,6096.27,Paid
8753,730,2025-05-05,2025-05-07,12570.27,5989.31,12570.27,5989.31,Paid
8754,730,2025-06-05,2025-06-10,12570.27,5882.36,12570.27,5882.36,Paid
8755,730,2025-07-05,2025-07-06,12570.27,5775.41,12570.27,5775.41,Paid
8756,730,2025-08-05,2025-08-10,12570.27,5668.46,12570.27,5668.46,Paid
8757,730,2025-09-05,2025-09-10,12570.27,5561.51,12570.27,5561.51,Paid
8758,730,2025-10-05,2025-10-10,12570.27,5454.55,12570.27,5454.55,Paid
8759,730,2025-11-05,2025-11-07,12570.27,5347.6,12570.27,5347.6,Paid
8760,730,2025-12-05,2025-12-09,12570.27,5240.65,12570.27,5240.65,Paid
8761,731,2025-01-05,2025-01-06,9382.54,5573.23,9382.54,5573.23,Paid
8762,731,2025-02-05,2025-02-08,9382.54,5480.34,9382.54,5480.34,Paid
8763,731,2025-03-05,2025-03-05,9382.54,5387.46,9382.54,5387.46,Paid
8764,731,2025-04-05,2025-04-09,9382.54,5294.57,9382.54,5294.57,Paid
8765,731,2025-05-05,2025-05-09,9382.54,5201.68,9382.54,5201.68,Paid
8766,731,2025-06-05,2025-06-06,9382.54,5108.79,9382.54,5108.79,Paid
8767,731,2025-07-05,2025-07-08,9382.54,5015.91,9382.54,5015.91,Paid
8768,731,2025-08-05,2025-08-08,9382.54,4923.02,9382.54,4923.02,Paid
8769,731,2025-09-05,2025-09-07,9382.54,4830.13,9382.54,4830.13,Paid
8770,731,2025-10-05,2025-10-10,9382.54,4737.25,9382.54,4737.25,Paid
8771,731,2025-11-05,2025-11-05,9382.54,4644.36,9382.54,4644.36,Paid
8772,731,2025-12-05,2025-12-06,9382.54,4551.47,9382.54,4551.47,Paid
8773,732,2025-01-05,2025-01-07,1413.03,2395.09,1413.03,2395.09,Paid
8774,732,2025-02-05,2025-02-05,1413.03,2375.13,1413.03,2375.13,Paid
8775,732,2025-03-05,2025-03-07,1413.03,2355.18,1413.03,2355.18,Paid
8776,732,2025-04-05,2025-04-10,1413.03,2335.22,1413.03,2335.22,Paid
8777,732,2025-05-05,2025-05-09,1413.03,2315.26,1413.03,2315.26,Paid
8778,732,2025-06-05,2025-06-05,1413.03,2295.3,1413.03,2295.3,Paid
8779,732,2025-07-05,2025-07-06,1413.03,2275.34,1413.03,2275.34,Paid
8780,732,2025-08-05,2025-08-10,1413.03,2255.38,1413.03,2255.38,Paid
8781,732,2025-09-05,2025-09-07,1413.03,2235.42,1413.03,2235.42,Paid
8782,732,2025-10-05,2025-10-06,1413.03,2215.46,1413.03,2215.46,Paid
8783,732,2025-11-05,2025-11-08,1413.03,2195.5,1413.03,2195.5,Paid
8784,732,2025-12-05,2025-12-10,1413.03,2175.54,1413.03,2175.54,Paid
8785,733,2025-01-05,2025-01-05,25821.27,17235.7,25821.27,17235.7,Paid
8786,733,2025-02-05,2025-02-06,25821.27,16948.44,25821.27,16948.44,Paid
8787,733,2025-03-05,2025-03-05,25821.27,16661.18,25821.27,16661.18,Paid
8788,733,2025-04-05,2025-04-06,25821.27,16373.91,25821.27,16373.91,Paid
8789,733,2025-05-05,2025-05-05,25821.27,16086.65,25821.27,16086.65,Paid
8790,733,2025-06-05,2025-06-10,25821.27,15799.39,25821.27,15799.39,Paid
8791,733,2025-07-05,2025-07-10,25821.27,15512.13,25821.27,15512.13,Paid
8792,733,2025-08-05,2025-08-05,25821.27,15224.87,25821.27,15224.87,Paid
8793,733,2025-09-05,2025-09-08,25821.27,14937.61,25821.27,14937.61,Paid
8794,733,2025-10-05,2025-10-06,25821.27,14650.34,25821.27,14650.34,Paid
8795,733,2025-11-05,2025-11-10,25821.27,14363.08,25821.27,14363.08,Paid
8796,733,2025-12-05,2025-12-08,25821.27,14075.82,25821.27,14075.82,Paid
8797,734,2025-01-05,2025-01-08,25207.82,17494.23,25207.82,17494.23,Paid
8798,734,2025-02-05,2025-02-05,25207.82,17202.66,25207.82,17202.66,Paid
8799,734,2025-03-05,2025-03-08,25207.82,16911.09,25207.82,16911.09,Paid
8800,734,2025-04-05,2025-04-10,25207.82,16619.52,25207.82,16619.52,Paid
8801,734,2025-05-05,2025-05-05,25207.82,16327.95,25207.82,16327.95,Paid
8802,734,2025-06-05,2025-06-05,25207.82,16036.38,25207.82,16036.38,Paid
8803,734,2025-07-05,,25207.82,15744.81,0.0,0.0,Unpaid
8804,734,2025-08-05,2025-08-07,25207.82,15744.81,25207.82,15744.81,Paid
8805,734,2025-09-05,2025-09-07,25207.82,15453.24,25207.82,15453.24,Paid
8806,734,2025-10-05,2025-10-06,25207.82,15161.67,25207.82,15161.67,Paid
8807,734,2025-11-05,2025-11-10,25207.82,14870.09,25207.82,14870.09,Paid
8808,734,2025-12-05,2025-12-10,25207.82,14578.52,25207.82,14578.52,Paid
8809,735,2025-01-05,2025-01-10,16646.38,3199.43,16646.38,3199.43,Paid
8810,735,2025-02-05,2025-02-08,16646.38,3066.12,16646.38,3066.12,Paid
8811,735,2025-03-05,2025-03-09,16646.38,2932.81,16646.38,2932.81,Paid
8812,735,2025-04-05,2025-04-08,16646.38,2799.5,16646.38,2799.5,Paid
8813,735,2025-05-05,2025-05-08,16646.38,2666.19,16646.38,2666.19,Paid
8814,735,2025-06-05,2025-06-06,16646.38,2532.88,16646.38,2532.88,Paid
8815,735,2025-07-05,,16646.38,2399.57,0.0,0.0,Unpaid
8816,735,2025-08-05,2025-08-10,16646.38,2399.57,16646.38,2399.57,Paid
8817,735,2025-09-05,2025-09-07,16646.38,2266.27,16646.38,2266.27,Paid
8818,735,2025-10-05,2025-10-07,16646.38,2132.96,16646.38,2132.96,Paid
8819,735,2025-11-05,2025-11-06,16646.38,1999.65,16646.38,1999.65,Paid
8820,735,2025-12-05,2025-12-06,16646.38,1866.34,16646.38,1866.34,Paid
8821,736,2025-01-05,2025-01-06,13304.52,15858.99,13304.52,15858.99,Paid
8822,736,2025-02-05,2025-02-10,13304.52,15726.83,13304.52,15726.83,Paid
8823,736,2025-03-05,2025-03-08,13304.52,15594.68,13304.52,15594.68,Paid
8824,736,2025-04-05,2025-04-05,13304.52,15462.52,13304.52,15462.52,Paid
8825,736,2025-05-05,2025-05-07,13304.52,15330.36,13304.52,15330.36,Paid
8826,736,2025-06-05,2025-06-05,13304.52,15198.2,13304.52,15198.2,Paid
8827,736,2025-07-05,2025-07-09,13304.52,15066.04,13304.52,15066.04,Paid
8828,736,2025-08-05,2025-08-05,13304.52,14933.89,13304.52,14933.89,Paid
8829,736,2025-09-05,2025-09-10,13304.52,14801.73,13304.52,14801.73,Paid
8830,736,2025-10-05,2025-10-09,13304.52,14669.57,13304.52,14669.57,Paid
8831,736,2025-11-05,2025-11-10,13304.52,14537.41,13304.52,14537.41,Paid
8832,736,2025-12-05,2025-12-09,13304.52,14405.25,13304.52,14405.25,Paid
8833,737,2025-01-05,2025-01-05,27423.2,7651.07,27423.2,7651.07,Paid
8834,737,2025-02-05,,27423.2,7438.54,0.0,0.0,Unpaid
8835,737,2025-03-05,2025-03-07,27423.2,7438.54,27423.2,7438.54,Paid
8836,737,2025-04-05,2025-04-05,27423.2,7226.01,27423.2,7226.01,Paid
8837,737,2025-05-05,2025-05-06,27423.2,7013.48,27423.2,7013.48,Paid
8838,737,2025-06-05,2025-06-07,27423.2,6800.95,27423.2,6800.95,Paid
8839,737,2025-07-05,2025-07-08,27423.2,6588.42,27423.2,6588.42,Paid
8840,737,2025-08-05,2025-08-10,27423.2,6375.89,27423.2,6375.89,Paid
8841,737,2025-09-05,2025-09-09,27423.2,6163.36,27423.2,6163.36,Paid
8842,737,2025-10-05,2025-10-10,27423.2,5950.83,27423.2,5950.83,Paid
8843,737,2025-11-05,2025-11-06,27423.2,5738.3,27423.2,5738.3,Paid
8844,737,2025-12-05,2025-12-09,27423.2,5525.78,27423.2,5525.78,Paid
8845,738,2025-01-05,2025-01-07,5258.55,6520.6,5258.55,6520.6,Paid
8846,738,2025-02-05,2025-02-08,5258.55,6466.26,5258.55,6466.26,Paid
8847,738,2025-03-05,2025-03-10,5258.55,6411.92,5258.55,6411.92,Paid
8848,738,2025-04-05,2025-04-09,5258.55,6357.59,5258.55,6357.59,Paid
8849,738,2025-05-05,2025-05-10,5258.55,6303.25,5258.55,6303.25,Paid
8850,738,2025-06-05,2025-06-06,5258.55,6248.91,5258.55,6248.91,Paid
8851,738,2025-07-05,2025-07-09,5258.55,6194.57,5258.55,6194.57,Paid
8852,738,2025-08-05,,5258.55,6140.23,0.0,0.0,Unpaid
8853,738,2025-09-05,2025-09-10,5258.55,6140.23,5258.55,6140.23,Paid
8854,738,2025-10-05,2025-10-09,5258.55,6085.89,5258.55,6085.89,Paid
8855,738,2025-11-05,2025-11-06,5258.55,6031.56,5258.55,6031.56,Paid
8856,738,2025-12-05,2025-12-08,5258.55,5977.22,5258.55,5977.22,Paid
8857,739,2025-01-05,2025-01-09,67240.5,31508.9,67240.5,31508.9,Paid
8858,739,2025-02-05,2025-02-09,67240.5,30633.65,67240.5,30633.65,Paid
8859,739,2025-03-05,2025-03-05,67240.5,29758.4,67240.5,29758.4,Paid
8860,739,2025-04-05,2025-04-06,67240.5,28883.16,67240.5,28883.16,Paid
8861,739,2025-05-05,2025-05-06,67240.5,28007.91,67240.5,28007.91,Paid
8862,739,2025-06-05,,67240.5,27132.66,0.0,0.0,Unpaid
8863,739,2025-07-05,2025-07-10,67240.5,27132.66,67240.5,27132.66,Paid
8864,739,2025-08-05,2025-08-08,67240.5,26257.41,67240.5,26257.41,Paid
8865,739,2025-09-05,2025-09-08,67240.5,25382.17,67240.5,25382.17,Paid
8866,739,2025-10-05,2025-10-07,67240.5,24506.92,67240.5,24506.92,Paid
8867,739,2025-11-05,2025-11-10,67240.5,23631.67,67240.5,23631.67,Paid
8868,739,2025-12-05,2025-12-10,67240.5,22756.43,67240.5,22756.43,Paid
8869,740,2025-01-05,,43179.35,8679.05,0.0,0.0,Unpaid
8870,740,2025-02-05,,43179.35,8679.05,0.0,0.0,Unpaid
8871,740,2025-03-05,2025-03-10,43179.35,8679.05,43179.35,8679.05,Paid
8872,740,2025-04-05,2025-04-07,43179.35,8317.42,43179.35,8317.42,Paid
8873,740,2025-05-05,2025-05-09,43179.35,7955.8,43179.35,7955.8,Paid
8874,740,2025-06-05,2025-06-07,43179.35,7594.17,43179.35,7594.17,Paid
8875,740,2025-07-05,2025-07-07,43179.35,7232.54,43179.35,7232.54,Paid
8876,740,2025-08-05,2025-08-10,43179.35,6870.91,43179.35,6870.91,Paid
8877,740,2025-09-05,,43179.35,6509.29,0.0,0.0,Unpaid
8878,740,2025-10-05,2025-10-08,43179.35,6509.29,43179.35,6509.29,Paid
8879,740,2025-11-05,2025-11-08,43179.35,6147.66,43179.35,6147.66,Paid
8880,740,2025-12-05,2025-12-10,43179.35,5786.03,43179.35,5786.03,Paid
8881,741,2025-01-05,2025-01-08,5370.09,7706.08,5370.09,7706.08,Paid
8882,741,2025-02-05,2025-02-06,5370.09,7641.86,5370.09,7641.86,Paid
8883,741,2025-03-05,2025-03-09,5370.09,7577.64,5370.09,7577.64,Paid
8884,741,2025-04-05,2025-04-06,5370.09,7513.43,5370.09,7513.43,Paid
8885,741,2025-05-05,2025-05-05,5370.09,7449.21,5370.09,7449.21,Paid
8886,741,2025-06-05,2025-06-07,5370.09,7384.99,5370.09,7384.99,Paid
8887,741,2025-07-05,2025-07-05,5370.09,7320.77,5370.09,7320.77,Paid
8888,741,2025-08-05,2025-08-07,5370.09,7256.56,5370.09,7256.56,Paid
8889,741,2025-09-05,2025-09-09,5370.09,7192.34,5370.09,7192.34,Paid
8890,741,2025-10-05,2025-10-07,5370.09,7128.12,5370.09,7128.12,Paid
8891,741,2025-11-05,2025-11-07,5370.09,7063.91,5370.09,7063.91,Paid
8892,741,2025-12-05,2025-12-05,5370.09,6999.69,5370.09,6999.69,Paid
8893,742,2025-01-05,2025-01-10,12804.53,22254.27,12804.53,22254.27,Paid
8894,742,2025-02-05,2025-02-09,12804.53,22068.82,12804.53,22068.82,Paid
8895,742,2025-03-05,2025-03-08,12804.53,21883.37,12804.53,21883.37,Paid
8896,742,2025-04-05,2025-04-07,12804.53,21697.91,12804.53,21697.91,Paid
8897,742,2025-05-05,2025-05-06,12804.53,21512.46,12804.53,21512.46,Paid
8898,742,2025-06-05,2025-06-05,12804.53,21327.01,12804.53,21327.01,Paid
8899,742,2025-07-05,2025-07-08,12804.53,21141.56,12804.53,21141.56,Paid
8900,742,2025-08-05,2025-08-08,12804.53,20956.1,12804.53,20956.1,Paid
8901,742,2025-09-05,2025-09-07,12804.53,20770.65,12804.53,20770.65,Paid
8902,742,2025-10-05,2025-10-10,12804.53,20585.2,12804.53,20585.2,Paid
8903,742,2025-11-05,2025-11-10,12804.53,20399.75,12804.53,20399.75,Paid
8904,742,2025-12-05,2025-12-08,12804.53,20214.3,12804.53,20214.3,Paid
8905,743,2025-01-05,2025-01-06,13456.1,11182.02,13456.1,11182.02,Paid
8906,743,2025-02-05,2025-02-08,13456.1,10995.65,13456.1,10995.65,Paid
8907,743,2025-03-05,2025-03-08,13456.1,10809.28,13456.1,10809.28,Paid
8908,743,2025-04-05,2025-04-08,13456.1,10622.91,13456.1,10622.91,Paid
8909,743,2025-05-05,2025-05-07,13456.1,10436.55,13456.1,10436.55,Paid
8910,743,2025-06-05,2025-06-10,13456.1,10250.18,13456.1,10250.18,Paid
8911,743,2025-07-05,2025-07-09,13456.1,10063.81,13456.1,10063.81,Paid
8912,743,2025-08-05,2025-08-06,13456.1,9877.45,13456.1,9877.45,Paid
8913,743,2025-09-05,2025-09-10,13456.1,9691.08,13456.1,9691.08,Paid
8914,743,2025-10-05,2025-10-05,13456.1,9504.71,13456.1,9504.71,Paid
8915,743,2025-11-05,2025-11-06,13456.1,9318.35,13456.1,9318.35,Paid
8916,743,2025-12-05,2025-12-08,13456.1,9131.98,13456.1,9131.98,Paid
8917,744,2025-01-05,2025-01-06,9480.87,2311.44,9480.87,2311.44,Paid
8918,744,2025-02-05,2025-02-05,9480.87,2215.13,9480.87,2215.13,Paid
8919,744,2025-03-05,2025-03-06,9480.87,2118.82,9480.87,2118.82,Paid
8920,744,2025-04-05,,9480.87,2022.51,0.0,0.0,Unpaid
8921,744,2025-05-05,2025-05-06,9480.87,2022.51,9480.87,2022.51,Paid
8922,744,2025-06-05,2025-06-05,9480.87,1926.2,9480.87,1926.2,Paid
8923,744,2025-07-05,2025-07-09,9480.87,1829.89,9480.87,1829.89,Paid
8924,744,2025-08-05,2025-08-08,9480.87,1733.58,9480.87,1733.58,Paid
8925,744,2025-09-05,2025-09-07,9480.87,1637.27,9480.87,1637.27,Paid
8926,744,2025-10-05,2025-10-07,9480.87,1540.96,9480.87,1540.96,Paid
8927,744,2025-11-05,2025-11-08,9480.87,1444.65,9480.87,1444.65,Paid
8928,744,2025-12-05,2025-12-05,9480.87,1348.34,9480.87,1348.34,Paid
8929,745,2025-01-05,2025-01-06,9691.06,3349.23,9691.06,3349.23,Paid
8930,745,2025-02-05,2025-02-06,9691.06,3209.68,9691.06,3209.68,Paid
8931,745,2025-03-05,2025-03-09,9691.06,3070.13,9691.06,3070.13,Paid
8932,745,2025-04-05,2025-04-10,9691.06,2930.58,9691.06,2930.58,Paid
8933,745,2025-05-05,2025-05-09,9691.06,2791.02,9691.06,2791.02,Paid
8934,745,2025-06-05,2025-06-08,9691.06,2651.47,9691.06,2651.47,Paid
8935,745,2025-07-05,2025-07-05,9691.06,2511.92,9691.06,2511.92,Paid
8936,745,2025-08-05,2025-08-07,9691.06,2372.37,9691.06,2372.37,Paid
8937,745,2025-09-05,2025-09-06,9691.06,2232.82,9691.06,2232.82,Paid
8938,745,2025-10-05,2025-10-06,9691.06,2093.27,9691.06,2093.27,Paid
8939,745,2025-11-05,2025-11-09,9691.06,1953.72,9691.06,1953.72,Paid
8940,745,2025-12-05,2025-12-08,9691.06,1814.17,9691.06,1814.17,Paid
8941,746,2025-01-05,2025-01-07,8798.6,3742.92,8798.6,3742.92,Paid
8942,746,2025-02-05,2025-02-09,8798.6,3638.95,8798.6,3638.95,Paid
8943,746,2025-03-05,2025-03-05,8798.6,3534.98,8798.6,3534.98,Paid
8944,746,2025-04-05,2025-04-09,8798.6,3431.01,8798.6,3431.01,Paid
8945,746,2025-05-05,2025-05-05,8798.6,3327.04,8798.6,3327.04,Paid
8946,746,2025-06-05,2025-06-10,8798.6,3223.07,8798.6,3223.07,Paid
8947,746,2025-07-05,2025-07-06,8798.6,3119.1,8798.6,3119.1,Paid
8948,746,2025-08-05,,8798.6,3015.13,0.0,0.0,Unpaid
8949,746,2025-09-05,2025-09-09,8798.6,3015.13,8798.6,3015.13,Paid
8950,746,2025-10-05,2025-10-06,8798.6,2911.16,8798.6,2911.16,Paid
8951,746,2025-11-05,2025-11-10,8798.6,2807.19,8798.6,2807.19,Paid
8952,746,2025-12-05,2025-12-07,8798.6,2703.22,8798.6,2703.22,Paid
8953,747,2025-01-05,,8559.88,2776.83,0.0,0.0,Unpaid
8954,747,2025-02-05,2025-02-07,8559.88,2776.83,8559.88,2776.83,Paid
8955,747,2025-03-05,,8559.88,2661.12,0.0,0.0,Unpaid
8956,747,2025-04-05,2025-04-05,8559.88,2661.12,8559.88,2661.12,Paid
8957,747,2025-05-05,2025-05-10,8559.88,2545.42,8559.88,2545.42,Paid
8958,747,2025-06-05,2025-06-05,8559.88,2429.72,8559.88,2429.72,Paid
8959,747,2025-07-05,2025-07-10,8559.88,2314.02,8559.88,2314.02,Paid
8960,747,2025-08-05,2025-08-07,8559.88,2198.32,8559.88,2198.32,Paid
8961,747,2025-09-05,2025-09-06,8559.88,2082.62,8559.88,2082.62,Paid
8962,747,2025-10-05,2025-10-10,8559.88,1966.92,8559.88,1966.92,Paid
8963,747,2025-11-05,2025-11-05,8559.88,1851.22,8559.88,1851.22,Paid
8964,747,2025-12-05,2025-12-07,8559.88,1735.52,8559.88,1735.52,Paid
8965,748,2025-01-05,2025-01-10,27888.34,9537.81,27888.34,9537.81,Paid
8966,748,2025-02-05,2025-02-09,27888.34,9140.4,27888.34,9140.4,Paid
8967,748,2025-03-05,,27888.34,8742.99,0.0,0.0,Unpaid
8968,748,2025-04-05,2025-04-09,27888.34,8742.99,27888.34,8742.99,Paid
8969,748,2025-05-05,2025-05-10,27888.34,8345.59,27888.34,8345.59,Paid
8970,748,2025-06-05,2025-06-05,27888.34,7948.18,27888.34,7948.18,Paid
8971,748,2025-07-05,2025-07-08,27888.34,7550.77,27888.34,7550.77,Paid
8972,748,2025-08-05,2025-08-08,27888.34,7153.36,27888.34,7153.36,Paid
8973,748,2025-09-05,2025-09-10,27888.34,6755.95,27888.34,6755.95,Paid
8974,748,2025-10-05,2025-10-09,27888.34,6358.54,27888.34,6358.54,Paid
8975,748,2025-11-05,,27888.34,5961.13,0.0,0.0,Unpaid
8976,748,2025-12-05,2025-12-05,27888.34,5961.13,27888.34,5961.13,Paid
8977,749,2025-01-05,,22274.68,5849.33,0.0,0.0,Unpaid
8978,749,2025-02-05,2025-02-09,22274.68,5849.33,22274.68,5849.33,Paid
8979,749,2025-03-05,2025-03-09,22274.68,5605.61,22274.68,5605.61,Paid
8980,749,2025-04-05,2025-04-07,22274.68,5361.89,22274.68,5361.89,Paid
8981,749,2025-05-05,2025-05-08,22274.68,5118.17,22274.68,5118.17,Paid
8982,749,2025-06-05,2025-06-09,22274.68,4874.44,22274.68,4874.44,Paid
8983,749,2025-07-05,,22274.68,4630.72,0.0,0.0,Unpaid
8984,749,2025-08-05,2025-08-08,22274.68,4630.72,22274.68,4630.72,Paid
8985,749,2025-09-05,2025-09-05,22274.68,4387.0,22274.68,4387.0,Paid
8986,749,2025-10-05,2025-10-05,22274.68,4143.28,22274.68,4143.28,Paid
8987,749,2025-11-05,2025-11-10,22274.68,3899.55,22274.68,3899.55,Paid
8988,749,2025-12-05,2025-12-09,22274.68,3655.83,22274.68,3655.83,Paid
8989,750,2025-01-05,2025-01-07,90997.98,22440.1,90997.98,22440.1,Paid
8990,750,2025-02-05,2025-02-07,90997.98,21505.1,90997.98,21505.1,Paid
8991,750,2025-03-05,2025-03-07,90997.98,20570.09,90997.98,20570.09,Paid
8992,750,2025-04-05,2025-04-05,90997.98,19635.09,90997.98,19635.09,Paid
8993,750,2025-05-05,2025-05-06,90997.98,18700.08,90997.98,18700.08,Paid
8994,750,2025-06-05,2025-06-06,90997.98,17765.08,90997.98,17765.08,Paid
8995,750,2025-07-05,2025-07-08,90997.98,16830.08,90997.98,16830.08,Paid
8996,750,2025-08-05,2025-08-06,90997.98,15895.07,90997.98,15895.07,Paid
8997,750,2025-09-05,2025-09-09,90997.98,14960.07,90997.98,14960.07,Paid
8998,750,2025-10-05,2025-10-09,90997.98,14025.06,90997.98,14025.06,Paid
8999,750,2025-11-05,2025-11-08,90997.98,13090.06,90997.98,13090.06,Paid
9000,750,2025-12-05,2025-12-05,90997.98,12155.06,90997.98,12155.06,Paid
9001,751,2025-01-05,2025-01-09,9454.86,10145.06,9454.86,10145.06,Paid
9002,751,2025-02-05,2025-02-09,9454.86,10060.52,9454.86,10060.52,Paid
9003,751,2025-03-05,2025-03-05,9454.86,9975.98,9454.86,9975.98,Paid
9004,751,2025-04-05,2025-04-07,9454.86,9891.44,9454.86,9891.44,Paid
9005,751,2025-05-05,2025-05-06,9454.86,9806.9,9454.86,9806.9,Paid
9006,751,2025-06-05,2025-06-05,9454.86,9722.35,9454.86,9722.35,Paid
9007,751,2025-07-05,2025-07-08,9454.86,9637.81,9454.86,9637.81,Paid
9008,751,2025-08-05,2025-08-08,9454.86,9553.27,9454.86,9553.27,Paid
9009,751,2025-09-05,2025-09-06,9454.86,9468.73,9454.86,9468.73,Paid
9010,751,2025-10-05,2025-10-05,9454.86,9384.18,9454.86,9384.18,Paid
9011,751,2025-11-05,2025-11-07,9454.86,9299.64,9454.86,9299.64,Paid
9012,751,2025-12-05,2025-12-08,9454.86,9215.1,9454.86,9215.1,Paid
9013,752,2025-01-05,2025-01-05,9086.04,12002.67,9086.04,12002.67,Paid
9014,752,2025-02-05,2025-02-06,9086.04,11902.64,9086.04,11902.64,Paid
9015,752,2025-03-05,2025-03-08,9086.04,11802.62,9086.04,11802.62,Paid
9016,752,2025-04-05,2025-04-05,9086.04,11702.6,9086.04,11702.6,Paid
9017,752,2025-05-05,2025-05-07,9086.04,11602.58,9086.04,11602.58,Paid
9018,752,2025-06-05,2025-06-08,9086.04,11502.55,9086.04,11502.55,Paid
9019,752,2025-07-05,2025-07-09,9086.04,11402.53,9086.04,11402.53,Paid
9020,752,2025-08-05,2025-08-10,9086.04,11302.51,9086.04,11302.51,Paid
9021,752,2025-09-05,2025-09-10,9086.04,11202.49,9086.04,11202.49,Paid
9022,752,2025-10-05,2025-10-08,9086.04,11102.47,9086.04,11102.47,Paid
9023,752,2025-11-05,2025-11-05,9086.04,11002.44,9086.04,11002.44,Paid
9024,752,2025-12-05,2025-12-10,9086.04,10902.42,9086.04,10902.42,Paid
9025,753,2025-01-05,2025-01-06,21673.52,11502.14,21673.52,11502.14,Paid
9026,753,2025-02-05,2025-02-05,21673.52,11182.63,21673.52,11182.63,Paid
9027,753,2025-03-05,2025-03-09,21673.52,10863.13,21673.52,10863.13,Paid
9028,753,2025-04-05,2025-04-05,21673.52,10543.62,21673.52,10543.62,Paid
9029,753,2025-05-05,,21673.52,10224.12,0.0,0.0,Unpaid
9030,753,2025-06-05,2025-06-09,21673.52,10224.12,21673.52,10224.12,Paid
9031,753,2025-07-05,2025-07-10,21673.52,9904.62,21673.52,9904.62,Paid
9032,753,2025-08-05,2025-08-08,21673.52,9585.11,21673.52,9585.11,Paid
9033,753,2025-09-05,2025-09-09,21673.52,9265.61,21673.52,9265.61,Paid
9034,753,2025-10-05,2025-10-07,21673.52,8946.1,21673.52,8946.1,Paid
9035,753,2025-11-05,2025-11-05,21673.52,8626.6,21673.52,8626.6,Paid
9036,753,2025-12-05,2025-12-05,21673.52,8307.1,21673.52,8307.1,Paid
9037,754,2025-01-05,2025-01-10,1705.07,1803.96,1705.07,1803.96,Paid
9038,754,2025-02-05,2025-02-08,1705.07,1788.93,1705.07,1788.93,Paid
9039,754,2025-03-05,2025-03-06,1705.07,1773.9,1705.07,1773.9,Paid
9040,754,2025-04-05,2025-04-05,1705.07,1758.86,1705.07,1758.86,Paid
9041,754,2025-05-05,2025-05-09,1705.07,1743.83,1705.07,1743.83,Paid
9042,754,2025-06-05,2025-06-09,1705.07,1728.8,1705.07,1728.8,Paid
9043,754,2025-07-05,2025-07-07,1705.07,1713.77,1705.07,1713.77,Paid
9044,754,2025-08-05,2025-08-06,1705.07,1698.73,1705.07,1698.73,Paid
9045,754,2025-09-05,2025-09-06,1705.07,1683.7,1705.07,1683.7,Paid
9046,754,2025-10-05,2025-10-09,1705.07,1668.67,1705.07,1668.67,Paid
9047,754,2025-11-05,2025-11-09,1705.07,1653.63,1705.07,1653.63,Paid
9048,754,2025-12-05,2025-12-10,1705.07,1638.6,1705.07,1638.6,Paid
9049,755,2025-01-05,2025-01-08,7452.95,4471.77,7452.95,4471.77,Paid
9050,755,2025-02-05,2025-02-06,7452.95,4397.24,7452.95,4397.24,Paid
9051,755,2025-03-05,2025-03-09,7452.95,4322.71,7452.95,4322.71,Paid
9052,755,2025-04-05,2025-04-07,7452.95,4248.18,7452.95,4248.18,Paid
9053,755,2025-05-05,2025-05-06,7452.95,4173.65,7452.95,4173.65,Paid
9054,755,2025-06-05,2025-06-10,7452.95,4099.12,7452.95,4099.12,Paid
9055,755,2025-07-05,2025-07-06,7452.95,4024.59,7452.95,4024.59,Paid
9056,755,2025-08-05,2025-08-10,7452.95,3950.06,7452.95,3950.06,Paid
9057,755,2025-09-05,2025-09-07,7452.95,3875.53,7452.95,3875.53,Paid
9058,755,2025-10-05,2025-10-05,7452.95,3801.0,7452.95,3801.0,Paid
9059,755,2025-11-05,2025-11-10,7452.95,3726.47,7452.95,3726.47,Paid
9060,755,2025-12-05,2025-12-09,7452.95,3651.95,7452.95,3651.95,Paid
9061,756,2025-01-05,2025-01-07,26175.06,6666.79,26175.06,6666.79,Paid
9062,756,2025-02-05,2025-02-05,26175.06,6481.6,26175.06,6481.6,Paid
9063,756,2025-03-05,2025-03-06,26175.06,6296.41,26175.06,6296.41,Paid
9064,756,2025-04-05,2025-04-10,26175.06,6111.22,26175.06,6111.22,Paid
9065,756,2025-05-05,2025-05-09,26175.06,5926.03,26175.06,5926.03,Paid
9066,756,2025-06-05,2025-06-10,26175.06,5740.84,26175.06,5740.84,Paid
9067,756,2025-07-05,2025-07-09,26175.06,5555.66,26175.06,5555.66,Paid
9068,756,2025-08-05,2025-08-07,26175.06,5370.47,26175.06,5370.47,Paid
9069,756,2025-09-05,2025-09-10,26175.06,5185.28,26175.06,5185.28,Paid
9070,756,2025-10-05,2025-10-07,26175.06,5000.09,26175.06,5000.09,Paid
9071,756,2025-11-05,2025-11-09,26175.06,4814.9,26175.06,4814.9,Paid
9072,756,2025-12-05,2025-12-06,26175.06,4629.71,26175.06,4629.71,Paid
9073,757,2025-01-05,2025-01-06,31842.15,10746.73,31842.15,10746.73,Paid
9074,757,2025-02-05,2025-02-07,31842.15,10448.21,31842.15,10448.21,Paid
9075,757,2025-03-05,2025-03-05,31842.15,10149.69,31842.15,10149.69,Paid
9076,757,2025-04-05,,31842.15,9851.17,0.0,0.0,Unpaid
9077,757,2025-05-05,2025-05-08,31842.15,9851.17,31842.15,9851.17,Paid
9078,757,2025-06-05,2025-06-05,31842.15,9552.65,31842.15,9552.65,Paid
9079,757,2025-07-05,2025-07-08,31842.15,9254.12,31842.15,9254.12,Paid
9080,757,2025-08-05,2025-08-08,31842.15,8955.6,31842.15,8955.6,Paid
9081,757,2025-09-05,2025-09-05,31842.15,8657.08,31842.15,8657.08,Paid
9082,757,2025-10-05,,31842.15,8358.56,0.0,0.0,Unpaid
9083,757,2025-11-05,,31842.15,8358.56,0.0,0.0,Unpaid
9084,757,2025-12-05,2025-12-07,31842.15,8358.56,31842.15,8358.56,Paid
9085,758,2025-01-05,2025-01-06,11034.64,6433.19,11034.64,6433.19,Paid
9086,758,2025-02-05,2025-02-07,11034.64,6325.97,11034.64,6325.97,Paid
9087,758,2025-03-05,2025-03-09,11034.64,6218.75,11034.64,6218.75,Paid
9088,758,2025-04-05,2025-04-07,11034.64,6111.53,11034.64,6111.53,Paid
9089,758,2025-05-05,2025-05-05,11034.64,6004.31,11034.64,6004.31,Paid
9090,758,2025-06-05,2025-06-09,11034.64,5897.09,11034.64,5897.09,Paid
9091,758,2025-07-05,2025-07-09,11034.64,5789.87,11034.64,5789.87,Paid
9092,758,2025-08-05,2025-08-05,11034.64,5682.65,11034.64,5682.65,Paid
9093,758,2025-09-05,2025-09-07,11034.64,5575.43,11034.64,5575.43,Paid
9094,758,2025-10-05,2025-10-08,11034.64,5468.21,11034.64,5468.21,Paid
9095,758,2025-11-05,2025-11-07,11034.64,5360.99,11034.64,5360.99,Paid
9096,758,2025-12-05,2025-12-09,11034.64,5253.78,11034.64,5253.78,Paid
9097,759,2025-01-05,,4854.44,8417.6,0.0,0.0,Unpaid
9098,759,2025-02-05,2025-02-07,4854.44,8417.6,4854.44,8417.6,Paid
9099,759,2025-03-05,2025-03-05,4854.44,8347.46,4854.44,8347.46,Paid
9100,759,2025-04-05,2025-04-06,4854.44,8277.31,4854.44,8277.31,Paid
9101,759,2025-05-05,2025-05-05,4854.44,8207.16,4854.44,8207.16,Paid
9102,759,2025-06-05,2025-06-06,4854.44,8137.02,4854.44,8137.02,Paid
9103,759,2025-07-05,2025-07-10,4854.44,8066.87,4854.44,8066.87,Paid
9104,759,2025-08-05,2025-08-06,4854.44,7996.72,4854.44,7996.72,Paid
9105,759,2025-09-05,2025-09-09,4854.44,7926.58,4854.44,7926.58,Paid
9106,759,2025-10-05,2025-10-06,4854.44,7856.43,4854.44,7856.43,Paid
9107,759,2025-11-05,,4854.44,7786.28,0.0,0.0,Unpaid
9108,759,2025-12-05,2025-12-06,4854.44,7786.28,4854.44,7786.28,Paid
9109,760,2025-01-05,2025-01-10,7403.47,7166.56,7403.47,7166.56,Paid
9110,760,2025-02-05,2025-02-07,7403.47,7106.84,7403.47,7106.84,Paid
9111,760,2025-03-05,2025-03-08,7403.47,7047.12,7403.47,7047.12,Paid
9112,760,2025-04-05,2025-04-09,7403.47,6987.4,7403.47,6987.4,Paid
9113,760,2025-05-05,2025-05-10,7403.47,6927.68,7403.47,6927.68,Paid
9114,760,2025-06-05,2025-06-06,7403.47,6867.96,7403.47,6867.96,Paid
9115,760,2025-07-05,2025-07-06,7403.47,6808.23,7403.47,6808.23,Paid
9116,760,2025-08-05,2025-08-06,7403.47,6748.51,7403.47,6748.51,Paid
9117,760,2025-09-05,2025-09-07,7403.47,6688.79,7403.47,6688.79,Paid
9118,760,2025-10-05,2025-10-08,7403.47,6629.07,7403.47,6629.07,Paid
9119,760,2025-11-05,2025-11-06,7403.47,6569.35,7403.47,6569.35,Paid
9120,760,2025-12-05,,7403.47,6509.63,0.0,0.0,Unpaid
9121,761,2025-01-05,2025-01-10,7935.81,9816.6,7935.81,9816.6,Paid
9122,761,2025-02-05,2025-02-10,7935.81,9734.8,7935.81,9734.8,Paid
9123,761,2025-03-05,2025-03-07,7935.81,9652.99,7935.81,9652.99,Paid
9124,761,2025-04-05,2025-04-06,7935.81,9571.19,7935.81,9571.19,Paid
9125,761,2025-05-05,2025-05-05,7935.81,9489.38,7935.81,9489.38,Paid
9126,761,2025-06-05,2025-06-07,7935.81,9407.58,7935.81,9407.58,Paid
9127,761,2025-07-05,2025-07-10,7935.81,9325.77,7935.81,9325.77,Paid
9128,761,2025-08-05,2025-08-08,7935.81,9243.97,7935.81,9243.97,Paid
9129,761,2025-09-05,2025-09-07,7935.81,9162.16,7935.81,9162.16,Paid
9130,761,2025-10-05,2025-10-08,7935.81,9080.36,7935.81,9080.36,Paid
9131,761,2025-11-05,2025-11-07,7935.81,8998.55,7935.81,8998.55,Paid
9132,761,2025-12-05,2025-12-06,7935.81,8916.75,7935.81,8916.75,Paid
9133,762,2025-01-05,2025-01-09,4033.36,4973.13,4033.36,4973.13,Paid
9134,762,2025-02-05,2025-02-09,4033.36,4931.69,4033.36,4931.69,Paid
9135,762,2025-03-05,2025-03-10,4033.36,4890.25,4033.36,4890.25,Paid
9136,762,2025-04-05,2025-04-10,4033.36,4848.8,4033.36,4848.8,Paid
9137,762,2025-05-05,2025-05-06,4033.36,4807.36,4033.36,4807.36,Paid
9138,762,2025-06-05,2025-06-09,4033.36,4765.92,4033.36,4765.92,Paid
9139,762,2025-07-05,2025-07-05,4033.36,4724.48,4033.36,4724.48,Paid
9140,762,2025-08-05,2025-08-06,4033.36,4683.03,4033.36,4683.03,Paid
9141,762,2025-09-05,2025-09-06,4033.36,4641.59,4033.36,4641.59,Paid
9142,762,2025-10-05,2025-10-08,4033.36,4600.15,4033.36,4600.15,Paid
9143,762,2025-11-05,2025-11-05,4033.36,4558.71,4033.36,4558.71,Paid
9144,762,2025-12-05,2025-12-08,4033.36,4517.26,4033.36,4517.26,Paid
9145,763,2025-01-05,2025-01-07,2485.75,3716.19,2485.75,3716.19,Paid
9146,763,2025-02-05,2025-02-09,2485.75,3685.23,2485.75,3685.23,Paid
9147,763,2025-03-05,2025-03-09,2485.75,3654.26,2485.75,3654.26,Paid
9148,763,2025-04-05,2025-04-06,2485.75,3623.29,2485.75,3623.29,Paid
9149,763,2025-05-05,2025-05-06,2485.75,3592.32,2485.75,3592.32,Paid
9150,763,2025-06-05,2025-06-10,2485.75,3561.35,2485.75,3561.35,Paid
9151,763,2025-07-05,2025-07-05,2485.75,3530.38,2485.75,3530.38,Paid
9152,763,2025-08-05,2025-08-05,2485.75,3499.42,2485.75,3499.42,Paid
9153,763,2025-09-05,2025-09-09,2485.75,3468.45,2485.75,3468.45,Paid
9154,763,2025-10-05,2025-10-08,2485.75,3437.48,2485.75,3437.48,Paid
9155,763,2025-11-05,2025-11-07,2485.75,3406.51,2485.75,3406.51,Paid
9156,763,2025-12-05,2025-12-05,2485.75,3375.54,2485.75,3375.54,Paid
9157,764,2025-01-05,2025-01-05,18232.64,11942.38,18232.64,11942.38,Paid
9158,764,2025-02-05,2025-02-07,18232.64,11743.34,18232.64,11743.34,Paid
9159,764,2025-03-05,2025-03-07,18232.64,11544.3,18232.64,11544.3,Paid
9160,764,2025-04-05,2025-04-09,18232.64,11345.26,18232.64,11345.26,Paid
9161,764,2025-05-05,2025-05-07,18232.64,11146.22,18232.64,11146.22,Paid
9162,764,2025-06-05,2025-06-08,18232.64,10947.18,18232.64,10947.18,Paid
9163,764,2025-07-05,2025-07-05,18232.64,10748.14,18232.64,10748.14,Paid
9164,764,2025-08-05,2025-08-10,18232.64,10549.1,18232.64,10549.1,Paid
9165,764,2025-09-05,2025-09-05,18232.64,10350.06,18232.64,10350.06,Paid
9166,764,2025-10-05,2025-10-10,18232.64,10151.02,18232.64,10151.02,Paid
9167,764,2025-11-05,2025-11-05,18232.64,9951.98,18232.64,9951.98,Paid
9168,764,2025-12-05,2025-12-06,18232.64,9752.94,18232.64,9752.94,Paid
9169,765,2025-01-05,2025-01-07,2215.52,917.23,2215.52,917.23,Paid
9170,765,2025-02-05,2025-02-05,2215.52,901.94,2215.52,901.94,Paid
9171,765,2025-03-05,2025-03-08,2215.52,886.65,2215.52,886.65,Paid
9172,765,2025-04-05,2025-04-07,2215.52,871.37,2215.52,871.37,Paid
9173,765,2025-05-05,2025-05-07,2215.52,856.08,2215.52,856.08,Paid
9174,765,2025-06-05,2025-06-06,2215.52,840.79,2215.52,840.79,Paid
9175,765,2025-07-05,2025-07-09,2215.52,825.5,2215.52,825.5,Paid
9176,765,2025-08-05,2025-08-08,2215.52,810.22,2215.52,810.22,Paid
9177,765,2025-09-05,2025-09-06,2215.52,794.93,2215.52,794.93,Paid
9178,765,2025-10-05,2025-10-05,2215.52,779.64,2215.52,779.64,Paid
9179,765,2025-11-05,2025-11-06,2215.52,764.36,2215.52,764.36,Paid
9180,765,2025-12-05,2025-12-10,2215.52,749.07,2215.52,749.07,Paid
9181,766,2025-01-05,2025-01-09,27349.91,7061.75,27349.91,7061.75,Paid
9182,766,2025-02-05,2025-02-10,27349.91,6767.51,27349.91,6767.51,Paid
9183,766,2025-03-05,2025-03-07,27349.91,6473.27,27349.91,6473.27,Paid
9184,766,2025-04-05,,27349.91,6179.03,0.0,0.0,Unpaid
9185,766,2025-05-05,2025-05-05,27349.91,6179.03,27349.91,6179.03,Paid
9186,766,2025-06-05,2025-06-08,27349.91,5884.79,27349.91,5884.79,Paid
9187,766,2025-07-05,2025-07-10,27349.91,5590.55,27349.91,5590.55,Paid
9188,766,2025-08-05,2025-08-06,27349.91,5296.31,27349.91,5296.31,Paid
9189,766,2025-09-05,2025-09-09,27349.91,5002.07,27349.91,5002.07,Paid
9190,766,2025-10-05,2025-10-06,27349.91,4707.83,27349.91,4707.83,Paid
9191,766,2025-11-05,2025-11-10,27349.91,4413.59,27349.91,4413.59,Paid
9192,766,2025-12-05,2025-12-05,27349.91,4119.35,27349.91,4119.35,Paid
9193,767,2025-01-05,2025-01-09,36760.37,12255.91,36760.37,12255.91,Paid
9194,767,2025-02-05,2025-02-08,36760.37,11745.25,36760.37,11745.25,Paid
9195,767,2025-03-05,2025-03-06,36760.37,11234.58,36760.37,11234.58,Paid
9196,767,2025-04-05,2025-04-07,36760.37,10723.92,36760.37,10723.92,Paid
9197,767,2025-05-05,2025-05-10,36760.37,10213.26,36760.37,10213.26,Paid
9198,767,2025-06-05,2025-06-05,36760.37,9702.59,36760.37,9702.59,Paid
9199,767,2025-07-05,2025-07-10,36760.37,9191.93,36760.37,9191.93,Paid
9200,767,2025-08-05,2025-08-06,36760.37,8681.27,36760.37,8681.27,Paid
9201,767,2025-09-05,2025-09-06,36760.37,8170.61,36760.37,8170.61,Paid
9202,767,2025-10-05,2025-10-10,36760.37,7659.94,36760.37,7659.94,Paid
9203,767,2025-11-05,2025-11-08,36760.37,7149.28,36760.37,7149.28,Paid
9204,767,2025-12-05,2025-12-09,36760.37,6638.62,36760.37,6638.62,Paid
9205,768,2025-01-05,2025-01-09,7812.95,11320.96,7812.95,11320.96,Paid
9206,768,2025-02-05,2025-02-06,7812.95,11226.62,7812.95,11226.62,Paid
9207,768,2025-03-05,2025-03-05,7812.95,11132.28,7812.95,11132.28,Paid
9208,768,2025-04-05,2025-04-08,7812.95,11037.94,7812.95,11037.94,Paid
9209,768,2025-05-05,2025-05-08,7812.95,10943.6,7812.95,10943.6,Paid
9210,768,2025-06-05,2025-06-05,7812.95,10849.26,7812.95,10849.26,Paid
9211,768,2025-07-05,2025-07-07,7812.95,10754.91,7812.95,10754.91,Paid
9212,768,2025-08-05,2025-08-10,7812.95,10660.57,7812.95,10660.57,Paid
9213,768,2025-09-05,2025-09-05,7812.95,10566.23,7812.95,10566.23,Paid
9214,768,2025-10-05,2025-10-05,7812.95,10471.89,7812.95,10471.89,Paid
9215,768,2025-11-05,2025-11-08,7812.95,10377.55,7812.95,10377.55,Paid
9216,768,2025-12-05,2025-12-07,7812.95,10283.21,7812.95,10283.21,Paid
9217,769,2025-01-05,2025-01-09,4801.91,7207.67,4801.91,7207.67,Paid
9218,769,2025-02-05,2025-02-06,4801.91,7147.61,4801.91,7147.61,Paid
9219,769,2025-03-05,2025-03-09,4801.91,7087.54,4801.91,7087.54,Paid
9220,769,2025-04-05,2025-04-07,4801.91,7027.48,4801.91,7027.48,Paid
9221,769,2025-05-05,2025-05-06,4801.91,6967.42,4801.91,6967.42,Paid
9222,769,2025-06-05,2025-06-10,4801.91,6907.35,4801.91,6907.35,Paid
9223,769,2025-07-05,2025-07-06,4801.91,6847.29,4801.91,6847.29,Paid
9224,769,2025-08-05,2025-08-10,4801.91,6787.22,4801.91,6787.22,Paid
9225,769,2025-09-05,2025-09-06,4801.91,6727.16,4801.91,6727.16,Paid
9226,769,2025-10-05,2025-10-08,4801.91,6667.1,4801.91,6667.1,Paid
9227,769,2025-11-05,2025-11-06,4801.91,6607.03,4801.91,6607.03,Paid
9228,769,2025-12-05,2025-12-05,4801.91,6546.97,4801.91,6546.97,Paid
9229,770,2025-01-05,2025-01-07,21075.0,4792.45,21075.0,4792.45,Paid
9230,770,2025-02-05,2025-02-09,21075.0,4592.77,21075.0,4592.77,Paid
9231,770,2025-03-05,2025-03-05,21075.0,4393.08,21075.0,4393.08,Paid
9232,770,2025-04-05,2025-04-07,21075.0,4193.4,21075.0,4193.4,Paid
9233,770,2025-05-05,2025-05-08,21075.0,3993.71,21075.0,3993.71,Paid
9234,770,2025-06-05,2025-06-06,21075.0,3794.03,21075.0,3794.03,Paid
9235,770,2025-07-05,2025-07-06,21075.0,3594.34,21075.0,3594.34,Paid
9236,770,2025-08-05,2025-08-06,21075.0,3394.66,21075.0,3394.66,Paid
9237,770,2025-09-05,2025-09-10,21075.0,3194.97,21075.0,3194.97,Paid
9238,770,2025-10-05,2025-10-07,21075.0,2995.28,21075.0,2995.28,Paid
9239,770,2025-11-05,2025-11-08,21075.0,2795.6,21075.0,2795.6,Paid
9240,770,2025-12-05,2025-12-09,21075.0,2595.91,21075.0,2595.91,Paid
9241,771,2025-01-05,2025-01-07,75453.55,25971.11,75453.55,25971.11,Paid
9242,771,2025-02-05,2025-02-10,75453.55,24888.98,75453.55,24888.98,Paid
9243,771,2025-03-05,2025-03-09,75453.55,23806.85,75453.55,23806.85,Paid
9244,771,2025-04-05,2025-04-06,75453.55,22724.72,75453.55,22724.72,Paid
9245,771,2025-05-05,2025-05-10,75453.55,21642.59,75453.55,21642.59,Paid
9246,771,2025-06-05,2025-06-05,75453.55,20560.46,75453.55,20560.46,Paid
9247,771,2025-07-05,2025-07-09,75453.55,19478.33,75453.55,19478.33,Paid
9248,771,2025-08-05,2025-08-05,75453.55,18396.2,75453.55,18396.2,Paid
9249,771,2025-09-05,2025-09-05,75453.55,17314.07,75453.55,17314.07,Paid
9250,771,2025-10-05,2025-10-06,75453.55,16231.94,75453.55,16231.94,Paid
9251,771,2025-11-05,2025-11-08,75453.55,15149.81,75453.55,15149.81,Paid
9252,771,2025-12-05,2025-12-08,75453.55,14067.68,75453.55,14067.68,Paid
9253,772,2025-01-05,2025-01-08,16140.12,8626.89,16140.12,8626.89,Paid
9254,772,2025-02-05,2025-02-07,16140.12,8483.11,16140.12,8483.11,Paid
9255,772,2025-03-05,2025-03-05,16140.12,8339.33,16140.12,8339.33,Paid
9256,772,2025-04-05,2025-04-09,16140.12,8195.55,16140.12,8195.55,Paid
9257,772,2025-05-05,2025-05-09,16140.12,8051.77,16140.12,8051.77,Paid
9258,772,2025-06-05,2025-06-09,16140.12,7907.99,16140.12,7907.99,Paid
9259,772,2025-07-05,2025-07-05,16140.12,7764.2,16140.12,7764.2,Paid
9260,772,2025-08-05,2025-08-06,16140.12,7620.42,16140.12,7620.42,Paid
9261,772,2025-09-05,2025-09-09,16140.12,7476.64,16140.12,7476.64,Paid
9262,772,2025-10-05,2025-10-08,16140.12,7332.86,16140.12,7332.86,Paid
9263,772,2025-11-05,2025-11-07,16140.12,7189.08,16140.12,7189.08,Paid
9264,772,2025-12-05,2025-12-09,16140.12,7045.3,16140.12,7045.3,Paid
9265,773,2025-01-05,2025-01-10,3907.56,5333.81,3907.56,5333.81,Paid
9266,773,2025-02-05,2025-02-05,3907.56,5289.37,3907.56,5289.37,Paid
9267,773,2025-03-05,2025-03-07,3907.56,5244.92,3907.56,5244.92,Paid
9268,773,2025-04-05,2025-04-07,3907.56,5200.47,3907.56,5200.47,Paid
9269,773,2025-05-05,2025-05-08,3907.56,5156.02,3907.56,5156.02,Paid
9270,773,2025-06-05,2025-06-05,3907.56,5111.57,3907.56,5111.57,Paid
9271,773,2025-07-05,2025-07-07,3907.56,5067.12,3907.56,5067.12,Paid
9272,773,2025-08-05,2025-08-10,3907.56,5022.67,3907.56,5022.67,Paid
9273,773,2025-09-05,2025-09-07,3907.56,4978.23,3907.56,4978.23,Paid
9274,773,2025-10-05,2025-10-10,3907.56,4933.78,3907.56,4933.78,Paid
9275,773,2025-11-05,2025-11-06,3907.56,4889.33,3907.56,4889.33,Paid
9276,773,2025-12-05,2025-12-08,3907.56,4844.88,3907.56,4844.88,Paid
9277,774,2025-01-05,2025-01-08,30697.06,16484.32,30697.06,16484.32,Paid
9278,774,2025-02-05,2025-02-09,30697.06,16026.42,30697.06,16026.42,Paid
9279,774,2025-03-05,2025-03-06,30697.06,15568.53,30697.06,15568.53,Paid
9280,774,2025-04-05,2025-04-08,30697.06,15110.63,30697.06,15110.63,Paid
9281,774,2025-05-05,2025-05-08,30697.06,14652.73,30697.06,14652.73,Paid
9282,774,2025-06-05,2025-06-07,30697.06,14194.83,30697.06,14194.83,Paid
9283,774,2025-07-05,2025-07-09,30697.06,13736.94,30697.06,13736.94,Paid
9284,774,2025-08-05,2025-08-09,30697.06,13279.04,30697.06,13279.04,Paid
9285,774,2025-09-05,2025-09-08,30697.06,12821.14,30697.06,12821.14,Paid
9286,774,2025-10-05,2025-10-10,30697.06,12363.24,30697.06,12363.24,Paid
9287,774,2025-11-05,,30697.06,11905.34,0.0,0.0,Unpaid
9288,774,2025-12-05,2025-12-08,30697.06,11905.34,30697.06,11905.34,Paid
9289,775,2025-01-05,2025-01-09,55375.34,8981.88,55375.34,8981.88,Paid
9290,775,2025-02-05,2025-02-08,55375.34,8607.64,55375.34,8607.64,Paid
9291,775,2025-03-05,2025-03-08,55375.34,8233.39,55375.34,8233.39,Paid
9292,775,2025-04-05,2025-04-10,55375.34,7859.14,55375.34,7859.14,Paid
9293,775,2025-05-05,2025-05-05,55375.34,7484.9,55375.34,7484.9,Paid
9294,775,2025-06-05,2025-06-05,55375.34,7110.65,55375.34,7110.65,Paid
9295,775,2025-07-05,2025-07-07,55375.34,6736.41,55375.34,6736.41,Paid
9296,775,2025-08-05,2025-08-09,55375.34,6362.16,55375.34,6362.16,Paid
9297,775,2025-09-05,2025-09-05,55375.34,5987.92,55375.34,5987.92,Paid
9298,775,2025-10-05,2025-10-07,55375.34,5613.67,55375.34,5613.67,Paid
9299,775,2025-11-05,2025-11-06,55375.34,5239.43,55375.34,5239.43,Paid
9300,775,2025-12-05,2025-12-10,55375.34,4865.18,55375.34,4865.18,Paid
9301,776,2025-01-05,2025-01-10,17655.75,8165.78,17655.75,8165.78,Paid
9302,776,2025-02-05,2025-02-08,17655.75,8029.69,17655.75,8029.69,Paid
9303,776,2025-03-05,2025-03-05,17655.75,7893.59,17655.75,7893.59,Paid
9304,776,2025-04-05,2025-04-07,17655.75,7757.5,17655.75,7757.5,Paid
9305,776,2025-05-05,2025-05-05,17655.75,7621.4,17655.75,7621.4,Paid
9306,776,2025-06-05,2025-06-07,17655.75,7485.3,17655.75,7485.3,Paid
9307,776,2025-07-05,2025-07-07,17655.75,7349.21,17655.75,7349.21,Paid
9308,776,2025-08-05,2025-08-08,17655.75,7213.11,17655.75,7213.11,Paid
9309,776,2025-09-05,2025-09-06,17655.75,7077.01,17655.75,7077.01,Paid
9310,776,2025-10-05,2025-10-07,17655.75,6940.92,17655.75,6940.92,Paid
9311,776,2025-11-05,2025-11-06,17655.75,6804.82,17655.75,6804.82,Paid
9312,776,2025-12-05,2025-12-08,17655.75,6668.72,17655.75,6668.72,Paid
9313,777,2025-01-05,2025-01-07,5060.03,6178.29,5060.03,6178.29,Paid
9314,777,2025-02-05,2025-02-05,5060.03,6126.81,5060.03,6126.81,Paid
9315,777,2025-03-05,2025-03-10,5060.03,6075.32,5060.03,6075.32,Paid
9316,777,2025-04-05,2025-04-09,5060.03,6023.84,5060.03,6023.84,Paid
9317,777,2025-05-05,2025-05-05,5060.03,5972.35,5060.03,5972.35,Paid
9318,777,2025-06-05,2025-06-06,5060.03,5920.87,5060.03,5920.87,Paid
9319,777,2025-07-05,2025-07-10,5060.03,5869.38,5060.03,5869.38,Paid
9320,777,2025-08-05,,5060.03,5817.89,0.0,0.0,Unpaid
9321,777,2025-09-05,2025-09-08,5060.03,5817.89,5060.03,5817.89,Paid
9322,777,2025-10-05,2025-10-06,5060.03,5766.41,5060.03,5766.41,Paid
9323,777,2025-11-05,2025-11-05,5060.03,5714.92,5060.03,5714.92,Paid
9324,777,2025-12-05,2025-12-06,5060.03,5663.44,5060.03,5663.44,Paid
9325,778,2025-01-05,2025-01-08,6713.81,3135.35,6713.81,3135.35,Paid
9326,778,2025-02-05,2025-02-05,6713.81,3083.09,6713.81,3083.09,Paid
9327,778,2025-03-05,2025-03-08,6713.81,3030.84,6713.81,3030.84,Paid
9328,778,2025-04-05,2025-04-10,6713.81,2978.58,6713.81,2978.58,Paid
9329,778,2025-05-05,2025-05-06,6713.81,2926.33,6713.81,2926.33,Paid
9330,778,2025-06-05,2025-06-08,6713.81,2874.07,6713.81,2874.07,Paid
9331,778,2025-07-05,2025-07-07,6713.81,2821.81,6713.81,2821.81,Paid
9332,778,2025-08-05,2025-08-09,6713.81,2769.56,6713.81,2769.56,Paid
9333,778,2025-09-05,2025-09-05,6713.81,2717.3,6713.81,2717.3,Paid
9334,778,2025-10-05,2025-10-05,6713.81,2665.05,6713.81,2665.05,Paid
9335,778,2025-11-05,2025-11-05,6713.81,2612.79,6713.81,2612.79,Paid
9336,778,2025-12-05,2025-12-06,6713.81,2560.54,6713.81,2560.54,Paid
9337,779,2025-01-05,2025-01-05,24833.63,15036.76,24833.63,15036.76,Paid
9338,779,2025-02-05,2025-02-07,24833.63,14786.15,24833.63,14786.15,Paid
9339,779,2025-03-05,2025-03-09,24833.63,14535.54,24833.63,14535.54,Paid
9340,779,2025-04-05,2025-04-07,24833.63,14284.92,24833.63,14284.92,Paid
9341,779,2025-05-05,2025-05-09,24833.63,14034.31,24833.63,14034.31,Paid
9342,779,2025-06-05,2025-06-10,24833.63,13783.7,24833.63,13783.7,Paid
9343,779,2025-07-05,2025-07-07,24833.63,13533.09,24833.63,13533.09,Paid
9344,779,2025-08-05,2025-08-05,24833.63,13282.47,24833.63,13282.47,Paid
9345,779,2025-09-05,2025-09-08,24833.63,13031.86,24833.63,13031.86,Paid
9346,779,2025-10-05,2025-10-10,24833.63,12781.25,24833.63,12781.25,Paid
9347,779,2025-11-05,2025-11-09,24833.63,12530.63,24833.63,12530.63,Paid
9348,779,2025-12-05,2025-12-08,24833.63,12280.02,24833.63,12280.02,Paid
9349,780,2025-01-05,2025-01-09,42206.44,15109.91,42206.44,15109.91,Paid
9350,780,2025-02-05,2025-02-07,42206.44,14480.33,42206.44,14480.33,Paid
9351,780,2025-03-05,,42206.44,13850.75,0.0,0.0,Unpaid
9352,780,2025-04-05,2025-04-07,42206.44,13850.75,42206.44,13850.75,Paid
9353,780,2025-05-05,2025-05-06,42206.44,13221.17,42206.44,13221.17,Paid
9354,780,2025-06-05,2025-06-07,42206.44,12591.59,42206.44,12591.59,Paid
9355,780,2025-07-05,2025-07-08,42206.44,11962.01,42206.44,11962.01,Paid
9356,780,2025-08-05,2025-08-10,42206.44,11332.43,42206.44,11332.43,Paid
9357,780,2025-09-05,2025-09-06,42206.44,10702.85,42206.44,10702.85,Paid
9358,780,2025-10-05,2025-10-05,42206.44,10073.27,42206.44,10073.27,Paid
9359,780,2025-11-05,2025-11-09,42206.44,9443.69,42206.44,9443.69,Paid
9360,780,2025-12-05,2025-12-08,42206.44,8814.11,42206.44,8814.11,Paid
9361,781,2025-01-05,2025-01-06,2042.09,3496.06,2042.09,3496.06,Paid
9362,781,2025-02-05,2025-02-08,2042.09,3466.93,2042.09,3466.93,Paid
9363,781,2025-03-05,2025-03-08,2042.09,3437.79,2042.09,3437.79,Paid
9364,781,2025-04-05,2025-04-10,2042.09,3408.66,2042.09,3408.66,Paid
9365,781,2025-05-05,,2042.09,3379.52,0.0,0.0,Unpaid
9366,781,2025-06-05,2025-06-06,2042.09,3379.52,2042.09,3379.52,Paid
9367,781,2025-07-05,2025-07-09,2042.09,3350.39,2042.09,3350.39,Paid
9368,781,2025-08-05,2025-08-08,2042.09,3321.26,2042.09,3321.26,Paid
9369,781,2025-09-05,2025-09-06,2042.09,3292.12,2042.09,3292.12,Paid
9370,781,2025-10-05,2025-10-09,2042.09,3262.99,2042.09,3262.99,Paid
9371,781,2025-11-05,2025-11-08,2042.09,3233.85,2042.09,3233.85,Paid
9372,781,2025-12-05,2025-12-05,2042.09,3204.72,2042.09,3204.72,Paid
9373,782,2025-01-05,2025-01-10,18806.96,9008.53,18806.96,9008.53,Paid
9374,782,2025-02-05,2025-02-10,18806.96,8858.39,18806.96,8858.39,Paid
9375,782,2025-03-05,2025-03-09,18806.96,8708.25,18806.96,8708.25,Paid
9376,782,2025-04-05,2025-04-10,18806.96,8558.11,18806.96,8558.11,Paid
9377,782,2025-05-05,2025-05-07,18806.96,8407.96,18806.96,8407.96,Paid
9378,782,2025-06-05,2025-06-09,18806.96,8257.82,18806.96,8257.82,Paid
9379,782,2025-07-05,2025-07-06,18806.96,8107.68,18806.96,8107.68,Paid
9380,782,2025-08-05,2025-08-05,18806.96,7957.54,18806.96,7957.54,Paid
9381,782,2025-09-05,2025-09-05,18806.96,7807.4,18806.96,7807.4,Paid
9382,782,2025-10-05,2025-10-10,18806.96,7657.25,18806.96,7657.25,Paid
9383,782,2025-11-05,,18806.96,7507.11,0.0,0.0,Unpaid
9384,782,2025-12-05,2025-12-10,18806.96,7507.11,18806.96,7507.11,Paid
9385,783,2025-01-05,2025-01-05,4751.9,6457.83,4751.9,6457.83,Paid
9386,783,2025-02-05,2025-02-06,4751.9,6404.01,4751.9,6404.01,Paid
9387,783,2025-03-05,2025-03-05,4751.9,6350.2,4751.9,6350.2,Paid
9388,783,2025-04-05,2025-04-05,4751.9,6296.38,4751.9,6296.38,Paid
9389,783,2025-05-05,2025-05-10,4751.9,6242.57,4751.9,6242.57,Paid
9390,783,2025-06-05,2025-06-05,4751.9,6188.75,4751.9,6188.75,Paid
9391,783,2025-07-05,2025-07-10,4751.9,6134.93,4751.9,6134.93,Paid
9392,783,2025-08-05,2025-08-06,4751.9,6081.12,4751.9,6081.12,Paid
9393,783,2025-09-05,2025-09-07,4751.9,6027.3,4751.9,6027.3,Paid
9394,783,2025-10-05,2025-10-05,4751.9,5973.49,4751.9,5973.49,Paid
9395,783,2025-11-05,2025-11-08,4751.9,5919.67,4751.9,5919.67,Paid
9396,783,2025-12-05,2025-12-07,4751.9,5865.86,4751.9,5865.86,Paid
9397,784,2025-01-05,2025-01-09,58492.06,30129.26,58492.06,30129.26,Paid
9398,784,2025-02-05,2025-02-09,58492.06,29292.34,58492.06,29292.34,Paid
9399,784,2025-03-05,2025-03-07,58492.06,28455.41,58492.06,28455.41,Paid
9400,784,2025-04-05,2025-04-08,58492.06,27618.49,58492.06,27618.49,Paid
9401,784,2025-05-05,2025-05-09,58492.06,26781.56,58492.06,26781.56,Paid
9402,784,2025-06-05,2025-06-09,58492.06,25944.64,58492.06,25944.64,Paid
9403,784,2025-07-05,,58492.06,25107.72,0.0,0.0,Unpaid
9404,784,2025-08-05,2025-08-09,58492.06,25107.72,58492.06,25107.72,Paid
9405,784,2025-09-05,2025-09-05,58492.06,24270.79,58492.06,24270.79,Paid
9406,784,2025-10-05,2025-10-07,58492.06,23433.87,58492.06,23433.87,Paid
9407,784,2025-11-05,2025-11-10,58492.06,22596.94,58492.06,22596.94,Paid
9408,784,2025-12-05,2025-12-10,58492.06,21760.02,58492.06,21760.02,Paid
9409,785,2025-01-05,2025-01-05,1501.64,1489.62,1501.64,1489.62,Paid
9410,785,2025-02-05,2025-02-07,1501.64,1477.21,1501.64,1477.21,Paid
9411,785,2025-03-05,2025-03-07,1501.64,1464.8,1501.64,1464.8,Paid
9412,785,2025-04-05,2025-04-07,1501.64,1452.38,1501.64,1452.38,Paid
9413,785,2025-05-05,2025-05-06,1501.64,1439.97,1501.64,1439.97,Paid
9414,785,2025-06-05,2025-06-10,1501.64,1427.56,1501.64,1427.56,Paid
9415,785,2025-07-05,2025-07-07,1501.64,1415.14,1501.64,1415.14,Paid
9416,785,2025-08-05,2025-08-05,1501.64,1402.73,1501.64,1402.73,Paid
9417,785,2025-09-05,2025-09-08,1501.64,1390.31,1501.64,1390.31,Paid
9418,785,2025-10-05,2025-10-08,1501.64,1377.9,1501.64,1377.9,Paid
9419,785,2025-11-05,2025-11-05,1501.64,1365.49,1501.64,1365.49,Paid
9420,785,2025-12-05,2025-12-09,1501.64,1353.07,1501.64,1353.07,Paid
9421,786,2025-01-05,2025-01-09,13115.14,20997.34,13115.14,20997.34,Paid
9422,786,2025-02-05,2025-02-06,13115.14,20822.36,13115.14,20822.36,Paid
9423,786,2025-03-05,2025-03-05,13115.14,20647.38,13115.14,20647.38,Paid
9424,786,2025-04-05,2025-04-10,13115.14,20472.4,13115.14,20472.4,Paid
9425,786,2025-05-05,2025-05-06,13115.14,20297.42,13115.14,20297.42,Paid
9426,786,2025-06-05,2025-06-09,13115.14,20122.45,13115.14,20122.45,Paid
9427,786,2025-07-05,2025-07-06,13115.14,19947.47,13115.14,19947.47,Paid
9428,786,2025-08-05,2025-08-10,13115.14,19772.49,13115.14,19772.49,Paid
9429,786,2025-09-05,2025-09-07,13115.14,19597.51,13115.14,19597.51,Paid
9430,786,2025-10-05,2025-10-08,13115.14,19422.53,13115.14,19422.53,Paid
9431,786,2025-11-05,2025-11-05,13115.14,19247.56,13115.14,19247.56,Paid
9432,786,2025-12-05,2025-12-05,13115.14,19072.58,13115.14,19072.58,Paid
9433,787,2025-01-05,2025-01-05,24904.58,7493.79,24904.58,7493.79,Paid
9434,787,2025-02-05,2025-02-10,24904.58,7285.63,24904.58,7285.63,Paid
9435,787,2025-03-05,2025-03-09,24904.58,7077.47,24904.58,7077.47,Paid
9436,787,2025-04-05,2025-04-10,24904.58,6869.3,24904.58,6869.3,Paid
9437,787,2025-05-05,2025-05-09,24904.58,6661.14,24904.58,6661.14,Paid
9438,787,2025-06-05,2025-06-09,24904.58,6452.98,24904.58,6452.98,Paid
9439,787,2025-07-05,2025-07-09,24904.58,6244.82,24904.58,6244.82,Paid
9440,787,2025-08-05,2025-08-10,24904.58,6036.66,24904.58,6036.66,Paid
9441,787,2025-09-05,2025-09-06,24904.58,5828.5,24904.58,5828.5,Paid
9442,787,2025-10-05,2025-10-07,24904.58,5620.34,24904.58,5620.34,Paid
9443,787,2025-11-05,2025-11-10,24904.58,5412.18,24904.58,5412.18,Paid
9444,787,2025-12-05,2025-12-05,24904.58,5204.02,24904.58,5204.02,Paid
9445,788,2025-01-05,2025-01-09,19739.98,27280.65,19739.98,27280.65,Paid
9446,788,2025-02-05,2025-02-07,19739.98,27053.31,19739.98,27053.31,Paid
9447,788,2025-03-05,2025-03-09,19739.98,26825.97,19739.98,26825.97,Paid
9448,788,2025-04-05,,19739.98,26598.63,0.0,0.0,Unpaid
9449,788,2025-05-05,2025-05-05,19739.98,26598.63,19739.98,26598.63,Paid
9450,788,2025-06-05,2025-06-05,19739.98,26371.29,19739.98,26371.29,Paid
9451,788,2025-07-05,,19739.98,26143.95,0.0,0.0,Unpaid
9452,788,2025-08-05,2025-08-10,19739.98,26143.95,19739.98,26143.95,Paid
9453,788,2025-09-05,2025-09-06,19739.98,25916.62,19739.98,25916.62,Paid
9454,788,2025-10-05,,19739.98,25689.28,0.0,0.0,Unpaid
9455,788,2025-11-05,2025-11-05,19739.98,25689.28,19739.98,25689.28,Paid
9456,788,2025-12-05,2025-12-09,19739.98,25461.94,19739.98,25461.94,Paid
9457,789,2025-01-05,2025-01-05,21621.78,14562.27,21621.78,14562.27,Paid
9458,789,2025-02-05,2025-02-05,21621.78,14319.57,21621.78,14319.57,Paid
9459,789,2025-03-05,2025-03-09,21621.78,14076.86,21621.78,14076.86,Paid
9460,789,2025-04-05,2025-04-08,21621.78,13834.16,21621.78,13834.16,Paid
9461,789,2025-05-05,2025-05-06,21621.78,13591.45,21621.78,13591.45,Paid
9462,789,2025-06-05,2025-06-06,21621.78,13348.75,21621.78,13348.75,Paid
9463,789,2025-07-05,2025-07-08,21621.78,13106.04,21621.78,13106.04,Paid
9464,789,2025-08-05,2025-08-07,21621.78,12863.34,21621.78,12863.34,Paid
9465,789,2025-09-05,2025-09-10,21621.78,12620.63,21621.78,12620.63,Paid
9466,789,2025-10-05,2025-10-05,21621.78,12377.93,21621.78,12377.93,Paid
9467,789,2025-11-05,2025-11-07,21621.78,12135.23,21621.78,12135.23,Paid
9468,789,2025-12-05,2025-12-07,21621.78,11892.52,21621.78,11892.52,Paid
9469,790,2025-01-05,2025-01-06,22402.74,5484.19,22402.74,5484.19,Paid
9470,790,2025-02-05,2025-02-08,22402.74,5331.85,22402.74,5331.85,Paid
9471,790,2025-03-05,2025-03-05,22402.74,5179.51,22402.74,5179.51,Paid
9472,790,2025-04-05,2025-04-09,22402.74,5027.17,22402.74,5027.17,Paid
9473,790,2025-05-05,2025-05-05,22402.74,4874.84,22402.74,4874.84,Paid
9474,790,2025-06-05,2025-06-10,22402.74,4722.5,22402.74,4722.5,Paid
9475,790,2025-07-05,2025-07-06,22402.74,4570.16,22402.74,4570.16,Paid
9476,790,2025-08-05,2025-08-10,22402.74,4417.82,22402.74,4417.82,Paid
9477,790,2025-09-05,2025-09-07,22402.74,4265.48,22402.74,4265.48,Paid
9478,790,2025-10-05,2025-10-05,22402.74,4113.14,22402.74,4113.14,Paid
9479,790,2025-11-05,2025-11-05,22402.74,3960.8,22402.74,3960.8,Paid
9480,790,2025-12-05,2025-12-07,22402.74,3808.46,22402.74,3808.46,Paid
9481,791,2025-01-05,2025-01-09,78065.15,17002.59,78065.15,17002.59,Paid
9482,791,2025-02-05,2025-02-09,78065.15,16294.15,78065.15,16294.15,Paid
9483,791,2025-03-05,,78065.15,15585.71,0.0,0.0,Unpaid
9484,791,2025-04-05,2025-04-06,78065.15,15585.71,78065.15,15585.71,Paid
9485,791,2025-05-05,2025-05-06,78065.15,14877.27,78065.15,14877.27,Paid
9486,791,2025-06-05,2025-06-07,78065.15,14168.83,78065.15,14168.83,Paid
9487,791,2025-07-05,2025-07-09,78065.15,13460.38,78065.15,13460.38,Paid
9488,791,2025-08-05,2025-08-06,78065.15,12751.94,78065.15,12751.94,Paid
9489,791,2025-09-05,2025-09-05,78065.15,12043.5,78065.15,12043.5,Paid
9490,791,2025-10-05,2025-10-07,78065.15,11335.06,78065.15,11335.06,Paid
9491,791,2025-11-05,2025-11-10,78065.15,10626.62,78065.15,10626.62,Paid
9492,791,2025-12-05,2025-12-09,78065.15,9918.18,78065.15,9918.18,Paid
9493,792,2025-01-05,,13662.28,3543.99,0.0,0.0,Unpaid
9494,792,2025-02-05,2025-02-06,13662.28,3543.99,13662.28,3543.99,Paid
9495,792,2025-03-05,2025-03-10,13662.28,3396.33,13662.28,3396.33,Paid
9496,792,2025-04-05,2025-04-09,13662.28,3248.66,13662.28,3248.66,Paid
9497,792,2025-05-05,2025-05-09,13662.28,3101.0,13662.28,3101.0,Paid
9498,792,2025-06-05,2025-06-05,13662.28,2953.33,13662.28,2953.33,Paid
9499,792,2025-07-05,2025-07-06,13662.28,2805.66,13662.28,2805.66,Paid
9500,792,2025-08-05,2025-08-06,13662.28,2658.0,13662.28,2658.0,Paid
9501,792,2025-09-05,2025-09-10,13662.28,2510.33,13662.28,2510.33,Paid
9502,792,2025-10-05,2025-10-07,13662.28,2362.66,13662.28,2362.66,Paid
9503,792,2025-11-05,2025-11-06,13662.28,2215.0,13662.28,2215.0,Paid
9504,792,2025-12-05,2025-12-09,13662.28,2067.33,13662.28,2067.33,Paid
9505,793,2025-01-05,2025-01-09,46258.78,8234.06,46258.78,8234.06,Paid
9506,793,2025-02-05,2025-02-06,46258.78,7890.98,46258.78,7890.98,Paid
9507,793,2025-03-05,2025-03-09,46258.78,7547.89,46258.78,7547.89,Paid
9508,793,2025-04-05,2025-04-10,46258.78,7204.81,46258.78,7204.81,Paid
9509,793,2025-05-05,2025-05-08,46258.78,6861.72,46258.78,6861.72,Paid
9510,793,2025-06-05,2025-06-06,46258.78,6518.63,46258.78,6518.63,Paid
9511,793,2025-07-05,2025-07-05,46258.78,6175.55,46258.78,6175.55,Paid
9512,793,2025-08-05,2025-08-06,46258.78,5832.46,46258.78,5832.46,Paid
9513,793,2025-09-05,2025-09-08,46258.78,5489.38,46258.78,5489.38,Paid
9514,793,2025-10-05,,46258.78,5146.29,0.0,0.0,Unpaid
9515,793,2025-11-05,2025-11-10,46258.78,5146.29,46258.78,5146.29,Paid
9516,793,2025-12-05,2025-12-07,46258.78,4803.2,46258.78,4803.2,Paid
9517,794,2025-01-05,2025-01-07,5071.94,8490.43,5071.94,8490.43,Paid
9518,794,2025-02-05,2025-02-06,5071.94,8419.68,5071.94,8419.68,Paid
9519,794,2025-03-05,,5071.94,8348.92,0.0,0.0,Unpaid
9520,794,2025-04-05,2025-04-08,5071.94,8348.92,5071.94,8348.92,Paid
9521,794,2025-05-05,2025-05-10,5071.94,8278.17,5071.94,8278.17,Paid
9522,794,2025-06-05,2025-06-07,5071.94,8207.42,5071.94,8207.42,Paid
9523,794,2025-07-05,2025-07-07,5071.94,8136.66,5071.94,8136.66,Paid
9524,794,2025-08-05,2025-08-06,5071.94,8065.91,5071.94,8065.91,Paid
9525,794,2025-09-05,2025-09-06,5071.94,7995.16,5071.94,7995.16,Paid
9526,794,2025-10-05,2025-10-08,5071.94,7924.4,5071.94,7924.4,Paid
9527,794,2025-11-05,2025-11-08,5071.94,7853.65,5071.94,7853.65,Paid
9528,794,2025-12-05,2025-12-09,5071.94,7782.89,5071.94,7782.89,Paid
9529,795,2025-01-05,2025-01-09,21533.64,8223.7,21533.64,8223.7,Paid
9530,795,2025-02-05,2025-02-09,21533.64,7995.26,21533.64,7995.26,Paid
9531,795,2025-03-05,2025-03-07,21533.64,7766.83,21533.64,7766.83,Paid
9532,795,2025-04-05,2025-04-06,21533.64,7538.39,21533.64,7538.39,Paid
9533,795,2025-05-05,2025-05-06,21533.64,7309.95,21533.64,7309.95,Paid
9534,795,2025-06-05,,21533.64,7081.52,0.0,0.0,Unpaid
9535,795,2025-07-05,2025-07-08,21533.64,7081.52,21533.64,7081.52,Paid
9536,795,2025-08-05,2025-08-09,21533.64,6853.08,21533.64,6853.08,Paid
9537,795,2025-09-05,2025-09-05,21533.64,6624.65,21533.64,6624.65,Paid
9538,795,2025-10-05,2025-10-10,21533.64,6396.21,21533.64,6396.21,Paid
9539,795,2025-11-05,2025-11-06,21533.64,6167.77,21533.64,6167.77,Paid
9540,795,2025-12-05,2025-12-10,21533.64,5939.34,21533.64,5939.34,Paid
9541,796,2025-01-05,2025-01-05,41765.35,10850.64,41765.35,10850.64,Paid
9542,796,2025-02-05,2025-02-06,41765.35,10398.53,41765.35,10398.53,Paid
9543,796,2025-03-05,2025-03-08,41765.35,9946.42,41765.35,9946.42,Paid
9544,796,2025-04-05,2025-04-08,41765.35,9494.31,41765.35,9494.31,Paid
9545,796,2025-05-05,2025-05-08,41765.35,9042.2,41765.35,9042.2,Paid
9546,796,2025-06-05,2025-06-06,41765.35,8590.09,41765.35,8590.09,Paid
9547,796,2025-07-05,2025-07-07,41765.35,8137.98,41765.35,8137.98,Paid
9548,796,2025-08-05,2025-08-05,41765.35,7685.87,41765.35,7685.87,Paid
9549,796,2025-09-05,2025-09-10,41765.35,7233.76,41765.35,7233.76,Paid
9550,796,2025-10-05,2025-10-10,41765.35,6781.65,41765.35,6781.65,Paid
9551,796,2025-11-05,2025-11-10,41765.35,6329.54,41765.35,6329.54,Paid
9552,796,2025-12-05,2025-12-09,41765.35,5877.43,41765.35,5877.43,Paid
9553,797,2025-01-05,2025-01-10,13652.14,3129.07,13652.14,3129.07,Paid
9554,797,2025-02-05,2025-02-05,13652.14,2998.69,13652.14,2998.69,Paid
9555,797,2025-03-05,2025-03-10,13652.14,2868.31,13652.14,2868.31,Paid
9556,797,2025-04-05,2025-04-10,13652.14,2737.94,13652.14,2737.94,Paid
9557,797,2025-05-05,2025-05-07,13652.14,2607.56,13652.14,2607.56,Paid
9558,797,2025-06-05,2025-06-06,13652.14,2477.18,13652.14,2477.18,Paid
9559,797,2025-07-05,2025-07-10,13652.14,2346.8,13652.14,2346.8,Paid
9560,797,2025-08-05,2025-08-05,13652.14,2216.42,13652.14,2216.42,Paid
9561,797,2025-09-05,,13652.14,2086.05,0.0,0.0,Unpaid
9562,797,2025-10-05,2025-10-10,13652.14,2086.05,13652.14,2086.05,Paid
9563,797,2025-11-05,2025-11-07,13652.14,1955.67,13652.14,1955.67,Paid
9564,797,2025-12-05,2025-12-09,13652.14,1825.29,13652.14,1825.29,Paid
9565,798,2025-01-05,2025-01-05,2548.85,2474.93,2548.85,2474.93,Paid
9566,798,2025-02-05,2025-02-06,2548.85,2454.31,2548.85,2454.31,Paid
9567,798,2025-03-05,2025-03-07,2548.85,2433.68,2548.85,2433.68,Paid
9568,798,2025-04-05,2025-04-10,2548.85,2413.06,2548.85,2413.06,Paid
9569,798,2025-05-05,2025-05-06,2548.85,2392.43,2548.85,2392.43,Paid
9570,798,2025-06-05,2025-06-06,2548.85,2371.81,2548.85,2371.81,Paid
9571,798,2025-07-05,2025-07-07,2548.85,2351.18,2548.85,2351.18,Paid
9572,798,2025-08-05,2025-08-10,2548.85,2330.56,2548.85,2330.56,Paid
9573,798,2025-09-05,2025-09-09,2548.85,2309.94,2548.85,2309.94,Paid
9574,798,2025-10-05,2025-10-10,2548.85,2289.31,2548.85,2289.31,Paid
9575,798,2025-11-05,2025-11-09,2548.85,2268.69,2548.85,2268.69,Paid
9576,798,2025-12-05,2025-12-08,2548.85,2248.06,2548.85,2248.06,Paid
9577,799,2025-01-05,,30351.28,9961.29,0.0,0.0,Unpaid
9578,799,2025-02-05,2025-02-07,30351.28,9961.29,30351.28,9961.29,Paid
9579,799,2025-03-05,2025-03-05,30351.28,9546.24,30351.28,9546.24,Paid
9580,799,2025-04-05,2025-04-07,30351.28,9131.18,30351.28,9131.18,Paid
9581,799,2025-05-05,2025-05-06,30351.28,8716.13,30351.28,8716.13,Paid
9582,799,2025-06-05,2025-06-10,30351.28,8301.08,30351.28,8301.08,Paid
9583,799,2025-07-05,2025-07-09,30351.28,7886.02,30351.28,7886.02,Paid
9584,799,2025-08-05,2025-08-08,30351.28,7470.97,30351.28,7470.97,Paid
9585,799,2025-09-05,2025-09-05,30351.28,7055.91,30351.28,7055.91,Paid
9586,799,2025-10-05,2025-10-09,30351.28,6640.86,30351.28,6640.86,Paid
9587,799,2025-11-05,2025-11-05,30351.28,6225.81,30351.28,6225.81,Paid
9588,799,2025-12-05,2025-12-08,30351.28,5810.75,30351.28,5810.75,Paid
9589,800,2025-01-05,2025-01-08,18612.16,3339.02,18612.16,3339.02,Paid
9590,800,2025-02-05,2025-02-09,18612.16,3199.9,18612.16,3199.9,Paid
9591,800,2025-03-05,2025-03-08,18612.16,3060.77,18612.16,3060.77,Paid
9592,800,2025-04-05,2025-04-09,18612.16,2921.64,18612.16,2921.64,Paid
9593,800,2025-05-05,2025-05-06,18612.16,2782.52,18612.16,2782.52,Paid
9594,800,2025-06-05,2025-06-05,18612.16,2643.39,18612.16,2643.39,Paid
9595,800,2025-07-05,2025-07-10,18612.16,2504.27,18612.16,2504.27,Paid
9596,800,2025-08-05,2025-08-05,18612.16,2365.14,18612.16,2365.14,Paid
9597,800,2025-09-05,,18612.16,2226.01,0.0,0.0,Unpaid
9598,800,2025-10-05,2025-10-08,18612.16,2226.01,18612.16,2226.01,Paid
9599,800,2025-11-05,2025-11-08,18612.16,2086.89,18612.16,2086.89,Paid
9600,800,2025-12-05,2025-12-08,18612.16,1947.76,18612.16,1947.76,Paid
9601,801,2025-01-05,2025-01-09,9036.95,15543.56,9036.95,15543.56,Paid
9602,801,2025-02-05,2025-02-10,9036.95,15414.03,9036.95,15414.03,Paid
9603,801,2025-03-05,2025-03-07,9036.95,15284.5,9036.95,15284.5,Paid
9604,801,2025-04-05,2025-04-07,9036.95,15154.97,9036.95,15154.97,Paid
9605,801,2025-05-05,2025-05-05,9036.95,15025.44,9036.95,15025.44,Paid
9606,801,2025-06-05,,9036.95,14895.91,0.0,0.0,Unpaid
9607,801,2025-07-05,2025-07-05,9036.95,14895.91,9036.95,14895.91,Paid
9608,801,2025-08-05,2025-08-08,9036.95,14766.38,9036.95,14766.38,Paid
9609,801,2025-09-05,2025-09-07,9036.95,14636.85,9036.95,14636.85,Paid
9610,801,2025-10-05,2025-10-06,9036.95,14507.32,9036.95,14507.32,Paid
9611,801,2025-11-05,2025-11-07,9036.95,14377.79,9036.95,14377.79,Paid
9612,801,2025-12-05,2025-12-10,9036.95,14248.26,9036.95,14248.26,Paid
9613,802,2025-01-05,2025-01-09,4721.31,3843.15,4721.31,3843.15,Paid
9614,802,2025-02-05,2025-02-09,4721.31,3779.1,4721.31,3779.1,Paid
9615,802,2025-03-05,2025-03-05,4721.31,3715.04,4721.31,3715.04,Paid
9616,802,2025-04-05,2025-04-07,4721.31,3650.99,4721.31,3650.99,Paid
9617,802,2025-05-05,2025-05-08,4721.31,3586.94,4721.31,3586.94,Paid
9618,802,2025-06-05,2025-06-07,4721.31,3522.89,4721.31,3522.89,Paid
9619,802,2025-07-05,2025-07-06,4721.31,3458.83,4721.31,3458.83,Paid
9620,802,2025-08-05,2025-08-09,4721.31,3394.78,4721.31,3394.78,Paid
9621,802,2025-09-05,2025-09-07,4721.31,3330.73,4721.31,3330.73,Paid
9622,802,2025-10-05,2025-10-07,4721.31,3266.68,4721.31,3266.68,Paid
9623,802,2025-11-05,,4721.31,3202.62,0.0,0.0,Unpaid
9624,802,2025-12-05,2025-12-06,4721.31,3202.62,4721.31,3202.62,Paid
9625,803,2025-01-05,2025-01-07,11725.97,14809.9,11725.97,14809.9,Paid
9626,803,2025-02-05,2025-02-07,11725.97,14686.48,11725.97,14686.48,Paid
9627,803,2025-03-05,2025-03-09,11725.97,14563.07,11725.97,14563.07,Paid
9628,803,2025-04-05,2025-04-10,11725.97,14439.65,11725.97,14439.65,Paid
9629,803,2025-05-05,2025-05-10,11725.97,14316.24,11725.97,14316.24,Paid
9630,803,2025-06-05,2025-06-05,11725.97,14192.82,11725.97,14192.82,Paid
9631,803,2025-07-05,2025-07-09,11725.97,14069.41,11725.97,14069.41,Paid
9632,803,2025-08-05,2025-08-05,11725.97,13945.99,11725.97,13945.99,Paid
9633,803,2025-09-05,2025-09-07,11725.97,13822.57,11725.97,13822.57,Paid
9634,803,2025-10-05,2025-10-08,11725.97,13699.16,11725.97,13699.16,Paid
9635,803,2025-11-05,2025-11-07,11725.97,13575.74,11725.97,13575.74,Paid
9636,803,2025-12-05,2025-12-07,11725.97,13452.33,11725.97,13452.33,Paid
9637,804,2025-01-05,2025-01-10,8911.45,10854.14,8911.45,10854.14,Paid
9638,804,2025-02-05,2025-02-09,8911.45,10763.69,8911.45,10763.69,Paid
9639,804,2025-03-05,2025-03-10,8911.45,10673.24,8911.45,10673.24,Paid
9640,804,2025-04-05,2025-04-08,8911.45,10582.79,8911.45,10582.79,Paid
9641,804,2025-05-05,2025-05-09,8911.45,10492.34,8911.45,10492.34,Paid
9642,804,2025-06-05,2025-06-07,8911.45,10401.88,8911.45,10401.88,Paid
9643,804,2025-07-05,2025-07-06,8911.45,10311.43,8911.45,10311.43,Paid
9644,804,2025-08-05,2025-08-10,8911.45,10220.98,8911.45,10220.98,Paid
9645,804,2025-09-05,2025-09-06,8911.45,10130.53,8911.45,10130.53,Paid
9646,804,2025-10-05,2025-10-08,8911.45,10040.08,8911.45,10040.08,Paid
9647,804,2025-11-05,2025-11-08,8911.45,9949.63,8911.45,9949.63,Paid
9648,804,2025-12-05,2025-12-08,8911.45,9859.18,8911.45,9859.18,Paid
9649,805,2025-01-05,2025-01-10,5295.91,4493.58,5295.91,4493.58,Paid
9650,805,2025-02-05,2025-02-09,5295.91,4418.69,5295.91,4418.69,Paid
9651,805,2025-03-05,2025-03-05,5295.91,4343.8,5295.91,4343.8,Paid
9652,805,2025-04-05,2025-04-09,5295.91,4268.9,5295.91,4268.9,Paid
9653,805,2025-05-05,2025-05-07,5295.91,4194.01,5295.91,4194.01,Paid
9654,805,2025-06-05,2025-06-10,5295.91,4119.12,5295.91,4119.12,Paid
9655,805,2025-07-05,2025-07-08,5295.91,4044.22,5295.91,4044.22,Paid
9656,805,2025-08-05,,5295.91,3969.33,0.0,0.0,Unpaid
9657,805,2025-09-05,2025-09-08,5295.91,3969.33,5295.91,3969.33,Paid
9658,805,2025-10-05,2025-10-09,5295.91,3894.44,5295.91,3894.44,Paid
9659,805,2025-11-05,2025-11-09,5295.91,3819.55,5295.91,3819.55,Paid
9660,805,2025-12-05,2025-12-06,5295.91,3744.65,5295.91,3744.65,Paid
9661,806,2025-01-05,2025-01-06,26411.92,8937.79,26411.92,8937.79,Paid
9662,806,2025-02-05,2025-02-10,26411.92,8565.39,26411.92,8565.39,Paid
9663,806,2025-03-05,2025-03-09,26411.92,8192.98,26411.92,8192.98,Paid
9664,806,2025-04-05,2025-04-09,26411.92,7820.57,26411.92,7820.57,Paid
9665,806,2025-05-05,2025-05-05,26411.92,7448.16,26411.92,7448.16,Paid
9666,806,2025-06-05,2025-06-09,26411.92,7075.75,26411.92,7075.75,Paid
9667,806,2025-07-05,2025-07-05,26411.92,6703.35,26411.92,6703.35,Paid
9668,806,2025-08-05,2025-08-07,26411.92,6330.94,26411.92,6330.94,Paid
9669,806,2025-09-05,2025-09-06,26411.92,5958.53,26411.92,5958.53,Paid
9670,806,2025-10-05,2025-10-09,26411.92,5586.12,26411.92,5586.12,Paid
9671,806,2025-11-05,2025-11-06,26411.92,5213.71,26411.92,5213.71,Paid
9672,806,2025-12-05,2025-12-05,26411.92,4841.31,26411.92,4841.31,Paid
9673,807,2025-01-05,2025-01-09,4555.67,3302.86,4555.67,3302.86,Paid
9674,807,2025-02-05,2025-02-09,4555.67,3247.81,4555.67,3247.81,Paid
9675,807,2025-03-05,2025-03-09,4555.67,3192.77,4555.67,3192.77,Paid
9676,807,2025-04-05,2025-04-08,4555.67,3137.72,4555.67,3137.72,Paid
9677,807,2025-05-05,2025-05-05,4555.67,3082.67,4555.67,3082.67,Paid
9678,807,2025-06-05,2025-06-10,4555.67,3027.62,4555.67,3027.62,Paid
9679,807,2025-07-05,2025-07-06,4555.67,2972.57,4555.67,2972.57,Paid
9680,807,2025-08-05,2025-08-08,4555.67,2917.53,4555.67,2917.53,Paid
9681,807,2025-09-05,2025-09-05,4555.67,2862.48,4555.67,2862.48,Paid
9682,807,2025-10-05,2025-10-08,4555.67,2807.43,4555.67,2807.43,Paid
9683,807,2025-11-05,2025-11-07,4555.67,2752.38,4555.67,2752.38,Paid
9684,807,2025-12-05,2025-12-07,4555.67,2697.34,4555.67,2697.34,Paid
9685,808,2025-01-05,2025-01-05,6331.06,9813.14,6331.06,9813.14,Paid
9686,808,2025-02-05,2025-02-05,6331.06,9731.37,6331.06,9731.37,Paid
9687,808,2025-03-05,2025-03-05,6331.06,9649.59,6331.06,9649.59,Paid
9688,808,2025-04-05,2025-04-05,6331.06,9567.81,6331.06,9567.81,Paid
9689,808,2025-05-05,2025-05-06,6331.06,9486.04,6331.06,9486.04,Paid
9690,808,2025-06-05,2025-06-09,6331.06,9404.26,6331.06,9404.26,Paid
9691,808,2025-07-05,2025-07-06,6331.06,9322.49,6331.06,9322.49,Paid
9692,808,2025-08-05,2025-08-10,6331.06,9240.71,6331.06,9240.71,Paid
9693,808,2025-09-05,2025-09-10,6331.06,9158.93,6331.06,9158.93,Paid
9694,808,2025-10-05,2025-10-06,6331.06,9077.16,6331.06,9077.16,Paid
9695,808,2025-11-05,2025-11-05,6331.06,8995.38,6331.06,8995.38,Paid
9696,808,2025-12-05,2025-12-07,6331.06,8913.61,6331.06,8913.61,Paid
9697,809,2025-01-05,2025-01-07,13082.11,3827.83,13082.11,3827.83,Paid
9698,809,2025-02-05,2025-02-10,13082.11,3668.33,13082.11,3668.33,Paid
9699,809,2025-03-05,2025-03-09,13082.11,3508.84,13082.11,3508.84,Paid
9700,809,2025-04-05,2025-04-10,13082.11,3349.35,13082.11,3349.35,Paid
9701,809,2025-05-05,2025-05-08,13082.11,3189.86,13082.11,3189.86,Paid
9702,809,2025-06-05,2025-06-09,13082.11,3030.36,13082.11,3030.36,Paid
9703,809,2025-07-05,2025-07-06,13082.11,2870.87,13082.11,2870.87,Paid
9704,809,2025-08-05,2025-08-08,13082.11,2711.38,13082.11,2711.38,Paid
9705,809,2025-09-05,2025-09-08,13082.11,2551.89,13082.11,2551.89,Paid
9706,809,2025-10-05,2025-10-07,13082.11,2392.39,13082.11,2392.39,Paid
9707,809,2025-11-05,2025-11-06,13082.11,2232.9,13082.11,2232.9,Paid
9708,809,2025-12-05,2025-12-06,13082.11,2073.41,13082.11,2073.41,Paid
9709,810,2025-01-05,2025-01-09,12454.5,9565.05,12454.5,9565.05,Paid
9710,810,2025-02-05,2025-02-06,12454.5,9405.64,12454.5,9405.64,Paid
9711,810,2025-03-05,2025-03-09,12454.5,9246.22,12454.5,9246.22,Paid
9712,810,2025-04-05,2025-04-07,12454.5,9086.8,12454.5,9086.8,Paid
9713,810,2025-05-05,2025-05-10,12454.5,8927.38,12454.5,8927.38,Paid
9714,810,2025-06-05,,12454.5,8767.97,0.0,0.0,Unpaid
9715,810,2025-07-05,2025-07-07,12454.5,8767.97,12454.5,8767.97,Paid
9716,810,2025-08-05,2025-08-07,12454.5,8608.55,12454.5,8608.55,Paid
9717,810,2025-09-05,,12454.5,8449.13,0.0,0.0,Unpaid
9718,810,2025-10-05,2025-10-09,12454.5,8449.13,12454.5,8449.13,Paid
9719,810,2025-11-05,2025-11-10,12454.5,8289.71,12454.5,8289.71,Paid
9720,810,2025-12-05,2025-12-08,12454.5,8130.3,12454.5,8130.3,Paid
9721,811,2025-01-05,2025-01-06,31243.94,8248.4,31243.94,8248.4,Paid
9722,811,2025-02-05,2025-02-08,31243.94,7904.72,31243.94,7904.72,Paid
9723,811,2025-03-05,2025-03-06,31243.94,7561.03,31243.94,7561.03,Paid
9724,811,2025-04-05,2025-04-10,31243.94,7217.35,31243.94,7217.35,Paid
9725,811,2025-05-05,2025-05-05,31243.94,6873.67,31243.94,6873.67,Paid
9726,811,2025-06-05,2025-06-08,31243.94,6529.98,31243.94,6529.98,Paid
9727,811,2025-07-05,2025-07-10,31243.94,6186.3,31243.94,6186.3,Paid
9728,811,2025-08-05,2025-08-06,31243.94,5842.62,31243.94,5842.62,Paid
9729,811,2025-09-05,2025-09-08,31243.94,5498.93,31243.94,5498.93,Paid
9730,811,2025-10-05,2025-10-06,31243.94,5155.25,31243.94,5155.25,Paid
9731,811,2025-11-05,2025-11-09,31243.94,4811.57,31243.94,4811.57,Paid
9732,811,2025-12-05,2025-12-07,31243.94,4467.88,31243.94,4467.88,Paid
9733,812,2025-01-05,2025-01-07,64119.74,20531.14,64119.74,20531.14,Paid
9734,812,2025-02-05,2025-02-05,64119.74,19675.68,64119.74,19675.68,Paid
9735,812,2025-03-05,2025-03-05,64119.74,18820.21,64119.74,18820.21,Paid
9736,812,2025-04-05,2025-04-10,64119.74,17964.75,64119.74,17964.75,Paid
9737,812,2025-05-05,2025-05-09,64119.74,17109.28,64119.74,17109.28,Paid
9738,812,2025-06-05,2025-06-10,64119.74,16253.82,64119.74,16253.82,Paid
9739,812,2025-07-05,2025-07-06,64119.74,15398.35,64119.74,15398.35,Paid
9740,812,2025-08-05,2025-08-08,64119.74,14542.89,64119.74,14542.89,Paid
9741,812,2025-09-05,2025-09-08,64119.74,13687.43,64119.74,13687.43,Paid
9742,812,2025-10-05,2025-10-06,64119.74,12831.96,64119.74,12831.96,Paid
9743,812,2025-11-05,2025-11-09,64119.74,11976.5,64119.74,11976.5,Paid
9744,812,2025-12-05,2025-12-07,64119.74,11121.03,64119.74,11121.03,Paid
9745,813,2025-01-05,2025-01-09,8496.72,4397.05,8496.72,4397.05,Paid
9746,813,2025-02-05,2025-02-08,8496.72,4323.77,8496.72,4323.77,Paid
9747,813,2025-03-05,,8496.72,4250.48,0.0,0.0,Unpaid
9748,813,2025-04-05,2025-04-07,8496.72,4250.48,8496.72,4250.48,Paid
9749,813,2025-05-05,2025-05-09,8496.72,4177.2,8496.72,4177.2,Paid
9750,813,2025-06-05,2025-06-08,8496.72,4103.92,8496.72,4103.92,Paid
9751,813,2025-07-05,2025-07-06,8496.72,4030.63,8496.72,4030.63,Paid
9752,813,2025-08-05,2025-08-08,8496.72,3957.35,8496.72,3957.35,Paid
9753,813,2025-09-05,2025-09-07,8496.72,3884.06,8496.72,3884.06,Paid
9754,813,2025-10-05,2025-10-07,8496.72,3810.78,8496.72,3810.78,Paid
9755,813,2025-11-05,2025-11-09,8496.72,3737.49,8496.72,3737.49,Paid
9756,813,2025-12-05,2025-12-07,8496.72,3664.21,8496.72,3664.21,Paid
9757,814,2025-01-05,2025-01-06,63847.54,20163.05,63847.54,20163.05,Paid
9758,814,2025-02-05,2025-02-08,63847.54,19322.93,63847.54,19322.93,Paid
9759,814,2025-03-05,2025-03-06,63847.54,18482.8,63847.54,18482.8,Paid
9760,814,2025-04-05,2025-04-09,63847.54,17642.67,63847.54,17642.67,Paid
9761,814,2025-05-05,2025-05-10,63847.54,16802.55,63847.54,16802.55,Paid
9762,814,2025-06-05,2025-06-07,63847.54,15962.42,63847.54,15962.42,Paid
9763,814,2025-07-05,2025-07-07,63847.54,15122.29,63847.54,15122.29,Paid
9764,814,2025-08-05,2025-08-06,63847.54,14282.16,63847.54,14282.16,Paid
9765,814,2025-09-05,2025-09-05,63847.54,13442.04,63847.54,13442.04,Paid
9766,814,2025-10-05,2025-10-06,63847.54,12601.91,63847.54,12601.91,Paid
9767,814,2025-11-05,2025-11-07,63847.54,11761.78,63847.54,11761.78,Paid
9768,814,2025-12-05,2025-12-05,63847.54,10921.66,63847.54,10921.66,Paid
9769,815,2025-01-05,2025-01-09,21442.54,6145.43,21442.54,6145.43,Paid
9770,815,2025-02-05,2025-02-07,21442.54,5889.37,21442.54,5889.37,Paid
9771,815,2025-03-05,2025-03-05,21442.54,5633.31,21442.54,5633.31,Paid
9772,815,2025-04-05,2025-04-07,21442.54,5377.25,21442.54,5377.25,Paid
9773,815,2025-05-05,2025-05-07,21442.54,5121.19,21442.54,5121.19,Paid
9774,815,2025-06-05,2025-06-09,21442.54,4865.13,21442.54,4865.13,Paid
9775,815,2025-07-05,2025-07-09,21442.54,4609.07,21442.54,4609.07,Paid
9776,815,2025-08-05,2025-08-08,21442.54,4353.01,21442.54,4353.01,Paid
9777,815,2025-09-05,2025-09-09,21442.54,4096.96,21442.54,4096.96,Paid
9778,815,2025-10-05,2025-10-09,21442.54,3840.9,21442.54,3840.9,Paid
9779,815,2025-11-05,2025-11-05,21442.54,3584.84,21442.54,3584.84,Paid
9780,815,2025-12-05,2025-12-10,21442.54,3328.78,21442.54,3328.78,Paid
9781,816,2025-01-05,2025-01-05,16672.85,2901.08,16672.85,2901.08,Paid
9782,816,2025-02-05,2025-02-08,16672.85,2780.2,16672.85,2780.2,Paid
9783,816,2025-03-05,2025-03-10,16672.85,2659.32,16672.85,2659.32,Paid
9784,816,2025-04-05,2025-04-07,16672.85,2538.44,16672.85,2538.44,Paid
9785,816,2025-05-05,2025-05-10,16672.85,2417.56,16672.85,2417.56,Paid
9786,816,2025-06-05,2025-06-06,16672.85,2296.69,16672.85,2296.69,Paid
9787,816,2025-07-05,2025-07-05,16672.85,2175.81,16672.85,2175.81,Paid
9788,816,2025-08-05,2025-08-06,16672.85,2054.93,16672.85,2054.93,Paid
9789,816,2025-09-05,2025-09-06,16672.85,1934.05,16672.85,1934.05,Paid
9790,816,2025-10-05,2025-10-05,16672.85,1813.17,16672.85,1813.17,Paid
9791,816,2025-11-05,2025-11-06,16672.85,1692.29,16672.85,1692.29,Paid
9792,816,2025-12-05,2025-12-06,16672.85,1571.42,16672.85,1571.42,Paid
9793,817,2025-01-05,2025-01-06,15292.71,4673.45,15292.71,4673.45,Paid
9794,817,2025-02-05,2025-02-06,15292.71,4478.72,15292.71,4478.72,Paid
9795,817,2025-03-05,2025-03-08,15292.71,4284.0,15292.71,4284.0,Paid
9796,817,2025-04-05,2025-04-08,15292.71,4089.27,15292.71,4089.27,Paid
9797,817,2025-05-05,2025-05-07,15292.71,3894.54,15292.71,3894.54,Paid
9798,817,2025-06-05,2025-06-05,15292.71,3699.82,15292.71,3699.82,Paid
9799,817,2025-07-05,2025-07-05,15292.71,3505.09,15292.71,3505.09,Paid
9800,817,2025-08-05,2025-08-09,15292.71,3310.36,15292.71,3310.36,Paid
9801,817,2025-09-05,2025-09-10,15292.71,3115.63,15292.71,3115.63,Paid
9802,817,2025-10-05,2025-10-09,15292.71,2920.91,15292.71,2920.91,Paid
9803,817,2025-11-05,2025-11-07,15292.71,2726.18,15292.71,2726.18,Paid
9804,817,2025-12-05,2025-12-06,15292.71,2531.45,15292.71,2531.45,Paid
9805,818,2025-01-05,2025-01-06,25626.18,9225.42,25626.18,9225.42,Paid
9806,818,2025-02-05,2025-02-09,25626.18,8969.16,25626.18,8969.16,Paid
9807,818,2025-03-05,2025-03-07,25626.18,8712.9,25626.18,8712.9,Paid
9808,818,2025-04-05,2025-04-06,25626.18,8456.64,25626.18,8456.64,Paid
9809,818,2025-05-05,2025-05-08,25626.18,8200.38,25626.18,8200.38,Paid
9810,818,2025-06-05,2025-06-08,25626.18,7944.11,25626.18,7944.11,Paid
9811,818,2025-07-05,2025-07-08,25626.18,7687.85,25626.18,7687.85,Paid
9812,818,2025-08-05,2025-08-05,25626.18,7431.59,25626.18,7431.59,Paid
9813,818,2025-09-05,2025-09-05,25626.18,7175.33,25626.18,7175.33,Paid
9814,818,2025-10-05,2025-10-06,25626.18,6919.07,25626.18,6919.07,Paid
9815,818,2025-11-05,2025-11-09,25626.18,6662.81,25626.18,6662.81,Paid
9816,818,2025-12-05,2025-12-09,25626.18,6406.54,25626.18,6406.54,Paid
9817,819,2025-01-05,2025-01-10,1473.2,1542.44,1473.2,1542.44,Paid
9818,819,2025-02-05,2025-02-06,1473.2,1529.58,1473.2,1529.58,Paid
9819,819,2025-03-05,2025-03-10,1473.2,1516.73,1473.2,1516.73,Paid
9820,819,2025-04-05,2025-04-05,1473.2,1503.88,1473.2,1503.88,Paid
9821,819,2025-05-05,2025-05-05,1473.2,1491.02,1473.2,1491.02,Paid
9822,819,2025-06-05,2025-06-06,1473.2,1478.17,1473.2,1478.17,Paid
9823,819,2025-07-05,2025-07-10,1473.2,1465.32,1473.2,1465.32,Paid
9824,819,2025-08-05,2025-08-07,1473.2,1452.46,1473.2,1452.46,Paid
9825,819,2025-09-05,2025-09-10,1473.2,1439.61,1473.2,1439.61,Paid
9826,819,2025-10-05,2025-10-07,1473.2,1426.76,1473.2,1426.76,Paid
9827,819,2025-11-05,2025-11-07,1473.2,1413.9,1473.2,1413.9,Paid
9828,819,2025-12-05,2025-12-09,1473.2,1401.05,1473.2,1401.05,Paid
9829,820,2025-01-05,2025-01-05,24557.68,12620.19,24557.68,12620.19,Paid
9830,820,2025-02-05,,24557.68,12269.63,0.0,0.0,Unpaid
9831,820,2025-03-05,2025-03-07,24557.68,12269.63,24557.68,12269.63,Paid
9832,820,2025-04-05,2025-04-05,24557.68,11919.07,24557.68,11919.07,Paid
9833,820,2025-05-05,2025-05-09,24557.68,11568.51,24557.68,11568.51,Paid
9834,820,2025-06-05,2025-06-08,24557.68,11217.95,24557.68,11217.95,Paid
9835,820,2025-07-05,2025-07-08,24557.68,10867.39,24557.68,10867.39,Paid
9836,820,2025-08-05,2025-08-06,24557.68,10516.82,24557.68,10516.82,Paid
9837,820,2025-09-05,2025-09-09,24557.68,10166.26,24557.68,10166.26,Paid
9838,820,2025-10-05,,24557.68,9815.7,0.0,0.0,Unpaid
9839,820,2025-11-05,2025-11-07,24557.68,9815.7,24557.68,9815.7,Paid
9840,820,2025-12-05,2025-12-07,24557.68,9465.14,24557.68,9465.14,Paid
9841,821,2025-01-05,2025-01-05,1701.71,1531.54,1701.71,1531.54,Paid
9842,821,2025-02-05,2025-02-09,1701.71,1518.78,1701.71,1518.78,Paid
9843,821,2025-03-05,2025-03-05,1701.71,1506.01,1701.71,1506.01,Paid
9844,821,2025-04-05,2025-04-08,1701.71,1493.25,1701.71,1493.25,Paid
9845,821,2025-05-05,2025-05-09,1701.71,1480.49,1701.71,1480.49,Paid
9846,821,2025-06-05,2025-06-06,1701.71,1467.73,1701.71,1467.73,Paid
9847,821,2025-07-05,2025-07-06,1701.71,1454.96,1701.71,1454.96,Paid
9848,821,2025-08-05,2025-08-09,1701.71,1442.2,1701.71,1442.2,Paid
9849,821,2025-09-05,2025-09-10,1701.71,1429.44,1701.71,1429.44,Paid
9850,821,2025-10-05,2025-10-07,1701.71,1416.67,1701.71,1416.67,Paid
9851,821,2025-11-05,2025-11-05,1701.71,1403.91,1701.71,1403.91,Paid
9852,821,2025-12-05,2025-12-05,1701.71,1391.15,1701.71,1391.15,Paid
9853,822,2025-01-05,2025-01-05,101203.27,30988.44,101203.27,30988.44,Paid
9854,822,2025-02-05,2025-02-06,101203.27,29697.26,101203.27,29697.26,Paid
9855,822,2025-03-05,2025-03-08,101203.27,28406.07,101203.27,28406.07,Paid
9856,822,2025-04-05,2025-04-06,101203.27,27114.89,101203.27,27114.89,Paid
9857,822,2025-05-05,2025-05-07,101203.27,25823.7,101203.27,25823.7,Paid
9858,822,2025-06-05,2025-06-05,101203.27,24532.52,101203.27,24532.52,Paid
9859,822,2025-07-05,2025-07-05,101203.27,23241.33,101203.27,23241.33,Paid
9860,822,2025-08-05,2025-08-10,101203.27,21950.15,101203.27,21950.15,Paid
9861,822,2025-09-05,2025-09-07,101203.27,20658.96,101203.27,20658.96,Paid
9862,822,2025-10-05,2025-10-06,101203.27,19367.77,101203.27,19367.77,Paid
9863,822,2025-11-05,2025-11-10,101203.27,18076.59,101203.27,18076.59,Paid
9864,822,2025-12-05,2025-12-08,101203.27,16785.4,101203.27,16785.4,Paid
9865,823,2025-01-05,2025-01-08,11844.18,15385.58,11844.18,15385.58,Paid
9866,823,2025-02-05,2025-02-06,11844.18,15257.37,11844.18,15257.37,Paid
9867,823,2025-03-05,2025-03-08,11844.18,15129.16,11844.18,15129.16,Paid
9868,823,2025-04-05,2025-04-10,11844.18,15000.94,11844.18,15000.94,Paid
9869,823,2025-05-05,2025-05-09,11844.18,14872.73,11844.18,14872.73,Paid
9870,823,2025-06-05,2025-06-09,11844.18,14744.52,11844.18,14744.52,Paid
9871,823,2025-07-05,2025-07-10,11844.18,14616.3,11844.18,14616.3,Paid
9872,823,2025-08-05,2025-08-10,11844.18,14488.09,11844.18,14488.09,Paid
9873,823,2025-09-05,2025-09-09,11844.18,14359.88,11844.18,14359.88,Paid
9874,823,2025-10-05,2025-10-10,11844.18,14231.66,11844.18,14231.66,Paid
9875,823,2025-11-05,2025-11-05,11844.18,14103.45,11844.18,14103.45,Paid
9876,823,2025-12-05,,11844.18,13975.24,0.0,0.0,Unpaid
9877,824,2025-01-05,2025-01-06,16544.05,18512.79,16544.05,18512.79,Paid
9878,824,2025-02-05,2025-02-07,16544.05,18358.52,16544.05,18358.52,Paid
9879,824,2025-03-05,2025-03-06,16544.05,18204.25,16544.05,18204.25,Paid
9880,824,2025-04-05,2025-04-06,16544.05,18049.97,16544.05,18049.97,Paid
9881,824,2025-05-05,2025-05-06,16544.05,17895.7,16544.05,17895.7,Paid
9882,824,2025-06-05,2025-06-09,16544.05,17741.43,16544.05,17741.43,Paid
9883,824,2025-07-05,2025-07-09,16544.05,17587.15,16544.05,17587.15,Paid
9884,824,2025-08-05,2025-08-10,16544.05,17432.88,16544.05,17432.88,Paid
9885,824,2025-09-05,2025-09-09,16544.05,17278.61,16544.05,17278.61,Paid
9886,824,2025-10-05,,16544.05,17124.33,0.0,0.0,Unpaid
9887,824,2025-11-05,2025-11-07,16544.05,17124.33,16544.05,17124.33,Paid
9888,824,2025-12-05,2025-12-10,16544.05,16970.06,16544.05,16970.06,Paid
9889,825,2025-01-05,2025-01-05,19417.39,5871.82,19417.39,5871.82,Paid
9890,825,2025-02-05,2025-02-09,19417.39,5708.71,19417.39,5708.71,Paid
9891,825,2025-03-05,2025-03-05,19417.39,5545.61,19417.39,5545.61,Paid
9892,825,2025-04-05,2025-04-05,19417.39,5382.5,19417.39,5382.5,Paid
9893,825,2025-05-05,2025-05-07,19417.39,5219.39,19417.39,5219.39,Paid
9894,825,2025-06-05,2025-06-06,19417.39,5056.29,19417.39,5056.29,Paid
9895,825,2025-07-05,2025-07-10,19417.39,4893.18,19417.39,4893.18,Paid
9896,825,2025-08-05,2025-08-06,19417.39,4730.08,19417.39,4730.08,Paid
9897,825,2025-09-05,2025-09-06,19417.39,4566.97,19417.39,4566.97,Paid
9898,825,2025-10-05,2025-10-07,19417.39,4403.86,19417.39,4403.86,Paid
9899,825,2025-11-05,2025-11-05,19417.39,4240.76,19417.39,4240.76,Paid
9900,825,2025-12-05,2025-12-06,19417.39,4077.65,19417.39,4077.65,Paid
9901,826,2025-01-05,2025-01-10,7340.18,9087.14,7340.18,9087.14,Paid
9902,826,2025-02-05,2025-02-10,7340.18,9011.41,7340.18,9011.41,Paid
9903,826,2025-03-05,2025-03-08,7340.18,8935.69,7340.18,8935.69,Paid
9904,826,2025-04-05,2025-04-08,7340.18,8859.96,7340.18,8859.96,Paid
9905,826,2025-05-05,2025-05-07,7340.18,8784.24,7340.18,8784.24,Paid
9906,826,2025-06-05,2025-06-09,7340.18,8708.51,7340.18,8708.51,Paid
9907,826,2025-07-05,2025-07-07,7340.18,8632.78,7340.18,8632.78,Paid
9908,826,2025-08-05,2025-08-10,7340.18,8557.06,7340.18,8557.06,Paid
9909,826,2025-09-05,2025-09-09,7340.18,8481.33,7340.18,8481.33,Paid
9910,826,2025-10-05,2025-10-05,7340.18,8405.6,7340.18,8405.6,Paid
9911,826,2025-11-05,2025-11-10,7340.18,8329.88,7340.18,8329.88,Paid
9912,826,2025-12-05,2025-12-05,7340.18,8254.15,7340.18,8254.15,Paid
9913,827,2025-01-05,2025-01-06,53532.69,47135.53,53532.69,47135.53,Paid
9914,827,2025-02-05,2025-02-08,53532.69,46349.94,53532.69,46349.94,Paid
9915,827,2025-03-05,2025-03-07,53532.69,45564.35,53532.69,45564.35,Paid
9916,827,2025-04-05,2025-04-06,53532.69,44778.75,53532.69,44778.75,Paid
9917,827,2025-05-05,2025-05-09,53532.69,43993.16,53532.69,43993.16,Paid
9918,827,2025-06-05,2025-06-05,53532.69,43207.57,53532.69,43207.57,Paid
9919,827,2025-07-05,2025-07-05,53532.69,42421.98,53532.69,42421.98,Paid
9920,827,2025-08-05,2025-08-06,53532.69,41636.38,53532.69,41636.38,Paid
9921,827,2025-09-05,2025-09-06,53532.69,40850.79,53532.69,40850.79,Paid
9922,827,2025-10-05,2025-10-06,53532.69,40065.2,53532.69,40065.2,Paid
9923,827,2025-11-05,2025-11-06,53532.69,39279.61,53532.69,39279.61,Paid
9924,827,2025-12-05,2025-12-07,53532.69,38494.02,53532.69,38494.02,Paid
9925,828,2025-01-05,2025-01-08,17218.47,5191.37,17218.47,5191.37,Paid
9926,828,2025-02-05,2025-02-06,17218.47,5047.17,17218.47,5047.17,Paid
9927,828,2025-03-05,2025-03-08,17218.47,4902.96,17218.47,4902.96,Paid
9928,828,2025-04-05,2025-04-05,17218.47,4758.76,17218.47,4758.76,Paid
9929,828,2025-05-05,2025-05-09,17218.47,4614.55,17218.47,4614.55,Paid
9930,828,2025-06-05,2025-06-06,17218.47,4470.35,17218.47,4470.35,Paid
9931,828,2025-07-05,2025-07-08,17218.47,4326.14,17218.47,4326.14,Paid
9932,828,2025-08-05,2025-08-08,17218.47,4181.94,17218.47,4181.94,Paid
9933,828,2025-09-05,2025-09-05,17218.47,4037.73,17218.47,4037.73,Paid
9934,828,2025-10-05,2025-10-10,17218.47,3893.53,17218.47,3893.53,Paid
9935,828,2025-11-05,2025-11-10,17218.47,3749.32,17218.47,3749.32,Paid
9936,828,2025-12-05,2025-12-10,17218.47,3605.12,17218.47,3605.12,Paid
9937,829,2025-01-05,2025-01-08,10029.77,14844.07,10029.77,14844.07,Paid
9938,829,2025-02-05,2025-02-10,10029.77,14720.37,10029.77,14720.37,Paid
9939,829,2025-03-05,2025-03-09,10029.77,14596.66,10029.77,14596.66,Paid
9940,829,2025-04-05,2025-04-05,10029.77,14472.96,10029.77,14472.96,Paid
9941,829,2025-05-05,2025-05-06,10029.77,14349.26,10029.77,14349.26,Paid
9942,829,2025-06-05,2025-06-07,10029.77,14225.56,10029.77,14225.56,Paid
9943,829,2025-07-05,2025-07-07,10029.77,14101.86,10029.77,14101.86,Paid
9944,829,2025-08-05,2025-08-10,10029.77,13978.16,10029.77,13978.16,Paid
9945,829,2025-09-05,2025-09-06,10029.77,13854.46,10029.77,13854.46,Paid
9946,829,2025-10-05,2025-10-09,10029.77,13730.76,10029.77,13730.76,Paid
9947,829,2025-11-05,2025-11-10,10029.77,13607.06,10029.77,13607.06,Paid
9948,829,2025-12-05,2025-12-05,10029.77,13483.36,10029.77,13483.36,Paid
9949,830,2025-01-05,2025-01-07,28843.3,10651.83,28843.3,10651.83,Paid
9950,830,2025-02-05,2025-02-05,28843.3,10355.95,28843.3,10355.95,Paid
9951,830,2025-03-05,2025-03-10,28843.3,10060.06,28843.3,10060.06,Paid
9952,830,2025-04-05,2025-04-05,28843.3,9764.18,28843.3,9764.18,Paid
9953,830,2025-05-05,2025-05-09,28843.3,9468.29,28843.3,9468.29,Paid
9954,830,2025-06-05,2025-06-05,28843.3,9172.41,28843.3,9172.41,Paid
9955,830,2025-07-05,2025-07-08,28843.3,8876.53,28843.3,8876.53,Paid
9956,830,2025-08-05,2025-08-05,28843.3,8580.64,28843.3,8580.64,Paid
9957,830,2025-09-05,2025-09-05,28843.3,8284.76,28843.3,8284.76,Paid
9958,830,2025-10-05,2025-10-10,28843.3,7988.87,28843.3,7988.87,Paid
9959,830,2025-11-05,2025-11-05,28843.3,7692.99,28843.3,7692.99,Paid
9960,830,2025-12-05,2025-12-10,28843.3,7397.11,28843.3,7397.11,Paid
9961,831,2025-01-05,2025-01-05,51447.67,15588.64,51447.67,15588.64,Paid
9962,831,2025-02-05,2025-02-09,51447.67,14939.12,51447.67,14939.12,Paid
9963,831,2025-03-05,2025-03-10,51447.67,14289.59,51447.67,14289.59,Paid
9964,831,2025-04-05,2025-04-06,51447.67,13640.06,51447.67,13640.06,Paid
9965,831,2025-05-05,2025-05-10,51447.67,12990.54,51447.67,12990.54,Paid
9966,831,2025-06-05,2025-06-06,51447.67,12341.01,51447.67,12341.01,Paid
9967,831,2025-07-05,2025-07-09,51447.67,11691.48,51447.67,11691.48,Paid
9968,831,2025-08-05,2025-08-10,51447.67,11041.96,51447.67,11041.96,Paid
9969,831,2025-09-05,2025-09-10,51447.67,10392.43,51447.67,10392.43,Paid
9970,831,2025-10-05,2025-10-05,51447.67,9742.9,51447.67,9742.9,Paid
9971,831,2025-11-05,2025-11-10,51447.67,9093.37,51447.67,9093.37,Paid
9972,831,2025-12-05,2025-12-07,51447.67,8443.85,51447.67,8443.85,Paid
9973,832,2025-01-05,2025-01-07,41408.01,20227.81,41408.01,20227.81,Paid
9974,832,2025-02-05,2025-02-08,41408.01,19890.68,41408.01,19890.68,Paid
9975,832,2025-03-05,,41408.01,19553.55,0.0,0.0,Unpaid
9976,832,2025-04-05,2025-04-07,41408.01,19553.55,41408.01,19553.55,Paid
9977,832,2025-05-05,2025-05-06,41408.01,19216.42,41408.01,19216.42,Paid
9978,832,2025-06-05,2025-06-07,41408.01,18879.29,41408.01,18879.29,Paid
9979,832,2025-07-05,2025-07-05,41408.01,18542.16,41408.01,18542.16,Paid
9980,832,2025-08-05,2025-08-08,41408.01,18205.03,41408.01,18205.03,Paid
9981,832,2025-09-05,2025-09-10,41408.01,17867.9,41408.01,17867.9,Paid
9982,832,2025-10-05,2025-10-09,41408.01,17530.77,41408.01,17530.77,Paid
9983,832,2025-11-05,2025-11-06,41408.01,17193.64,41408.01,17193.64,Paid
9984,832,2025-12-05,2025-12-09,41408.01,16856.51,41408.01,16856.51,Paid
9985,833,2025-01-05,2025-01-10,4438.98,5384.48,4438.98,5384.48,Paid
9986,833,2025-02-05,2025-02-08,4438.98,5339.61,4438.98,5339.61,Paid
9987,833,2025-03-05,2025-03-05,4438.98,5294.74,4438.98,5294.74,Paid
9988,833,2025-04-05,2025-04-09,4438.98,5249.87,4438.98,5249.87,Paid
9989,833,2025-05-05,2025-05-10,4438.98,5205.0,4438.98,5205.0,Paid
9990,833,2025-06-05,,4438.98,5160.13,0.0,0.0,Unpaid
9991,833,2025-07-05,2025-07-07,4438.98,5160.13,4438.98,5160.13,Paid
9992,833,2025-08-05,2025-08-10,4438.98,5115.26,4438.98,5115.26,Paid
9993,833,2025-09-05,2025-09-06,4438.98,5070.39,4438.98,5070.39,Paid
9994,833,2025-10-05,2025-10-08,4438.98,5025.52,4438.98,5025.52,Paid
9995,833,2025-11-05,2025-11-06,4438.98,4980.65,4438.98,4980.65,Paid
9996,833,2025-12-05,2025-12-10,4438.98,4935.78,4438.98,4935.78,Paid
9997,834,2025-01-05,2025-01-05,3532.87,1023.83,3532.87,1023.83,Paid
9998,834,2025-02-05,,3532.87,995.39,0.0,0.0,Unpaid
9999,834,2025-03-05,2025-03-06,3532.87,995.39,3532.87,995.39,Paid
10000,834,2025-04-05,2025-04-10,3532.87,966.95,3532.87,966.95,Paid
10001,834,2025-05-05,2025-05-10,3532.87,938.51,3532.87,938.51,Paid
10002,834,2025-06-05,2025-06-10,3532.87,910.07,3532.87,910.07,Paid
10003,834,2025-07-05,2025-07-05,3532.87,881.63,3532.87,881.63,Paid
10004,834,2025-08-05,2025-08-05,3532.87,853.19,3532.87,853.19,Paid
10005,834,2025-09-05,2025-09-06,3532.87,824.75,3532.87,824.75,Paid
10006,834,2025-10-05,2025-10-10,3532.87,796.31,3532.87,796.31,Paid
10007,834,2025-11-05,2025-11-09,3532.87,767.87,3532.87,767.87,Paid
10008,834,2025-12-05,2025-12-10,3532.87,739.43,3532.87,739.43,Paid
10009,835,2025-01-05,2025-01-08,26688.14,17694.23,26688.14,17694.23,Paid
10010,835,2025-02-05,2025-02-06,26688.14,17399.33,26688.14,17399.33,Paid
10011,835,2025-03-05,2025-03-09,26688.14,17104.43,26688.14,17104.43,Paid
10012,835,2025-04-05,2025-04-06,26688.14,16809.52,26688.14,16809.52,Paid
10013,835,2025-05-05,2025-05-08,26688.14,16514.62,26688.14,16514.62,Paid
10014,835,2025-06-05,2025-06-10,26688.14,16219.72,26688.14,16219.72,Paid
10015,835,2025-07-05,2025-07-08,26688.14,15924.81,26688.14,15924.81,Paid
10016,835,2025-08-05,2025-08-07,26688.14,15629.91,26688.14,15629.91,Paid
10017,835,2025-09-05,2025-09-10,26688.14,15335.0,26688.14,15335.0,Paid
10018,835,2025-10-05,2025-10-06,26688.14,15040.1,26688.14,15040.1,Paid
10019,835,2025-11-05,,26688.14,14745.2,0.0,0.0,Unpaid
10020,835,2025-12-05,2025-12-05,26688.14,14745.2,26688.14,14745.2,Paid
10021,836,2025-01-05,2025-01-08,12359.64,17859.67,12359.64,17859.67,Paid
10022,836,2025-02-05,2025-02-07,12359.64,17710.84,12359.64,17710.84,Paid
10023,836,2025-03-05,2025-03-08,12359.64,17562.01,12359.64,17562.01,Paid
10024,836,2025-04-05,2025-04-08,12359.64,17413.18,12359.64,17413.18,Paid
10025,836,2025-05-05,2025-05-08,12359.64,17264.35,12359.64,17264.35,Paid
10026,836,2025-06-05,2025-06-07,12359.64,17115.52,12359.64,17115.52,Paid
10027,836,2025-07-05,2025-07-09,12359.64,16966.69,12359.64,16966.69,Paid
10028,836,2025-08-05,2025-08-06,12359.64,16817.86,12359.64,16817.86,Paid
10029,836,2025-09-05,2025-09-05,12359.64,16669.03,12359.64,16669.03,Paid
10030,836,2025-10-05,2025-10-08,12359.64,16520.2,12359.64,16520.2,Paid
10031,836,2025-11-05,2025-11-05,12359.64,16371.37,12359.64,16371.37,Paid
10032,836,2025-12-05,2025-12-05,12359.64,16222.54,12359.64,16222.54,Paid
10033,837,2025-01-05,2025-01-10,13326.05,4253.68,13326.05,4253.68,Paid
10034,837,2025-02-05,2025-02-10,13326.05,4135.52,13326.05,4135.52,Paid
10035,837,2025-03-05,2025-03-10,13326.05,4017.36,13326.05,4017.36,Paid
10036,837,2025-04-05,2025-04-06,13326.05,3899.2,13326.05,3899.2,Paid
10037,837,2025-05-05,2025-05-06,13326.05,3781.04,13326.05,3781.04,Paid
10038,837,2025-06-05,2025-06-05,13326.05,3662.89,13326.05,3662.89,Paid
10039,837,2025-07-05,2025-07-07,13326.05,3544.73,13326.05,3544.73,Paid
10040,837,2025-08-05,2025-08-09,13326.05,3426.57,13326.05,3426.57,Paid
10041,837,2025-09-05,2025-09-10,13326.05,3308.41,13326.05,3308.41,Paid
10042,837,2025-10-05,2025-10-08,13326.05,3190.26,13326.05,3190.26,Paid
10043,837,2025-11-05,2025-11-08,13326.05,3072.1,13326.05,3072.1,Paid
10044,837,2025-12-05,2025-12-08,13326.05,2953.94,13326.05,2953.94,Paid
10045,838,2025-01-05,2025-01-05,15345.61,7089.67,15345.61,7089.67,Paid
10046,838,2025-02-05,2025-02-10,15345.61,6971.51,15345.61,6971.51,Paid
10047,838,2025-03-05,2025-03-09,15345.61,6853.35,15345.61,6853.35,Paid
10048,838,2025-04-05,2025-04-06,15345.61,6735.19,15345.61,6735.19,Paid
10049,838,2025-05-05,2025-05-10,15345.61,6617.03,15345.61,6617.03,Paid
10050,838,2025-06-05,2025-06-10,15345.61,6498.87,15345.61,6498.87,Paid
10051,838,2025-07-05,2025-07-06,15345.61,6380.71,15345.61,6380.71,Paid
10052,838,2025-08-05,2025-08-05,15345.61,6262.54,15345.61,6262.54,Paid
10053,838,2025-09-05,2025-09-06,15345.61,6144.38,15345.61,6144.38,Paid
10054,838,2025-10-05,2025-10-05,15345.61,6026.22,15345.61,6026.22,Paid
10055,838,2025-11-05,2025-11-06,15345.61,5908.06,15345.61,5908.06,Paid
10056,838,2025-12-05,2025-12-09,15345.61,5789.9,15345.61,5789.9,Paid
10057,839,2025-01-05,2025-01-05,3653.68,5710.7,3653.68,5710.7,Paid
10058,839,2025-02-05,2025-02-07,3653.68,5663.11,3653.68,5663.11,Paid
10059,839,2025-03-05,2025-03-07,3653.68,5615.52,3653.68,5615.52,Paid
10060,839,2025-04-05,2025-04-09,3653.68,5567.93,3653.68,5567.93,Paid
10061,839,2025-05-05,2025-05-10,3653.68,5520.35,3653.68,5520.35,Paid
10062,839,2025-06-05,2025-06-05,3653.68,5472.76,3653.68,5472.76,Paid
10063,839,2025-07-05,2025-07-05,3653.68,5425.17,3653.68,5425.17,Paid
10064,839,2025-08-05,2025-08-06,3653.68,5377.58,3653.68,5377.58,Paid
10065,839,2025-09-05,2025-09-08,3653.68,5329.99,3653.68,5329.99,Paid
10066,839,2025-10-05,2025-10-09,3653.68,5282.4,3653.68,5282.4,Paid
10067,839,2025-11-05,2025-11-06,3653.68,5234.81,3653.68,5234.81,Paid
10068,839,2025-12-05,2025-12-09,3653.68,5187.22,3653.68,5187.22,Paid
10069,840,2025-01-05,2025-01-10,6325.97,4858.34,6325.97,4858.34,Paid
10070,840,2025-02-05,2025-02-08,6325.97,4777.37,6325.97,4777.37,Paid
10071,840,2025-03-05,2025-03-10,6325.97,4696.4,6325.97,4696.4,Paid
10072,840,2025-04-05,2025-04-07,6325.97,4615.43,6325.97,4615.43,Paid
10073,840,2025-05-05,2025-05-06,6325.97,4534.45,6325.97,4534.45,Paid
10074,840,2025-06-05,2025-06-10,6325.97,4453.48,6325.97,4453.48,Paid
10075,840,2025-07-05,2025-07-10,6325.97,4372.51,6325.97,4372.51,Paid
10076,840,2025-08-05,2025-08-07,6325.97,4291.54,6325.97,4291.54,Paid
10077,840,2025-09-05,2025-09-06,6325.97,4210.56,6325.97,4210.56,Paid
10078,840,2025-10-05,2025-10-09,6325.97,4129.59,6325.97,4129.59,Paid
10079,840,2025-11-05,2025-11-08,6325.97,4048.62,6325.97,4048.62,Paid
10080,840,2025-12-05,2025-12-05,6325.97,3967.65,6325.97,3967.65,Paid
10081,841,2025-01-05,2025-01-10,4115.35,2932.18,4115.35,2932.18,Paid
10082,841,2025-02-05,2025-02-09,4115.35,2883.31,4115.35,2883.31,Paid
10083,841,2025-03-05,2025-03-06,4115.35,2834.44,4115.35,2834.44,Paid
10084,841,2025-04-05,2025-04-07,4115.35,2785.57,4115.35,2785.57,Paid
10085,841,2025-05-05,2025-05-10,4115.35,2736.7,4115.35,2736.7,Paid
10086,841,2025-06-05,2025-06-06,4115.35,2687.83,4115.35,2687.83,Paid
10087,841,2025-07-05,2025-07-07,4115.35,2638.97,4115.35,2638.97,Paid
10088,841,2025-08-05,2025-08-10,4115.35,2590.1,4115.35,2590.1,Paid
10089,841,2025-09-05,2025-09-07,4115.35,2541.23,4115.35,2541.23,Paid
10090,841,2025-10-05,2025-10-05,4115.35,2492.36,4115.35,2492.36,Paid
10091,841,2025-11-05,2025-11-10,4115.35,2443.49,4115.35,2443.49,Paid
10092,841,2025-12-05,2025-12-10,4115.35,2394.62,4115.35,2394.62,Paid
10093,842,2025-01-05,2025-01-07,61166.3,61900.29,61166.3,61900.29,Paid
10094,842,2025-02-05,2025-02-06,61166.3,61384.46,61166.3,61384.46,Paid
10095,842,2025-03-05,2025-03-05,61166.3,60868.62,61166.3,60868.62,Paid
10096,842,2025-04-05,2025-04-08,61166.3,60352.79,61166.3,60352.79,Paid
10097,842,2025-05-05,2025-05-07,61166.3,59836.95,61166.3,59836.95,Paid
10098,842,2025-06-05,2025-06-05,61166.3,59321.11,61166.3,59321.11,Paid
10099,842,2025-07-05,2025-07-07,61166.3,58805.28,61166.3,58805.28,Paid
10100,842,2025-08-05,2025-08-05,61166.3,58289.44,61166.3,58289.44,Paid
10101,842,2025-09-05,2025-09-10,61166.3,57773.61,61166.3,57773.61,Paid
10102,842,2025-10-05,2025-10-05,61166.3,57257.77,61166.3,57257.77,Paid
10103,842,2025-11-05,2025-11-08,61166.3,56741.94,61166.3,56741.94,Paid
10104,842,2025-12-05,2025-12-07,61166.3,56226.1,61166.3,56226.1,Paid
10105,843,2025-01-05,2025-01-07,16608.94,5407.87,16608.94,5407.87,Paid
10106,843,2025-02-05,2025-02-05,16608.94,5182.54,16608.94,5182.54,Paid
10107,843,2025-03-05,2025-03-05,16608.94,4957.22,16608.94,4957.22,Paid
10108,843,2025-04-05,2025-04-06,16608.94,4731.89,16608.94,4731.89,Paid
10109,843,2025-05-05,2025-05-07,16608.94,4506.56,16608.94,4506.56,Paid
10110,843,2025-06-05,2025-06-10,16608.94,4281.23,16608.94,4281.23,Paid
10111,843,2025-07-05,2025-07-07,16608.94,4055.9,16608.94,4055.9,Paid
10112,843,2025-08-05,2025-08-06,16608.94,3830.58,16608.94,3830.58,Paid
10113,843,2025-09-05,2025-09-10,16608.94,3605.25,16608.94,3605.25,Paid
10114,843,2025-10-05,,16608.94,3379.92,0.0,0.0,Unpaid
10115,843,2025-11-05,2025-11-06,16608.94,3379.92,16608.94,3379.92,Paid
10116,843,2025-12-05,2025-12-10,16608.94,3154.59,16608.94,3154.59,Paid
10117,844,2025-01-05,2025-01-05,20728.61,13390.69,20728.61,13390.69,Paid
10118,844,2025-02-05,2025-02-10,20728.61,13167.51,20728.61,13167.51,Paid
10119,844,2025-03-05,2025-03-10,20728.61,12944.33,20728.61,12944.33,Paid
10120,844,2025-04-05,2025-04-07,20728.61,12721.15,20728.61,12721.15,Paid
10121,844,2025-05-05,2025-05-08,20728.61,12497.97,20728.61,12497.97,Paid
10122,844,2025-06-05,2025-06-06,20728.61,12274.79,20728.61,12274.79,Paid
10123,844,2025-07-05,2025-07-06,20728.61,12051.62,20728.61,12051.62,Paid
10124,844,2025-08-05,2025-08-06,20728.61,11828.44,20728.61,11828.44,Paid
10125,844,2025-09-05,,20728.61,11605.26,0.0,0.0,Unpaid
10126,844,2025-10-05,2025-10-06,20728.61,11605.26,20728.61,11605.26,Paid
10127,844,2025-11-05,2025-11-06,20728.61,11382.08,20728.61,11382.08,Paid
10128,844,2025-12-05,2025-12-05,20728.61,11158.9,20728.61,11158.9,Paid
10129,845,2025-01-05,2025-01-06,15954.35,16959.48,15954.35,16959.48,Paid
10130,845,2025-02-05,2025-02-08,15954.35,16818.15,15954.35,16818.15,Paid
10131,845,2025-03-05,2025-03-08,15954.35,16676.82,15954.35,16676.82,Paid
10132,845,2025-04-05,2025-04-06,15954.35,16535.49,15954.35,16535.49,Paid
10133,845,2025-05-05,2025-05-10,15954.35,16394.16,15954.35,16394.16,Paid
10134,845,2025-06-05,2025-06-07,15954.35,16252.83,15954.35,16252.83,Paid
10135,845,2025-07-05,2025-07-07,15954.35,16111.5,15954.35,16111.5,Paid
10136,845,2025-08-05,2025-08-06,15954.35,15970.17,15954.35,15970.17,Paid
10137,845,2025-09-05,2025-09-09,15954.35,15828.84,15954.35,15828.84,Paid
10138,845,2025-10-05,2025-10-06,15954.35,15687.52,15954.35,15687.52,Paid
10139,845,2025-11-05,2025-11-05,15954.35,15546.19,15954.35,15546.19,Paid
10140,845,2025-12-05,2025-12-05,15954.35,15404.86,15954.35,15404.86,Paid
10141,846,2025-01-05,2025-01-08,17125.31,5635.94,17125.31,5635.94,Paid
10142,846,2025-02-05,2025-02-05,17125.31,5479.39,17125.31,5479.39,Paid
10143,846,2025-03-05,2025-03-05,17125.31,5322.83,17125.31,5322.83,Paid
10144,846,2025-04-05,2025-04-09,17125.31,5166.28,17125.31,5166.28,Paid
10145,846,2025-05-05,2025-05-08,17125.31,5009.72,17125.31,5009.72,Paid
10146,846,2025-06-05,2025-06-08,17125.31,4853.17,17125.31,4853.17,Paid
10147,846,2025-07-05,2025-07-08,17125.31,4696.62,17125.31,4696.62,Paid
10148,846,2025-08-05,2025-08-08,17125.31,4540.06,17125.31,4540.06,Paid
10149,846,2025-09-05,2025-09-06,17125.31,4383.51,17125.31,4383.51,Paid
10150,846,2025-10-05,2025-10-10,17125.31,4226.96,17125.31,4226.96,Paid
10151,846,2025-11-05,2025-11-08,17125.31,4070.4,17125.31,4070.4,Paid
10152,846,2025-12-05,2025-12-10,17125.31,3913.85,17125.31,3913.85,Paid
10153,847,2025-01-05,2025-01-07,80119.88,25349.93,80119.88,25349.93,Paid
10154,847,2025-02-05,2025-02-09,80119.88,24293.68,80119.88,24293.68,Paid
10155,847,2025-03-05,2025-03-06,80119.88,23237.44,80119.88,23237.44,Paid
10156,847,2025-04-05,2025-04-07,80119.88,22181.19,80119.88,22181.19,Paid
10157,847,2025-05-05,2025-05-06,80119.88,21124.94,80119.88,21124.94,Paid
10158,847,2025-06-05,2025-06-05,80119.88,20068.69,80119.88,20068.69,Paid
10159,847,2025-07-05,,80119.88,19012.45,0.0,0.0,Unpaid
10160,847,2025-08-05,2025-08-09,80119.88,19012.45,80119.88,19012.45,Paid
10161,847,2025-09-05,2025-09-05,80119.88,17956.2,80119.88,17956.2,Paid
10162,847,2025-10-05,2025-10-09,80119.88,16899.95,80119.88,16899.95,Paid
10163,847,2025-11-05,2025-11-07,80119.88,15843.71,80119.88,15843.71,Paid
10164,847,2025-12-05,,80119.88,14787.46,0.0,0.0,Unpaid
10165,848,2025-01-05,2025-01-05,47884.65,37828.88,47884.65,37828.88,Paid
10166,848,2025-02-05,2025-02-10,47884.65,37198.4,47884.65,37198.4,Paid
10167,848,2025-03-05,2025-03-06,47884.65,36567.92,47884.65,36567.92,Paid
10168,848,2025-04-05,2025-04-09,47884.65,35937.43,47884.65,35937.43,Paid
10169,848,2025-05-05,2025-05-06,47884.65,35306.95,47884.65,35306.95,Paid
10170,848,2025-06-05,2025-06-08,47884.65,34676.47,47884.65,34676.47,Paid
10171,848,2025-07-05,2025-07-08,47884.65,34045.99,47884.65,34045.99,Paid
10172,848,2025-08-05,2025-08-10,47884.65,33415.51,47884.65,33415.51,Paid
10173,848,2025-09-05,2025-09-05,47884.65,32785.03,47884.65,32785.03,Paid
10174,848,2025-10-05,,47884.65,32154.55,0.0,0.0,Unpaid
10175,848,2025-11-05,2025-11-05,47884.65,32154.55,47884.65,32154.55,Paid
10176,848,2025-12-05,,47884.65,31524.07,0.0,0.0,Unpaid
10177,849,2025-01-05,2025-01-08,14967.07,19008.17,14967.07,19008.17,Paid
10178,849,2025-02-05,2025-02-05,14967.07,18849.77,14967.07,18849.77,Paid
10179,849,2025-03-05,2025-03-07,14967.07,18691.37,14967.07,18691.37,Paid
10180,849,2025-04-05,2025-04-05,14967.07,18532.97,14967.07,18532.97,Paid
10181,849,2025-05-05,2025-05-10,14967.07,18374.57,14967.07,18374.57,Paid
10182,849,2025-06-05,2025-06-08,14967.07,18216.17,14967.07,18216.17,Paid
10183,849,2025-07-05,2025-07-06,14967.07,18057.77,14967.07,18057.77,Paid
10184,849,2025-08-05,2025-08-10,14967.07,17899.36,14967.07,17899.36,Paid
10185,849,2025-09-05,2025-09-10,14967.07,17740.96,14967.07,17740.96,Paid
10186,849,2025-10-05,2025-10-05,14967.07,17582.56,14967.07,17582.56,Paid
10187,849,2025-11-05,,14967.07,17424.16,0.0,0.0,Unpaid
10188,849,2025-12-05,2025-12-05,14967.07,17424.16,14967.07,17424.16,Paid
10189,850,2025-01-05,2025-01-10,11470.37,9830.1,11470.37,9830.1,Paid
10190,850,2025-02-05,2025-02-08,11470.37,9748.19,11470.37,9748.19,Paid
10191,850,2025-03-05,2025-03-09,11470.37,9666.27,11470.37,9666.27,Paid
10192,850,2025-04-05,2025-04-08,11470.37,9584.35,11470.37,9584.35,Paid
10193,850,2025-05-05,2025-05-08,11470.37,9502.43,11470.37,9502.43,Paid
10194,850,2025-06-05,2025-06-10,11470.37,9420.52,11470.37,9420.52,Paid
10195,850,2025-07-05,2025-07-09,11470.37,9338.6,11470.37,9338.6,Paid
10196,850,2025-08-05,2025-08-06,11470.37,9256.68,11470.37,9256.68,Paid
10197,850,2025-09-05,2025-09-09,11470.37,9174.76,11470.37,9174.76,Paid
10198,850,2025-10-05,2025-10-05,11470.37,9092.85,11470.37,9092.85,Paid
10199,850,2025-11-05,2025-11-07,11470.37,9010.93,11470.37,9010.93,Paid
10200,850,2025-12-05,2025-12-08,11470.37,8929.01,11470.37,8929.01,Paid
10201,851,2025-01-05,2025-01-10,5266.31,3862.84,5266.31,3862.84,Paid
10202,851,2025-02-05,2025-02-10,5266.31,3798.46,5266.31,3798.46,Paid
10203,851,2025-03-05,2025-03-10,5266.31,3734.08,5266.31,3734.08,Paid
10204,851,2025-04-05,2025-04-05,5266.31,3669.7,5266.31,3669.7,Paid
10205,851,2025-05-05,2025-05-10,5266.31,3605.32,5266.31,3605.32,Paid
10206,851,2025-06-05,2025-06-07,5266.31,3540.94,5266.31,3540.94,Paid
10207,851,2025-07-05,2025-07-06,5266.31,3476.55,5266.31,3476.55,Paid
10208,851,2025-08-05,2025-08-05,5266.31,3412.17,5266.31,3412.17,Paid
10209,851,2025-09-05,2025-09-10,5266.31,3347.79,5266.31,3347.79,Paid
10210,851,2025-10-05,2025-10-06,5266.31,3283.41,5266.31,3283.41,Paid
10211,851,2025-11-05,2025-11-10,5266.31,3219.03,5266.31,3219.03,Paid
10212,851,2025-12-05,2025-12-10,5266.31,3154.65,5266.31,3154.65,Paid
10213,852,2025-01-05,2025-01-07,20513.35,7821.74,20513.35,7821.74,Paid
10214,852,2025-02-05,2025-02-08,20513.35,7604.47,20513.35,7604.47,Paid
10215,852,2025-03-05,2025-03-09,20513.35,7387.2,20513.35,7387.2,Paid
10216,852,2025-04-05,2025-04-09,20513.35,7169.93,20513.35,7169.93,Paid
10217,852,2025-05-05,2025-05-07,20513.35,6952.66,20513.35,6952.66,Paid
10218,852,2025-06-05,2025-06-07,20513.35,6735.39,20513.35,6735.39,Paid
10219,852,2025-07-05,2025-07-08,20513.35,6518.12,20513.35,6518.12,Paid
10220,852,2025-08-05,2025-08-09,20513.35,6300.85,20513.35,6300.85,Paid
10221,852,2025-09-05,2025-09-06,20513.35,6083.57,20513.35,6083.57,Paid
10222,852,2025-10-05,2025-10-10,20513.35,5866.3,20513.35,5866.3,Paid
10223,852,2025-11-05,2025-11-06,20513.35,5649.03,20513.35,5649.03,Paid
10224,852,2025-12-05,2025-12-06,20513.35,5431.76,20513.35,5431.76,Paid
10225,853,2025-01-05,2025-01-05,8610.49,2838.88,8610.49,2838.88,Paid
10226,853,2025-02-05,2025-02-06,8610.49,2760.02,8610.49,2760.02,Paid
10227,853,2025-03-05,2025-03-06,8610.49,2681.16,8610.49,2681.16,Paid
10228,853,2025-04-05,2025-04-05,8610.49,2602.31,8610.49,2602.31,Paid
10229,853,2025-05-05,2025-05-10,8610.49,2523.45,8610.49,2523.45,Paid
10230,853,2025-06-05,2025-06-10,8610.49,2444.59,8610.49,2444.59,Paid
10231,853,2025-07-05,2025-07-05,8610.49,2365.73,8610.49,2365.73,Paid
10232,853,2025-08-05,2025-08-10,8610.49,2286.88,8610.49,2286.88,Paid
10233,853,2025-09-05,2025-09-08,8610.49,2208.02,8610.49,2208.02,Paid
10234,853,2025-10-05,2025-10-05,8610.49,2129.16,8610.49,2129.16,Paid
10235,853,2025-11-05,2025-11-06,8610.49,2050.3,8610.49,2050.3,Paid
10236,853,2025-12-05,2025-12-05,8610.49,1971.44,8610.49,1971.44,Paid
10237,854,2025-01-05,2025-01-06,14595.74,11895.53,14595.74,11895.53,Paid
10238,854,2025-02-05,2025-02-06,14595.74,11697.27,14595.74,11697.27,Paid
10239,854,2025-03-05,2025-03-06,14595.74,11499.01,14595.74,11499.01,Paid
10240,854,2025-04-05,2025-04-08,14595.74,11300.75,14595.74,11300.75,Paid
10241,854,2025-05-05,2025-05-07,14595.74,11102.49,14595.74,11102.49,Paid
10242,854,2025-06-05,2025-06-09,14595.74,10904.23,14595.74,10904.23,Paid
10243,854,2025-07-05,2025-07-05,14595.74,10705.97,14595.74,10705.97,Paid
10244,854,2025-08-05,2025-08-07,14595.74,10507.71,14595.74,10507.71,Paid
10245,854,2025-09-05,2025-09-09,14595.74,10309.46,14595.74,10309.46,Paid
10246,854,2025-10-05,2025-10-10,14595.74,10111.2,14595.74,10111.2,Paid
10247,854,2025-11-05,2025-11-05,14595.74,9912.94,14595.74,9912.94,Paid
10248,854,2025-12-05,2025-12-05,14595.74,9714.68,14595.74,9714.68,Paid
10249,855,2025-01-05,2025-01-08,9217.99,12637.86,9217.99,12637.86,Paid
10250,855,2025-02-05,2025-02-06,9217.99,12532.55,9217.99,12532.55,Paid
10251,855,2025-03-05,2025-03-09,9217.99,12427.23,9217.99,12427.23,Paid
10252,855,2025-04-05,2025-04-05,9217.99,12321.92,9217.99,12321.92,Paid
10253,855,2025-05-05,2025-05-06,9217.99,12216.6,9217.99,12216.6,Paid
10254,855,2025-06-05,2025-06-06,9217.99,12111.29,9217.99,12111.29,Paid
10255,855,2025-07-05,2025-07-09,9217.99,12005.97,9217.99,12005.97,Paid
10256,855,2025-08-05,2025-08-10,9217.99,11900.66,9217.99,11900.66,Paid
10257,855,2025-09-05,2025-09-05,9217.99,11795.34,9217.99,11795.34,Paid
10258,855,2025-10-05,2025-10-05,9217.99,11690.02,9217.99,11690.02,Paid
10259,855,2025-11-05,2025-11-08,9217.99,11584.71,9217.99,11584.71,Paid
10260,855,2025-12-05,2025-12-07,9217.99,11479.39,9217.99,11479.39,Paid
10261,856,2025-01-05,2025-01-06,21437.14,3438.52,21437.14,3438.52,Paid
10262,856,2025-02-05,2025-02-06,21437.14,3295.25,21437.14,3295.25,Paid
10263,856,2025-03-05,2025-03-09,21437.14,3151.97,21437.14,3151.97,Paid
10264,856,2025-04-05,,21437.14,3008.7,0.0,0.0,Unpaid
10265,856,2025-05-05,2025-05-08,21437.14,3008.7,21437.14,3008.7,Paid
10266,856,2025-06-05,2025-06-08,21437.14,2865.43,21437.14,2865.43,Paid
10267,856,2025-07-05,2025-07-08,21437.14,2722.16,21437.14,2722.16,Paid
10268,856,2025-08-05,2025-08-09,21437.14,2578.89,21437.14,2578.89,Paid
10269,856,2025-09-05,2025-09-07,21437.14,2435.62,21437.14,2435.62,Paid
10270,856,2025-10-05,2025-10-10,21437.14,2292.34,21437.14,2292.34,Paid
10271,856,2025-11-05,2025-11-05,21437.14,2149.07,21437.14,2149.07,Paid
10272,856,2025-12-05,2025-12-07,21437.14,2005.8,21437.14,2005.8,Paid
10273,857,2025-01-05,2025-01-07,24731.84,8450.87,24731.84,8450.87,Paid
10274,857,2025-02-05,2025-02-09,24731.84,8216.12,24731.84,8216.12,Paid
10275,857,2025-03-05,2025-03-05,24731.84,7981.38,24731.84,7981.38,Paid
10276,857,2025-04-05,2025-04-08,24731.84,7746.63,24731.84,7746.63,Paid
10277,857,2025-05-05,2025-05-06,24731.84,7511.88,24731.84,7511.88,Paid
10278,857,2025-06-05,2025-06-08,24731.84,7277.14,24731.84,7277.14,Paid
10279,857,2025-07-05,2025-07-06,24731.84,7042.39,24731.84,7042.39,Paid
10280,857,2025-08-05,2025-08-09,24731.84,6807.64,24731.84,6807.64,Paid
10281,857,2025-09-05,2025-09-05,24731.84,6572.9,24731.84,6572.9,Paid
10282,857,2025-10-05,2025-10-09,24731.84,6338.15,24731.84,6338.15,Paid
10283,857,2025-11-05,2025-11-09,24731.84,6103.41,24731.84,6103.41,Paid
10284,857,2025-12-05,2025-12-09,24731.84,5868.66,24731.84,5868.66,Paid
10285,858,2025-01-05,2025-01-07,3397.01,1586.75,3397.01,1586.75,Paid
10286,858,2025-02-05,2025-02-08,3397.01,1542.67,3397.01,1542.67,Paid
10287,858,2025-03-05,2025-03-05,3397.01,1498.59,3397.01,1498.59,Paid
10288,858,2025-04-05,,3397.01,1454.52,0.0,0.0,Unpaid
10289,858,2025-05-05,2025-05-10,3397.01,1454.52,3397.01,1454.52,Paid
10290,858,2025-06-05,2025-06-05,3397.01,1410.44,3397.01,1410.44,Paid
10291,858,2025-07-05,2025-07-09,3397.01,1366.36,3397.01,1366.36,Paid
10292,858,2025-08-05,2025-08-09,3397.01,1322.29,3397.01,1322.29,Paid
10293,858,2025-09-05,,3397.01,1278.21,0.0,0.0,Unpaid
10294,858,2025-10-05,2025-10-06,3397.01,1278.21,3397.01,1278.21,Paid
10295,858,2025-11-05,2025-11-10,3397.01,1234.14,3397.01,1234.14,Paid
10296,858,2025-12-05,2025-12-05,3397.01,1190.06,3397.01,1190.06,Paid
10297,859,2025-01-05,2025-01-08,17358.31,8384.06,17358.31,8384.06,Paid
10298,859,2025-02-05,2025-02-09,17358.31,8151.17,17358.31,8151.17,Paid
10299,859,2025-03-05,2025-03-06,17358.31,7918.28,17358.31,7918.28,Paid
10300,859,2025-04-05,2025-04-05,17358.31,7685.39,17358.31,7685.39,Paid
10301,859,2025-05-05,2025-05-10,17358.31,7452.5,17358.31,7452.5,Paid
10302,859,2025-06-05,2025-06-10,17358.31,7219.61,17358.31,7219.61,Paid
10303,859,2025-07-05,2025-07-10,17358.31,6986.72,17358.31,6986.72,Paid
10304,859,2025-08-05,2025-08-08,17358.31,6753.83,17358.31,6753.83,Paid
10305,859,2025-09-05,2025-09-06,17358.31,6520.94,17358.31,6520.94,Paid
10306,859,2025-10-05,2025-10-08,17358.31,6288.05,17358.31,6288.05,Paid
10307,859,2025-11-05,2025-11-10,17358.31,6055.16,17358.31,6055.16,Paid
10308,859,2025-12-05,2025-12-08,17358.31,5822.27,17358.31,5822.27,Paid
10309,860,2025-01-05,2025-01-08,45689.54,7456.53,45689.54,7456.53,Paid
10310,860,2025-02-05,2025-02-09,45689.54,7145.84,45689.54,7145.84,Paid
10311,860,2025-03-05,2025-03-08,45689.54,6835.15,45689.54,6835.15,Paid
10312,860,2025-04-05,2025-04-05,45689.54,6524.47,45689.54,6524.47,Paid
10313,860,2025-05-05,2025-05-09,45689.54,6213.78,45689.54,6213.78,Paid
10314,860,2025-06-05,2025-06-10,45689.54,5903.09,45689.54,5903.09,Paid
10315,860,2025-07-05,2025-07-09,45689.54,5592.4,45689.54,5592.4,Paid
10316,860,2025-08-05,2025-08-10,45689.54,5281.71,45689.54,5281.71,Paid
10317,860,2025-09-05,2025-09-08,45689.54,4971.02,45689.54,4971.02,Paid
10318,860,2025-10-05,2025-10-07,45689.54,4660.33,45689.54,4660.33,Paid
10319,860,2025-11-05,2025-11-10,45689.54,4349.64,45689.54,4349.64,Paid
10320,860,2025-12-05,2025-12-09,45689.54,4038.95,45689.54,4038.95,Paid
10321,861,2025-01-05,2025-01-08,5111.92,6113.85,5111.92,6113.85,Paid
10322,861,2025-02-05,2025-02-10,5111.92,6062.91,5111.92,6062.91,Paid
10323,861,2025-03-05,2025-03-10,5111.92,6011.96,5111.92,6011.96,Paid
10324,861,2025-04-05,2025-04-10,5111.92,5961.01,5111.92,5961.01,Paid
10325,861,2025-05-05,2025-05-06,5111.92,5910.06,5111.92,5910.06,Paid
10326,861,2025-06-05,2025-06-06,5111.92,5859.11,5111.92,5859.11,Paid
10327,861,2025-07-05,2025-07-05,5111.92,5808.16,5111.92,5808.16,Paid
10328,861,2025-08-05,2025-08-06,5111.92,5757.21,5111.92,5757.21,Paid
10329,861,2025-09-05,2025-09-08,5111.92,5706.26,5111.92,5706.26,Paid
10330,861,2025-10-05,2025-10-10,5111.92,5655.32,5111.92,5655.32,Paid
10331,861,2025-11-05,2025-11-09,5111.92,5604.37,5111.92,5604.37,Paid
10332,861,2025-12-05,2025-12-05,5111.92,5553.42,5111.92,5553.42,Paid
10333,862,2025-01-05,2025-01-09,3768.84,3150.75,3768.84,3150.75,Paid
10334,862,2025-02-05,2025-02-10,3768.84,3124.49,3768.84,3124.49,Paid
10335,862,2025-03-05,2025-03-08,3768.84,3098.24,3768.84,3098.24,Paid
10336,862,2025-04-05,,3768.84,3071.98,0.0,0.0,Unpaid
10337,862,2025-05-05,2025-05-08,3768.84,3071.98,3768.84,3071.98,Paid
10338,862,2025-06-05,2025-06-09,3768.84,3045.73,3768.84,3045.73,Paid
10339,862,2025-07-05,2025-07-07,3768.84,3019.47,3768.84,3019.47,Paid
10340,862,2025-08-05,2025-08-06,3768.84,2993.21,3768.84,2993.21,Paid
10341,862,2025-09-05,2025-09-10,3768.84,2966.96,3768.84,2966.96,Paid
10342,862,2025-10-05,2025-10-08,3768.84,2940.7,3768.84,2940.7,Paid
10343,862,2025-11-05,2025-11-08,3768.84,2914.44,3768.84,2914.44,Paid
10344,862,2025-12-05,2025-12-05,3768.84,2888.19,3768.84,2888.19,Paid
10345,863,2025-01-05,,28152.22,13062.63,0.0,0.0,Unpaid
10346,863,2025-02-05,2025-02-05,28152.22,13062.63,28152.22,13062.63,Paid
10347,863,2025-03-05,2025-03-09,28152.22,12844.92,28152.22,12844.92,Paid
10348,863,2025-04-05,2025-04-08,28152.22,12627.21,28152.22,12627.21,Paid
10349,863,2025-05-05,2025-05-06,28152.22,12409.5,28152.22,12409.5,Paid
10350,863,2025-06-05,2025-06-10,28152.22,12191.79,28152.22,12191.79,Paid
10351,863,2025-07-05,,28152.22,11974.08,0.0,0.0,Unpaid
10352,863,2025-08-05,2025-08-09,28152.22,11974.08,28152.22,11974.08,Paid
10353,863,2025-09-05,2025-09-06,28152.22,11756.37,28152.22,11756.37,Paid
10354,863,2025-10-05,2025-10-07,28152.22,11538.66,28152.22,11538.66,Paid
10355,863,2025-11-05,2025-11-09,28152.22,11320.95,28152.22,11320.95,Paid
10356,863,2025-12-05,2025-12-05,28152.22,11103.24,28152.22,11103.24,Paid
10357,864,2025-01-05,2025-01-08,7508.48,4760.38,7508.48,4760.38,Paid
10358,864,2025-02-05,2025-02-10,7508.48,4681.04,7508.48,4681.04,Paid
10359,864,2025-03-05,2025-03-10,7508.48,4601.7,7508.48,4601.7,Paid
10360,864,2025-04-05,2025-04-09,7508.48,4522.36,7508.48,4522.36,Paid
10361,864,2025-05-05,2025-05-09,7508.48,4443.02,7508.48,4443.02,Paid
10362,864,2025-06-05,2025-06-05,7508.48,4363.68,7508.48,4363.68,Paid
10363,864,2025-07-05,2025-07-08,7508.48,4284.34,7508.48,4284.34,Paid
10364,864,2025-08-05,2025-08-05,7508.48,4205.0,7508.48,4205.0,Paid
10365,864,2025-09-05,2025-09-09,7508.48,4125.66,7508.48,4125.66,Paid
10366,864,2025-10-05,2025-10-08,7508.48,4046.32,7508.48,4046.32,Paid
10367,864,2025-11-05,2025-11-08,7508.48,3966.98,7508.48,3966.98,Paid
10368,864,2025-12-05,2025-12-09,7508.48,3887.64,7508.48,3887.64,Paid
10369,865,2025-01-05,2025-01-08,22797.51,9992.15,22797.51,9992.15,Paid
10370,865,2025-02-05,2025-02-10,22797.51,9714.59,22797.51,9714.59,Paid
10371,865,2025-03-05,2025-03-05,22797.51,9437.03,22797.51,9437.03,Paid
10372,865,2025-04-05,2025-04-05,22797.51,9159.47,22797.51,9159.47,Paid
10373,865,2025-05-05,2025-05-09,22797.51,8881.91,22797.51,8881.91,Paid
10374,865,2025-06-05,2025-06-10,22797.51,8604.35,22797.51,8604.35,Paid
10375,865,2025-07-05,2025-07-07,22797.51,8326.79,22797.51,8326.79,Paid
10376,865,2025-08-05,2025-08-05,22797.51,8049.23,22797.51,8049.23,Paid
10377,865,2025-09-05,2025-09-08,22797.51,7771.67,22797.51,7771.67,Paid
10378,865,2025-10-05,2025-10-10,22797.51,7494.11,22797.51,7494.11,Paid
10379,865,2025-11-05,2025-11-10,22797.51,7216.55,22797.51,7216.55,Paid
10380,865,2025-12-05,2025-12-05,22797.51,6938.99,22797.51,6938.99,Paid
10381,866,2025-01-05,2025-01-10,44162.11,23118.86,44162.11,23118.86,Paid
10382,866,2025-02-05,2025-02-05,44162.11,22733.55,44162.11,22733.55,Paid
10383,866,2025-03-05,2025-03-07,44162.11,22348.23,44162.11,22348.23,Paid
10384,866,2025-04-05,2025-04-09,44162.11,21962.92,44162.11,21962.92,Paid
10385,866,2025-05-05,2025-05-10,44162.11,21577.61,44162.11,21577.61,Paid
10386,866,2025-06-05,2025-06-07,44162.11,21192.29,44162.11,21192.29,Paid
10387,866,2025-07-05,2025-07-07,44162.11,20806.98,44162.11,20806.98,Paid
10388,866,2025-08-05,2025-08-07,44162.11,20421.66,44162.11,20421.66,Paid
10389,866,2025-09-05,2025-09-09,44162.11,20036.35,44162.11,20036.35,Paid
10390,866,2025-10-05,2025-10-07,44162.11,19651.03,44162.11,19651.03,Paid
10391,866,2025-11-05,2025-11-06,44162.11,19265.72,44162.11,19265.72,Paid
10392,866,2025-12-05,2025-12-06,44162.11,18880.4,44162.11,18880.4,Paid
10393,867,2025-01-05,2025-01-10,73402.47,38029.82,73402.47,38029.82,Paid
10394,867,2025-02-05,2025-02-09,73402.47,36973.44,73402.47,36973.44,Paid
10395,867,2025-03-05,2025-03-10,73402.47,35917.05,73402.47,35917.05,Paid
10396,867,2025-04-05,2025-04-06,73402.47,34860.67,73402.47,34860.67,Paid
10397,867,2025-05-05,2025-05-07,73402.47,33804.28,73402.47,33804.28,Paid
10398,867,2025-06-05,2025-06-07,73402.47,32747.9,73402.47,32747.9,Paid
10399,867,2025-07-05,2025-07-10,73402.47,31691.52,73402.47,31691.52,Paid
10400,867,2025-08-05,2025-08-07,73402.47,30635.13,73402.47,30635.13,Paid
10401,867,2025-09-05,2025-09-05,73402.47,29578.75,73402.47,29578.75,Paid
10402,867,2025-10-05,2025-10-07,73402.47,28522.36,73402.47,28522.36,Paid
10403,867,2025-11-05,2025-11-09,73402.47,27465.98,73402.47,27465.98,Paid
10404,867,2025-12-05,,73402.47,26409.6,0.0,0.0,Unpaid
10405,868,2025-01-05,2025-01-07,3954.09,3163.27,3954.09,3163.27,Paid
10406,868,2025-02-05,2025-02-09,3954.09,3110.55,3954.09,3110.55,Paid
10407,868,2025-03-05,2025-03-06,3954.09,3057.83,3954.09,3057.83,Paid
10408,868,2025-04-05,2025-04-10,3954.09,3005.11,3954.09,3005.11,Paid
10409,868,2025-05-05,,3954.09,2952.39,0.0,0.0,Unpaid
10410,868,2025-06-05,2025-06-10,3954.09,2952.39,3954.09,2952.39,Paid
10411,868,2025-07-05,2025-07-07,3954.09,2899.67,3954.09,2899.67,Paid
10412,868,2025-08-05,2025-08-10,3954.09,2846.94,3954.09,2846.94,Paid
10413,868,2025-09-05,2025-09-07,3954.09,2794.22,3954.09,2794.22,Paid
10414,868,2025-10-05,2025-10-08,3954.09,2741.5,3954.09,2741.5,Paid
10415,868,2025-11-05,2025-11-07,3954.09,2688.78,3954.09,2688.78,Paid
10416,868,2025-12-05,2025-12-10,3954.09,2636.06,3954.09,2636.06,Paid
10417,869,2025-01-05,2025-01-08,30916.92,5156.94,30916.92,5156.94,Paid
10418,869,2025-02-05,2025-02-09,30916.92,4942.07,30916.92,4942.07,Paid
10419,869,2025-03-05,2025-03-05,30916.92,4727.2,30916.92,4727.2,Paid
10420,869,2025-04-05,2025-04-06,30916.92,4512.32,30916.92,4512.32,Paid
10421,869,2025-05-05,2025-05-05,30916.92,4297.45,30916.92,4297.45,Paid
10422,869,2025-06-05,2025-06-08,30916.92,4082.58,30916.92,4082.58,Paid
10423,869,2025-07-05,2025-07-07,30916.92,3867.71,30916.92,3867.71,Paid
10424,869,2025-08-05,2025-08-07,30916.92,3652.83,30916.92,3652.83,Paid
10425,869,2025-09-05,2025-09-05,30916.92,3437.96,30916.92,3437.96,Paid
10426,869,2025-10-05,2025-10-06,30916.92,3223.09,30916.92,3223.09,Paid
10427,869,2025-11-05,2025-11-08,30916.92,3008.22,30916.92,3008.22,Paid
10428,869,2025-12-05,2025-12-10,30916.92,2793.34,30916.92,2793.34,Paid
10429,870,2025-01-05,2025-01-08,34049.24,6871.14,34049.24,6871.14,Paid
10430,870,2025-02-05,2025-02-10,34049.24,6584.84,34049.24,6584.84,Paid
10431,870,2025-03-05,2025-03-07,34049.24,6298.54,34049.24,6298.54,Paid
10432,870,2025-04-05,2025-04-10,34049.24,6012.25,34049.24,6012.25,Paid
10433,870,2025-05-05,,34049.24,5725.95,0.0,0.0,Unpaid
10434,870,2025-06-05,2025-06-05,34049.24,5725.95,34049.24,5725.95,Paid
10435,870,2025-07-05,2025-07-09,34049.24,5439.65,34049.24,5439.65,Paid
10436,870,2025-08-05,2025-08-10,34049.24,5153.35,34049.24,5153.35,Paid
10437,870,2025-09-05,2025-09-08,34049.24,4867.06,34049.24,4867.06,Paid
10438,870,2025-10-05,2025-10-10,34049.24,4580.76,34049.24,4580.76,Paid
10439,870,2025-11-05,2025-11-07,34049.24,4294.46,34049.24,4294.46,Paid
10440,870,2025-12-05,2025-12-10,34049.24,4008.16,34049.24,4008.16,Paid
10441,871,2025-01-05,2025-01-08,10898.12,14189.35,10898.12,14189.35,Paid
10442,871,2025-02-05,2025-02-06,10898.12,14071.1,10898.12,14071.1,Paid
10443,871,2025-03-05,2025-03-05,10898.12,13952.86,10898.12,13952.86,Paid
10444,871,2025-04-05,2025-04-08,10898.12,13834.61,10898.12,13834.61,Paid
10445,871,2025-05-05,2025-05-07,10898.12,13716.37,10898.12,13716.37,Paid
10446,871,2025-06-05,2025-06-07,10898.12,13598.12,10898.12,13598.12,Paid
10447,871,2025-07-05,2025-07-06,10898.12,13479.88,10898.12,13479.88,Paid
10448,871,2025-08-05,2025-08-07,10898.12,13361.63,10898.12,13361.63,Paid
10449,871,2025-09-05,2025-09-08,10898.12,13243.39,10898.12,13243.39,Paid
10450,871,2025-10-05,2025-10-06,10898.12,13125.15,10898.12,13125.15,Paid
10451,871,2025-11-05,2025-11-08,10898.12,13006.9,10898.12,13006.9,Paid
10452,871,2025-12-05,,10898.12,12888.66,0.0,0.0,Unpaid
10453,872,2025-01-05,2025-01-05,10830.24,12952.97,10830.24,12952.97,Paid
10454,872,2025-02-05,2025-02-07,10830.24,12845.03,10830.24,12845.03,Paid
10455,872,2025-03-05,2025-03-07,10830.24,12737.09,10830.24,12737.09,Paid
10456,872,2025-04-05,2025-04-08,10830.24,12629.15,10830.24,12629.15,Paid
10457,872,2025-05-05,2025-05-08,10830.24,12521.21,10830.24,12521.21,Paid
10458,872,2025-06-05,2025-06-08,10830.24,12413.26,10830.24,12413.26,Paid
10459,872,2025-07-05,2025-07-05,10830.24,12305.32,10830.24,12305.32,Paid
10460,872,2025-08-05,2025-08-08,10830.24,12197.38,10830.24,12197.38,Paid
10461,872,2025-09-05,2025-09-09,10830.24,12089.44,10830.24,12089.44,Paid
10462,872,2025-10-05,2025-10-05,10830.24,11981.5,10830.24,11981.5,Paid
10463,872,2025-11-05,2025-11-05,10830.24,11873.56,10830.24,11873.56,Paid
10464,872,2025-12-05,2025-12-10,10830.24,11765.62,10830.24,11765.62,Paid
10465,873,2025-01-05,2025-01-06,8846.21,7435.24,8846.21,7435.24,Paid
10466,873,2025-02-05,2025-02-08,8846.21,7311.32,8846.21,7311.32,Paid
10467,873,2025-03-05,2025-03-07,8846.21,7187.4,8846.21,7187.4,Paid
10468,873,2025-04-05,2025-04-08,8846.21,7063.48,8846.21,7063.48,Paid
10469,873,2025-05-05,2025-05-06,8846.21,6939.55,8846.21,6939.55,Paid
10470,873,2025-06-05,2025-06-10,8846.21,6815.63,8846.21,6815.63,Paid
10471,873,2025-07-05,,8846.21,6691.71,0.0,0.0,Unpaid
10472,873,2025-08-05,2025-08-06,8846.21,6691.71,8846.21,6691.71,Paid
10473,873,2025-09-05,2025-09-05,8846.21,6567.79,8846.21,6567.79,Paid
10474,873,2025-10-05,2025-10-10,8846.21,6443.87,8846.21,6443.87,Paid
10475,873,2025-11-05,,8846.21,6319.95,0.0,0.0,Unpaid
10476,873,2025-12-05,2025-12-05,8846.21,6319.95,8846.21,6319.95,Paid
10477,874,2025-01-05,2025-01-06,24986.58,6926.28,24986.58,6926.28,Paid
10478,874,2025-02-05,2025-02-07,24986.58,6637.69,24986.58,6637.69,Paid
10479,874,2025-03-05,2025-03-09,24986.58,6349.09,24986.58,6349.09,Paid
10480,874,2025-04-05,2025-04-05,24986.58,6060.5,24986.58,6060.5,Paid
10481,874,2025-05-05,2025-05-10,24986.58,5771.9,24986.58,5771.9,Paid
10482,874,2025-06-05,2025-06-07,24986.58,5483.31,24986.58,5483.31,Paid
10483,874,2025-07-05,2025-07-05,24986.58,5194.71,24986.58,5194.71,Paid
10484,874,2025-08-05,2025-08-06,24986.58,4906.12,24986.58,4906.12,Paid
10485,874,2025-09-05,2025-09-06,24986.58,4617.52,24986.58,4617.52,Paid
10486,874,2025-10-05,2025-10-06,24986.58,4328.93,24986.58,4328.93,Paid
10487,874,2025-11-05,2025-11-09,24986.58,4040.33,24986.58,4040.33,Paid
10488,874,2025-12-05,2025-12-06,24986.58,3751.74,24986.58,3751.74,Paid
10489,875,2025-01-05,2025-01-07,6017.79,10164.04,6017.79,10164.04,Paid
10490,875,2025-02-05,,6017.79,10079.34,0.0,0.0,Unpaid
10491,875,2025-03-05,2025-03-06,6017.79,10079.34,6017.79,10079.34,Paid
10492,875,2025-04-05,2025-04-06,6017.79,9994.64,6017.79,9994.64,Paid
10493,875,2025-05-05,2025-05-09,6017.79,9909.94,6017.79,9909.94,Paid
10494,875,2025-06-05,2025-06-07,6017.79,9825.24,6017.79,9825.24,Paid
10495,875,2025-07-05,2025-07-07,6017.79,9740.54,6017.79,9740.54,Paid
10496,875,2025-08-05,2025-08-08,6017.79,9655.84,6017.79,9655.84,Paid
10497,875,2025-09-05,2025-09-09,6017.79,9571.14,6017.79,9571.14,Paid
10498,875,2025-10-05,2025-10-10,6017.79,9486.44,6017.79,9486.44,Paid
10499,875,2025-11-05,2025-11-10,6017.79,9401.74,6017.79,9401.74,Paid
10500,875,2025-12-05,2025-12-07,6017.79,9317.04,6017.79,9317.04,Paid
10501,876,2025-01-05,2025-01-08,11514.56,20242.59,11514.56,20242.59,Paid
10502,876,2025-02-05,2025-02-05,11514.56,20073.91,11514.56,20073.91,Paid
10503,876,2025-03-05,2025-03-09,11514.56,19905.22,11514.56,19905.22,Paid
10504,876,2025-04-05,2025-04-10,11514.56,19736.53,11514.56,19736.53,Paid
10505,876,2025-05-05,2025-05-07,11514.56,19567.84,11514.56,19567.84,Paid
10506,876,2025-06-05,2025-06-10,11514.56,19399.15,11514.56,19399.15,Paid
10507,876,2025-07-05,2025-07-10,11514.56,19230.46,11514.56,19230.46,Paid
10508,876,2025-08-05,2025-08-08,11514.56,19061.78,11514.56,19061.78,Paid
10509,876,2025-09-05,2025-09-07,11514.56,18893.09,11514.56,18893.09,Paid
10510,876,2025-10-05,2025-10-07,11514.56,18724.4,11514.56,18724.4,Paid
10511,876,2025-11-05,2025-11-07,11514.56,18555.71,11514.56,18555.71,Paid
10512,876,2025-12-05,2025-12-06,11514.56,18387.02,11514.56,18387.02,Paid
10513,877,2025-01-05,2025-01-08,13697.4,7122.65,13697.4,7122.65,Paid
10514,877,2025-02-05,2025-02-08,13697.4,7003.94,13697.4,7003.94,Paid
10515,877,2025-03-05,2025-03-06,13697.4,6885.22,13697.4,6885.22,Paid
10516,877,2025-04-05,2025-04-06,13697.4,6766.51,13697.4,6766.51,Paid
10517,877,2025-05-05,2025-05-09,13697.4,6647.8,13697.4,6647.8,Paid
10518,877,2025-06-05,2025-06-10,13697.4,6529.09,13697.4,6529.09,Paid
10519,877,2025-07-05,2025-07-09,13697.4,6410.38,13697.4,6410.38,Paid
10520,877,2025-08-05,2025-08-09,13697.4,6291.67,13697.4,6291.67,Paid
10521,877,2025-09-05,2025-09-07,13697.4,6172.96,13697.4,6172.96,Paid
10522,877,2025-10-05,2025-10-08,13697.4,6054.25,13697.4,6054.25,Paid
10523,877,2025-11-05,2025-11-07,13697.4,5935.54,13697.4,5935.54,Paid
10524,877,2025-12-05,2025-12-07,13697.4,5816.83,13697.4,5816.83,Paid
10525,878,2025-01-05,2025-01-09,9056.99,11629.17,9056.99,11629.17,Paid
10526,878,2025-02-05,2025-02-07,9056.99,11532.26,9056.99,11532.26,Paid
10527,878,2025-03-05,2025-03-06,9056.99,11435.35,9056.99,11435.35,Paid
10528,878,2025-04-05,2025-04-07,9056.99,11338.45,9056.99,11338.45,Paid
10529,878,2025-05-05,2025-05-07,9056.99,11241.54,9056.99,11241.54,Paid
10530,878,2025-06-05,2025-06-08,9056.99,11144.63,9056.99,11144.63,Paid
10531,878,2025-07-05,2025-07-08,9056.99,11047.72,9056.99,11047.72,Paid
10532,878,2025-08-05,2025-08-06,9056.99,10950.81,9056.99,10950.81,Paid
10533,878,2025-09-05,2025-09-10,9056.99,10853.9,9056.99,10853.9,Paid
10534,878,2025-10-05,,9056.99,10756.99,0.0,0.0,Unpaid
10535,878,2025-11-05,2025-11-09,9056.99,10756.99,9056.99,10756.99,Paid
10536,878,2025-12-05,2025-12-06,9056.99,10660.08,9056.99,10660.08,Paid
10537,879,2025-01-05,2025-01-05,25049.7,24273.16,25049.7,24273.16,Paid
10538,879,2025-02-05,2025-02-08,25049.7,24070.88,25049.7,24070.88,Paid
10539,879,2025-03-05,2025-03-08,25049.7,23868.61,25049.7,23868.61,Paid
10540,879,2025-04-05,2025-04-08,25049.7,23666.33,25049.7,23666.33,Paid
10541,879,2025-05-05,2025-05-09,25049.7,23464.05,25049.7,23464.05,Paid
10542,879,2025-06-05,2025-06-06,25049.7,23261.78,25049.7,23261.78,Paid
10543,879,2025-07-05,2025-07-07,25049.7,23059.5,25049.7,23059.5,Paid
10544,879,2025-08-05,2025-08-08,25049.7,22857.22,25049.7,22857.22,Paid
10545,879,2025-09-05,2025-09-08,25049.7,22654.95,25049.7,22654.95,Paid
10546,879,2025-10-05,2025-10-09,25049.7,22452.67,25049.7,22452.67,Paid
10547,879,2025-11-05,2025-11-10,25049.7,22250.4,25049.7,22250.4,Paid
10548,879,2025-12-05,2025-12-09,25049.7,22048.12,25049.7,22048.12,Paid
10549,880,2025-01-05,2025-01-07,18402.12,3533.21,18402.12,3533.21,Paid
10550,880,2025-02-05,2025-02-09,18402.12,3385.99,18402.12,3385.99,Paid
10551,880,2025-03-05,2025-03-10,18402.12,3238.77,18402.12,3238.77,Paid
10552,880,2025-04-05,2025-04-06,18402.12,3091.56,18402.12,3091.56,Paid
10553,880,2025-05-05,2025-05-06,18402.12,2944.34,18402.12,2944.34,Paid
10554,880,2025-06-05,2025-06-08,18402.12,2797.12,18402.12,2797.12,Paid
10555,880,2025-07-05,2025-07-05,18402.12,2649.9,18402.12,2649.9,Paid
10556,880,2025-08-05,2025-08-06,18402.12,2502.69,18402.12,2502.69,Paid
10557,880,2025-09-05,2025-09-05,18402.12,2355.47,18402.12,2355.47,Paid
10558,880,2025-10-05,2025-10-08,18402.12,2208.25,18402.12,2208.25,Paid
10559,880,2025-11-05,2025-11-05,18402.12,2061.04,18402.12,2061.04,Paid
10560,880,2025-12-05,2025-12-05,18402.12,1913.82,18402.12,1913.82,Paid
10561,881,2025-01-05,2025-01-09,30210.13,9824.33,30210.13,9824.33,Paid
10562,881,2025-02-05,2025-02-10,30210.13,9414.99,30210.13,9414.99,Paid
10563,881,2025-03-05,2025-03-10,30210.13,9005.64,30210.13,9005.64,Paid
10564,881,2025-04-05,2025-04-07,30210.13,8596.29,30210.13,8596.29,Paid
10565,881,2025-05-05,2025-05-09,30210.13,8186.95,30210.13,8186.95,Paid
10566,881,2025-06-05,2025-06-08,30210.13,7777.6,30210.13,7777.6,Paid
10567,881,2025-07-05,2025-07-10,30210.13,7368.25,30210.13,7368.25,Paid
10568,881,2025-08-05,2025-08-06,30210.13,6958.9,30210.13,6958.9,Paid
10569,881,2025-09-05,2025-09-10,30210.13,6549.56,30210.13,6549.56,Paid
10570,881,2025-10-05,2025-10-09,30210.13,6140.21,30210.13,6140.21,Paid
10571,881,2025-11-05,2025-11-07,30210.13,5730.86,30210.13,5730.86,Paid
10572,881,2025-12-05,2025-12-10,30210.13,5321.51,30210.13,5321.51,Paid
10573,882,2025-01-05,2025-01-05,12192.91,6042.8,12192.91,6042.8,Paid
10574,882,2025-02-05,2025-02-05,12192.91,5874.95,12192.91,5874.95,Paid
10575,882,2025-03-05,2025-03-08,12192.91,5707.09,12192.91,5707.09,Paid
10576,882,2025-04-05,2025-04-09,12192.91,5539.24,12192.91,5539.24,Paid
10577,882,2025-05-05,2025-05-07,12192.91,5371.38,12192.91,5371.38,Paid
10578,882,2025-06-05,2025-06-10,12192.91,5203.53,12192.91,5203.53,Paid
10579,882,2025-07-05,2025-07-08,12192.91,5035.67,12192.91,5035.67,Paid
10580,882,2025-08-05,2025-08-08,12192.91,4867.81,12192.91,4867.81,Paid
10581,882,2025-09-05,2025-09-05,12192.91,4699.96,12192.91,4699.96,Paid
10582,882,2025-10-05,2025-10-08,12192.91,4532.1,12192.91,4532.1,Paid
10583,882,2025-11-05,,12192.91,4364.25,0.0,0.0,Unpaid
10584,882,2025-12-05,2025-12-09,12192.91,4364.25,12192.91,4364.25,Paid
10585,883,2025-01-05,2025-01-06,29446.52,11219.13,29446.52,11219.13,Paid
10586,883,2025-02-05,2025-02-06,29446.52,10907.48,29446.52,10907.48,Paid
10587,883,2025-03-05,2025-03-09,29446.52,10595.84,29446.52,10595.84,Paid
10588,883,2025-04-05,2025-04-10,29446.52,10284.2,29446.52,10284.2,Paid
10589,883,2025-05-05,2025-05-09,29446.52,9972.56,29446.52,9972.56,Paid
10590,883,2025-06-05,2025-06-06,29446.52,9660.91,29446.52,9660.91,Paid
10591,883,2025-07-05,2025-07-08,29446.52,9349.27,29446.52,9349.27,Paid
10592,883,2025-08-05,2025-08-05,29446.52,9037.63,29446.52,9037.63,Paid
10593,883,2025-09-05,2025-09-10,29446.52,8725.99,29446.52,8725.99,Paid
10594,883,2025-10-05,2025-10-06,29446.52,8414.34,29446.52,8414.34,Paid
10595,883,2025-11-05,2025-11-08,29446.52,8102.7,29446.52,8102.7,Paid
10596,883,2025-12-05,2025-12-08,29446.52,7791.06,29446.52,7791.06,Paid
10597,884,2025-01-05,2025-01-09,12753.52,5390.91,12753.52,5390.91,Paid
10598,884,2025-02-05,2025-02-09,12753.52,5241.16,12753.52,5241.16,Paid
10599,884,2025-03-05,2025-03-08,12753.52,5091.42,12753.52,5091.42,Paid
10600,884,2025-04-05,,12753.52,4941.67,0.0,0.0,Unpaid
10601,884,2025-05-05,2025-05-08,12753.52,4941.67,12753.52,4941.67,Paid
10602,884,2025-06-05,2025-06-07,12753.52,4791.92,12753.52,4791.92,Paid
10603,884,2025-07-05,2025-07-10,12753.52,4642.17,12753.52,4642.17,Paid
10604,884,2025-08-05,2025-08-10,12753.52,4492.43,12753.52,4492.43,Paid
10605,884,2025-09-05,2025-09-06,12753.52,4342.68,12753.52,4342.68,Paid
10606,884,2025-10-05,2025-10-07,12753.52,4192.93,12753.52,4192.93,Paid
10607,884,2025-11-05,2025-11-07,12753.52,4043.18,12753.52,4043.18,Paid
10608,884,2025-12-05,2025-12-08,12753.52,3893.44,12753.52,3893.44,Paid
10609,885,2025-01-05,2025-01-09,7785.82,11702.09,7785.82,11702.09,Paid
10610,885,2025-02-05,,7785.82,11604.58,0.0,0.0,Unpaid
10611,885,2025-03-05,2025-03-07,7785.82,11604.58,7785.82,11604.58,Paid
10612,885,2025-04-05,2025-04-05,7785.82,11507.06,7785.82,11507.06,Paid
10613,885,2025-05-05,2025-05-06,7785.82,11409.54,7785.82,11409.54,Paid
10614,885,2025-06-05,2025-06-05,7785.82,11312.02,7785.82,11312.02,Paid
10615,885,2025-07-05,2025-07-09,7785.82,11214.51,7785.82,11214.51,Paid
10616,885,2025-08-05,2025-08-09,7785.82,11116.99,7785.82,11116.99,Paid
10617,885,2025-09-05,2025-09-07,7785.82,11019.47,7785.82,11019.47,Paid
10618,885,2025-10-05,2025-10-05,7785.82,10921.96,7785.82,10921.96,Paid
10619,885,2025-11-05,2025-11-09,7785.82,10824.44,7785.82,10824.44,Paid
10620,885,2025-12-05,2025-12-05,7785.82,10726.92,7785.82,10726.92,Paid
10621,886,2025-01-05,2025-01-07,6610.21,9974.81,6610.21,9974.81,Paid
10622,886,2025-02-05,2025-02-10,6610.21,9891.69,6610.21,9891.69,Paid
10623,886,2025-03-05,2025-03-06,6610.21,9808.56,6610.21,9808.56,Paid
10624,886,2025-04-05,2025-04-06,6610.21,9725.44,6610.21,9725.44,Paid
10625,886,2025-05-05,2025-05-06,6610.21,9642.32,6610.21,9642.32,Paid
10626,886,2025-06-05,2025-06-09,6610.21,9559.19,6610.21,9559.19,Paid
10627,886,2025-07-05,2025-07-07,6610.21,9476.07,6610.21,9476.07,Paid
10628,886,2025-08-05,2025-08-05,6610.21,9392.95,6610.21,9392.95,Paid
10629,886,2025-09-05,2025-09-10,6610.21,9309.82,6610.21,9309.82,Paid
10630,886,2025-10-05,2025-10-09,6610.21,9226.7,6610.21,9226.7,Paid
10631,886,2025-11-05,2025-11-10,6610.21,9143.58,6610.21,9143.58,Paid
10632,886,2025-12-05,2025-12-10,6610.21,9060.45,6610.21,9060.45,Paid
10633,887,2025-01-05,2025-01-05,10842.87,16795.6,10842.87,16795.6,Paid
10634,887,2025-02-05,2025-02-09,10842.87,16655.64,10842.87,16655.64,Paid
10635,887,2025-03-05,2025-03-09,10842.87,16515.67,10842.87,16515.67,Paid
10636,887,2025-04-05,2025-04-05,10842.87,16375.71,10842.87,16375.71,Paid
10637,887,2025-05-05,2025-05-08,10842.87,16235.75,10842.87,16235.75,Paid
10638,887,2025-06-05,2025-06-09,10842.87,16095.78,10842.87,16095.78,Paid
10639,887,2025-07-05,2025-07-09,10842.87,15955.82,10842.87,15955.82,Paid
10640,887,2025-08-05,2025-08-07,10842.87,15815.86,10842.87,15815.86,Paid
10641,887,2025-09-05,2025-09-07,10842.87,15675.89,10842.87,15675.89,Paid
10642,887,2025-10-05,2025-10-05,10842.87,15535.93,10842.87,15535.93,Paid
10643,887,2025-11-05,2025-11-09,10842.87,15395.97,10842.87,15395.97,Paid
10644,887,2025-12-05,2025-12-05,10842.87,15256.0,10842.87,15256.0,Paid
10645,888,2025-01-05,2025-01-06,34678.06,18611.71,34678.06,18611.71,Paid
10646,888,2025-02-05,2025-02-06,34678.06,18094.72,34678.06,18094.72,Paid
10647,888,2025-03-05,2025-03-05,34678.06,17577.73,34678.06,17577.73,Paid
10648,888,2025-04-05,,34678.06,17060.74,0.0,0.0,Unpaid
10649,888,2025-05-05,2025-05-09,34678.06,17060.74,34678.06,17060.74,Paid
10650,888,2025-06-05,2025-06-06,34678.06,16543.75,34678.06,16543.75,Paid
10651,888,2025-07-05,2025-07-10,34678.06,16026.75,34678.06,16026.75,Paid
10652,888,2025-08-05,2025-08-05,34678.06,15509.76,34678.06,15509.76,Paid
10653,888,2025-09-05,2025-09-06,34678.06,14992.77,34678.06,14992.77,Paid
10654,888,2025-10-05,2025-10-06,34678.06,14475.78,34678.06,14475.78,Paid
10655,888,2025-11-05,2025-11-08,34678.06,13958.78,34678.06,13958.78,Paid
10656,888,2025-12-05,2025-12-08,34678.06,13441.79,34678.06,13441.79,Paid
10657,889,2025-01-05,2025-01-08,2127.0,3624.41,2127.0,3624.41,Paid
10658,889,2025-02-05,2025-02-10,2127.0,3594.21,2127.0,3594.21,Paid
10659,889,2025-03-05,2025-03-07,2127.0,3564.01,2127.0,3564.01,Paid
10660,889,2025-04-05,2025-04-06,2127.0,3533.8,2127.0,3533.8,Paid
10661,889,2025-05-05,2025-05-10,2127.0,3503.6,2127.0,3503.6,Paid
10662,889,2025-06-05,2025-06-08,2127.0,3473.4,2127.0,3473.4,Paid
10663,889,2025-07-05,2025-07-05,2127.0,3443.19,2127.0,3443.19,Paid
10664,889,2025-08-05,2025-08-09,2127.0,3412.99,2127.0,3412.99,Paid
10665,889,2025-09-05,2025-09-09,2127.0,3382.79,2127.0,3382.79,Paid
10666,889,2025-10-05,2025-10-05,2127.0,3352.58,2127.0,3352.58,Paid
10667,889,2025-11-05,2025-11-10,2127.0,3322.38,2127.0,3322.38,Paid
10668,889,2025-12-05,2025-12-07,2127.0,3292.18,2127.0,3292.18,Paid
10669,890,2025-01-05,2025-01-06,8819.23,6420.4,8819.23,6420.4,Paid
10670,890,2025-02-05,2025-02-09,8819.23,6313.4,8819.23,6313.4,Paid
10671,890,2025-03-05,2025-03-07,8819.23,6206.39,8819.23,6206.39,Paid
10672,890,2025-04-05,2025-04-09,8819.23,6099.38,8819.23,6099.38,Paid
10673,890,2025-05-05,2025-05-07,8819.23,5992.38,8819.23,5992.38,Paid
10674,890,2025-06-05,2025-06-06,8819.23,5885.37,8819.23,5885.37,Paid
10675,890,2025-07-05,2025-07-10,8819.23,5778.36,8819.23,5778.36,Paid
10676,890,2025-08-05,2025-08-10,8819.23,5671.36,8819.23,5671.36,Paid
10677,890,2025-09-05,2025-09-10,8819.23,5564.35,8819.23,5564.35,Paid
10678,890,2025-10-05,2025-10-05,8819.23,5457.34,8819.23,5457.34,Paid
10679,890,2025-11-05,2025-11-08,8819.23,5350.34,8819.23,5350.34,Paid
10680,890,2025-12-05,2025-12-05,8819.23,5243.33,8819.23,5243.33,Paid
10681,891,2025-01-05,2025-01-06,48314.8,14987.25,48314.8,14987.25,Paid
10682,891,2025-02-05,2025-02-05,48314.8,14362.78,48314.8,14362.78,Paid
10683,891,2025-03-05,2025-03-05,48314.8,13738.31,48314.8,13738.31,Paid
10684,891,2025-04-05,2025-04-09,48314.8,13113.84,48314.8,13113.84,Paid
10685,891,2025-05-05,2025-05-05,48314.8,12489.37,48314.8,12489.37,Paid
10686,891,2025-06-05,2025-06-06,48314.8,11864.91,48314.8,11864.91,Paid
10687,891,2025-07-05,2025-07-07,48314.8,11240.44,48314.8,11240.44,Paid
10688,891,2025-08-05,2025-08-06,48314.8,10615.97,48314.8,10615.97,Paid
10689,891,2025-09-05,2025-09-09,48314.8,9991.5,48314.8,9991.5,Paid
10690,891,2025-10-05,2025-10-05,48314.8,9367.03,48314.8,9367.03,Paid
10691,891,2025-11-05,,48314.8,8742.56,0.0,0.0,Unpaid
10692,891,2025-12-05,2025-12-05,48314.8,8742.56,48314.8,8742.56,Paid
10693,892,2025-01-05,2025-01-05,12224.93,5764.05,12224.93,5764.05,Paid
10694,892,2025-02-05,2025-02-09,12224.93,5667.99,12224.93,5667.99,Paid
10695,892,2025-03-05,2025-03-10,12224.93,5571.92,12224.93,5571.92,Paid
10696,892,2025-04-05,2025-04-08,12224.93,5475.85,12224.93,5475.85,Paid
10697,892,2025-05-05,2025-05-05,12224.93,5379.78,12224.93,5379.78,Paid
10698,892,2025-06-05,2025-06-07,12224.93,5283.71,12224.93,5283.71,Paid
10699,892,2025-07-05,2025-07-05,12224.93,5187.65,12224.93,5187.65,Paid
10700,892,2025-08-05,2025-08-05,12224.93,5091.58,12224.93,5091.58,Paid
10701,892,2025-09-05,2025-09-09,12224.93,4995.51,12224.93,4995.51,Paid
10702,892,2025-10-05,,12224.93,4899.44,0.0,0.0,Unpaid
10703,892,2025-11-05,2025-11-07,12224.93,4899.44,12224.93,4899.44,Paid
10704,892,2025-12-05,2025-12-10,12224.93,4803.38,12224.93,4803.38,Paid
10705,893,2025-01-05,2025-01-06,82403.35,23204.78,82403.35,23204.78,Paid
10706,893,2025-02-05,2025-02-08,82403.35,22237.92,82403.35,22237.92,Paid
10707,893,2025-03-05,2025-03-05,82403.35,21271.05,82403.35,21271.05,Paid
10708,893,2025-04-05,2025-04-05,82403.35,20304.18,82403.35,20304.18,Paid
10709,893,2025-05-05,2025-05-05,82403.35,19337.32,82403.35,19337.32,Paid
10710,893,2025-06-05,2025-06-07,82403.35,18370.45,82403.35,18370.45,Paid
10711,893,2025-07-05,2025-07-07,82403.35,17403.59,82403.35,17403.59,Paid
10712,893,2025-08-05,2025-08-05,82403.35,16436.72,82403.35,16436.72,Paid
10713,893,2025-09-05,,82403.35,15469.86,0.0,0.0,Unpaid
10714,893,2025-10-05,2025-10-10,82403.35,15469.86,82403.35,15469.86,Paid
10715,893,2025-11-05,2025-11-05,82403.35,14502.99,82403.35,14502.99,Paid
10716,893,2025-12-05,2025-12-10,82403.35,13536.12,82403.35,13536.12,Paid
10717,894,2025-01-05,2025-01-09,8062.47,4583.52,8062.47,4583.52,Paid
10718,894,2025-02-05,2025-02-08,8062.47,4507.12,8062.47,4507.12,Paid
10719,894,2025-03-05,2025-03-09,8062.47,4430.73,8062.47,4430.73,Paid
10720,894,2025-04-05,,8062.47,4354.34,0.0,0.0,Unpaid
10721,894,2025-05-05,2025-05-08,8062.47,4354.34,8062.47,4354.34,Paid
10722,894,2025-06-05,2025-06-10,8062.47,4277.95,8062.47,4277.95,Paid
10723,894,2025-07-05,2025-07-09,8062.47,4201.56,8062.47,4201.56,Paid
10724,894,2025-08-05,2025-08-08,8062.47,4125.16,8062.47,4125.16,Paid
10725,894,2025-09-05,2025-09-08,8062.47,4048.77,8062.47,4048.77,Paid
10726,894,2025-10-05,2025-10-06,8062.47,3972.38,8062.47,3972.38,Paid
10727,894,2025-11-05,2025-11-05,8062.47,3895.99,8062.47,3895.99,Paid
10728,894,2025-12-05,2025-12-10,8062.47,3819.6,8062.47,3819.6,Paid
10729,895,2025-01-05,2025-01-10,15290.8,5123.95,15290.8,5123.95,Paid
10730,895,2025-02-05,2025-02-10,15290.8,4981.61,15290.8,4981.61,Paid
10731,895,2025-03-05,2025-03-05,15290.8,4839.28,15290.8,4839.28,Paid
10732,895,2025-04-05,2025-04-05,15290.8,4696.95,15290.8,4696.95,Paid
10733,895,2025-05-05,2025-05-10,15290.8,4554.62,15290.8,4554.62,Paid
10734,895,2025-06-05,2025-06-10,15290.8,4412.29,15290.8,4412.29,Paid
10735,895,2025-07-05,2025-07-10,15290.8,4269.96,15290.8,4269.96,Paid
10736,895,2025-08-05,,15290.8,4127.62,0.0,0.0,Unpaid
10737,895,2025-09-05,2025-09-07,15290.8,4127.62,15290.8,4127.62,Paid
10738,895,2025-10-05,,15290.8,3985.29,0.0,0.0,Unpaid
10739,895,2025-11-05,2025-11-07,15290.8,3985.29,15290.8,3985.29,Paid
10740,895,2025-12-05,2025-12-05,15290.8,3842.96,15290.8,3842.96,Paid
10741,896,2025-01-05,2025-01-08,6900.17,4950.87,6900.17,4950.87,Paid
10742,896,2025-02-05,2025-02-07,6900.17,4868.36,6900.17,4868.36,Paid
10743,896,2025-03-05,2025-03-08,6900.17,4785.85,6900.17,4785.85,Paid
10744,896,2025-04-05,2025-04-08,6900.17,4703.33,6900.17,4703.33,Paid
10745,896,2025-05-05,2025-05-10,6900.17,4620.82,6900.17,4620.82,Paid
10746,896,2025-06-05,2025-06-06,6900.17,4538.3,6900.17,4538.3,Paid
10747,896,2025-07-05,2025-07-05,6900.17,4455.79,6900.17,4455.79,Paid
10748,896,2025-08-05,2025-08-07,6900.17,4373.27,6900.17,4373.27,Paid
10749,896,2025-09-05,2025-09-07,6900.17,4290.76,6900.17,4290.76,Paid
10750,896,2025-10-05,2025-10-05,6900.17,4208.24,6900.17,4208.24,Paid
10751,896,2025-11-05,2025-11-06,6900.17,4125.73,6900.17,4125.73,Paid
10752,896,2025-12-05,2025-12-07,6900.17,4043.22,6900.17,4043.22,Paid
10753,897,2025-01-05,2025-01-10,24231.96,11122.47,24231.96,11122.47,Paid
10754,897,2025-02-05,2025-02-09,24231.96,10937.09,24231.96,10937.09,Paid
10755,897,2025-03-05,2025-03-06,24231.96,10751.72,24231.96,10751.72,Paid
10756,897,2025-04-05,2025-04-10,24231.96,10566.35,24231.96,10566.35,Paid
10757,897,2025-05-05,2025-05-09,24231.96,10380.97,24231.96,10380.97,Paid
10758,897,2025-06-05,2025-06-10,24231.96,10195.6,24231.96,10195.6,Paid
10759,897,2025-07-05,2025-07-07,24231.96,10010.22,24231.96,10010.22,Paid
10760,897,2025-08-05,2025-08-08,24231.96,9824.85,24231.96,9824.85,Paid
10761,897,2025-09-05,2025-09-10,24231.96,9639.47,24231.96,9639.47,Paid
10762,897,2025-10-05,2025-10-05,24231.96,9454.1,24231.96,9454.1,Paid
10763,897,2025-11-05,2025-11-09,24231.96,9268.72,24231.96,9268.72,Paid
10764,897,2025-12-05,2025-12-09,24231.96,9083.35,24231.96,9083.35,Paid
10765,898,2025-01-05,2025-01-09,13832.05,8368.39,13832.05,8368.39,Paid
10766,898,2025-02-05,2025-02-08,13832.05,8228.92,13832.05,8228.92,Paid
10767,898,2025-03-05,2025-03-07,13832.05,8089.44,13832.05,8089.44,Paid
10768,898,2025-04-05,2025-04-10,13832.05,7949.97,13832.05,7949.97,Paid
10769,898,2025-05-05,2025-05-06,13832.05,7810.5,13832.05,7810.5,Paid
10770,898,2025-06-05,2025-06-09,13832.05,7671.02,13832.05,7671.02,Paid
10771,898,2025-07-05,2025-07-06,13832.05,7531.55,13832.05,7531.55,Paid
10772,898,2025-08-05,2025-08-05,13832.05,7392.08,13832.05,7392.08,Paid
10773,898,2025-09-05,2025-09-06,13832.05,7252.6,13832.05,7252.6,Paid
10774,898,2025-10-05,2025-10-09,13832.05,7113.13,13832.05,7113.13,Paid
10775,898,2025-11-05,2025-11-09,13832.05,6973.66,13832.05,6973.66,Paid
10776,898,2025-12-05,2025-12-08,13832.05,6834.18,13832.05,6834.18,Paid
10777,899,2025-01-05,2025-01-09,12269.14,4700.31,12269.14,4700.31,Paid
10778,899,2025-02-05,,12269.14,4569.74,0.0,0.0,Unpaid
10779,899,2025-03-05,2025-03-10,12269.14,4569.74,12269.14,4569.74,Paid
10780,899,2025-04-05,2025-04-07,12269.14,4439.18,12269.14,4439.18,Paid
10781,899,2025-05-05,2025-05-10,12269.14,4308.61,12269.14,4308.61,Paid
10782,899,2025-06-05,2025-06-10,12269.14,4178.05,12269.14,4178.05,Paid
10783,899,2025-07-05,2025-07-06,12269.14,4047.49,12269.14,4047.49,Paid
10784,899,2025-08-05,2025-08-08,12269.14,3916.92,12269.14,3916.92,Paid
10785,899,2025-09-05,2025-09-09,12269.14,3786.36,12269.14,3786.36,Paid
10786,899,2025-10-05,2025-10-10,12269.14,3655.79,12269.14,3655.79,Paid
10787,899,2025-11-05,2025-11-08,12269.14,3525.23,12269.14,3525.23,Paid
10788,899,2025-12-05,2025-12-05,12269.14,3394.67,12269.14,3394.67,Paid
10789,900,2025-01-05,2025-01-06,26692.72,7287.11,26692.72,7287.11,Paid
10790,900,2025-02-05,2025-02-09,26692.72,6983.48,26692.72,6983.48,Paid
10791,900,2025-03-05,2025-03-07,26692.72,6679.85,26692.72,6679.85,Paid
10792,900,2025-04-05,2025-04-06,26692.72,6376.22,26692.72,6376.22,Paid
10793,900,2025-05-05,2025-05-07,26692.72,6072.59,26692.72,6072.59,Paid
10794,900,2025-06-05,2025-06-10,26692.72,5768.96,26692.72,5768.96,Paid
10795,900,2025-07-05,2025-07-07,26692.72,5465.33,26692.72,5465.33,Paid
10796,900,2025-08-05,2025-08-10,26692.72,5161.7,26692.72,5161.7,Paid
10797,900,2025-09-05,2025-09-05,26692.72,4858.07,26692.72,4858.07,Paid
10798,900,2025-10-05,2025-10-05,26692.72,4554.44,26692.72,4554.44,Paid
10799,900,2025-11-05,2025-11-10,26692.72,4250.81,26692.72,4250.81,Paid
10800,900,2025-12-05,2025-12-10,26692.72,3947.18,26692.72,3947.18,Paid
10801,901,2025-01-05,2025-01-07,2986.04,3227.91,2986.04,3227.91,Paid
10802,901,2025-02-05,2025-02-07,2986.04,3201.01,2986.04,3201.01,Paid
10803,901,2025-03-05,2025-03-06,2986.04,3174.11,2986.04,3174.11,Paid
10804,901,2025-04-05,2025-04-10,2986.04,3147.22,2986.04,3147.22,Paid
10805,901,2025-05-05,2025-05-10,2986.04,3120.32,2986.04,3120.32,Paid
10806,901,2025-06-05,2025-06-07,2986.04,3093.42,2986.04,3093.42,Paid
10807,901,2025-07-05,2025-07-09,2986.04,3066.52,2986.04,3066.52,Paid
10808,901,2025-08-05,2025-08-09,2986.04,3039.62,2986.04,3039.62,Paid
10809,901,2025-09-05,2025-09-07,2986.04,3012.72,2986.04,3012.72,Paid
10810,901,2025-10-05,,2986.04,2985.82,0.0,0.0,Unpaid
10811,901,2025-11-05,2025-11-06,2986.04,2985.82,2986.04,2985.82,Paid
10812,901,2025-12-05,2025-12-09,2986.04,2958.92,2986.04,2958.92,Paid
10813,902,2025-01-05,2025-01-05,12749.73,7624.34,12749.73,7624.34,Paid
10814,902,2025-02-05,2025-02-09,12749.73,7497.27,12749.73,7497.27,Paid
10815,902,2025-03-05,2025-03-09,12749.73,7370.19,12749.73,7370.19,Paid
10816,902,2025-04-05,2025-04-08,12749.73,7243.12,12749.73,7243.12,Paid
10817,902,2025-05-05,2025-05-06,12749.73,7116.05,12749.73,7116.05,Paid
10818,902,2025-06-05,2025-06-07,12749.73,6988.98,12749.73,6988.98,Paid
10819,902,2025-07-05,2025-07-05,12749.73,6861.9,12749.73,6861.9,Paid
10820,902,2025-08-05,2025-08-06,12749.73,6734.83,12749.73,6734.83,Paid
10821,902,2025-09-05,2025-09-05,12749.73,6607.76,12749.73,6607.76,Paid
10822,902,2025-10-05,2025-10-06,12749.73,6480.69,12749.73,6480.69,Paid
10823,902,2025-11-05,2025-11-05,12749.73,6353.62,12749.73,6353.62,Paid
10824,902,2025-12-05,2025-12-08,12749.73,6226.54,12749.73,6226.54,Paid
10825,903,2025-01-05,2025-01-09,4003.78,6950.56,4003.78,6950.56,Paid
10826,903,2025-02-05,2025-02-10,4003.78,6892.64,4003.78,6892.64,Paid
10827,903,2025-03-05,2025-03-08,4003.78,6834.72,4003.78,6834.72,Paid
10828,903,2025-04-05,2025-04-10,4003.78,6776.8,4003.78,6776.8,Paid
10829,903,2025-05-05,2025-05-09,4003.78,6718.87,4003.78,6718.87,Paid
10830,903,2025-06-05,2025-06-07,4003.78,6660.95,4003.78,6660.95,Paid
10831,903,2025-07-05,2025-07-08,4003.78,6603.03,4003.78,6603.03,Paid
10832,903,2025-08-05,2025-08-10,4003.78,6545.11,4003.78,6545.11,Paid
10833,903,2025-09-05,2025-09-09,4003.78,6487.19,4003.78,6487.19,Paid
10834,903,2025-10-05,2025-10-06,4003.78,6429.27,4003.78,6429.27,Paid
10835,903,2025-11-05,2025-11-09,4003.78,6371.35,4003.78,6371.35,Paid
10836,903,2025-12-05,2025-12-08,4003.78,6313.43,4003.78,6313.43,Paid
10837,904,2025-01-05,2025-01-07,10975.11,4879.53,10975.11,4879.53,Paid
10838,904,2025-02-05,2025-02-07,10975.11,4743.99,10975.11,4743.99,Paid
10839,904,2025-03-05,2025-03-05,10975.11,4608.45,10975.11,4608.45,Paid
10840,904,2025-04-05,2025-04-10,10975.11,4472.9,10975.11,4472.9,Paid
10841,904,2025-05-05,2025-05-09,10975.11,4337.36,10975.11,4337.36,Paid
10842,904,2025-06-05,2025-06-10,10975.11,4201.82,10975.11,4201.82,Paid
10843,904,2025-07-05,2025-07-07,10975.11,4066.28,10975.11,4066.28,Paid
10844,904,2025-08-05,2025-08-09,10975.11,3930.73,10975.11,3930.73,Paid
10845,904,2025-09-05,2025-09-09,10975.11,3795.19,10975.11,3795.19,Paid
10846,904,2025-10-05,2025-10-09,10975.11,3659.65,10975.11,3659.65,Paid
10847,904,2025-11-05,2025-11-08,10975.11,3524.11,10975.11,3524.11,Paid
10848,904,2025-12-05,2025-12-09,10975.11,3388.56,10975.11,3388.56,Paid
10849,905,2025-01-05,2025-01-09,36780.17,9930.65,36780.17,9930.65,Paid
10850,905,2025-02-05,2025-02-08,36780.17,9654.8,36780.17,9654.8,Paid
10851,905,2025-03-05,2025-03-06,36780.17,9378.94,36780.17,9378.94,Paid
10852,905,2025-04-05,2025-04-10,36780.17,9103.09,36780.17,9103.09,Paid
10853,905,2025-05-05,2025-05-09,36780.17,8827.24,36780.17,8827.24,Paid
10854,905,2025-06-05,2025-06-09,36780.17,8551.39,36780.17,8551.39,Paid
10855,905,2025-07-05,2025-07-08,36780.17,8275.54,36780.17,8275.54,Paid
10856,905,2025-08-05,2025-08-08,36780.17,7999.69,36780.17,7999.69,Paid
10857,905,2025-09-05,2025-09-08,36780.17,7723.84,36780.17,7723.84,Paid
10858,905,2025-10-05,2025-10-05,36780.17,7447.99,36780.17,7447.99,Paid
10859,905,2025-11-05,2025-11-08,36780.17,7172.13,36780.17,7172.13,Paid
10860,905,2025-12-05,2025-12-10,36780.17,6896.28,36780.17,6896.28,Paid
10861,906,2025-01-05,,2711.16,3811.89,0.0,0.0,Unpaid
10862,906,2025-02-05,2025-02-05,2711.16,3811.89,2711.16,3811.89,Paid
10863,906,2025-03-05,2025-03-08,2711.16,3780.13,2711.16,3780.13,Paid
10864,906,2025-04-05,2025-04-08,2711.16,3748.36,2711.16,3748.36,Paid
10865,906,2025-05-05,,2711.16,3716.6,0.0,0.0,Unpaid
10866,906,2025-06-05,2025-06-08,2711.16,3716.6,2711.16,3716.6,Paid
10867,906,2025-07-05,2025-07-10,2711.16,3684.83,2711.16,3684.83,Paid
10868,906,2025-08-05,2025-08-06,2711.16,3653.06,2711.16,3653.06,Paid
10869,906,2025-09-05,2025-09-09,2711.16,3621.3,2711.16,3621.3,Paid
10870,906,2025-10-05,2025-10-07,2711.16,3589.53,2711.16,3589.53,Paid
10871,906,2025-11-05,2025-11-10,2711.16,3557.77,2711.16,3557.77,Paid
10872,906,2025-12-05,2025-12-05,2711.16,3526.0,2711.16,3526.0,Paid
10873,907,2025-01-05,2025-01-09,22202.92,17795.64,22202.92,17795.64,Paid
10874,907,2025-02-05,2025-02-05,22202.92,17499.05,22202.92,17499.05,Paid
10875,907,2025-03-05,2025-03-10,22202.92,17202.45,22202.92,17202.45,Paid
10876,907,2025-04-05,2025-04-09,22202.92,16905.86,22202.92,16905.86,Paid
10877,907,2025-05-05,2025-05-07,22202.92,16609.27,22202.92,16609.27,Paid
10878,907,2025-06-05,2025-06-07,22202.92,16312.67,22202.92,16312.67,Paid
10879,907,2025-07-05,2025-07-10,22202.92,16016.08,22202.92,16016.08,Paid
10880,907,2025-08-05,2025-08-06,22202.92,15719.48,22202.92,15719.48,Paid
10881,907,2025-09-05,2025-09-07,22202.92,15422.89,22202.92,15422.89,Paid
10882,907,2025-10-05,2025-10-09,22202.92,15126.3,22202.92,15126.3,Paid
10883,907,2025-11-05,2025-11-08,22202.92,14829.7,22202.92,14829.7,Paid
10884,907,2025-12-05,2025-12-06,22202.92,14533.11,22202.92,14533.11,Paid
10885,908,2025-01-05,2025-01-06,42392.72,15007.02,42392.72,15007.02,Paid
10886,908,2025-02-05,2025-02-07,42392.72,14590.16,42392.72,14590.16,Paid
10887,908,2025-03-05,2025-03-08,42392.72,14173.3,42392.72,14173.3,Paid
10888,908,2025-04-05,2025-04-10,42392.72,13756.44,42392.72,13756.44,Paid
10889,908,2025-05-05,2025-05-06,42392.72,13339.58,42392.72,13339.58,Paid
10890,908,2025-06-05,2025-06-07,42392.72,12922.71,42392.72,12922.71,Paid
10891,908,2025-07-05,2025-07-08,42392.72,12505.85,42392.72,12505.85,Paid
10892,908,2025-08-05,2025-08-10,42392.72,12088.99,42392.72,12088.99,Paid
10893,908,2025-09-05,2025-09-08,42392.72,11672.13,42392.72,11672.13,Paid
10894,908,2025-10-05,2025-10-08,42392.72,11255.27,42392.72,11255.27,Paid
10895,908,2025-11-05,2025-11-09,42392.72,10838.41,42392.72,10838.41,Paid
10896,908,2025-12-05,2025-12-10,42392.72,10421.54,42392.72,10421.54,Paid
10897,909,2025-01-05,2025-01-05,18252.59,5201.99,18252.59,5201.99,Paid
10898,909,2025-02-05,2025-02-05,18252.59,4985.24,18252.59,4985.24,Paid
10899,909,2025-03-05,2025-03-07,18252.59,4768.49,18252.59,4768.49,Paid
10900,909,2025-04-05,2025-04-10,18252.59,4551.74,18252.59,4551.74,Paid
10901,909,2025-05-05,2025-05-05,18252.59,4334.99,18252.59,4334.99,Paid
10902,909,2025-06-05,2025-06-08,18252.59,4118.24,18252.59,4118.24,Paid
10903,909,2025-07-05,2025-07-09,18252.59,3901.49,18252.59,3901.49,Paid
10904,909,2025-08-05,2025-08-07,18252.59,3684.74,18252.59,3684.74,Paid
10905,909,2025-09-05,2025-09-05,18252.59,3467.99,18252.59,3467.99,Paid
10906,909,2025-10-05,2025-10-07,18252.59,3251.24,18252.59,3251.24,Paid
10907,909,2025-11-05,,18252.59,3034.49,0.0,0.0,Unpaid
10908,909,2025-12-05,2025-12-09,18252.59,3034.49,18252.59,3034.49,Paid
10909,910,2025-01-05,2025-01-07,5295.98,6678.23,5295.98,6678.23,Paid
10910,910,2025-02-05,2025-02-07,5295.98,6622.57,5295.98,6622.57,Paid
10911,910,2025-03-05,2025-03-07,5295.98,6566.92,5295.98,6566.92,Paid
10912,910,2025-04-05,,5295.98,6511.27,0.0,0.0,Unpaid
10913,910,2025-05-05,2025-05-09,5295.98,6511.27,5295.98,6511.27,Paid
10914,910,2025-06-05,,5295.98,6455.62,0.0,0.0,Unpaid
10915,910,2025-07-05,2025-07-06,5295.98,6455.62,5295.98,6455.62,Paid
10916,910,2025-08-05,2025-08-09,5295.98,6399.97,5295.98,6399.97,Paid
10917,910,2025-09-05,2025-09-06,5295.98,6344.32,5295.98,6344.32,Paid
10918,910,2025-10-05,2025-10-05,5295.98,6288.66,5295.98,6288.66,Paid
10919,910,2025-11-05,2025-11-08,5295.98,6233.01,5295.98,6233.01,Paid
10920,910,2025-12-05,2025-12-10,5295.98,6177.36,5295.98,6177.36,Paid
10921,911,2025-01-05,2025-01-09,25907.58,12513.36,25907.58,12513.36,Paid
10922,911,2025-02-05,2025-02-08,25907.58,12304.81,25907.58,12304.81,Paid
10923,911,2025-03-05,2025-03-05,25907.58,12096.25,25907.58,12096.25,Paid
10924,911,2025-04-05,2025-04-10,25907.58,11887.69,25907.58,11887.69,Paid
10925,911,2025-05-05,2025-05-10,25907.58,11679.14,25907.58,11679.14,Paid
10926,911,2025-06-05,2025-06-08,25907.58,11470.58,25907.58,11470.58,Paid
10927,911,2025-07-05,2025-07-09,25907.58,11262.03,25907.58,11262.03,Paid
10928,911,2025-08-05,2025-08-05,25907.58,11053.47,25907.58,11053.47,Paid
10929,911,2025-09-05,,25907.58,10844.91,0.0,0.0,Unpaid
10930,911,2025-10-05,2025-10-08,25907.58,10844.91,25907.58,10844.91,Paid
10931,911,2025-11-05,2025-11-06,25907.58,10636.36,25907.58,10636.36,Paid
10932,911,2025-12-05,2025-12-05,25907.58,10427.8,25907.58,10427.8,Paid
10933,912,2025-01-05,2025-01-10,7219.16,2215.56,7219.16,2215.56,Paid
10934,912,2025-02-05,2025-02-05,7219.16,2154.02,7219.16,2154.02,Paid
10935,912,2025-03-05,2025-03-06,7219.16,2092.47,7219.16,2092.47,Paid
10936,912,2025-04-05,2025-04-10,7219.16,2030.93,7219.16,2030.93,Paid
10937,912,2025-05-05,2025-05-05,7219.16,1969.39,7219.16,1969.39,Paid
10938,912,2025-06-05,2025-06-05,7219.16,1907.84,7219.16,1907.84,Paid
10939,912,2025-07-05,2025-07-06,7219.16,1846.3,7219.16,1846.3,Paid
10940,912,2025-08-05,2025-08-07,7219.16,1784.76,7219.16,1784.76,Paid
10941,912,2025-09-05,2025-09-07,7219.16,1723.21,7219.16,1723.21,Paid
10942,912,2025-10-05,2025-10-05,7219.16,1661.67,7219.16,1661.67,Paid
10943,912,2025-11-05,2025-11-06,7219.16,1600.13,7219.16,1600.13,Paid
10944,912,2025-12-05,2025-12-10,7219.16,1538.58,7219.16,1538.58,Paid
10945,913,2025-01-05,2025-01-08,56915.23,14297.11,56915.23,14297.11,Paid
10946,913,2025-02-05,2025-02-08,56915.23,13701.39,56915.23,13701.39,Paid
10947,913,2025-03-05,2025-03-08,56915.23,13105.68,56915.23,13105.68,Paid
10948,913,2025-04-05,2025-04-08,56915.23,12509.97,56915.23,12509.97,Paid
10949,913,2025-05-05,2025-05-05,56915.23,11914.25,56915.23,11914.25,Paid
10950,913,2025-06-05,2025-06-09,56915.23,11318.54,56915.23,11318.54,Paid
10951,913,2025-07-05,2025-07-10,56915.23,10722.83,56915.23,10722.83,Paid
10952,913,2025-08-05,2025-08-06,56915.23,10127.12,56915.23,10127.12,Paid
10953,913,2025-09-05,2025-09-05,56915.23,9531.4,56915.23,9531.4,Paid
10954,913,2025-10-05,2025-10-07,56915.23,8935.69,56915.23,8935.69,Paid
10955,913,2025-11-05,2025-11-09,56915.23,8339.98,56915.23,8339.98,Paid
10956,913,2025-12-05,2025-12-10,56915.23,7744.27,56915.23,7744.27,Paid
10957,914,2025-01-05,2025-01-05,25043.93,8995.78,25043.93,8995.78,Paid
10958,914,2025-02-05,2025-02-05,25043.93,8620.95,25043.93,8620.95,Paid
10959,914,2025-03-05,,25043.93,8246.13,0.0,0.0,Unpaid
10960,914,2025-04-05,2025-04-09,25043.93,8246.13,25043.93,8246.13,Paid
10961,914,2025-05-05,2025-05-10,25043.93,7871.31,25043.93,7871.31,Paid
10962,914,2025-06-05,2025-06-10,25043.93,7496.48,25043.93,7496.48,Paid
10963,914,2025-07-05,2025-07-09,25043.93,7121.66,25043.93,7121.66,Paid
10964,914,2025-08-05,2025-08-06,25043.93,6746.83,25043.93,6746.83,Paid
10965,914,2025-09-05,2025-09-09,25043.93,6372.01,25043.93,6372.01,Paid
10966,914,2025-10-05,2025-10-08,25043.93,5997.19,25043.93,5997.19,Paid
10967,914,2025-11-05,2025-11-06,25043.93,5622.36,25043.93,5622.36,Paid
10968,914,2025-12-05,2025-12-08,25043.93,5247.54,25043.93,5247.54,Paid
10969,915,2025-01-05,2025-01-07,34752.45,24378.84,34752.45,24378.84,Paid
10970,915,2025-02-05,2025-02-06,34752.45,23972.53,34752.45,23972.53,Paid
10971,915,2025-03-05,2025-03-10,34752.45,23566.21,34752.45,23566.21,Paid
10972,915,2025-04-05,2025-04-06,34752.45,23159.9,34752.45,23159.9,Paid
10973,915,2025-05-05,2025-05-09,34752.45,22753.58,34752.45,22753.58,Paid
10974,915,2025-06-05,2025-06-08,34752.45,22347.27,34752.45,22347.27,Paid
10975,915,2025-07-05,2025-07-09,34752.45,21940.96,34752.45,21940.96,Paid
10976,915,2025-08-05,2025-08-06,34752.45,21534.64,34752.45,21534.64,Paid
10977,915,2025-09-05,2025-09-08,34752.45,21128.33,34752.45,21128.33,Paid
10978,915,2025-10-05,2025-10-07,34752.45,20722.01,34752.45,20722.01,Paid
10979,915,2025-11-05,2025-11-05,34752.45,20315.7,34752.45,20315.7,Paid
10980,915,2025-12-05,2025-12-10,34752.45,19909.39,34752.45,19909.39,Paid
10981,916,2025-01-05,2025-01-08,27234.88,8203.15,27234.88,8203.15,Paid
10982,916,2025-02-05,2025-02-10,27234.88,7975.28,27234.88,7975.28,Paid
10983,916,2025-03-05,2025-03-09,27234.88,7747.42,27234.88,7747.42,Paid
10984,916,2025-04-05,2025-04-06,27234.88,7519.55,27234.88,7519.55,Paid
10985,916,2025-05-05,2025-05-07,27234.88,7291.69,27234.88,7291.69,Paid
10986,916,2025-06-05,2025-06-08,27234.88,7063.82,27234.88,7063.82,Paid
10987,916,2025-07-05,2025-07-05,27234.88,6835.95,27234.88,6835.95,Paid
10988,916,2025-08-05,2025-08-06,27234.88,6608.09,27234.88,6608.09,Paid
10989,916,2025-09-05,2025-09-06,27234.88,6380.22,27234.88,6380.22,Paid
10990,916,2025-10-05,2025-10-09,27234.88,6152.36,27234.88,6152.36,Paid
10991,916,2025-11-05,2025-11-06,27234.88,5924.49,27234.88,5924.49,Paid
10992,916,2025-12-05,2025-12-09,27234.88,5696.63,27234.88,5696.63,Paid
10993,917,2025-01-05,2025-01-07,10870.17,9500.53,10870.17,9500.53,Paid
10994,917,2025-02-05,2025-02-07,10870.17,9342.19,10870.17,9342.19,Paid
10995,917,2025-03-05,2025-03-06,10870.17,9183.85,10870.17,9183.85,Paid
10996,917,2025-04-05,2025-04-06,10870.17,9025.51,10870.17,9025.51,Paid
10997,917,2025-05-05,2025-05-06,10870.17,8867.16,10870.17,8867.16,Paid
10998,917,2025-06-05,2025-06-07,10870.17,8708.82,10870.17,8708.82,Paid
10999,917,2025-07-05,2025-07-06,10870.17,8550.48,10870.17,8550.48,Paid
11000,917,2025-08-05,2025-08-08,10870.17,8392.14,10870.17,8392.14,Paid
11001,917,2025-09-05,2025-09-08,10870.17,8233.8,10870.17,8233.8,Paid
11002,917,2025-10-05,2025-10-09,10870.17,8075.45,10870.17,8075.45,Paid
11003,917,2025-11-05,2025-11-10,10870.17,7917.11,10870.17,7917.11,Paid
11004,917,2025-12-05,2025-12-10,10870.17,7758.77,10870.17,7758.77,Paid
11005,918,2025-01-05,2025-01-07,14646.08,4292.77,14646.08,4292.77,Paid
11006,918,2025-02-05,2025-02-06,14646.08,4173.52,14646.08,4173.52,Paid
11007,918,2025-03-05,2025-03-09,14646.08,4054.28,14646.08,4054.28,Paid
11008,918,2025-04-05,2025-04-08,14646.08,3935.04,14646.08,3935.04,Paid
11009,918,2025-05-05,2025-05-08,14646.08,3815.79,14646.08,3815.79,Paid
11010,918,2025-06-05,2025-06-10,14646.08,3696.55,14646.08,3696.55,Paid
11011,918,2025-07-05,2025-07-07,14646.08,3577.31,14646.08,3577.31,Paid
11012,918,2025-08-05,2025-08-05,14646.08,3458.06,14646.08,3458.06,Paid
11013,918,2025-09-05,2025-09-08,14646.08,3338.82,14646.08,3338.82,Paid
11014,918,2025-10-05,2025-10-07,14646.08,3219.57,14646.08,3219.57,Paid
11015,918,2025-11-05,2025-11-09,14646.08,3100.33,14646.08,3100.33,Paid
11016,918,2025-12-05,2025-12-07,14646.08,2981.09,14646.08,2981.09,Paid
11017,919,2025-01-05,2025-01-05,24306.13,19687.96,24306.13,19687.96,Paid
11018,919,2025-02-05,2025-02-07,24306.13,19359.83,24306.13,19359.83,Paid
11019,919,2025-03-05,2025-03-06,24306.13,19031.7,24306.13,19031.7,Paid
11020,919,2025-04-05,2025-04-10,24306.13,18703.57,24306.13,18703.57,Paid
11021,919,2025-05-05,2025-05-05,24306.13,18375.43,24306.13,18375.43,Paid
11022,919,2025-06-05,2025-06-07,24306.13,18047.3,24306.13,18047.3,Paid
11023,919,2025-07-05,2025-07-05,24306.13,17719.17,24306.13,17719.17,Paid
11024,919,2025-08-05,2025-08-06,24306.13,17391.03,24306.13,17391.03,Paid
11025,919,2025-09-05,2025-09-06,24306.13,17062.9,24306.13,17062.9,Paid
11026,919,2025-10-05,2025-10-08,24306.13,16734.77,24306.13,16734.77,Paid
11027,919,2025-11-05,2025-11-09,24306.13,16406.64,24306.13,16406.64,Paid
11028,919,2025-12-05,2025-12-07,24306.13,16078.5,24306.13,16078.5,Paid
11029,920,2025-01-05,2025-01-09,59291.46,14336.67,59291.46,14336.67,Paid
11030,920,2025-02-05,2025-02-06,59291.46,13739.31,59291.46,13739.31,Paid
11031,920,2025-03-05,2025-03-09,59291.46,13141.95,59291.46,13141.95,Paid
11032,920,2025-04-05,2025-04-08,59291.46,12544.59,59291.46,12544.59,Paid
11033,920,2025-05-05,2025-05-09,59291.46,11947.23,59291.46,11947.23,Paid
11034,920,2025-06-05,2025-06-10,59291.46,11349.87,59291.46,11349.87,Paid
11035,920,2025-07-05,2025-07-08,59291.46,10752.51,59291.46,10752.51,Paid
11036,920,2025-08-05,2025-08-05,59291.46,10155.14,59291.46,10155.14,Paid
11037,920,2025-09-05,2025-09-08,59291.46,9557.78,59291.46,9557.78,Paid
11038,920,2025-10-05,2025-10-06,59291.46,8960.42,59291.46,8960.42,Paid
11039,920,2025-11-05,2025-11-08,59291.46,8363.06,59291.46,8363.06,Paid
11040,920,2025-12-05,,59291.46,7765.7,0.0,0.0,Unpaid
11041,921,2025-01-05,2025-01-10,9669.55,2494.74,9669.55,2494.74,Paid
11042,921,2025-02-05,2025-02-07,9669.55,2425.45,9669.55,2425.45,Paid
11043,921,2025-03-05,2025-03-09,9669.55,2356.15,9669.55,2356.15,Paid
11044,921,2025-04-05,2025-04-08,9669.55,2286.85,9669.55,2286.85,Paid
11045,921,2025-05-05,2025-05-10,9669.55,2217.55,9669.55,2217.55,Paid
11046,921,2025-06-05,2025-06-08,9669.55,2148.25,9669.55,2148.25,Paid
11047,921,2025-07-05,2025-07-06,9669.55,2078.95,9669.55,2078.95,Paid
11048,921,2025-08-05,2025-08-09,9669.55,2009.66,9669.55,2009.66,Paid
11049,921,2025-09-05,,9669.55,1940.36,0.0,0.0,Unpaid
11050,921,2025-10-05,2025-10-09,9669.55,1940.36,9669.55,1940.36,Paid
11051,921,2025-11-05,2025-11-07,9669.55,1871.06,9669.55,1871.06,Paid
11052,921,2025-12-05,,9669.55,1801.76,0.0,0.0,Unpaid
11053,922,2025-01-05,2025-01-08,26059.2,11781.37,26059.2,11781.37,Paid
11054,922,2025-02-05,2025-02-06,26059.2,11454.11,26059.2,11454.11,Paid
11055,922,2025-03-05,2025-03-05,26059.2,11126.85,26059.2,11126.85,Paid
11056,922,2025-04-05,2025-04-09,26059.2,10799.59,26059.2,10799.59,Paid
11057,922,2025-05-05,2025-05-09,26059.2,10472.33,26059.2,10472.33,Paid
11058,922,2025-06-05,2025-06-06,26059.2,10145.07,26059.2,10145.07,Paid
11059,922,2025-07-05,2025-07-05,26059.2,9817.81,26059.2,9817.81,Paid
11060,922,2025-08-05,2025-08-08,26059.2,9490.55,26059.2,9490.55,Paid
11061,922,2025-09-05,2025-09-05,26059.2,9163.29,26059.2,9163.29,Paid
11062,922,2025-10-05,2025-10-05,26059.2,8836.03,26059.2,8836.03,Paid
11063,922,2025-11-05,2025-11-10,26059.2,8508.77,26059.2,8508.77,Paid
11064,922,2025-12-05,,26059.2,8181.51,0.0,0.0,Unpaid
11065,923,2025-01-05,2025-01-06,5523.92,7711.4,5523.92,7711.4,Paid
11066,923,2025-02-05,2025-02-09,5523.92,7647.14,5523.92,7647.14,Paid
11067,923,2025-03-05,2025-03-10,5523.92,7582.87,5523.92,7582.87,Paid
11068,923,2025-04-05,2025-04-05,5523.92,7518.61,5523.92,7518.61,Paid
11069,923,2025-05-05,2025-05-10,5523.92,7454.35,5523.92,7454.35,Paid
11070,923,2025-06-05,,5523.92,7390.09,0.0,0.0,Unpaid
11071,923,2025-07-05,2025-07-09,5523.92,7390.09,5523.92,7390.09,Paid
11072,923,2025-08-05,2025-08-10,5523.92,7325.83,5523.92,7325.83,Paid
11073,923,2025-09-05,2025-09-09,5523.92,7261.57,5523.92,7261.57,Paid
11074,923,2025-10-05,2025-10-07,5523.92,7197.3,5523.92,7197.3,Paid
11075,923,2025-11-05,2025-11-09,5523.92,7133.04,5523.92,7133.04,Paid
11076,923,2025-12-05,2025-12-08,5523.92,7068.78,5523.92,7068.78,Paid
11077,924,2025-01-05,2025-01-10,20634.92,12979.36,20634.92,12979.36,Paid
11078,924,2025-02-05,2025-02-08,20634.92,12763.04,20634.92,12763.04,Paid
11079,924,2025-03-05,2025-03-09,20634.92,12546.72,20634.92,12546.72,Paid
11080,924,2025-04-05,2025-04-07,20634.92,12330.4,20634.92,12330.4,Paid
11081,924,2025-05-05,2025-05-09,20634.92,12114.07,20634.92,12114.07,Paid
11082,924,2025-06-05,2025-06-06,20634.92,11897.75,20634.92,11897.75,Paid
11083,924,2025-07-05,2025-07-06,20634.92,11681.43,20634.92,11681.43,Paid
11084,924,2025-08-05,2025-08-06,20634.92,11465.1,20634.92,11465.1,Paid
11085,924,2025-09-05,2025-09-06,20634.92,11248.78,20634.92,11248.78,Paid
11086,924,2025-10-05,2025-10-10,20634.92,11032.46,20634.92,11032.46,Paid
11087,924,2025-11-05,2025-11-06,20634.92,10816.14,20634.92,10816.14,Paid
11088,924,2025-12-05,2025-12-08,20634.92,10599.81,20634.92,10599.81,Paid
11089,925,2025-01-05,2025-01-06,28159.86,9791.18,28159.86,9791.18,Paid
11090,925,2025-02-05,2025-02-06,28159.86,9519.21,28159.86,9519.21,Paid
11091,925,2025-03-05,2025-03-06,28159.86,9247.23,28159.86,9247.23,Paid
11092,925,2025-04-05,2025-04-09,28159.86,8975.25,28159.86,8975.25,Paid
11093,925,2025-05-05,2025-05-08,28159.86,8703.27,28159.86,8703.27,Paid
11094,925,2025-06-05,,28159.86,8431.3,0.0,0.0,Unpaid
11095,925,2025-07-05,2025-07-07,28159.86,8431.3,28159.86,8431.3,Paid
11096,925,2025-08-05,2025-08-10,28159.86,8159.32,28159.86,8159.32,Paid
11097,925,2025-09-05,2025-09-10,28159.86,7887.34,28159.86,7887.34,Paid
11098,925,2025-10-05,2025-10-08,28159.86,7615.36,28159.86,7615.36,Paid
11099,925,2025-11-05,2025-11-10,28159.86,7343.39,28159.86,7343.39,Paid
11100,925,2025-12-05,2025-12-06,28159.86,7071.41,28159.86,7071.41,Paid
11101,926,2025-01-05,2025-01-05,9818.02,17348.43,9818.02,17348.43,Paid
11102,926,2025-02-05,2025-02-05,9818.02,17203.86,9818.02,17203.86,Paid
11103,926,2025-03-05,2025-03-05,9818.02,17059.29,9818.02,17059.29,Paid
11104,926,2025-04-05,2025-04-06,9818.02,16914.72,9818.02,16914.72,Paid
11105,926,2025-05-05,2025-05-08,9818.02,16770.15,9818.02,16770.15,Paid
11106,926,2025-06-05,2025-06-10,9818.02,16625.58,9818.02,16625.58,Paid
11107,926,2025-07-05,2025-07-08,9818.02,16481.01,9818.02,16481.01,Paid
11108,926,2025-08-05,2025-08-10,9818.02,16336.44,9818.02,16336.44,Paid
11109,926,2025-09-05,2025-09-10,9818.02,16191.87,9818.02,16191.87,Paid
11110,926,2025-10-05,2025-10-06,9818.02,16047.3,9818.02,16047.3,Paid
11111,926,2025-11-05,2025-11-07,9818.02,15902.73,9818.02,15902.73,Paid
11112,926,2025-12-05,2025-12-09,9818.02,15758.16,9818.02,15758.16,Paid
11113,927,2025-01-05,2025-01-09,14413.97,12525.74,14413.97,12525.74,Paid
11114,927,2025-02-05,2025-02-05,14413.97,12421.36,14413.97,12421.36,Paid
11115,927,2025-03-05,2025-03-10,14413.97,12316.98,14413.97,12316.98,Paid
11116,927,2025-04-05,2025-04-08,14413.97,12212.59,14413.97,12212.59,Paid
11117,927,2025-05-05,2025-05-09,14413.97,12108.21,14413.97,12108.21,Paid
11118,927,2025-06-05,2025-06-07,14413.97,12003.83,14413.97,12003.83,Paid
11119,927,2025-07-05,2025-07-08,14413.97,11899.45,14413.97,11899.45,Paid
11120,927,2025-08-05,2025-08-10,14413.97,11795.07,14413.97,11795.07,Paid
11121,927,2025-09-05,2025-09-10,14413.97,11690.69,14413.97,11690.69,Paid
11122,927,2025-10-05,2025-10-05,14413.97,11586.31,14413.97,11586.31,Paid
11123,927,2025-11-05,2025-11-08,14413.97,11481.93,14413.97,11481.93,Paid
11124,927,2025-12-05,2025-12-10,14413.97,11377.55,14413.97,11377.55,Paid
11125,928,2025-01-05,2025-01-07,29159.25,7838.01,29159.25,7838.01,Paid
11126,928,2025-02-05,2025-02-10,29159.25,7511.42,29159.25,7511.42,Paid
11127,928,2025-03-05,2025-03-06,29159.25,7184.84,29159.25,7184.84,Paid
11128,928,2025-04-05,2025-04-07,29159.25,6858.26,29159.25,6858.26,Paid
11129,928,2025-05-05,,29159.25,6531.67,0.0,0.0,Unpaid
11130,928,2025-06-05,2025-06-05,29159.25,6531.67,29159.25,6531.67,Paid
11131,928,2025-07-05,2025-07-05,29159.25,6205.09,29159.25,6205.09,Paid
11132,928,2025-08-05,2025-08-07,29159.25,5878.5,29159.25,5878.5,Paid
11133,928,2025-09-05,2025-09-10,29159.25,5551.92,29159.25,5551.92,Paid
11134,928,2025-10-05,2025-10-09,29159.25,5225.34,29159.25,5225.34,Paid
11135,928,2025-11-05,2025-11-10,29159.25,4898.75,29159.25,4898.75,Paid
11136,928,2025-12-05,2025-12-09,29159.25,4572.17,29159.25,4572.17,Paid
11137,929,2025-01-05,2025-01-05,6195.6,8983.62,6195.6,8983.62,Paid
11138,929,2025-02-05,2025-02-06,6195.6,8908.76,6195.6,8908.76,Paid
11139,929,2025-03-05,2025-03-06,6195.6,8833.89,6195.6,8833.89,Paid
11140,929,2025-04-05,2025-04-08,6195.6,8759.03,6195.6,8759.03,Paid
11141,929,2025-05-05,2025-05-09,6195.6,8684.17,6195.6,8684.17,Paid
11142,929,2025-06-05,2025-06-07,6195.6,8609.3,6195.6,8609.3,Paid
11143,929,2025-07-05,2025-07-09,6195.6,8534.44,6195.6,8534.44,Paid
11144,929,2025-08-05,2025-08-09,6195.6,8459.58,6195.6,8459.58,Paid
11145,929,2025-09-05,2025-09-07,6195.6,8384.71,6195.6,8384.71,Paid
11146,929,2025-10-05,2025-10-08,6195.6,8309.85,6195.6,8309.85,Paid
11147,929,2025-11-05,,6195.6,8234.99,0.0,0.0,Unpaid
11148,929,2025-12-05,2025-12-06,6195.6,8234.99,6195.6,8234.99,Paid
11149,930,2025-01-05,2025-01-09,32172.29,18450.81,32172.29,18450.81,Paid
11150,930,2025-02-05,2025-02-05,32172.29,18143.29,32172.29,18143.29,Paid
11151,930,2025-03-05,2025-03-07,32172.29,17835.78,32172.29,17835.78,Paid
11152,930,2025-04-05,2025-04-07,32172.29,17528.27,32172.29,17528.27,Paid
11153,930,2025-05-05,2025-05-10,32172.29,17220.75,32172.29,17220.75,Paid
11154,930,2025-06-05,2025-06-07,32172.29,16913.24,32172.29,16913.24,Paid
11155,930,2025-07-05,2025-07-06,32172.29,16605.73,32172.29,16605.73,Paid
11156,930,2025-08-05,2025-08-07,32172.29,16298.21,32172.29,16298.21,Paid
11157,930,2025-09-05,,32172.29,15990.7,0.0,0.0,Unpaid
11158,930,2025-10-05,2025-10-10,32172.29,15990.7,32172.29,15990.7,Paid
11159,930,2025-11-05,2025-11-06,32172.29,15683.19,32172.29,15683.19,Paid
11160,930,2025-12-05,2025-12-10,32172.29,15375.67,32172.29,15375.67,Paid
11161,931,2025-01-05,2025-01-05,57847.06,17990.44,57847.06,17990.44,Paid
11162,931,2025-02-05,2025-02-05,57847.06,17240.84,57847.06,17240.84,Paid
11163,931,2025-03-05,2025-03-07,57847.06,16491.23,57847.06,16491.23,Paid
11164,931,2025-04-05,2025-04-09,57847.06,15741.63,57847.06,15741.63,Paid
11165,931,2025-05-05,2025-05-07,57847.06,14992.03,57847.06,14992.03,Paid
11166,931,2025-06-05,2025-06-05,57847.06,14242.43,57847.06,14242.43,Paid
11167,931,2025-07-05,2025-07-08,57847.06,13492.83,57847.06,13492.83,Paid
11168,931,2025-08-05,2025-08-09,57847.06,12743.23,57847.06,12743.23,Paid
11169,931,2025-09-05,2025-09-09,57847.06,11993.62,57847.06,11993.62,Paid
11170,931,2025-10-05,2025-10-08,57847.06,11244.02,57847.06,11244.02,Paid
11171,931,2025-11-05,2025-11-08,57847.06,10494.42,57847.06,10494.42,Paid
11172,931,2025-12-05,2025-12-10,57847.06,9744.82,57847.06,9744.82,Paid
11173,932,2025-01-05,2025-01-10,16883.61,27317.68,16883.61,27317.68,Paid
11174,932,2025-02-05,2025-02-10,16883.61,27090.03,16883.61,27090.03,Paid
11175,932,2025-03-05,2025-03-07,16883.61,26862.38,16883.61,26862.38,Paid
11176,932,2025-04-05,2025-04-09,16883.61,26634.74,16883.61,26634.74,Paid
11177,932,2025-05-05,2025-05-07,16883.61,26407.09,16883.61,26407.09,Paid
11178,932,2025-06-05,2025-06-09,16883.61,26179.44,16883.61,26179.44,Paid
11179,932,2025-07-05,2025-07-06,16883.61,25951.79,16883.61,25951.79,Paid
11180,932,2025-08-05,2025-08-07,16883.61,25724.15,16883.61,25724.15,Paid
11181,932,2025-09-05,2025-09-05,16883.61,25496.5,16883.61,25496.5,Paid
11182,932,2025-10-05,2025-10-07,16883.61,25268.85,16883.61,25268.85,Paid
11183,932,2025-11-05,2025-11-07,16883.61,25041.21,16883.61,25041.21,Paid
11184,932,2025-12-05,2025-12-05,16883.61,24813.56,16883.61,24813.56,Paid
11185,933,2025-01-05,,26355.0,23218.76,0.0,0.0,Unpaid
11186,933,2025-02-05,2025-02-10,26355.0,23218.76,26355.0,23218.76,Paid
11187,933,2025-03-05,2025-03-09,26355.0,23025.27,26355.0,23025.27,Paid
11188,933,2025-04-05,2025-04-09,26355.0,22831.78,26355.0,22831.78,Paid
11189,933,2025-05-05,2025-05-10,26355.0,22638.29,26355.0,22638.29,Paid
11190,933,2025-06-05,2025-06-05,26355.0,22444.8,26355.0,22444.8,Paid
11191,933,2025-07-05,2025-07-05,26355.0,22251.31,26355.0,22251.31,Paid
11192,933,2025-08-05,2025-08-05,26355.0,22057.82,26355.0,22057.82,Paid
11193,933,2025-09-05,2025-09-10,26355.0,21864.33,26355.0,21864.33,Paid
11194,933,2025-10-05,2025-10-08,26355.0,21670.84,26355.0,21670.84,Paid
11195,933,2025-11-05,2025-11-07,26355.0,21477.35,26355.0,21477.35,Paid
11196,933,2025-12-05,2025-12-08,26355.0,21283.86,26355.0,21283.86,Paid
11197,934,2025-01-05,2025-01-06,4978.17,6506.47,4978.17,6506.47,Paid
11198,934,2025-02-05,2025-02-09,4978.17,6452.25,4978.17,6452.25,Paid
11199,934,2025-03-05,2025-03-10,4978.17,6398.03,4978.17,6398.03,Paid
11200,934,2025-04-05,2025-04-07,4978.17,6343.81,4978.17,6343.81,Paid
11201,934,2025-05-05,2025-05-09,4978.17,6289.59,4978.17,6289.59,Paid
11202,934,2025-06-05,2025-06-05,4978.17,6235.37,4978.17,6235.37,Paid
11203,934,2025-07-05,2025-07-05,4978.17,6181.15,4978.17,6181.15,Paid
11204,934,2025-08-05,2025-08-09,4978.17,6126.93,4978.17,6126.93,Paid
11205,934,2025-09-05,2025-09-09,4978.17,6072.71,4978.17,6072.71,Paid
11206,934,2025-10-05,2025-10-06,4978.17,6018.49,4978.17,6018.49,Paid
11207,934,2025-11-05,2025-11-06,4978.17,5964.27,4978.17,5964.27,Paid
11208,934,2025-12-05,2025-12-07,4978.17,5910.05,4978.17,5910.05,Paid
11209,935,2025-01-05,2025-01-08,51220.93,23095.52,51220.93,23095.52,Paid
11210,935,2025-02-05,2025-02-10,51220.93,22453.97,51220.93,22453.97,Paid
11211,935,2025-03-05,2025-03-05,51220.93,21812.43,51220.93,21812.43,Paid
11212,935,2025-04-05,2025-04-10,51220.93,21170.89,51220.93,21170.89,Paid
11213,935,2025-05-05,2025-05-06,51220.93,20529.35,51220.93,20529.35,Paid
11214,935,2025-06-05,2025-06-07,51220.93,19887.81,51220.93,19887.81,Paid
11215,935,2025-07-05,2025-07-05,51220.93,19246.26,51220.93,19246.26,Paid
11216,935,2025-08-05,2025-08-07,51220.93,18604.72,51220.93,18604.72,Paid
11217,935,2025-09-05,2025-09-10,51220.93,17963.18,51220.93,17963.18,Paid
11218,935,2025-10-05,2025-10-05,51220.93,17321.64,51220.93,17321.64,Paid
11219,935,2025-11-05,2025-11-05,51220.93,16680.09,51220.93,16680.09,Paid
11220,935,2025-12-05,2025-12-10,51220.93,16038.55,51220.93,16038.55,Paid
11221,936,2025-01-05,2025-01-09,26437.71,10255.19,26437.71,10255.19,Paid
11222,936,2025-02-05,2025-02-07,26437.71,9970.32,26437.71,9970.32,Paid
11223,936,2025-03-05,2025-03-10,26437.71,9685.45,26437.71,9685.45,Paid
11224,936,2025-04-05,2025-04-10,26437.71,9400.59,26437.71,9400.59,Paid
11225,936,2025-05-05,2025-05-07,26437.71,9115.72,26437.71,9115.72,Paid
11226,936,2025-06-05,2025-06-08,26437.71,8830.86,26437.71,8830.86,Paid
11227,936,2025-07-05,2025-07-07,26437.71,8545.99,26437.71,8545.99,Paid
11228,936,2025-08-05,2025-08-08,26437.71,8261.12,26437.71,8261.12,Paid
11229,936,2025-09-05,2025-09-07,26437.71,7976.26,26437.71,7976.26,Paid
11230,936,2025-10-05,2025-10-08,26437.71,7691.39,26437.71,7691.39,Paid
11231,936,2025-11-05,2025-11-06,26437.71,7406.52,26437.71,7406.52,Paid
11232,936,2025-12-05,2025-12-06,26437.71,7121.66,26437.71,7121.66,Paid
11233,937,2025-01-05,,13252.46,2716.75,0.0,0.0,Unpaid
11234,937,2025-02-05,2025-02-10,13252.46,2716.75,13252.46,2716.75,Paid
11235,937,2025-03-05,2025-03-07,13252.46,2603.56,13252.46,2603.56,Paid
11236,937,2025-04-05,2025-04-05,13252.46,2490.36,13252.46,2490.36,Paid
11237,937,2025-05-05,2025-05-09,13252.46,2377.16,13252.46,2377.16,Paid
11238,937,2025-06-05,,13252.46,2263.96,0.0,0.0,Unpaid
11239,937,2025-07-05,2025-07-07,13252.46,2263.96,13252.46,2263.96,Paid
11240,937,2025-08-05,2025-08-05,13252.46,2150.76,13252.46,2150.76,Paid
11241,937,2025-09-05,2025-09-07,13252.46,2037.56,13252.46,2037.56,Paid
11242,937,2025-10-05,2025-10-05,13252.46,1924.37,13252.46,1924.37,Paid
11243,937,2025-11-05,2025-11-08,13252.46,1811.17,13252.46,1811.17,Paid
11244,937,2025-12-05,2025-12-09,13252.46,1697.97,13252.46,1697.97,Paid
11245,938,2025-01-05,2025-01-10,9371.07,16755.48,9371.07,16755.48,Paid
11246,938,2025-02-05,2025-02-10,9371.07,16615.85,9371.07,16615.85,Paid
11247,938,2025-03-05,2025-03-08,9371.07,16476.22,9371.07,16476.22,Paid
11248,938,2025-04-05,2025-04-07,9371.07,16336.59,9371.07,16336.59,Paid
11249,938,2025-05-05,,9371.07,16196.97,0.0,0.0,Unpaid
11250,938,2025-06-05,2025-06-10,9371.07,16196.97,9371.07,16196.97,Paid
11251,938,2025-07-05,2025-07-07,9371.07,16057.34,9371.07,16057.34,Paid
11252,938,2025-08-05,2025-08-08,9371.07,15917.71,9371.07,15917.71,Paid
11253,938,2025-09-05,2025-09-09,9371.07,15778.08,9371.07,15778.08,Paid
11254,938,2025-10-05,,9371.07,15638.45,0.0,0.0,Unpaid
11255,938,2025-11-05,2025-11-05,9371.07,15638.45,9371.07,15638.45,Paid
11256,938,2025-12-05,2025-12-08,9371.07,15498.82,9371.07,15498.82,Paid
11257,939,2025-01-05,2025-01-10,44878.66,15258.74,44878.66,15258.74,Paid
11258,939,2025-02-05,2025-02-09,44878.66,14622.96,44878.66,14622.96,Paid
11259,939,2025-03-05,2025-03-10,44878.66,13987.18,44878.66,13987.18,Paid
11260,939,2025-04-05,2025-04-09,44878.66,13351.4,44878.66,13351.4,Paid
11261,939,2025-05-05,2025-05-08,44878.66,12715.62,44878.66,12715.62,Paid
11262,939,2025-06-05,2025-06-10,44878.66,12079.84,44878.66,12079.84,Paid
11263,939,2025-07-05,2025-07-09,44878.66,11444.06,44878.66,11444.06,Paid
11264,939,2025-08-05,2025-08-10,44878.66,10808.28,44878.66,10808.28,Paid
11265,939,2025-09-05,2025-09-10,44878.66,10172.5,44878.66,10172.5,Paid
11266,939,2025-10-05,2025-10-06,44878.66,9536.71,44878.66,9536.71,Paid
11267,939,2025-11-05,2025-11-09,44878.66,8900.93,44878.66,8900.93,Paid
11268,939,2025-12-05,2025-12-07,44878.66,8265.15,44878.66,8265.15,Paid
11269,940,2025-01-05,2025-01-07,6289.61,5396.48,6289.61,5396.48,Paid
11270,940,2025-02-05,2025-02-05,6289.61,5351.51,6289.61,5351.51,Paid
11271,940,2025-03-05,2025-03-08,6289.61,5306.54,6289.61,5306.54,Paid
11272,940,2025-04-05,2025-04-09,6289.61,5261.57,6289.61,5261.57,Paid
11273,940,2025-05-05,2025-05-07,6289.61,5216.6,6289.61,5216.6,Paid
11274,940,2025-06-05,2025-06-06,6289.61,5171.63,6289.61,5171.63,Paid
11275,940,2025-07-05,2025-07-06,6289.61,5126.66,6289.61,5126.66,Paid
11276,940,2025-08-05,2025-08-05,6289.61,5081.69,6289.61,5081.69,Paid
11277,940,2025-09-05,2025-09-05,6289.61,5036.72,6289.61,5036.72,Paid
11278,940,2025-10-05,2025-10-06,6289.61,4991.75,6289.61,4991.75,Paid
11279,940,2025-11-05,2025-11-05,6289.61,4946.78,6289.61,4946.78,Paid
11280,940,2025-12-05,2025-12-06,6289.61,4901.81,6289.61,4901.81,Paid
11281,941,2025-01-05,2025-01-08,6634.72,2925.91,6634.72,2925.91,Paid
11282,941,2025-02-05,,6634.72,2844.63,0.0,0.0,Unpaid
11283,941,2025-03-05,2025-03-06,6634.72,2844.63,6634.72,2844.63,Paid
11284,941,2025-04-05,2025-04-05,6634.72,2763.36,6634.72,2763.36,Paid
11285,941,2025-05-05,2025-05-08,6634.72,2682.08,6634.72,2682.08,Paid
11286,941,2025-06-05,2025-06-09,6634.72,2600.81,6634.72,2600.81,Paid
11287,941,2025-07-05,2025-07-10,6634.72,2519.53,6634.72,2519.53,Paid
11288,941,2025-08-05,2025-08-10,6634.72,2438.26,6634.72,2438.26,Paid
11289,941,2025-09-05,2025-09-06,6634.72,2356.98,6634.72,2356.98,Paid
11290,941,2025-10-05,2025-10-07,6634.72,2275.71,6634.72,2275.71,Paid
11291,941,2025-11-05,2025-11-09,6634.72,2194.43,6634.72,2194.43,Paid
11292,941,2025-12-05,2025-12-10,6634.72,2113.16,6634.72,2113.16,Paid
11293,942,2025-01-05,2025-01-08,32098.14,26111.84,32098.14,26111.84,Paid
11294,942,2025-02-05,2025-02-05,32098.14,25676.64,32098.14,25676.64,Paid
11295,942,2025-03-05,2025-03-10,32098.14,25241.44,32098.14,25241.44,Paid
11296,942,2025-04-05,2025-04-07,32098.14,24806.25,32098.14,24806.25,Paid
11297,942,2025-05-05,2025-05-09,32098.14,24371.05,32098.14,24371.05,Paid
11298,942,2025-06-05,2025-06-06,32098.14,23935.85,32098.14,23935.85,Paid
11299,942,2025-07-05,2025-07-07,32098.14,23500.65,32098.14,23500.65,Paid
11300,942,2025-08-05,2025-08-08,32098.14,23065.46,32098.14,23065.46,Paid
11301,942,2025-09-05,2025-09-09,32098.14,22630.26,32098.14,22630.26,Paid
11302,942,2025-10-05,2025-10-06,32098.14,22195.06,32098.14,22195.06,Paid
11303,942,2025-11-05,2025-11-09,32098.14,21759.87,32098.14,21759.87,Paid
11304,942,2025-12-05,2025-12-09,32098.14,21324.67,32098.14,21324.67,Paid
11305,943,2025-01-05,2025-01-05,51686.58,15211.36,51686.58,15211.36,Paid
11306,943,2025-02-05,2025-02-05,51686.58,14788.82,51686.58,14788.82,Paid
11307,943,2025-03-05,2025-03-05,51686.58,14366.28,51686.58,14366.28,Paid
11308,943,2025-04-05,2025-04-07,51686.58,13943.75,51686.58,13943.75,Paid
11309,943,2025-05-05,2025-05-06,51686.58,13521.21,51686.58,13521.21,Paid
11310,943,2025-06-05,,51686.58,13098.67,0.0,0.0,Unpaid
11311,943,2025-07-05,2025-07-09,51686.58,13098.67,51686.58,13098.67,Paid
11312,943,2025-08-05,2025-08-05,51686.58,12676.13,51686.58,12676.13,Paid
11313,943,2025-09-05,2025-09-08,51686.58,12253.6,51686.58,12253.6,Paid
11314,943,2025-10-05,2025-10-10,51686.58,11831.06,51686.58,11831.06,Paid
11315,943,2025-11-05,2025-11-10,51686.58,11408.52,51686.58,11408.52,Paid
11316,943,2025-12-05,2025-12-09,51686.58,10985.98,51686.58,10985.98,Paid
11317,944,2025-01-05,2025-01-10,15926.62,5595.02,15926.62,5595.02,Paid
11318,944,2025-02-05,2025-02-07,15926.62,5439.61,15926.62,5439.61,Paid
11319,944,2025-03-05,2025-03-10,15926.62,5284.19,15926.62,5284.19,Paid
11320,944,2025-04-05,2025-04-06,15926.62,5128.77,15926.62,5128.77,Paid
11321,944,2025-05-05,2025-05-09,15926.62,4973.35,15926.62,4973.35,Paid
11322,944,2025-06-05,2025-06-05,15926.62,4817.94,15926.62,4817.94,Paid
11323,944,2025-07-05,2025-07-05,15926.62,4662.52,15926.62,4662.52,Paid
11324,944,2025-08-05,2025-08-05,15926.62,4507.1,15926.62,4507.1,Paid
11325,944,2025-09-05,2025-09-05,15926.62,4351.68,15926.62,4351.68,Paid
11326,944,2025-10-05,2025-10-10,15926.62,4196.27,15926.62,4196.27,Paid
11327,944,2025-11-05,2025-11-05,15926.62,4040.85,15926.62,4040.85,Paid
11328,944,2025-12-05,2025-12-06,15926.62,3885.43,15926.62,3885.43,Paid
11329,945,2025-01-05,2025-01-06,42239.42,18576.9,42239.42,18576.9,Paid
11330,945,2025-02-05,2025-02-09,42239.42,18060.87,42239.42,18060.87,Paid
11331,945,2025-03-05,2025-03-06,42239.42,17544.85,42239.42,17544.85,Paid
11332,945,2025-04-05,2025-04-07,42239.42,17028.82,42239.42,17028.82,Paid
11333,945,2025-05-05,2025-05-06,42239.42,16512.8,42239.42,16512.8,Paid
11334,945,2025-06-05,,42239.42,15996.77,0.0,0.0,Unpaid
11335,945,2025-07-05,2025-07-10,42239.42,15996.77,42239.42,15996.77,Paid
11336,945,2025-08-05,2025-08-09,42239.42,15480.75,42239.42,15480.75,Paid
11337,945,2025-09-05,2025-09-05,42239.42,14964.72,42239.42,14964.72,Paid
11338,945,2025-10-05,2025-10-06,42239.42,14448.7,42239.42,14448.7,Paid
11339,945,2025-11-05,2025-11-08,42239.42,13932.67,42239.42,13932.67,Paid
11340,945,2025-12-05,2025-12-07,42239.42,13416.65,42239.42,13416.65,Paid
11341,946,2025-01-05,2025-01-08,42306.58,12095.45,42306.58,12095.45,Paid
11342,946,2025-02-05,2025-02-10,42306.58,11759.47,42306.58,11759.47,Paid
11343,946,2025-03-05,2025-03-06,42306.58,11423.48,42306.58,11423.48,Paid
11344,946,2025-04-05,2025-04-06,42306.58,11087.5,42306.58,11087.5,Paid
11345,946,2025-05-05,2025-05-08,42306.58,10751.51,42306.58,10751.51,Paid
11346,946,2025-06-05,2025-06-05,42306.58,10415.53,42306.58,10415.53,Paid
11347,946,2025-07-05,2025-07-06,42306.58,10079.54,42306.58,10079.54,Paid
11348,946,2025-08-05,2025-08-05,42306.58,9743.56,42306.58,9743.56,Paid
11349,946,2025-09-05,2025-09-09,42306.58,9407.57,42306.58,9407.57,Paid
11350,946,2025-10-05,2025-10-10,42306.58,9071.59,42306.58,9071.59,Paid
11351,946,2025-11-05,2025-11-08,42306.58,8735.6,42306.58,8735.6,Paid
11352,946,2025-12-05,2025-12-06,42306.58,8399.62,42306.58,8399.62,Paid
11353,947,2025-01-05,2025-01-08,15631.59,3551.5,15631.59,3551.5,Paid
11354,947,2025-02-05,2025-02-09,15631.59,3403.52,15631.59,3403.52,Paid
11355,947,2025-03-05,2025-03-08,15631.59,3255.54,15631.59,3255.54,Paid
11356,947,2025-04-05,2025-04-10,15631.59,3107.56,15631.59,3107.56,Paid
11357,947,2025-05-05,2025-05-10,15631.59,2959.58,15631.59,2959.58,Paid
11358,947,2025-06-05,2025-06-08,15631.59,2811.6,15631.59,2811.6,Paid
11359,947,2025-07-05,2025-07-10,15631.59,2663.62,15631.59,2663.62,Paid
11360,947,2025-08-05,2025-08-10,15631.59,2515.64,15631.59,2515.64,Paid
11361,947,2025-09-05,2025-09-09,15631.59,2367.66,15631.59,2367.66,Paid
11362,947,2025-10-05,2025-10-08,15631.59,2219.69,15631.59,2219.69,Paid
11363,947,2025-11-05,2025-11-06,15631.59,2071.71,15631.59,2071.71,Paid
11364,947,2025-12-05,2025-12-05,15631.59,1923.73,15631.59,1923.73,Paid
11365,948,2025-01-05,2025-01-05,39146.95,10076.42,39146.95,10076.42,Paid
11366,948,2025-02-05,2025-02-07,39146.95,9656.57,39146.95,9656.57,Paid
11367,948,2025-03-05,2025-03-07,39146.95,9236.72,39146.95,9236.72,Paid
11368,948,2025-04-05,2025-04-06,39146.95,8816.87,39146.95,8816.87,Paid
11369,948,2025-05-05,2025-05-07,39146.95,8397.02,39146.95,8397.02,Paid
11370,948,2025-06-05,2025-06-05,39146.95,7977.17,39146.95,7977.17,Paid
11371,948,2025-07-05,2025-07-09,39146.95,7557.32,39146.95,7557.32,Paid
11372,948,2025-08-05,2025-08-05,39146.95,7137.47,39146.95,7137.47,Paid
11373,948,2025-09-05,2025-09-06,39146.95,6717.62,39146.95,6717.62,Paid
11374,948,2025-10-05,2025-10-08,39146.95,6297.77,39146.95,6297.77,Paid
11375,948,2025-11-05,2025-11-09,39146.95,5877.91,39146.95,5877.91,Paid
11376,948,2025-12-05,2025-12-10,39146.95,5458.06,39146.95,5458.06,Paid
11377,949,2025-01-05,2025-01-09,23325.69,7809.44,23325.69,7809.44,Paid
11378,949,2025-02-05,2025-02-07,23325.69,7592.51,23325.69,7592.51,Paid
11379,949,2025-03-05,2025-03-10,23325.69,7375.58,23325.69,7375.58,Paid
11380,949,2025-04-05,2025-04-06,23325.69,7158.65,23325.69,7158.65,Paid
11381,949,2025-05-05,2025-05-09,23325.69,6941.73,23325.69,6941.73,Paid
11382,949,2025-06-05,2025-06-09,23325.69,6724.8,23325.69,6724.8,Paid
11383,949,2025-07-05,2025-07-08,23325.69,6507.87,23325.69,6507.87,Paid
11384,949,2025-08-05,2025-08-06,23325.69,6290.94,23325.69,6290.94,Paid
11385,949,2025-09-05,,23325.69,6074.01,0.0,0.0,Unpaid
11386,949,2025-10-05,2025-10-07,23325.69,6074.01,23325.69,6074.01,Paid
11387,949,2025-11-05,2025-11-06,23325.69,5857.08,23325.69,5857.08,Paid
11388,949,2025-12-05,2025-12-10,23325.69,5640.15,23325.69,5640.15,Paid
11389,950,2025-01-05,2025-01-08,134612.53,41110.67,134612.53,41110.67,Paid
11390,950,2025-02-05,2025-02-10,134612.53,39968.7,134612.53,39968.7,Paid
11391,950,2025-03-05,2025-03-07,134612.53,38826.74,134612.53,38826.74,Paid
11392,950,2025-04-05,2025-04-06,134612.53,37684.78,134612.53,37684.78,Paid
11393,950,2025-05-05,2025-05-07,134612.53,36542.82,134612.53,36542.82,Paid
11394,950,2025-06-05,2025-06-07,134612.53,35400.85,134612.53,35400.85,Paid
11395,950,2025-07-05,2025-07-10,134612.53,34258.89,134612.53,34258.89,Paid
11396,950,2025-08-05,2025-08-09,134612.53,33116.93,134612.53,33116.93,Paid
11397,950,2025-09-05,2025-09-09,134612.53,31974.96,134612.53,31974.96,Paid
11398,950,2025-10-05,2025-10-06,134612.53,30833.0,134612.53,30833.0,Paid
11399,950,2025-11-05,2025-11-08,134612.53,29691.04,134612.53,29691.04,Paid
11400,950,2025-12-05,2025-12-06,134612.53,28549.08,134612.53,28549.08,Paid
11401,951,2025-01-05,,28847.27,8654.18,0.0,0.0,Unpaid
11402,951,2025-02-05,,28847.27,8654.18,0.0,0.0,Unpaid
11403,951,2025-03-05,2025-03-07,28847.27,8654.18,28847.27,8654.18,Paid
11404,951,2025-04-05,2025-04-06,28847.27,8293.59,28847.27,8293.59,Paid
11405,951,2025-05-05,2025-05-05,28847.27,7933.0,28847.27,7933.0,Paid
11406,951,2025-06-05,2025-06-09,28847.27,7572.41,28847.27,7572.41,Paid
11407,951,2025-07-05,2025-07-07,28847.27,7211.82,28847.27,7211.82,Paid
11408,951,2025-08-05,2025-08-05,28847.27,6851.23,28847.27,6851.23,Paid
11409,951,2025-09-05,,28847.27,6490.64,0.0,0.0,Unpaid
11410,951,2025-10-05,2025-10-06,28847.27,6490.64,28847.27,6490.64,Paid
11411,951,2025-11-05,2025-11-10,28847.27,6130.05,28847.27,6130.05,Paid
11412,951,2025-12-05,2025-12-08,28847.27,5769.45,28847.27,5769.45,Paid
11413,952,2025-01-05,2025-01-09,63555.39,20045.37,63555.39,20045.37,Paid
11414,952,2025-02-05,,63555.39,19210.15,0.0,0.0,Unpaid
11415,952,2025-03-05,2025-03-07,63555.39,19210.15,63555.39,19210.15,Paid
11416,952,2025-04-05,2025-04-07,63555.39,18374.92,63555.39,18374.92,Paid
11417,952,2025-05-05,2025-05-06,63555.39,17539.7,63555.39,17539.7,Paid
11418,952,2025-06-05,2025-06-06,63555.39,16704.48,63555.39,16704.48,Paid
11419,952,2025-07-05,2025-07-08,63555.39,15869.25,63555.39,15869.25,Paid
11420,952,2025-08-05,2025-08-05,63555.39,15034.03,63555.39,15034.03,Paid
11421,952,2025-09-05,,63555.39,14198.8,0.0,0.0,Unpaid
11422,952,2025-10-05,2025-10-08,63555.39,14198.8,63555.39,14198.8,Paid
11423,952,2025-11-05,,63555.39,13363.58,0.0,0.0,Unpaid
11424,952,2025-12-05,2025-12-08,63555.39,13363.58,63555.39,13363.58,Paid
11425,953,2025-01-05,2025-01-08,4247.18,6880.43,4247.18,6880.43,Paid
11426,953,2025-02-05,2025-02-09,4247.18,6823.09,4247.18,6823.09,Paid
11427,953,2025-03-05,2025-03-05,4247.18,6765.75,4247.18,6765.75,Paid
11428,953,2025-04-05,2025-04-08,4247.18,6708.41,4247.18,6708.41,Paid
11429,953,2025-05-05,2025-05-06,4247.18,6651.08,4247.18,6651.08,Paid
11430,953,2025-06-05,2025-06-05,4247.18,6593.74,4247.18,6593.74,Paid
11431,953,2025-07-05,2025-07-05,4247.18,6536.4,4247.18,6536.4,Paid
11432,953,2025-08-05,2025-08-05,4247.18,6479.07,4247.18,6479.07,Paid
11433,953,2025-09-05,2025-09-05,4247.18,6421.73,4247.18,6421.73,Paid
11434,953,2025-10-05,2025-10-09,4247.18,6364.39,4247.18,6364.39,Paid
11435,953,2025-11-05,2025-11-10,4247.18,6307.06,4247.18,6307.06,Paid
11436,953,2025-12-05,2025-12-07,4247.18,6249.72,4247.18,6249.72,Paid
11437,954,2025-01-05,2025-01-10,49611.81,14486.65,49611.81,14486.65,Paid
11438,954,2025-02-05,2025-02-05,49611.81,13883.04,49611.81,13883.04,Paid
11439,954,2025-03-05,2025-03-05,49611.81,13279.43,49611.81,13279.43,Paid
11440,954,2025-04-05,2025-04-07,49611.81,12675.82,49611.81,12675.82,Paid
11441,954,2025-05-05,2025-05-07,49611.81,12072.21,49611.81,12072.21,Paid
11442,954,2025-06-05,2025-06-07,49611.81,11468.6,49611.81,11468.6,Paid
11443,954,2025-07-05,2025-07-10,49611.81,10864.99,49611.81,10864.99,Paid
11444,954,2025-08-05,2025-08-10,49611.81,10261.38,49611.81,10261.38,Paid
11445,954,2025-09-05,2025-09-07,49611.81,9657.77,49611.81,9657.77,Paid
11446,954,2025-10-05,2025-10-09,49611.81,9054.16,49611.81,9054.16,Paid
11447,954,2025-11-05,2025-11-08,49611.81,8450.55,49611.81,8450.55,Paid
11448,954,2025-12-05,2025-12-06,49611.81,7846.94,49611.81,7846.94,Paid
11449,955,2025-01-05,2025-01-05,15818.7,7371.51,15818.7,7371.51,Paid
11450,955,2025-02-05,2025-02-05,15818.7,7248.66,15818.7,7248.66,Paid
11451,955,2025-03-05,2025-03-10,15818.7,7125.8,15818.7,7125.8,Paid
11452,955,2025-04-05,2025-04-10,15818.7,7002.94,15818.7,7002.94,Paid
11453,955,2025-05-05,2025-05-09,15818.7,6880.08,15818.7,6880.08,Paid
11454,955,2025-06-05,2025-06-07,15818.7,6757.22,15818.7,6757.22,Paid
11455,955,2025-07-05,2025-07-08,15818.7,6634.36,15818.7,6634.36,Paid
11456,955,2025-08-05,2025-08-06,15818.7,6511.5,15818.7,6511.5,Paid
11457,955,2025-09-05,2025-09-08,15818.7,6388.65,15818.7,6388.65,Paid
11458,955,2025-10-05,2025-10-07,15818.7,6265.79,15818.7,6265.79,Paid
11459,955,2025-11-05,2025-11-06,15818.7,6142.93,15818.7,6142.93,Paid
11460,955,2025-12-05,2025-12-07,15818.7,6020.07,15818.7,6020.07,Paid
11461,956,2025-01-05,,10939.32,8160.73,0.0,0.0,Unpaid
11462,956,2025-02-05,,10939.32,8160.73,0.0,0.0,Unpaid
11463,956,2025-03-05,2025-03-06,10939.32,8160.73,10939.32,8160.73,Paid
11464,956,2025-04-05,2025-04-06,10939.32,8024.72,10939.32,8024.72,Paid
11465,956,2025-05-05,2025-05-09,10939.32,7888.71,10939.32,7888.71,Paid
11466,956,2025-06-05,2025-06-10,10939.32,7752.7,10939.32,7752.7,Paid
11467,956,2025-07-05,2025-07-10,10939.32,7616.69,10939.32,7616.69,Paid
11468,956,2025-08-05,2025-08-10,10939.32,7480.67,10939.32,7480.67,Paid
11469,956,2025-09-05,2025-09-10,10939.32,7344.66,10939.32,7344.66,Paid
11470,956,2025-10-05,2025-10-06,10939.32,7208.65,10939.32,7208.65,Paid
11471,956,2025-11-05,,10939.32,7072.64,0.0,0.0,Unpaid
11472,956,2025-12-05,2025-12-07,10939.32,7072.64,10939.32,7072.64,Paid
11473,957,2025-01-05,2025-01-09,23257.94,10849.83,23257.94,10849.83,Paid
11474,957,2025-02-05,2025-02-06,23257.94,10548.45,23257.94,10548.45,Paid
11475,957,2025-03-05,2025-03-09,23257.94,10247.06,23257.94,10247.06,Paid
11476,957,2025-04-05,2025-04-06,23257.94,9945.68,23257.94,9945.68,Paid
11477,957,2025-05-05,2025-05-08,23257.94,9644.29,23257.94,9644.29,Paid
11478,957,2025-06-05,2025-06-08,23257.94,9342.91,23257.94,9342.91,Paid
11479,957,2025-07-05,2025-07-07,23257.94,9041.53,23257.94,9041.53,Paid
11480,957,2025-08-05,2025-08-06,23257.94,8740.14,23257.94,8740.14,Paid
11481,957,2025-09-05,2025-09-08,23257.94,8438.76,23257.94,8438.76,Paid
11482,957,2025-10-05,2025-10-10,23257.94,8137.37,23257.94,8137.37,Paid
11483,957,2025-11-05,2025-11-09,23257.94,7835.99,23257.94,7835.99,Paid
11484,957,2025-12-05,2025-12-10,23257.94,7534.6,23257.94,7534.6,Paid
11485,958,2025-01-05,2025-01-05,11951.43,3028.49,11951.43,3028.49,Paid
11486,958,2025-02-05,2025-02-09,11951.43,2902.31,11951.43,2902.31,Paid
11487,958,2025-03-05,2025-03-09,11951.43,2776.12,11951.43,2776.12,Paid
11488,958,2025-04-05,2025-04-09,11951.43,2649.93,11951.43,2649.93,Paid
11489,958,2025-05-05,2025-05-07,11951.43,2523.74,11951.43,2523.74,Paid
11490,958,2025-06-05,,11951.43,2397.56,0.0,0.0,Unpaid
11491,958,2025-07-05,2025-07-09,11951.43,2397.56,11951.43,2397.56,Paid
11492,958,2025-08-05,2025-08-10,11951.43,2271.37,11951.43,2271.37,Paid
11493,958,2025-09-05,2025-09-07,11951.43,2145.18,11951.43,2145.18,Paid
11494,958,2025-10-05,2025-10-07,11951.43,2019.0,11951.43,2019.0,Paid
11495,958,2025-11-05,2025-11-10,11951.43,1892.81,11951.43,1892.81,Paid
11496,958,2025-12-05,2025-12-10,11951.43,1766.62,11951.43,1766.62,Paid
11497,959,2025-01-05,2025-01-08,43506.45,7961.68,43506.45,7961.68,Paid
11498,959,2025-02-05,2025-02-05,43506.45,7629.94,43506.45,7629.94,Paid
11499,959,2025-03-05,2025-03-08,43506.45,7298.21,43506.45,7298.21,Paid
11500,959,2025-04-05,2025-04-05,43506.45,6966.47,43506.45,6966.47,Paid
11501,959,2025-05-05,2025-05-06,43506.45,6634.73,43506.45,6634.73,Paid
11502,959,2025-06-05,2025-06-07,43506.45,6303.0,43506.45,6303.0,Paid
11503,959,2025-07-05,2025-07-06,43506.45,5971.26,43506.45,5971.26,Paid
11504,959,2025-08-05,2025-08-05,43506.45,5639.52,43506.45,5639.52,Paid
11505,959,2025-09-05,2025-09-09,43506.45,5307.79,43506.45,5307.79,Paid
11506,959,2025-10-05,2025-10-10,43506.45,4976.05,43506.45,4976.05,Paid
11507,959,2025-11-05,2025-11-10,43506.45,4644.31,43506.45,4644.31,Paid
11508,959,2025-12-05,2025-12-06,43506.45,4312.58,43506.45,4312.58,Paid
11509,960,2025-01-05,,8112.74,8258.77,0.0,0.0,Unpaid
11510,960,2025-02-05,2025-02-06,8112.74,8258.77,8112.74,8258.77,Paid
11511,960,2025-03-05,2025-03-10,8112.74,8189.95,8112.74,8189.95,Paid
11512,960,2025-04-05,2025-04-08,8112.74,8121.13,8112.74,8121.13,Paid
11513,960,2025-05-05,2025-05-06,8112.74,8052.3,8112.74,8052.3,Paid
11514,960,2025-06-05,,8112.74,7983.48,0.0,0.0,Unpaid
11515,960,2025-07-05,2025-07-09,8112.74,7983.48,8112.74,7983.48,Paid
11516,960,2025-08-05,2025-08-07,8112.74,7914.66,8112.74,7914.66,Paid
11517,960,2025-09-05,2025-09-05,8112.74,7845.84,8112.74,7845.84,Paid
11518,960,2025-10-05,2025-10-06,8112.74,7777.01,8112.74,7777.01,Paid
11519,960,2025-11-05,,8112.74,7708.19,0.0,0.0,Unpaid
11520,960,2025-12-05,2025-12-09,8112.74,7708.19,8112.74,7708.19,Paid
11521,961,2025-01-05,2025-01-07,4904.33,3099.54,4904.33,3099.54,Paid
11522,961,2025-02-05,2025-02-10,4904.33,3047.88,4904.33,3047.88,Paid
11523,961,2025-03-05,2025-03-05,4904.33,2996.22,4904.33,2996.22,Paid
11524,961,2025-04-05,2025-04-09,4904.33,2944.56,4904.33,2944.56,Paid
11525,961,2025-05-05,2025-05-08,4904.33,2892.9,4904.33,2892.9,Paid
11526,961,2025-06-05,2025-06-05,4904.33,2841.24,4904.33,2841.24,Paid
11527,961,2025-07-05,2025-07-08,4904.33,2789.58,4904.33,2789.58,Paid
11528,961,2025-08-05,2025-08-08,4904.33,2737.92,4904.33,2737.92,Paid
11529,961,2025-09-05,2025-09-06,4904.33,2686.26,4904.33,2686.26,Paid
11530,961,2025-10-05,2025-10-10,4904.33,2634.61,4904.33,2634.61,Paid
11531,961,2025-11-05,2025-11-06,4904.33,2582.95,4904.33,2582.95,Paid
11532,961,2025-12-05,2025-12-08,4904.33,2531.29,4904.33,2531.29,Paid
11533,962,2025-01-05,2025-01-09,12719.75,18100.21,12719.75,18100.21,Paid
11534,962,2025-02-05,2025-02-10,12719.75,17949.37,12719.75,17949.37,Paid
11535,962,2025-03-05,2025-03-10,12719.75,17798.54,12719.75,17798.54,Paid
11536,962,2025-04-05,2025-04-10,12719.75,17647.7,12719.75,17647.7,Paid
11537,962,2025-05-05,2025-05-07,12719.75,17496.87,12719.75,17496.87,Paid
11538,962,2025-06-05,,12719.75,17346.03,0.0,0.0,Unpaid
11539,962,2025-07-05,2025-07-07,12719.75,17346.03,12719.75,17346.03,Paid
11540,962,2025-08-05,2025-08-05,12719.75,17195.2,12719.75,17195.2,Paid
11541,962,2025-09-05,2025-09-08,12719.75,17044.36,12719.75,17044.36,Paid
11542,962,2025-10-05,2025-10-08,12719.75,16893.53,12719.75,16893.53,Paid
11543,962,2025-11-05,2025-11-06,12719.75,16742.69,12719.75,16742.69,Paid
11544,962,2025-12-05,2025-12-08,12719.75,16591.86,12719.75,16591.86,Paid
11545,963,2025-01-05,2025-01-08,15390.6,5859.2,15390.6,5859.2,Paid
11546,963,2025-02-05,2025-02-07,15390.6,5696.44,15390.6,5696.44,Paid
11547,963,2025-03-05,2025-03-09,15390.6,5533.69,15390.6,5533.69,Paid
11548,963,2025-04-05,,15390.6,5370.93,0.0,0.0,Unpaid
11549,963,2025-05-05,2025-05-07,15390.6,5370.93,15390.6,5370.93,Paid
11550,963,2025-06-05,2025-06-09,15390.6,5208.18,15390.6,5208.18,Paid
11551,963,2025-07-05,,15390.6,5045.42,0.0,0.0,Unpaid
11552,963,2025-08-05,2025-08-09,15390.6,5045.42,15390.6,5045.42,Paid
11553,963,2025-09-05,2025-09-06,15390.6,4882.67,15390.6,4882.67,Paid
11554,963,2025-10-05,2025-10-06,15390.6,4719.91,15390.6,4719.91,Paid
11555,963,2025-11-05,2025-11-09,15390.6,4557.16,15390.6,4557.16,Paid
11556,963,2025-12-05,2025-12-09,15390.6,4394.4,15390.6,4394.4,Paid
11557,964,2025-01-05,2025-01-07,72115.56,17502.45,72115.56,17502.45,Paid
11558,964,2025-02-05,2025-02-08,72115.56,17016.27,72115.56,17016.27,Paid
11559,964,2025-03-05,2025-03-08,72115.56,16530.09,72115.56,16530.09,Paid
11560,964,2025-04-05,2025-04-07,72115.56,16043.91,72115.56,16043.91,Paid
11561,964,2025-05-05,2025-05-06,72115.56,15557.73,72115.56,15557.73,Paid
11562,964,2025-06-05,2025-06-09,72115.56,15071.55,72115.56,15071.55,Paid
11563,964,2025-07-05,2025-07-09,72115.56,14585.37,72115.56,14585.37,Paid
11564,964,2025-08-05,2025-08-09,72115.56,14099.19,72115.56,14099.19,Paid
11565,964,2025-09-05,2025-09-05,72115.56,13613.01,72115.56,13613.01,Paid
11566,964,2025-10-05,2025-10-10,72115.56,13126.83,72115.56,13126.83,Paid
11567,964,2025-11-05,2025-11-06,72115.56,12640.66,72115.56,12640.66,Paid
11568,964,2025-12-05,2025-12-05,72115.56,12154.48,72115.56,12154.48,Paid
11569,965,2025-01-05,2025-01-09,15949.0,8081.36,15949.0,8081.36,Paid
11570,965,2025-02-05,2025-02-06,15949.0,7856.87,15949.0,7856.87,Paid
11571,965,2025-03-05,2025-03-09,15949.0,7632.39,15949.0,7632.39,Paid
11572,965,2025-04-05,2025-04-05,15949.0,7407.91,15949.0,7407.91,Paid
11573,965,2025-05-05,2025-05-06,15949.0,7183.43,15949.0,7183.43,Paid
11574,965,2025-06-05,2025-06-09,15949.0,6958.95,15949.0,6958.95,Paid
11575,965,2025-07-05,2025-07-05,15949.0,6734.46,15949.0,6734.46,Paid
11576,965,2025-08-05,2025-08-10,15949.0,6509.98,15949.0,6509.98,Paid
11577,965,2025-09-05,2025-09-10,15949.0,6285.5,15949.0,6285.5,Paid
11578,965,2025-10-05,2025-10-06,15949.0,6061.02,15949.0,6061.02,Paid
11579,965,2025-11-05,2025-11-07,15949.0,5836.54,15949.0,5836.54,Paid
11580,965,2025-12-05,2025-12-08,15949.0,5612.05,15949.0,5612.05,Paid
11581,966,2025-01-05,2025-01-08,3945.97,7047.51,3945.97,7047.51,Paid
11582,966,2025-02-05,2025-02-10,3945.97,6988.78,3945.97,6988.78,Paid
11583,966,2025-03-05,2025-03-05,3945.97,6930.05,3945.97,6930.05,Paid
11584,966,2025-04-05,2025-04-09,3945.97,6871.32,3945.97,6871.32,Paid
11585,966,2025-05-05,2025-05-09,3945.97,6812.59,3945.97,6812.59,Paid
11586,966,2025-06-05,2025-06-09,3945.97,6753.86,3945.97,6753.86,Paid
11587,966,2025-07-05,2025-07-07,3945.97,6695.13,3945.97,6695.13,Paid
11588,966,2025-08-05,2025-08-08,3945.97,6636.4,3945.97,6636.4,Paid
11589,966,2025-09-05,2025-09-08,3945.97,6577.67,3945.97,6577.67,Paid
11590,966,2025-10-05,2025-10-08,3945.97,6518.94,3945.97,6518.94,Paid
11591,966,2025-11-05,2025-11-06,3945.97,6460.21,3945.97,6460.21,Paid
11592,966,2025-12-05,2025-12-06,3945.97,6401.48,3945.97,6401.48,Paid
11593,967,2025-01-05,2025-01-09,43770.4,37226.73,43770.4,37226.73,Paid
11594,967,2025-02-05,2025-02-05,43770.4,36606.28,43770.4,36606.28,Paid
11595,967,2025-03-05,2025-03-05,43770.4,35985.84,43770.4,35985.84,Paid
11596,967,2025-04-05,2025-04-06,43770.4,35365.39,43770.4,35365.39,Paid
11597,967,2025-05-05,2025-05-06,43770.4,34744.95,43770.4,34744.95,Paid
11598,967,2025-06-05,2025-06-07,43770.4,34124.5,43770.4,34124.5,Paid
11599,967,2025-07-05,2025-07-07,43770.4,33504.05,43770.4,33504.05,Paid
11600,967,2025-08-05,2025-08-06,43770.4,32883.61,43770.4,32883.61,Paid
11601,967,2025-09-05,2025-09-06,43770.4,32263.16,43770.4,32263.16,Paid
11602,967,2025-10-05,2025-10-10,43770.4,31642.72,43770.4,31642.72,Paid
11603,967,2025-11-05,2025-11-08,43770.4,31022.27,43770.4,31022.27,Paid
11604,967,2025-12-05,2025-12-09,43770.4,30401.83,43770.4,30401.83,Paid
11605,968,2025-01-05,2025-01-09,44948.98,14680.34,44948.98,14680.34,Paid
11606,968,2025-02-05,2025-02-07,44948.98,14068.65,44948.98,14068.65,Paid
11607,968,2025-03-05,2025-03-10,44948.98,13456.97,44948.98,13456.97,Paid
11608,968,2025-04-05,2025-04-09,44948.98,12845.29,44948.98,12845.29,Paid
11609,968,2025-05-05,2025-05-09,44948.98,12233.61,44948.98,12233.61,Paid
11610,968,2025-06-05,2025-06-10,44948.98,11621.93,44948.98,11621.93,Paid
11611,968,2025-07-05,2025-07-05,44948.98,11010.25,44948.98,11010.25,Paid
11612,968,2025-08-05,2025-08-09,44948.98,10398.57,44948.98,10398.57,Paid
11613,968,2025-09-05,2025-09-10,44948.98,9786.89,44948.98,9786.89,Paid
11614,968,2025-10-05,2025-10-09,44948.98,9175.21,44948.98,9175.21,Paid
11615,968,2025-11-05,2025-11-07,44948.98,8563.53,44948.98,8563.53,Paid
11616,968,2025-12-05,2025-12-10,44948.98,7951.85,44948.98,7951.85,Paid
11617,969,2025-01-05,2025-01-07,39421.29,14877.6,39421.29,14877.6,Paid
11618,969,2025-02-05,2025-02-10,39421.29,14464.33,39421.29,14464.33,Paid
11619,969,2025-03-05,2025-03-06,39421.29,14051.06,39421.29,14051.06,Paid
11620,969,2025-04-05,2025-04-09,39421.29,13637.8,39421.29,13637.8,Paid
11621,969,2025-05-05,2025-05-05,39421.29,13224.53,39421.29,13224.53,Paid
11622,969,2025-06-05,2025-06-08,39421.29,12811.26,39421.29,12811.26,Paid
11623,969,2025-07-05,2025-07-08,39421.29,12398.0,39421.29,12398.0,Paid
11624,969,2025-08-05,2025-08-06,39421.29,11984.73,39421.29,11984.73,Paid
11625,969,2025-09-05,2025-09-08,39421.29,11571.46,39421.29,11571.46,Paid
11626,969,2025-10-05,2025-10-10,39421.29,11158.2,39421.29,11158.2,Paid
11627,969,2025-11-05,2025-11-05,39421.29,10744.93,39421.29,10744.93,Paid
11628,969,2025-12-05,2025-12-10,39421.29,10331.66,39421.29,10331.66,Paid
11629,970,2025-01-05,2025-01-10,58339.2,25605.07,58339.2,25605.07,Paid
11630,970,2025-02-05,2025-02-08,58339.2,24893.82,58339.2,24893.82,Paid
11631,970,2025-03-05,2025-03-05,58339.2,24182.57,58339.2,24182.57,Paid
11632,970,2025-04-05,2025-04-07,58339.2,23471.32,58339.2,23471.32,Paid
11633,970,2025-05-05,2025-05-05,58339.2,22760.06,58339.2,22760.06,Paid
11634,970,2025-06-05,2025-06-09,58339.2,22048.81,58339.2,22048.81,Paid
11635,970,2025-07-05,2025-07-06,58339.2,21337.56,58339.2,21337.56,Paid
11636,970,2025-08-05,2025-08-09,58339.2,20626.31,58339.2,20626.31,Paid
11637,970,2025-09-05,2025-09-07,58339.2,19915.06,58339.2,19915.06,Paid
11638,970,2025-10-05,2025-10-07,58339.2,19203.8,58339.2,19203.8,Paid
11639,970,2025-11-05,2025-11-08,58339.2,18492.55,58339.2,18492.55,Paid
11640,970,2025-12-05,2025-12-07,58339.2,17781.3,58339.2,17781.3,Paid
11641,971,2025-01-05,2025-01-10,10034.8,6557.74,10034.8,6557.74,Paid
11642,971,2025-02-05,2025-02-06,10034.8,6448.45,10034.8,6448.45,Paid
11643,971,2025-03-05,2025-03-10,10034.8,6339.15,10034.8,6339.15,Paid
11644,971,2025-04-05,2025-04-05,10034.8,6229.86,10034.8,6229.86,Paid
11645,971,2025-05-05,2025-05-08,10034.8,6120.56,10034.8,6120.56,Paid
11646,971,2025-06-05,,10034.8,6011.27,0.0,0.0,Unpaid
11647,971,2025-07-05,2025-07-09,10034.8,6011.27,10034.8,6011.27,Paid
11648,971,2025-08-05,2025-08-06,10034.8,5901.97,10034.8,5901.97,Paid
11649,971,2025-09-05,2025-09-07,10034.8,5792.67,10034.8,5792.67,Paid
11650,971,2025-10-05,2025-10-07,10034.8,5683.38,10034.8,5683.38,Paid
11651,971,2025-11-05,2025-11-10,10034.8,5574.08,10034.8,5574.08,Paid
11652,971,2025-12-05,2025-12-07,10034.8,5464.79,10034.8,5464.79,Paid
11653,972,2025-01-05,2025-01-10,8432.88,2378.07,8432.88,2378.07,Paid
11654,972,2025-02-05,2025-02-07,8432.88,2312.02,8432.88,2312.02,Paid
11655,972,2025-03-05,2025-03-09,8432.88,2245.96,8432.88,2245.96,Paid
11656,972,2025-04-05,2025-04-07,8432.88,2179.9,8432.88,2179.9,Paid
11657,972,2025-05-05,2025-05-08,8432.88,2113.84,8432.88,2113.84,Paid
11658,972,2025-06-05,2025-06-05,8432.88,2047.79,8432.88,2047.79,Paid
11659,972,2025-07-05,2025-07-06,8432.88,1981.73,8432.88,1981.73,Paid
11660,972,2025-08-05,2025-08-06,8432.88,1915.67,8432.88,1915.67,Paid
11661,972,2025-09-05,2025-09-06,8432.88,1849.61,8432.88,1849.61,Paid
11662,972,2025-10-05,2025-10-10,8432.88,1783.56,8432.88,1783.56,Paid
11663,972,2025-11-05,2025-11-08,8432.88,1717.5,8432.88,1717.5,Paid
11664,972,2025-12-05,2025-12-09,8432.88,1651.44,8432.88,1651.44,Paid
11665,973,2025-01-05,2025-01-08,14712.36,6426.36,14712.36,6426.36,Paid
11666,973,2025-02-05,2025-02-06,14712.36,6247.85,14712.36,6247.85,Paid
11667,973,2025-03-05,2025-03-07,14712.36,6069.34,14712.36,6069.34,Paid
11668,973,2025-04-05,2025-04-10,14712.36,5890.83,14712.36,5890.83,Paid
11669,973,2025-05-05,2025-05-08,14712.36,5712.32,14712.36,5712.32,Paid
11670,973,2025-06-05,2025-06-05,14712.36,5533.81,14712.36,5533.81,Paid
11671,973,2025-07-05,2025-07-08,14712.36,5355.3,14712.36,5355.3,Paid
11672,973,2025-08-05,2025-08-09,14712.36,5176.79,14712.36,5176.79,Paid
11673,973,2025-09-05,2025-09-07,14712.36,4998.28,14712.36,4998.28,Paid
11674,973,2025-10-05,2025-10-09,14712.36,4819.77,14712.36,4819.77,Paid
11675,973,2025-11-05,2025-11-09,14712.36,4641.26,14712.36,4641.26,Paid
11676,973,2025-12-05,2025-12-07,14712.36,4462.75,14712.36,4462.75,Paid
11677,974,2025-01-05,2025-01-06,12296.74,10181.7,12296.74,10181.7,Paid
11678,974,2025-02-05,2025-02-07,12296.74,10012.0,12296.74,10012.0,Paid
11679,974,2025-03-05,2025-03-08,12296.74,9842.31,12296.74,9842.31,Paid
11680,974,2025-04-05,2025-04-10,12296.74,9672.61,12296.74,9672.61,Paid
11681,974,2025-05-05,2025-05-07,12296.74,9502.92,12296.74,9502.92,Paid
11682,974,2025-06-05,2025-06-08,12296.74,9333.22,12296.74,9333.22,Paid
11683,974,2025-07-05,2025-07-06,12296.74,9163.53,12296.74,9163.53,Paid
11684,974,2025-08-05,2025-08-05,12296.74,8993.83,12296.74,8993.83,Paid
11685,974,2025-09-05,2025-09-07,12296.74,8824.14,12296.74,8824.14,Paid
11686,974,2025-10-05,2025-10-10,12296.74,8654.44,12296.74,8654.44,Paid
11687,974,2025-11-05,2025-11-10,12296.74,8484.75,12296.74,8484.75,Paid
11688,974,2025-12-05,,12296.74,8315.05,0.0,0.0,Unpaid
11689,975,2025-01-05,2025-01-10,11148.01,9821.4,11148.01,9821.4,Paid
11690,975,2025-02-05,2025-02-05,11148.01,9657.71,11148.01,9657.71,Paid
11691,975,2025-03-05,2025-03-06,11148.01,9494.02,11148.01,9494.02,Paid
11692,975,2025-04-05,2025-04-06,11148.01,9330.33,11148.01,9330.33,Paid
11693,975,2025-05-05,2025-05-07,11148.01,9166.64,11148.01,9166.64,Paid
11694,975,2025-06-05,2025-06-05,11148.01,9002.95,11148.01,9002.95,Paid
11695,975,2025-07-05,2025-07-05,11148.01,8839.26,11148.01,8839.26,Paid
11696,975,2025-08-05,2025-08-09,11148.01,8675.57,11148.01,8675.57,Paid
11697,975,2025-09-05,2025-09-07,11148.01,8511.88,11148.01,8511.88,Paid
11698,975,2025-10-05,2025-10-10,11148.01,8348.19,11148.01,8348.19,Paid
11699,975,2025-11-05,2025-11-08,11148.01,8184.5,11148.01,8184.5,Paid
11700,975,2025-12-05,2025-12-05,11148.01,8020.81,11148.01,8020.81,Paid
11701,976,2025-01-05,2025-01-10,22374.64,7607.38,22374.64,7607.38,Paid
11702,976,2025-02-05,2025-02-07,22374.64,7290.4,22374.64,7290.4,Paid
11703,976,2025-03-05,2025-03-09,22374.64,6973.43,22374.64,6973.43,Paid
11704,976,2025-04-05,2025-04-05,22374.64,6656.46,22374.64,6656.46,Paid
11705,976,2025-05-05,2025-05-07,22374.64,6339.48,22374.64,6339.48,Paid
11706,976,2025-06-05,2025-06-06,22374.64,6022.51,22374.64,6022.51,Paid
11707,976,2025-07-05,2025-07-05,22374.64,5705.53,22374.64,5705.53,Paid
11708,976,2025-08-05,2025-08-08,22374.64,5388.56,22374.64,5388.56,Paid
11709,976,2025-09-05,2025-09-05,22374.64,5071.59,22374.64,5071.59,Paid
11710,976,2025-10-05,2025-10-05,22374.64,4754.61,22374.64,4754.61,Paid
11711,976,2025-11-05,2025-11-08,22374.64,4437.64,22374.64,4437.64,Paid
11712,976,2025-12-05,2025-12-08,22374.64,4120.66,22374.64,4120.66,Paid
11713,977,2025-01-05,2025-01-09,10647.59,15630.66,10647.59,15630.66,Paid
11714,977,2025-02-05,2025-02-05,10647.59,15500.4,10647.59,15500.4,Paid
11715,977,2025-03-05,2025-03-09,10647.59,15370.14,10647.59,15370.14,Paid
11716,977,2025-04-05,2025-04-06,10647.59,15239.89,10647.59,15239.89,Paid
11717,977,2025-05-05,2025-05-07,10647.59,15109.63,10647.59,15109.63,Paid
11718,977,2025-06-05,2025-06-06,10647.59,14979.38,10647.59,14979.38,Paid
11719,977,2025-07-05,2025-07-06,10647.59,14849.12,10647.59,14849.12,Paid
11720,977,2025-08-05,2025-08-09,10647.59,14718.87,10647.59,14718.87,Paid
11721,977,2025-09-05,2025-09-10,10647.59,14588.61,10647.59,14588.61,Paid
11722,977,2025-10-05,2025-10-08,10647.59,14458.36,10647.59,14458.36,Paid
11723,977,2025-11-05,2025-11-10,10647.59,14328.1,10647.59,14328.1,Paid
11724,977,2025-12-05,2025-12-10,10647.59,14197.84,10647.59,14197.84,Paid
11725,978,2025-01-05,2025-01-08,16455.42,2965.27,16455.42,2965.27,Paid
11726,978,2025-02-05,2025-02-06,16455.42,2841.71,16455.42,2841.71,Paid
11727,978,2025-03-05,2025-03-06,16455.42,2718.16,16455.42,2718.16,Paid
11728,978,2025-04-05,2025-04-09,16455.42,2594.61,16455.42,2594.61,Paid
11729,978,2025-05-05,2025-05-05,16455.42,2471.06,16455.42,2471.06,Paid
11730,978,2025-06-05,2025-06-05,16455.42,2347.5,16455.42,2347.5,Paid
11731,978,2025-07-05,2025-07-05,16455.42,2223.95,16455.42,2223.95,Paid
11732,978,2025-08-05,2025-08-09,16455.42,2100.4,16455.42,2100.4,Paid
11733,978,2025-09-05,,16455.42,1976.85,0.0,0.0,Unpaid
11734,978,2025-10-05,,16455.42,1976.85,0.0,0.0,Unpaid
11735,978,2025-11-05,2025-11-07,16455.42,1976.85,16455.42,1976.85,Paid
11736,978,2025-12-05,2025-12-09,16455.42,1853.29,16455.42,1853.29,Paid
11737,979,2025-01-05,2025-01-05,8331.6,5161.43,8331.6,5161.43,Paid
11738,979,2025-02-05,2025-02-09,8331.6,5075.4,8331.6,5075.4,Paid
11739,979,2025-03-05,2025-03-05,8331.6,4989.38,8331.6,4989.38,Paid
11740,979,2025-04-05,2025-04-06,8331.6,4903.35,8331.6,4903.35,Paid
11741,979,2025-05-05,2025-05-08,8331.6,4817.33,8331.6,4817.33,Paid
11742,979,2025-06-05,2025-06-09,8331.6,4731.31,8331.6,4731.31,Paid
11743,979,2025-07-05,2025-07-05,8331.6,4645.28,8331.6,4645.28,Paid
11744,979,2025-08-05,,8331.6,4559.26,0.0,0.0,Unpaid
11745,979,2025-09-05,2025-09-06,8331.6,4559.26,8331.6,4559.26,Paid
11746,979,2025-10-05,2025-10-05,8331.6,4473.24,8331.6,4473.24,Paid
11747,979,2025-11-05,2025-11-10,8331.6,4387.21,8331.6,4387.21,Paid
11748,979,2025-12-05,2025-12-09,8331.6,4301.19,8331.6,4301.19,Paid
11749,980,2025-01-05,2025-01-07,30133.96,6701.79,30133.96,6701.79,Paid
11750,980,2025-02-05,2025-02-07,30133.96,6422.55,30133.96,6422.55,Paid
11751,980,2025-03-05,2025-03-09,30133.96,6143.31,30133.96,6143.31,Paid
11752,980,2025-04-05,2025-04-09,30133.96,5864.07,30133.96,5864.07,Paid
11753,980,2025-05-05,2025-05-06,30133.96,5584.83,30133.96,5584.83,Paid
11754,980,2025-06-05,2025-06-08,30133.96,5305.59,30133.96,5305.59,Paid
11755,980,2025-07-05,2025-07-09,30133.96,5026.34,30133.96,5026.34,Paid
11756,980,2025-08-05,2025-08-08,30133.96,4747.1,30133.96,4747.1,Paid
11757,980,2025-09-05,2025-09-05,30133.96,4467.86,30133.96,4467.86,Paid
11758,980,2025-10-05,2025-10-07,30133.96,4188.62,30133.96,4188.62,Paid
11759,980,2025-11-05,2025-11-10,30133.96,3909.38,30133.96,3909.38,Paid
11760,980,2025-12-05,2025-12-07,30133.96,3630.14,30133.96,3630.14,Paid
11761,981,2025-01-05,2025-01-08,14151.38,6724.74,14151.38,6724.74,Paid
11762,981,2025-02-05,2025-02-09,14151.38,6537.94,14151.38,6537.94,Paid
11763,981,2025-03-05,2025-03-10,14151.38,6351.14,14151.38,6351.14,Paid
11764,981,2025-04-05,2025-04-10,14151.38,6164.34,14151.38,6164.34,Paid
11765,981,2025-05-05,2025-05-06,14151.38,5977.54,14151.38,5977.54,Paid
11766,981,2025-06-05,2025-06-08,14151.38,5790.75,14151.38,5790.75,Paid
11767,981,2025-07-05,2025-07-09,14151.38,5603.95,14151.38,5603.95,Paid
11768,981,2025-08-05,2025-08-05,14151.38,5417.15,14151.38,5417.15,Paid
11769,981,2025-09-05,2025-09-06,14151.38,5230.35,14151.38,5230.35,Paid
11770,981,2025-10-05,2025-10-05,14151.38,5043.55,14151.38,5043.55,Paid
11771,981,2025-11-05,2025-11-10,14151.38,4856.76,14151.38,4856.76,Paid
11772,981,2025-12-05,2025-12-09,14151.38,4669.96,14151.38,4669.96,Paid
11773,982,2025-01-05,2025-01-10,6888.01,8072.75,6888.01,8072.75,Paid
11774,982,2025-02-05,2025-02-05,6888.01,8005.48,6888.01,8005.48,Paid
11775,982,2025-03-05,2025-03-05,6888.01,7938.2,6888.01,7938.2,Paid
11776,982,2025-04-05,2025-04-07,6888.01,7870.93,6888.01,7870.93,Paid
11777,982,2025-05-05,2025-05-06,6888.01,7803.66,6888.01,7803.66,Paid
11778,982,2025-06-05,2025-06-09,6888.01,7736.38,6888.01,7736.38,Paid
11779,982,2025-07-05,2025-07-05,6888.01,7669.11,6888.01,7669.11,Paid
11780,982,2025-08-05,2025-08-08,6888.01,7601.84,6888.01,7601.84,Paid
11781,982,2025-09-05,2025-09-05,6888.01,7534.57,6888.01,7534.57,Paid
11782,982,2025-10-05,2025-10-10,6888.01,7467.29,6888.01,7467.29,Paid
11783,982,2025-11-05,2025-11-10,6888.01,7400.02,6888.01,7400.02,Paid
11784,982,2025-12-05,2025-12-08,6888.01,7332.75,6888.01,7332.75,Paid
11785,983,2025-01-05,2025-01-07,4504.14,3860.04,4504.14,3860.04,Paid
11786,983,2025-02-05,2025-02-08,4504.14,3827.88,4504.14,3827.88,Paid
11787,983,2025-03-05,2025-03-10,4504.14,3795.71,4504.14,3795.71,Paid
11788,983,2025-04-05,2025-04-07,4504.14,3763.54,4504.14,3763.54,Paid
11789,983,2025-05-05,2025-05-06,4504.14,3731.38,4504.14,3731.38,Paid
11790,983,2025-06-05,2025-06-08,4504.14,3699.21,4504.14,3699.21,Paid
11791,983,2025-07-05,2025-07-10,4504.14,3667.04,4504.14,3667.04,Paid
11792,983,2025-08-05,2025-08-10,4504.14,3634.87,4504.14,3634.87,Paid
11793,983,2025-09-05,2025-09-09,4504.14,3602.71,4504.14,3602.71,Paid
11794,983,2025-10-05,2025-10-09,4504.14,3570.54,4504.14,3570.54,Paid
11795,983,2025-11-05,2025-11-05,4504.14,3538.37,4504.14,3538.37,Paid
11796,983,2025-12-05,2025-12-08,4504.14,3506.21,4504.14,3506.21,Paid
11797,984,2025-01-05,2025-01-07,24947.94,4540.53,24947.94,4540.53,Paid
11798,984,2025-02-05,2025-02-05,24947.94,4351.34,24947.94,4351.34,Paid
11799,984,2025-03-05,2025-03-06,24947.94,4162.15,24947.94,4162.15,Paid
11800,984,2025-04-05,2025-04-05,24947.94,3972.96,24947.94,3972.96,Paid
11801,984,2025-05-05,2025-05-09,24947.94,3783.77,24947.94,3783.77,Paid
11802,984,2025-06-05,2025-06-07,24947.94,3594.58,24947.94,3594.58,Paid
11803,984,2025-07-05,2025-07-07,24947.94,3405.39,24947.94,3405.39,Paid
11804,984,2025-08-05,2025-08-10,24947.94,3216.21,24947.94,3216.21,Paid
11805,984,2025-09-05,2025-09-06,24947.94,3027.02,24947.94,3027.02,Paid
11806,984,2025-10-05,2025-10-06,24947.94,2837.83,24947.94,2837.83,Paid
11807,984,2025-11-05,2025-11-05,24947.94,2648.64,24947.94,2648.64,Paid
11808,984,2025-12-05,2025-12-06,24947.94,2459.45,24947.94,2459.45,Paid
11809,985,2025-01-05,2025-01-10,16876.34,12615.07,16876.34,12615.07,Paid
11810,985,2025-02-05,2025-02-07,16876.34,12404.82,16876.34,12404.82,Paid
11811,985,2025-03-05,2025-03-07,16876.34,12194.56,16876.34,12194.56,Paid
11812,985,2025-04-05,,16876.34,11984.31,0.0,0.0,Unpaid
11813,985,2025-05-05,2025-05-10,16876.34,11984.31,16876.34,11984.31,Paid
11814,985,2025-06-05,2025-06-06,16876.34,11774.06,16876.34,11774.06,Paid
11815,985,2025-07-05,2025-07-10,16876.34,11563.81,16876.34,11563.81,Paid
11816,985,2025-08-05,2025-08-05,16876.34,11353.56,16876.34,11353.56,Paid
11817,985,2025-09-05,2025-09-09,16876.34,11143.31,16876.34,11143.31,Paid
11818,985,2025-10-05,2025-10-10,16876.34,10933.06,16876.34,10933.06,Paid
11819,985,2025-11-05,2025-11-10,16876.34,10722.81,16876.34,10722.81,Paid
11820,985,2025-12-05,2025-12-08,16876.34,10512.56,16876.34,10512.56,Paid
11821,986,2025-01-05,2025-01-09,22666.05,13202.97,22666.05,13202.97,Paid
11822,986,2025-02-05,2025-02-09,22666.05,12982.92,22666.05,12982.92,Paid
11823,986,2025-03-05,2025-03-09,22666.05,12762.87,22666.05,12762.87,Paid
11824,986,2025-04-05,2025-04-10,22666.05,12542.82,22666.05,12542.82,Paid
11825,986,2025-05-05,,22666.05,12322.77,0.0,0.0,Unpaid
11826,986,2025-06-05,2025-06-07,22666.05,12322.77,22666.05,12322.77,Paid
11827,986,2025-07-05,2025-07-06,22666.05,12102.73,22666.05,12102.73,Paid
11828,986,2025-08-05,2025-08-06,22666.05,11882.68,22666.05,11882.68,Paid
11829,986,2025-09-05,,22666.05,11662.63,0.0,0.0,Unpaid
11830,986,2025-10-05,,22666.05,11662.63,0.0,0.0,Unpaid
11831,986,2025-11-05,2025-11-05,22666.05,11662.63,22666.05,11662.63,Paid
11832,986,2025-12-05,2025-12-10,22666.05,11442.58,22666.05,11442.58,Paid
11833,987,2025-01-05,2025-01-07,29570.57,51364.09,29570.57,51364.09,Paid
11834,987,2025-02-05,2025-02-09,29570.57,50936.05,29570.57,50936.05,Paid
11835,987,2025-03-05,2025-03-08,29570.57,50508.02,29570.57,50508.02,Paid
11836,987,2025-04-05,2025-04-06,29570.57,50079.99,29570.57,50079.99,Paid
11837,987,2025-05-05,2025-05-07,29570.57,49651.95,29570.57,49651.95,Paid
11838,987,2025-06-05,2025-06-07,29570.57,49223.92,29570.57,49223.92,Paid
11839,987,2025-07-05,2025-07-08,29570.57,48795.88,29570.57,48795.88,Paid
11840,987,2025-08-05,2025-08-07,29570.57,48367.85,29570.57,48367.85,Paid
11841,987,2025-09-05,2025-09-05,29570.57,47939.82,29570.57,47939.82,Paid
11842,987,2025-10-05,2025-10-05,29570.57,47511.78,29570.57,47511.78,Paid
11843,987,2025-11-05,2025-11-09,29570.57,47083.75,29570.57,47083.75,Paid
11844,987,2025-12-05,2025-12-10,29570.57,46655.71,29570.57,46655.71,Paid
11845,988,2025-01-05,2025-01-10,12779.42,3061.95,12779.42,3061.95,Paid
11846,988,2025-02-05,2025-02-09,12779.42,2934.37,12779.42,2934.37,Paid
11847,988,2025-03-05,2025-03-05,12779.42,2806.79,12779.42,2806.79,Paid
11848,988,2025-04-05,2025-04-07,12779.42,2679.21,12779.42,2679.21,Paid
11849,988,2025-05-05,2025-05-05,12779.42,2551.62,12779.42,2551.62,Paid
11850,988,2025-06-05,2025-06-08,12779.42,2424.04,12779.42,2424.04,Paid
11851,988,2025-07-05,2025-07-08,12779.42,2296.46,12779.42,2296.46,Paid
11852,988,2025-08-05,2025-08-08,12779.42,2168.88,12779.42,2168.88,Paid
11853,988,2025-09-05,2025-09-08,12779.42,2041.3,12779.42,2041.3,Paid
11854,988,2025-10-05,2025-10-10,12779.42,1913.72,12779.42,1913.72,Paid
11855,988,2025-11-05,2025-11-05,12779.42,1786.14,12779.42,1786.14,Paid
11856,988,2025-12-05,2025-12-08,12779.42,1658.56,12779.42,1658.56,Paid
11857,989,2025-01-05,2025-01-09,4030.36,6573.52,4030.36,6573.52,Paid
11858,989,2025-02-05,2025-02-06,4030.36,6518.74,4030.36,6518.74,Paid
11859,989,2025-03-05,2025-03-09,4030.36,6463.96,4030.36,6463.96,Paid
11860,989,2025-04-05,2025-04-05,4030.36,6409.18,4030.36,6409.18,Paid
11861,989,2025-05-05,2025-05-10,4030.36,6354.4,4030.36,6354.4,Paid
11862,989,2025-06-05,2025-06-06,4030.36,6299.62,4030.36,6299.62,Paid
11863,989,2025-07-05,2025-07-05,4030.36,6244.84,4030.36,6244.84,Paid
11864,989,2025-08-05,2025-08-06,4030.36,6190.06,4030.36,6190.06,Paid
11865,989,2025-09-05,2025-09-06,4030.36,6135.28,4030.36,6135.28,Paid
11866,989,2025-10-05,2025-10-07,4030.36,6080.5,4030.36,6080.5,Paid
11867,989,2025-11-05,2025-11-05,4030.36,6025.73,4030.36,6025.73,Paid
11868,989,2025-12-05,2025-12-07,4030.36,5970.95,4030.36,5970.95,Paid
11869,990,2025-01-05,2025-01-10,126620.89,45165.67,126620.89,45165.67,Paid
11870,990,2025-02-05,2025-02-07,126620.89,43911.07,126620.89,43911.07,Paid
11871,990,2025-03-05,2025-03-10,126620.89,42656.47,126620.89,42656.47,Paid
11872,990,2025-04-05,2025-04-10,126620.89,41401.87,126620.89,41401.87,Paid
11873,990,2025-05-05,,126620.89,40147.26,0.0,0.0,Unpaid
11874,990,2025-06-05,2025-06-07,126620.89,40147.26,126620.89,40147.26,Paid
11875,990,2025-07-05,2025-07-05,126620.89,38892.66,126620.89,38892.66,Paid
11876,990,2025-08-05,2025-08-06,126620.89,37638.06,126620.89,37638.06,Paid
11877,990,2025-09-05,2025-09-10,126620.89,36383.46,126620.89,36383.46,Paid
11878,990,2025-10-05,2025-10-09,126620.89,35128.86,126620.89,35128.86,Paid
11879,990,2025-11-05,2025-11-10,126620.89,33874.25,126620.89,33874.25,Paid
11880,990,2025-12-05,2025-12-06,126620.89,32619.65,126620.89,32619.65,Paid
11881,991,2025-01-05,2025-01-08,24446.24,41656.4,24446.24,41656.4,Paid
11882,991,2025-02-05,2025-02-09,24446.24,41309.26,24446.24,41309.26,Paid
11883,991,2025-03-05,2025-03-10,24446.24,40962.12,24446.24,40962.12,Paid
11884,991,2025-04-05,2025-04-09,24446.24,40614.99,24446.24,40614.99,Paid
11885,991,2025-05-05,2025-05-10,24446.24,40267.85,24446.24,40267.85,Paid
11886,991,2025-06-05,2025-06-07,24446.24,39920.71,24446.24,39920.71,Paid
11887,991,2025-07-05,2025-07-10,24446.24,39573.58,24446.24,39573.58,Paid
11888,991,2025-08-05,2025-08-07,24446.24,39226.44,24446.24,39226.44,Paid
11889,991,2025-09-05,2025-09-07,24446.24,38879.3,24446.24,38879.3,Paid
11890,991,2025-10-05,2025-10-08,24446.24,38532.17,24446.24,38532.17,Paid
11891,991,2025-11-05,2025-11-08,24446.24,38185.03,24446.24,38185.03,Paid
11892,991,2025-12-05,2025-12-05,24446.24,37837.89,24446.24,37837.89,Paid
11893,992,2025-01-05,2025-01-09,4261.66,1139.57,4261.66,1139.57,Paid
11894,992,2025-02-05,2025-02-06,4261.66,1092.09,4261.66,1092.09,Paid
11895,992,2025-03-05,2025-03-05,4261.66,1044.6,4261.66,1044.6,Paid
11896,992,2025-04-05,2025-04-06,4261.66,997.12,4261.66,997.12,Paid
11897,992,2025-05-05,2025-05-10,4261.66,949.64,4261.66,949.64,Paid
11898,992,2025-06-05,2025-06-06,4261.66,902.16,4261.66,902.16,Paid
11899,992,2025-07-05,2025-07-07,4261.66,854.68,4261.66,854.68,Paid
11900,992,2025-08-05,2025-08-05,4261.66,807.19,4261.66,807.19,Paid
11901,992,2025-09-05,2025-09-05,4261.66,759.71,4261.66,759.71,Paid
11902,992,2025-10-05,2025-10-09,4261.66,712.23,4261.66,712.23,Paid
11903,992,2025-11-05,2025-11-07,4261.66,664.75,4261.66,664.75,Paid
11904,992,2025-12-05,2025-12-08,4261.66,617.27,4261.66,617.27,Paid
11905,993,2025-01-05,2025-01-05,4571.88,1641.76,4571.88,1641.76,Paid
11906,993,2025-02-05,2025-02-06,4571.88,1596.16,4571.88,1596.16,Paid
11907,993,2025-03-05,2025-03-09,4571.88,1550.55,4571.88,1550.55,Paid
11908,993,2025-04-05,2025-04-05,4571.88,1504.95,4571.88,1504.95,Paid
11909,993,2025-05-05,2025-05-05,4571.88,1459.34,4571.88,1459.34,Paid
11910,993,2025-06-05,2025-06-10,4571.88,1413.74,4571.88,1413.74,Paid
11911,993,2025-07-05,2025-07-10,4571.88,1368.14,4571.88,1368.14,Paid
11912,993,2025-08-05,2025-08-05,4571.88,1322.53,4571.88,1322.53,Paid
11913,993,2025-09-05,2025-09-05,4571.88,1276.93,4571.88,1276.93,Paid
11914,993,2025-10-05,2025-10-07,4571.88,1231.32,4571.88,1231.32,Paid
11915,993,2025-11-05,2025-11-09,4571.88,1185.72,4571.88,1185.72,Paid
11916,993,2025-12-05,2025-12-10,4571.88,1140.11,4571.88,1140.11,Paid
11917,994,2025-01-05,2025-01-10,17654.82,14441.65,17654.82,14441.65,Paid
11918,994,2025-02-05,2025-02-09,17654.82,14321.3,17654.82,14321.3,Paid
11919,994,2025-03-05,2025-03-06,17654.82,14200.95,17654.82,14200.95,Paid
11920,994,2025-04-05,2025-04-10,17654.82,14080.61,17654.82,14080.61,Paid
11921,994,2025-05-05,2025-05-08,17654.82,13960.26,17654.82,13960.26,Paid
11922,994,2025-06-05,2025-06-08,17654.82,13839.91,17654.82,13839.91,Paid
11923,994,2025-07-05,2025-07-06,17654.82,13719.56,17654.82,13719.56,Paid
11924,994,2025-08-05,2025-08-06,17654.82,13599.22,17654.82,13599.22,Paid
11925,994,2025-09-05,2025-09-08,17654.82,13478.87,17654.82,13478.87,Paid
11926,994,2025-10-05,2025-10-10,17654.82,13358.52,17654.82,13358.52,Paid
11927,994,2025-11-05,2025-11-09,17654.82,13238.18,17654.82,13238.18,Paid
11928,994,2025-12-05,2025-12-09,17654.82,13117.83,17654.82,13117.83,Paid
11929,995,2025-01-05,2025-01-07,3932.14,6432.97,3932.14,6432.97,Paid
11930,995,2025-02-05,2025-02-06,3932.14,6379.37,3932.14,6379.37,Paid
11931,995,2025-03-05,2025-03-05,3932.14,6325.76,3932.14,6325.76,Paid
11932,995,2025-04-05,2025-04-08,3932.14,6272.15,3932.14,6272.15,Paid
11933,995,2025-05-05,2025-05-06,3932.14,6218.54,3932.14,6218.54,Paid
11934,995,2025-06-05,2025-06-05,3932.14,6164.93,3932.14,6164.93,Paid
11935,995,2025-07-05,2025-07-05,3932.14,6111.33,3932.14,6111.33,Paid
11936,995,2025-08-05,2025-08-06,3932.14,6057.72,3932.14,6057.72,Paid
11937,995,2025-09-05,2025-09-09,3932.14,6004.11,3932.14,6004.11,Paid
11938,995,2025-10-05,2025-10-05,3932.14,5950.5,3932.14,5950.5,Paid
11939,995,2025-11-05,2025-11-06,3932.14,5896.89,3932.14,5896.89,Paid
11940,995,2025-12-05,,3932.14,5843.28,0.0,0.0,Unpaid
11941,996,2025-01-05,2025-01-08,2462.6,2472.45,2462.6,2472.45,Paid
11942,996,2025-02-05,2025-02-08,2462.6,2451.84,2462.6,2451.84,Paid
11943,996,2025-03-05,2025-03-09,2462.6,2431.24,2462.6,2431.24,Paid
11944,996,2025-04-05,2025-04-08,2462.6,2410.64,2462.6,2410.64,Paid
11945,996,2025-05-05,2025-05-07,2462.6,2390.03,2462.6,2390.03,Paid
11946,996,2025-06-05,2025-06-09,2462.6,2369.43,2462.6,2369.43,Paid
11947,996,2025-07-05,2025-07-09,2462.6,2348.83,2462.6,2348.83,Paid
11948,996,2025-08-05,2025-08-10,2462.6,2328.22,2462.6,2328.22,Paid
11949,996,2025-09-05,2025-09-08,2462.6,2307.62,2462.6,2307.62,Paid
11950,996,2025-10-05,2025-10-06,2462.6,2287.01,2462.6,2287.01,Paid
11951,996,2025-11-05,2025-11-08,2462.6,2266.41,2462.6,2266.41,Paid
11952,996,2025-12-05,2025-12-09,2462.6,2245.81,2462.6,2245.81,Paid
11953,997,2025-01-05,2025-01-08,14561.72,3582.18,14561.72,3582.18,Paid
11954,997,2025-02-05,2025-02-07,14561.72,3482.68,14561.72,3482.68,Paid
11955,997,2025-03-05,,14561.72,3383.17,0.0,0.0,Unpaid
11956,997,2025-04-05,2025-04-10,14561.72,3383.17,14561.72,3383.17,Paid
11957,997,2025-05-05,2025-05-05,14561.72,3283.67,14561.72,3283.67,Paid
11958,997,2025-06-05,2025-06-10,14561.72,3184.16,14561.72,3184.16,Paid
11959,997,2025-07-05,2025-07-10,14561.72,3084.66,14561.72,3084.66,Paid
11960,997,2025-08-05,2025-08-06,14561.72,2985.15,14561.72,2985.15,Paid
11961,997,2025-09-05,2025-09-08,14561.72,2885.65,14561.72,2885.65,Paid
11962,997,2025-10-05,2025-10-10,14561.72,2786.14,14561.72,2786.14,Paid
11963,997,2025-11-05,2025-11-09,14561.72,2686.64,14561.72,2686.64,Paid
11964,997,2025-12-05,2025-12-10,14561.72,2587.13,14561.72,2587.13,Paid
11965,998,2025-01-05,2025-01-05,7201.09,7229.89,7201.09,7229.89,Paid
11966,998,2025-02-05,2025-02-10,7201.09,7169.64,7201.09,7169.64,Paid
11967,998,2025-03-05,2025-03-08,7201.09,7109.39,7201.09,7109.39,Paid
11968,998,2025-04-05,2025-04-08,7201.09,7049.14,7201.09,7049.14,Paid
11969,998,2025-05-05,2025-05-09,7201.09,6988.89,7201.09,6988.89,Paid
11970,998,2025-06-05,2025-06-10,7201.09,6928.64,7201.09,6928.64,Paid
11971,998,2025-07-05,2025-07-09,7201.09,6868.4,7201.09,6868.4,Paid
11972,998,2025-08-05,2025-08-08,7201.09,6808.15,7201.09,6808.15,Paid
11973,998,2025-09-05,,7201.09,6747.9,0.0,0.0,Unpaid
11974,998,2025-10-05,2025-10-09,7201.09,6747.9,7201.09,6747.9,Paid
11975,998,2025-11-05,2025-11-08,7201.09,6687.65,7201.09,6687.65,Paid
11976,998,2025-12-05,2025-12-06,7201.09,6627.4,7201.09,6627.4,Paid
11977,999,2025-01-05,2025-01-07,2031.64,3275.0,2031.64,3275.0,Paid
11978,999,2025-02-05,2025-02-05,2031.64,3247.7,2031.64,3247.7,Paid
11979,999,2025-03-05,2025-03-08,2031.64,3220.41,2031.64,3220.41,Paid
11980,999,2025-04-05,2025-04-10,2031.64,3193.12,2031.64,3193.12,Paid
11981,999,2025-05-05,2025-05-10,2031.64,3165.83,2031.64,3165.83,Paid
11982,999,2025-06-05,2025-06-07,2031.64,3138.54,2031.64,3138.54,Paid
11983,999,2025-07-05,2025-07-08,2031.64,3111.25,2031.64,3111.25,Paid
11984,999,2025-08-05,2025-08-05,2031.64,3083.95,2031.64,3083.95,Paid
11985,999,2025-09-05,2025-09-08,2031.64,3056.66,2031.64,3056.66,Paid
11986,999,2025-10-05,2025-10-09,2031.64,3029.37,2031.64,3029.37,Paid
11987,999,2025-11-05,2025-11-09,2031.64,3002.08,2031.64,3002.08,Paid
11988,999,2025-12-05,2025-12-05,2031.64,2974.79,2031.64,2974.79,Paid
11989,1000,2025-01-05,2025-01-06,12233.42,5229.79,12233.42,5229.79,Paid
11990,1000,2025-02-05,,12233.42,5142.63,0.0,0.0,Unpaid
11991,1000,2025-03-05,,12233.42,5142.63,0.0,0.0,Unpaid
11992,1000,2025-04-05,,12233.42,5142.63,0.0,0.0,Unpaid
11993,1000,2025-05-05,2025-05-07,12233.42,5142.63,12233.42,5142.63,Paid
11994,1000,2025-06-05,2025-06-09,12233.42,5055.46,12233.42,5055.46,Paid
11995,1000,2025-07-05,2025-07-10,12233.42,4968.3,12233.42,4968.3,Paid
11996,1000,2025-08-05,,12233.42,4881.14,0.0,0.0,Unpaid
11997,1000,2025-09-05,2025-09-10,12233.42,4881.14,12233.42,4881.14,Paid
11998,1000,2025-10-05,2025-10-10,12233.42,4793.97,12233.42,4793.97,Paid
11999,1000,2025-11-05,2025-11-09,12233.42,4706.81,12233.42,4706.81,Paid
12000,1000,2025-12-05,2025-12-09,12233.42,4619.65,12233.42,4619.65,Paid
12001,1001,2025-01-05,2025-01-09,10969.38,3382.96,10969.38,3382.96,Paid
12002,1001,2025-02-05,2025-02-10,10969.38,3288.99,10969.38,3288.99,Paid
12003,1001,2025-03-05,2025-03-09,10969.38,3195.02,10969.38,3195.02,Paid
12004,1001,2025-04-05,2025-04-06,10969.38,3101.05,10969.38,3101.05,Paid
12005,1001,2025-05-05,2025-05-08,10969.38,3007.07,10969.38,3007.07,Paid
12006,1001,2025-06-05,2025-06-05,10969.38,2913.1,10969.38,2913.1,Paid
12007,1001,2025-07-05,2025-07-05,10969.38,2819.13,10969.38,2819.13,Paid
12008,1001,2025-08-05,2025-08-05,10969.38,2725.16,10969.38,2725.16,Paid
12009,1001,2025-09-05,2025-09-08,10969.38,2631.19,10969.38,2631.19,Paid
12010,1001,2025-10-05,,10969.38,2537.22,0.0,0.0,Unpaid
12011,1001,2025-11-05,2025-11-08,10969.38,2537.22,10969.38,2537.22,Paid
12012,1001,2025-12-05,2025-12-10,10969.38,2443.25,10969.38,2443.25,Paid
12013,1002,2025-01-05,2025-01-10,15649.79,16087.98,15649.79,16087.98,Paid
12014,1002,2025-02-05,2025-02-07,15649.79,15953.92,15649.79,15953.92,Paid
12015,1002,2025-03-05,,15649.79,15819.85,0.0,0.0,Unpaid
12016,1002,2025-04-05,,15649.79,15819.85,0.0,0.0,Unpaid
12017,1002,2025-05-05,,15649.79,15819.85,0.0,0.0,Unpaid
12018,1002,2025-06-05,2025-06-05,15649.79,15819.85,15649.79,15819.85,Paid
12019,1002,2025-07-05,2025-07-06,15649.79,15685.78,15649.79,15685.78,Paid
12020,1002,2025-08-05,2025-08-06,15649.79,15551.72,15649.79,15551.72,Paid
12021,1002,2025-09-05,2025-09-09,15649.79,15417.65,15649.79,15417.65,Paid
12022,1002,2025-10-05,2025-10-05,15649.79,15283.58,15649.79,15283.58,Paid
12023,1002,2025-11-05,2025-11-09,15649.79,15149.52,15649.79,15149.52,Paid
12024,1002,2025-12-05,2025-12-07,15649.79,15015.45,15649.79,15015.45,Paid
12025,1003,2025-01-05,,15996.51,7454.38,0.0,0.0,Unpaid
12026,1003,2025-02-05,2025-02-10,15996.51,7454.38,15996.51,7454.38,Paid
12027,1003,2025-03-05,2025-03-08,15996.51,7330.14,15996.51,7330.14,Paid
12028,1003,2025-04-05,2025-04-05,15996.51,7205.9,15996.51,7205.9,Paid
12029,1003,2025-05-05,2025-05-08,15996.51,7081.66,15996.51,7081.66,Paid
12030,1003,2025-06-05,2025-06-10,15996.51,6957.42,15996.51,6957.42,Paid
12031,1003,2025-07-05,2025-07-05,15996.51,6833.18,15996.51,6833.18,Paid
12032,1003,2025-08-05,2025-08-07,15996.51,6708.94,15996.51,6708.94,Paid
12033,1003,2025-09-05,2025-09-05,15996.51,6584.7,15996.51,6584.7,Paid
12034,1003,2025-10-05,2025-10-09,15996.51,6460.46,15996.51,6460.46,Paid
12035,1003,2025-11-05,2025-11-08,15996.51,6336.22,15996.51,6336.22,Paid
12036,1003,2025-12-05,2025-12-10,15996.51,6211.98,15996.51,6211.98,Paid
12037,1004,2025-01-05,2025-01-05,4147.11,3744.84,4147.11,3744.84,Paid
12038,1004,2025-02-05,2025-02-07,4147.11,3713.63,4147.11,3713.63,Paid
12039,1004,2025-03-05,2025-03-08,4147.11,3682.43,4147.11,3682.43,Paid
12040,1004,2025-04-05,2025-04-06,4147.11,3651.22,4147.11,3651.22,Paid
12041,1004,2025-05-05,2025-05-09,4147.11,3620.01,4147.11,3620.01,Paid
12042,1004,2025-06-05,2025-06-05,4147.11,3588.8,4147.11,3588.8,Paid
12043,1004,2025-07-05,2025-07-07,4147.11,3557.6,4147.11,3557.6,Paid
12044,1004,2025-08-05,2025-08-07,4147.11,3526.39,4147.11,3526.39,Paid
12045,1004,2025-09-05,2025-09-07,4147.11,3495.18,4147.11,3495.18,Paid
12046,1004,2025-10-05,2025-10-08,4147.11,3463.98,4147.11,3463.98,Paid
12047,1004,2025-11-05,2025-11-05,4147.11,3432.77,4147.11,3432.77,Paid
12048,1004,2025-12-05,2025-12-09,4147.11,3401.56,4147.11,3401.56,Paid
12049,1005,2025-01-05,2025-01-06,3987.49,5383.11,3987.49,5383.11,Paid
12050,1005,2025-02-05,2025-02-08,3987.49,5338.25,3987.49,5338.25,Paid
12051,1005,2025-03-05,2025-03-05,3987.49,5293.39,3987.49,5293.39,Paid
12052,1005,2025-04-05,,3987.49,5248.53,0.0,0.0,Unpaid
12053,1005,2025-05-05,2025-05-09,3987.49,5248.53,3987.49,5248.53,Paid
12054,1005,2025-06-05,2025-06-06,3987.49,5203.68,3987.49,5203.68,Paid
12055,1005,2025-07-05,2025-07-05,3987.49,5158.82,3987.49,5158.82,Paid
12056,1005,2025-08-05,2025-08-09,3987.49,5113.96,3987.49,5113.96,Paid
12057,1005,2025-09-05,2025-09-09,3987.49,5069.1,3987.49,5069.1,Paid
12058,1005,2025-10-05,2025-10-07,3987.49,5024.24,3987.49,5024.24,Paid
12059,1005,2025-11-05,2025-11-09,3987.49,4979.38,3987.49,4979.38,Paid
12060,1005,2025-12-05,2025-12-08,3987.49,4934.52,3987.49,4934.52,Paid
12061,1006,2025-01-05,,28346.04,11947.86,0.0,0.0,Unpaid
12062,1006,2025-02-05,2025-02-10,28346.04,11947.86,28346.04,11947.86,Paid
12063,1006,2025-03-05,2025-03-06,28346.04,11615.97,28346.04,11615.97,Paid
12064,1006,2025-04-05,2025-04-05,28346.04,11284.09,28346.04,11284.09,Paid
12065,1006,2025-05-05,,28346.04,10952.2,0.0,0.0,Unpaid
12066,1006,2025-06-05,2025-06-05,28346.04,10952.2,28346.04,10952.2,Paid
12067,1006,2025-07-05,2025-07-08,28346.04,10620.32,28346.04,10620.32,Paid
12068,1006,2025-08-05,2025-08-09,28346.04,10288.43,28346.04,10288.43,Paid
12069,1006,2025-09-05,2025-09-09,28346.04,9956.55,28346.04,9956.55,Paid
12070,1006,2025-10-05,2025-10-06,28346.04,9624.66,28346.04,9624.66,Paid
12071,1006,2025-11-05,2025-11-06,28346.04,9292.78,28346.04,9292.78,Paid
12072,1006,2025-12-05,2025-12-10,28346.04,8960.89,28346.04,8960.89,Paid
12073,1007,2025-01-05,2025-01-10,57862.97,17671.35,57862.97,17671.35,Paid
12074,1007,2025-02-05,2025-02-08,57862.97,16935.04,57862.97,16935.04,Paid
12075,1007,2025-03-05,2025-03-10,57862.97,16198.74,57862.97,16198.74,Paid
12076,1007,2025-04-05,2025-04-06,57862.97,15462.43,57862.97,15462.43,Paid
12077,1007,2025-05-05,2025-05-07,57862.97,14726.13,57862.97,14726.13,Paid
12078,1007,2025-06-05,2025-06-05,57862.97,13989.82,57862.97,13989.82,Paid
12079,1007,2025-07-05,2025-07-05,57862.97,13253.51,57862.97,13253.51,Paid
12080,1007,2025-08-05,2025-08-06,57862.97,12517.21,57862.97,12517.21,Paid
12081,1007,2025-09-05,2025-09-05,57862.97,11780.9,57862.97,11780.9,Paid
12082,1007,2025-10-05,2025-10-07,57862.97,11044.59,57862.97,11044.59,Paid
12083,1007,2025-11-05,2025-11-10,57862.97,10308.29,57862.97,10308.29,Paid
12084,1007,2025-12-05,2025-12-09,57862.97,9571.98,57862.97,9571.98,Paid
12085,1008,2025-01-05,2025-01-10,27572.98,4957.62,27572.98,4957.62,Paid
12086,1008,2025-02-05,,27572.98,4751.05,0.0,0.0,Unpaid
12087,1008,2025-03-05,2025-03-09,27572.98,4751.05,27572.98,4751.05,Paid
12088,1008,2025-04-05,,27572.98,4544.49,0.0,0.0,Unpaid
12089,1008,2025-05-05,2025-05-08,27572.98,4544.49,27572.98,4544.49,Paid
12090,1008,2025-06-05,2025-06-09,27572.98,4337.92,27572.98,4337.92,Paid
12091,1008,2025-07-05,2025-07-05,27572.98,4131.35,27572.98,4131.35,Paid
12092,1008,2025-08-05,2025-08-10,27572.98,3924.78,27572.98,3924.78,Paid
12093,1008,2025-09-05,2025-09-10,27572.98,3718.22,27572.98,3718.22,Paid
12094,1008,2025-10-05,2025-10-08,27572.98,3511.65,27572.98,3511.65,Paid
12095,1008,2025-11-05,2025-11-08,27572.98,3305.08,27572.98,3305.08,Paid
12096,1008,2025-12-05,2025-12-09,27572.98,3098.51,27572.98,3098.51,Paid
12097,1009,2025-01-05,2025-01-05,12292.15,20183.71,12292.15,20183.71,Paid
12098,1009,2025-02-05,2025-02-07,12292.15,20015.51,12292.15,20015.51,Paid
12099,1009,2025-03-05,2025-03-07,12292.15,19847.32,12292.15,19847.32,Paid
12100,1009,2025-04-05,2025-04-06,12292.15,19679.12,12292.15,19679.12,Paid
12101,1009,2025-05-05,2025-05-06,12292.15,19510.92,12292.15,19510.92,Paid
12102,1009,2025-06-05,2025-06-06,12292.15,19342.72,12292.15,19342.72,Paid
12103,1009,2025-07-05,2025-07-08,12292.15,19174.53,12292.15,19174.53,Paid
12104,1009,2025-08-05,2025-08-06,12292.15,19006.33,12292.15,19006.33,Paid
12105,1009,2025-09-05,2025-09-07,12292.15,18838.13,12292.15,18838.13,Paid
12106,1009,2025-10-05,2025-10-05,12292.15,18669.93,12292.15,18669.93,Paid
12107,1009,2025-11-05,2025-11-10,12292.15,18501.74,12292.15,18501.74,Paid
12108,1009,2025-12-05,2025-12-06,12292.15,18333.54,12292.15,18333.54,Paid
12109,1010,2025-01-05,2025-01-05,8117.21,5657.7,8117.21,5657.7,Paid
12110,1010,2025-02-05,2025-02-06,8117.21,5563.4,8117.21,5563.4,Paid
12111,1010,2025-03-05,2025-03-05,8117.21,5469.11,8117.21,5469.11,Paid
12112,1010,2025-04-05,2025-04-07,8117.21,5374.81,8117.21,5374.81,Paid
12113,1010,2025-05-05,2025-05-06,8117.21,5280.52,8117.21,5280.52,Paid
12114,1010,2025-06-05,2025-06-08,8117.21,5186.22,8117.21,5186.22,Paid
12115,1010,2025-07-05,2025-07-08,8117.21,5091.93,8117.21,5091.93,Paid
12116,1010,2025-08-05,2025-08-05,8117.21,4997.63,8117.21,4997.63,Paid
12117,1010,2025-09-05,,8117.21,4903.34,0.0,0.0,Unpaid
12118,1010,2025-10-05,2025-10-08,8117.21,4903.34,8117.21,4903.34,Paid
12119,1010,2025-11-05,2025-11-05,8117.21,4809.04,8117.21,4809.04,Paid
12120,1010,2025-12-05,2025-12-09,8117.21,4714.75,8117.21,4714.75,Paid
12121,1011,2025-01-05,2025-01-05,17198.86,14386.85,17198.86,14386.85,Paid
12122,1011,2025-02-05,2025-02-06,17198.86,14147.07,17198.86,14147.07,Paid
12123,1011,2025-03-05,2025-03-09,17198.86,13907.29,17198.86,13907.29,Paid
12124,1011,2025-04-05,2025-04-10,17198.86,13667.51,17198.86,13667.51,Paid
12125,1011,2025-05-05,2025-05-10,17198.86,13427.73,17198.86,13427.73,Paid
12126,1011,2025-06-05,2025-06-07,17198.86,13187.95,17198.86,13187.95,Paid
12127,1011,2025-07-05,2025-07-06,17198.86,12948.17,17198.86,12948.17,Paid
12128,1011,2025-08-05,2025-08-09,17198.86,12708.38,17198.86,12708.38,Paid
12129,1011,2025-09-05,2025-09-06,17198.86,12468.6,17198.86,12468.6,Paid
12130,1011,2025-10-05,2025-10-10,17198.86,12228.82,17198.86,12228.82,Paid
12131,1011,2025-11-05,2025-11-07,17198.86,11989.04,17198.86,11989.04,Paid
12132,1011,2025-12-05,2025-12-07,17198.86,11749.26,17198.86,11749.26,Paid
12133,1012,2025-01-05,2025-01-08,4716.62,3924.23,4716.62,3924.23,Paid
12134,1012,2025-02-05,2025-02-06,4716.62,3891.52,4716.62,3891.52,Paid
12135,1012,2025-03-05,2025-03-05,4716.62,3858.82,4716.62,3858.82,Paid
12136,1012,2025-04-05,2025-04-10,4716.62,3826.12,4716.62,3826.12,Paid
12137,1012,2025-05-05,2025-05-10,4716.62,3793.42,4716.62,3793.42,Paid
12138,1012,2025-06-05,2025-06-10,4716.62,3760.72,4716.62,3760.72,Paid
12139,1012,2025-07-05,2025-07-10,4716.62,3728.01,4716.62,3728.01,Paid
12140,1012,2025-08-05,2025-08-10,4716.62,3695.31,4716.62,3695.31,Paid
12141,1012,2025-09-05,2025-09-10,4716.62,3662.61,4716.62,3662.61,Paid
12142,1012,2025-10-05,2025-10-08,4716.62,3629.91,4716.62,3629.91,Paid
12143,1012,2025-11-05,2025-11-06,4716.62,3597.21,4716.62,3597.21,Paid
12144,1012,2025-12-05,2025-12-06,4716.62,3564.5,4716.62,3564.5,Paid
12145,1013,2025-01-05,2025-01-08,62127.45,25180.26,62127.45,25180.26,Paid
12146,1013,2025-02-05,2025-02-10,62127.45,24480.81,62127.45,24480.81,Paid
12147,1013,2025-03-05,2025-03-05,62127.45,23781.35,62127.45,23781.35,Paid
12148,1013,2025-04-05,2025-04-05,62127.45,23081.9,62127.45,23081.9,Paid
12149,1013,2025-05-05,2025-05-06,62127.45,22382.45,62127.45,22382.45,Paid
12150,1013,2025-06-05,2025-06-08,62127.45,21683.0,62127.45,21683.0,Paid
12151,1013,2025-07-05,2025-07-06,62127.45,20983.55,62127.45,20983.55,Paid
12152,1013,2025-08-05,2025-08-06,62127.45,20284.1,62127.45,20284.1,Paid
12153,1013,2025-09-05,2025-09-06,62127.45,19584.64,62127.45,19584.64,Paid
12154,1013,2025-10-05,2025-10-10,62127.45,18885.19,62127.45,18885.19,Paid
12155,1013,2025-11-05,2025-11-08,62127.45,18185.74,62127.45,18185.74,Paid
12156,1013,2025-12-05,2025-12-05,62127.45,17486.29,62127.45,17486.29,Paid
12157,1014,2025-01-05,2025-01-08,3814.0,6438.03,3814.0,6438.03,Paid
12158,1014,2025-02-05,2025-02-06,3814.0,6384.38,3814.0,6384.38,Paid
12159,1014,2025-03-05,2025-03-08,3814.0,6330.73,3814.0,6330.73,Paid
12160,1014,2025-04-05,2025-04-08,3814.0,6277.08,3814.0,6277.08,Paid
12161,1014,2025-05-05,2025-05-06,3814.0,6223.43,3814.0,6223.43,Paid
12162,1014,2025-06-05,2025-06-08,3814.0,6169.78,3814.0,6169.78,Paid
12163,1014,2025-07-05,2025-07-08,3814.0,6116.13,3814.0,6116.13,Paid
12164,1014,2025-08-05,2025-08-08,3814.0,6062.48,3814.0,6062.48,Paid
12165,1014,2025-09-05,2025-09-10,3814.0,6008.83,3814.0,6008.83,Paid
12166,1014,2025-10-05,2025-10-09,3814.0,5955.17,3814.0,5955.17,Paid
12167,1014,2025-11-05,2025-11-06,3814.0,5901.52,3814.0,5901.52,Paid
12168,1014,2025-12-05,2025-12-07,3814.0,5847.87,3814.0,5847.87,Paid
12169,1015,2025-01-05,2025-01-05,22120.87,5003.74,22120.87,5003.74,Paid
12170,1015,2025-02-05,2025-02-07,22120.87,4795.25,22120.87,4795.25,Paid
12171,1015,2025-03-05,2025-03-08,22120.87,4586.76,22120.87,4586.76,Paid
12172,1015,2025-04-05,2025-04-10,22120.87,4378.27,22120.87,4378.27,Paid
12173,1015,2025-05-05,2025-05-10,22120.87,4169.78,22120.87,4169.78,Paid
12174,1015,2025-06-05,2025-06-07,22120.87,3961.3,22120.87,3961.3,Paid
12175,1015,2025-07-05,2025-07-07,22120.87,3752.81,22120.87,3752.81,Paid
12176,1015,2025-08-05,2025-08-05,22120.87,3544.32,22120.87,3544.32,Paid
12177,1015,2025-09-05,,22120.87,3335.83,0.0,0.0,Unpaid
12178,1015,2025-10-05,2025-10-08,22120.87,3335.83,22120.87,3335.83,Paid
12179,1015,2025-11-05,2025-11-08,22120.87,3127.34,22120.87,3127.34,Paid
12180,1015,2025-12-05,2025-12-08,22120.87,2918.85,22120.87,2918.85,Paid
12181,1016,2025-01-05,2025-01-10,15720.75,27605.63,15720.75,27605.63,Paid
12182,1016,2025-02-05,2025-02-06,15720.75,27375.58,15720.75,27375.58,Paid
12183,1016,2025-03-05,2025-03-10,15720.75,27145.54,15720.75,27145.54,Paid
12184,1016,2025-04-05,2025-04-08,15720.75,26915.49,15720.75,26915.49,Paid
12185,1016,2025-05-05,2025-05-10,15720.75,26685.44,15720.75,26685.44,Paid
12186,1016,2025-06-05,2025-06-06,15720.75,26455.4,15720.75,26455.4,Paid
12187,1016,2025-07-05,2025-07-08,15720.75,26225.35,15720.75,26225.35,Paid
12188,1016,2025-08-05,2025-08-08,15720.75,25995.3,15720.75,25995.3,Paid
12189,1016,2025-09-05,2025-09-10,15720.75,25765.25,15720.75,25765.25,Paid
12190,1016,2025-10-05,2025-10-06,15720.75,25535.21,15720.75,25535.21,Paid
12191,1016,2025-11-05,2025-11-06,15720.75,25305.16,15720.75,25305.16,Paid
12192,1016,2025-12-05,2025-12-06,15720.75,25075.11,15720.75,25075.11,Paid
12193,1017,2025-01-05,2025-01-09,2576.49,2506.92,2576.49,2506.92,Paid
12194,1017,2025-02-05,2025-02-06,2576.49,2486.03,2576.49,2486.03,Paid
12195,1017,2025-03-05,2025-03-08,2576.49,2465.14,2576.49,2465.14,Paid
12196,1017,2025-04-05,2025-04-06,2576.49,2444.25,2576.49,2444.25,Paid
12197,1017,2025-05-05,2025-05-05,2576.49,2423.36,2576.49,2423.36,Paid
12198,1017,2025-06-05,2025-06-06,2576.49,2402.47,2576.49,2402.47,Paid
12199,1017,2025-07-05,2025-07-06,2576.49,2381.57,2576.49,2381.57,Paid
12200,1017,2025-08-05,2025-08-07,2576.49,2360.68,2576.49,2360.68,Paid
12201,1017,2025-09-05,2025-09-07,2576.49,2339.79,2576.49,2339.79,Paid
12202,1017,2025-10-05,2025-10-07,2576.49,2318.9,2576.49,2318.9,Paid
12203,1017,2025-11-05,2025-11-05,2576.49,2298.01,2576.49,2298.01,Paid
12204,1017,2025-12-05,2025-12-05,2576.49,2277.12,2576.49,2277.12,Paid
12205,1018,2025-01-05,2025-01-09,11363.26,6596.37,11363.26,6596.37,Paid
12206,1018,2025-02-05,2025-02-05,11363.26,6486.44,11363.26,6486.44,Paid
12207,1018,2025-03-05,2025-03-10,11363.26,6376.5,11363.26,6376.5,Paid
12208,1018,2025-04-05,2025-04-10,11363.26,6266.56,11363.26,6266.56,Paid
12209,1018,2025-05-05,2025-05-05,11363.26,6156.62,11363.26,6156.62,Paid
12210,1018,2025-06-05,2025-06-10,11363.26,6046.68,11363.26,6046.68,Paid
12211,1018,2025-07-05,2025-07-05,11363.26,5936.74,11363.26,5936.74,Paid
12212,1018,2025-08-05,2025-08-09,11363.26,5826.8,11363.26,5826.8,Paid
12213,1018,2025-09-05,2025-09-06,11363.26,5716.86,11363.26,5716.86,Paid
12214,1018,2025-10-05,2025-10-07,11363.26,5606.92,11363.26,5606.92,Paid
12215,1018,2025-11-05,2025-11-07,11363.26,5496.98,11363.26,5496.98,Paid
12216,1018,2025-12-05,2025-12-07,11363.26,5387.04,11363.26,5387.04,Paid
12217,1019,2025-01-05,2025-01-09,13451.04,10478.36,13451.04,10478.36,Paid
12218,1019,2025-02-05,2025-02-10,13451.04,10303.72,13451.04,10303.72,Paid
12219,1019,2025-03-05,2025-03-05,13451.04,10129.08,13451.04,10129.08,Paid
12220,1019,2025-04-05,2025-04-07,13451.04,9954.44,13451.04,9954.44,Paid
12221,1019,2025-05-05,2025-05-05,13451.04,9779.8,13451.04,9779.8,Paid
12222,1019,2025-06-05,2025-06-06,13451.04,9605.17,13451.04,9605.17,Paid
12223,1019,2025-07-05,2025-07-08,13451.04,9430.53,13451.04,9430.53,Paid
12224,1019,2025-08-05,2025-08-10,13451.04,9255.89,13451.04,9255.89,Paid
12225,1019,2025-09-05,2025-09-10,13451.04,9081.25,13451.04,9081.25,Paid
12226,1019,2025-10-05,2025-10-08,13451.04,8906.61,13451.04,8906.61,Paid
12227,1019,2025-11-05,2025-11-10,13451.04,8731.97,13451.04,8731.97,Paid
12228,1019,2025-12-05,2025-12-05,13451.04,8557.33,13451.04,8557.33,Paid
12229,1020,2025-01-05,2025-01-06,11558.59,9651.42,11558.59,9651.42,Paid
12230,1020,2025-02-05,2025-02-05,11558.59,9570.99,11558.59,9570.99,Paid
12231,1020,2025-03-05,2025-03-07,11558.59,9490.56,11558.59,9490.56,Paid
12232,1020,2025-04-05,2025-04-06,11558.59,9410.13,11558.59,9410.13,Paid
12233,1020,2025-05-05,2025-05-07,11558.59,9329.71,11558.59,9329.71,Paid
12234,1020,2025-06-05,2025-06-06,11558.59,9249.28,11558.59,9249.28,Paid
12235,1020,2025-07-05,,11558.59,9168.85,0.0,0.0,Unpaid
12236,1020,2025-08-05,2025-08-09,11558.59,9168.85,11558.59,9168.85,Paid
12237,1020,2025-09-05,,11558.59,9088.42,0.0,0.0,Unpaid
12238,1020,2025-10-05,2025-10-06,11558.59,9088.42,11558.59,9088.42,Paid
12239,1020,2025-11-05,2025-11-10,11558.59,9007.99,11558.59,9007.99,Paid
12240,1020,2025-12-05,2025-12-09,11558.59,8927.56,11558.59,8927.56,Paid
12241,1021,2025-01-05,2025-01-09,34670.05,17387.03,34670.05,17387.03,Paid
12242,1021,2025-02-05,2025-02-09,34670.05,17097.24,34670.05,17097.24,Paid
12243,1021,2025-03-05,2025-03-07,34670.05,16807.46,34670.05,16807.46,Paid
12244,1021,2025-04-05,2025-04-05,34670.05,16517.68,34670.05,16517.68,Paid
12245,1021,2025-05-05,2025-05-10,34670.05,16227.89,34670.05,16227.89,Paid
12246,1021,2025-06-05,2025-06-09,34670.05,15938.11,34670.05,15938.11,Paid
12247,1021,2025-07-05,2025-07-10,34670.05,15648.33,34670.05,15648.33,Paid
12248,1021,2025-08-05,2025-08-09,34670.05,15358.54,34670.05,15358.54,Paid
12249,1021,2025-09-05,2025-09-08,34670.05,15068.76,34670.05,15068.76,Paid
12250,1021,2025-10-05,2025-10-06,34670.05,14778.97,34670.05,14778.97,Paid
12251,1021,2025-11-05,2025-11-06,34670.05,14489.19,34670.05,14489.19,Paid
12252,1021,2025-12-05,2025-12-10,34670.05,14199.41,34670.05,14199.41,Paid
12253,1022,2025-01-05,2025-01-07,26836.31,9381.97,26836.31,9381.97,Paid
12254,1022,2025-02-05,2025-02-06,26836.31,8991.06,26836.31,8991.06,Paid
12255,1022,2025-03-05,2025-03-07,26836.31,8600.14,26836.31,8600.14,Paid
12256,1022,2025-04-05,2025-04-10,26836.31,8209.23,26836.31,8209.23,Paid
12257,1022,2025-05-05,2025-05-06,26836.31,7818.31,26836.31,7818.31,Paid
12258,1022,2025-06-05,2025-06-10,26836.31,7427.39,26836.31,7427.39,Paid
12259,1022,2025-07-05,2025-07-07,26836.31,7036.48,26836.31,7036.48,Paid
12260,1022,2025-08-05,2025-08-05,26836.31,6645.56,26836.31,6645.56,Paid
12261,1022,2025-09-05,2025-09-06,26836.31,6254.65,26836.31,6254.65,Paid
12262,1022,2025-10-05,2025-10-09,26836.31,5863.73,26836.31,5863.73,Paid
12263,1022,2025-11-05,2025-11-05,26836.31,5472.82,26836.31,5472.82,Paid
12264,1022,2025-12-05,2025-12-08,26836.31,5081.9,26836.31,5081.9,Paid
12265,1023,2025-01-05,2025-01-05,12170.58,5677.57,12170.58,5677.57,Paid
12266,1023,2025-02-05,2025-02-09,12170.58,5519.86,12170.58,5519.86,Paid
12267,1023,2025-03-05,2025-03-07,12170.58,5362.15,12170.58,5362.15,Paid
12268,1023,2025-04-05,2025-04-05,12170.58,5204.44,12170.58,5204.44,Paid
12269,1023,2025-05-05,2025-05-06,12170.58,5046.73,12170.58,5046.73,Paid
12270,1023,2025-06-05,2025-06-08,12170.58,4889.02,12170.58,4889.02,Paid
12271,1023,2025-07-05,2025-07-05,12170.58,4731.31,12170.58,4731.31,Paid
12272,1023,2025-08-05,2025-08-09,12170.58,4573.6,12170.58,4573.6,Paid
12273,1023,2025-09-05,2025-09-06,12170.58,4415.89,12170.58,4415.89,Paid
12274,1023,2025-10-05,2025-10-08,12170.58,4258.18,12170.58,4258.18,Paid
12275,1023,2025-11-05,2025-11-10,12170.58,4100.47,12170.58,4100.47,Paid
12276,1023,2025-12-05,2025-12-08,12170.58,3942.76,12170.58,3942.76,Paid
12277,1024,2025-01-05,2025-01-08,24467.67,8610.17,24467.67,8610.17,Paid
12278,1024,2025-02-05,2025-02-09,24467.67,8371.0,24467.67,8371.0,Paid
12279,1024,2025-03-05,2025-03-10,24467.67,8131.83,24467.67,8131.83,Paid
12280,1024,2025-04-05,2025-04-07,24467.67,7892.66,24467.67,7892.66,Paid
12281,1024,2025-05-05,2025-05-06,24467.67,7653.49,24467.67,7653.49,Paid
12282,1024,2025-06-05,2025-06-05,24467.67,7414.32,24467.67,7414.32,Paid
12283,1024,2025-07-05,2025-07-05,24467.67,7175.14,24467.67,7175.14,Paid
12284,1024,2025-08-05,2025-08-07,24467.67,6935.97,24467.67,6935.97,Paid
12285,1024,2025-09-05,2025-09-07,24467.67,6696.8,24467.67,6696.8,Paid
12286,1024,2025-10-05,2025-10-09,24467.67,6457.63,24467.67,6457.63,Paid
12287,1024,2025-11-05,2025-11-09,24467.67,6218.46,24467.67,6218.46,Paid
12288,1024,2025-12-05,2025-12-09,24467.67,5979.29,24467.67,5979.29,Paid
12289,1025,2025-01-05,2025-01-05,86555.16,15389.51,86555.16,15389.51,Paid
12290,1025,2025-02-05,2025-02-06,86555.16,14748.28,86555.16,14748.28,Paid
12291,1025,2025-03-05,2025-03-05,86555.16,14107.05,86555.16,14107.05,Paid
12292,1025,2025-04-05,2025-04-07,86555.16,13465.82,86555.16,13465.82,Paid
12293,1025,2025-05-05,2025-05-05,86555.16,12824.59,86555.16,12824.59,Paid
12294,1025,2025-06-05,2025-06-07,86555.16,12183.36,86555.16,12183.36,Paid
12295,1025,2025-07-05,2025-07-09,86555.16,11542.13,86555.16,11542.13,Paid
12296,1025,2025-08-05,2025-08-07,86555.16,10900.9,86555.16,10900.9,Paid
12297,1025,2025-09-05,2025-09-05,86555.16,10259.67,86555.16,10259.67,Paid
12298,1025,2025-10-05,2025-10-07,86555.16,9618.44,86555.16,9618.44,Paid
12299,1025,2025-11-05,2025-11-10,86555.16,8977.21,86555.16,8977.21,Paid
12300,1025,2025-12-05,2025-12-07,86555.16,8335.98,86555.16,8335.98,Paid
12301,1026,2025-01-05,2025-01-08,30698.93,15113.08,30698.93,15113.08,Paid
12302,1026,2025-02-05,2025-02-07,30698.93,14693.28,30698.93,14693.28,Paid
12303,1026,2025-03-05,2025-03-08,30698.93,14273.47,30698.93,14273.47,Paid
12304,1026,2025-04-05,2025-04-05,30698.93,13853.66,30698.93,13853.66,Paid
12305,1026,2025-05-05,2025-05-10,30698.93,13433.85,30698.93,13433.85,Paid
12306,1026,2025-06-05,,30698.93,13014.04,0.0,0.0,Unpaid
12307,1026,2025-07-05,2025-07-10,30698.93,13014.04,30698.93,13014.04,Paid
12308,1026,2025-08-05,2025-08-06,30698.93,12594.24,30698.93,12594.24,Paid
12309,1026,2025-09-05,2025-09-10,30698.93,12174.43,30698.93,12174.43,Paid
12310,1026,2025-10-05,2025-10-08,30698.93,11754.62,30698.93,11754.62,Paid
12311,1026,2025-11-05,2025-11-07,30698.93,11334.81,30698.93,11334.81,Paid
12312,1026,2025-12-05,2025-12-08,30698.93,10915.01,30698.93,10915.01,Paid
12313,1027,2025-01-05,2025-01-07,14479.98,6746.22,14479.98,6746.22,Paid
12314,1027,2025-02-05,2025-02-05,14479.98,6558.83,14479.98,6558.83,Paid
12315,1027,2025-03-05,2025-03-06,14479.98,6371.43,14479.98,6371.43,Paid
12316,1027,2025-04-05,2025-04-09,14479.98,6184.04,14479.98,6184.04,Paid
12317,1027,2025-05-05,2025-05-07,14479.98,5996.64,14479.98,5996.64,Paid
12318,1027,2025-06-05,2025-06-05,14479.98,5809.25,14479.98,5809.25,Paid
12319,1027,2025-07-05,2025-07-06,14479.98,5621.85,14479.98,5621.85,Paid
12320,1027,2025-08-05,2025-08-06,14479.98,5434.46,14479.98,5434.46,Paid
12321,1027,2025-09-05,2025-09-07,14479.98,5247.06,14479.98,5247.06,Paid
12322,1027,2025-10-05,2025-10-08,14479.98,5059.67,14479.98,5059.67,Paid
12323,1027,2025-11-05,2025-11-08,14479.98,4872.27,14479.98,4872.27,Paid
12324,1027,2025-12-05,2025-12-05,14479.98,4684.88,14479.98,4684.88,Paid
12325,1028,2025-01-05,2025-01-08,11655.58,15035.7,11655.58,15035.7,Paid
12326,1028,2025-02-05,2025-02-08,11655.58,14910.4,11655.58,14910.4,Paid
12327,1028,2025-03-05,2025-03-09,11655.58,14785.11,11655.58,14785.11,Paid
12328,1028,2025-04-05,2025-04-09,11655.58,14659.81,11655.58,14659.81,Paid
12329,1028,2025-05-05,2025-05-07,11655.58,14534.51,11655.58,14534.51,Paid
12330,1028,2025-06-05,2025-06-07,11655.58,14409.21,11655.58,14409.21,Paid
12331,1028,2025-07-05,2025-07-09,11655.58,14283.92,11655.58,14283.92,Paid
12332,1028,2025-08-05,,11655.58,14158.62,0.0,0.0,Unpaid
12333,1028,2025-09-05,,11655.58,14158.62,0.0,0.0,Unpaid
12334,1028,2025-10-05,2025-10-06,11655.58,14158.62,11655.58,14158.62,Paid
12335,1028,2025-11-05,2025-11-06,11655.58,14033.32,11655.58,14033.32,Paid
12336,1028,2025-12-05,2025-12-05,11655.58,13908.02,11655.58,13908.02,Paid
12337,1029,2025-01-05,2025-01-09,25662.13,17052.49,25662.13,17052.49,Paid
12338,1029,2025-02-05,2025-02-07,25662.13,16768.28,25662.13,16768.28,Paid
12339,1029,2025-03-05,2025-03-10,25662.13,16484.07,25662.13,16484.07,Paid
12340,1029,2025-04-05,2025-04-06,25662.13,16199.86,25662.13,16199.86,Paid
12341,1029,2025-05-05,2025-05-06,25662.13,15915.66,25662.13,15915.66,Paid
12342,1029,2025-06-05,2025-06-05,25662.13,15631.45,25662.13,15631.45,Paid
12343,1029,2025-07-05,2025-07-09,25662.13,15347.24,25662.13,15347.24,Paid
12344,1029,2025-08-05,2025-08-07,25662.13,15063.03,25662.13,15063.03,Paid
12345,1029,2025-09-05,2025-09-08,25662.13,14778.82,25662.13,14778.82,Paid
12346,1029,2025-10-05,2025-10-10,25662.13,14494.62,25662.13,14494.62,Paid
12347,1029,2025-11-05,2025-11-09,25662.13,14210.41,25662.13,14210.41,Paid
12348,1029,2025-12-05,2025-12-06,25662.13,13926.2,25662.13,13926.2,Paid
12349,1030,2025-01-05,2025-01-06,15151.47,4736.35,15151.47,4736.35,Paid
12350,1030,2025-02-05,2025-02-06,15151.47,4539.0,15151.47,4539.0,Paid
12351,1030,2025-03-05,2025-03-05,15151.47,4341.65,15151.47,4341.65,Paid
12352,1030,2025-04-05,2025-04-07,15151.47,4144.3,15151.47,4144.3,Paid
12353,1030,2025-05-05,2025-05-09,15151.47,3946.96,15151.47,3946.96,Paid
12354,1030,2025-06-05,2025-06-10,15151.47,3749.61,15151.47,3749.61,Paid
12355,1030,2025-07-05,2025-07-10,15151.47,3552.26,15151.47,3552.26,Paid
12356,1030,2025-08-05,2025-08-09,15151.47,3354.91,15151.47,3354.91,Paid
12357,1030,2025-09-05,2025-09-09,15151.47,3157.57,15151.47,3157.57,Paid
12358,1030,2025-10-05,2025-10-09,15151.47,2960.22,15151.47,2960.22,Paid
12359,1030,2025-11-05,2025-11-08,15151.47,2762.87,15151.47,2762.87,Paid
12360,1030,2025-12-05,2025-12-10,15151.47,2565.52,15151.47,2565.52,Paid
12361,1031,2025-01-05,2025-01-08,14821.6,6936.51,14821.6,6936.51,Paid
12362,1031,2025-02-05,2025-02-10,14821.6,6743.83,14821.6,6743.83,Paid
12363,1031,2025-03-05,2025-03-06,14821.6,6551.15,14821.6,6551.15,Paid
12364,1031,2025-04-05,2025-04-07,14821.6,6358.47,14821.6,6358.47,Paid
12365,1031,2025-05-05,2025-05-05,14821.6,6165.79,14821.6,6165.79,Paid
12366,1031,2025-06-05,2025-06-07,14821.6,5973.11,14821.6,5973.11,Paid
12367,1031,2025-07-05,2025-07-07,14821.6,5780.42,14821.6,5780.42,Paid
12368,1031,2025-08-05,2025-08-10,14821.6,5587.74,14821.6,5587.74,Paid
12369,1031,2025-09-05,2025-09-09,14821.6,5395.06,14821.6,5395.06,Paid
12370,1031,2025-10-05,2025-10-07,14821.6,5202.38,14821.6,5202.38,Paid
12371,1031,2025-11-05,2025-11-09,14821.6,5009.7,14821.6,5009.7,Paid
12372,1031,2025-12-05,2025-12-06,14821.6,4817.02,14821.6,4817.02,Paid
12373,1032,2025-01-05,2025-01-08,7127.28,7483.64,7127.28,7483.64,Paid
12374,1032,2025-02-05,2025-02-08,7127.28,7421.28,7127.28,7421.28,Paid
12375,1032,2025-03-05,2025-03-09,7127.28,7358.92,7127.28,7358.92,Paid
12376,1032,2025-04-05,2025-04-05,7127.28,7296.55,7127.28,7296.55,Paid
12377,1032,2025-05-05,2025-05-08,7127.28,7234.19,7127.28,7234.19,Paid
12378,1032,2025-06-05,2025-06-09,7127.28,7171.83,7127.28,7171.83,Paid
12379,1032,2025-07-05,2025-07-07,7127.28,7109.46,7127.28,7109.46,Paid
12380,1032,2025-08-05,2025-08-07,7127.28,7047.1,7127.28,7047.1,Paid
12381,1032,2025-09-05,2025-09-06,7127.28,6984.73,7127.28,6984.73,Paid
12382,1032,2025-10-05,2025-10-10,7127.28,6922.37,7127.28,6922.37,Paid
12383,1032,2025-11-05,2025-11-08,7127.28,6860.01,7127.28,6860.01,Paid
12384,1032,2025-12-05,2025-12-10,7127.28,6797.64,7127.28,6797.64,Paid
12385,1033,2025-01-05,,19261.62,34536.09,0.0,0.0,Unpaid
12386,1033,2025-02-05,2025-02-07,19261.62,34536.09,19261.62,34536.09,Paid
12387,1033,2025-03-05,2025-03-05,19261.62,34248.29,19261.62,34248.29,Paid
12388,1033,2025-04-05,2025-04-08,19261.62,33960.49,19261.62,33960.49,Paid
12389,1033,2025-05-05,2025-05-10,19261.62,33672.69,19261.62,33672.69,Paid
12390,1033,2025-06-05,2025-06-06,19261.62,33384.89,19261.62,33384.89,Paid
12391,1033,2025-07-05,2025-07-05,19261.62,33097.09,19261.62,33097.09,Paid
12392,1033,2025-08-05,2025-08-10,19261.62,32809.28,19261.62,32809.28,Paid
12393,1033,2025-09-05,2025-09-09,19261.62,32521.48,19261.62,32521.48,Paid
12394,1033,2025-10-05,2025-10-05,19261.62,32233.68,19261.62,32233.68,Paid
12395,1033,2025-11-05,2025-11-08,19261.62,31945.88,19261.62,31945.88,Paid
12396,1033,2025-12-05,2025-12-08,19261.62,31658.08,19261.62,31658.08,Paid
12397,1034,2025-01-05,,37301.16,15453.87,0.0,0.0,Unpaid
12398,1034,2025-02-05,2025-02-08,37301.16,15453.87,37301.16,15453.87,Paid
12399,1034,2025-03-05,2025-03-10,37301.16,15024.6,37301.16,15024.6,Paid
12400,1034,2025-04-05,2025-04-09,37301.16,14595.32,37301.16,14595.32,Paid
12401,1034,2025-05-05,2025-05-07,37301.16,14166.05,37301.16,14166.05,Paid
12402,1034,2025-06-05,2025-06-07,37301.16,13736.78,37301.16,13736.78,Paid
12403,1034,2025-07-05,2025-07-07,37301.16,13307.5,37301.16,13307.5,Paid
12404,1034,2025-08-05,2025-08-06,37301.16,12878.23,37301.16,12878.23,Paid
12405,1034,2025-09-05,2025-09-06,37301.16,12448.95,37301.16,12448.95,Paid
12406,1034,2025-10-05,2025-10-09,37301.16,12019.68,37301.16,12019.68,Paid
12407,1034,2025-11-05,2025-11-08,37301.16,11590.4,37301.16,11590.4,Paid
12408,1034,2025-12-05,2025-12-10,37301.16,11161.13,37301.16,11161.13,Paid
12409,1035,2025-01-05,2025-01-08,25981.29,4775.36,25981.29,4775.36,Paid
12410,1035,2025-02-05,2025-02-10,25981.29,4576.39,25981.29,4576.39,Paid
12411,1035,2025-03-05,2025-03-05,25981.29,4377.41,25981.29,4377.41,Paid
12412,1035,2025-04-05,2025-04-09,25981.29,4178.44,25981.29,4178.44,Paid
12413,1035,2025-05-05,2025-05-06,25981.29,3979.47,25981.29,3979.47,Paid
12414,1035,2025-06-05,2025-06-06,25981.29,3780.49,25981.29,3780.49,Paid
12415,1035,2025-07-05,2025-07-08,25981.29,3581.52,25981.29,3581.52,Paid
12416,1035,2025-08-05,2025-08-09,25981.29,3382.55,25981.29,3382.55,Paid
12417,1035,2025-09-05,2025-09-05,25981.29,3183.57,25981.29,3183.57,Paid
12418,1035,2025-10-05,2025-10-06,25981.29,2984.6,25981.29,2984.6,Paid
12419,1035,2025-11-05,2025-11-09,25981.29,2785.63,25981.29,2785.63,Paid
12420,1035,2025-12-05,2025-12-07,25981.29,2586.65,25981.29,2586.65,Paid
12421,1036,2025-01-05,2025-01-08,9907.05,10877.94,9907.05,10877.94,Paid
12422,1036,2025-02-05,2025-02-07,9907.05,10787.29,9907.05,10787.29,Paid
12423,1036,2025-03-05,2025-03-07,9907.05,10696.64,9907.05,10696.64,Paid
12424,1036,2025-04-05,2025-04-10,9907.05,10605.99,9907.05,10605.99,Paid
12425,1036,2025-05-05,2025-05-07,9907.05,10515.34,9907.05,10515.34,Paid
12426,1036,2025-06-05,2025-06-10,9907.05,10424.69,9907.05,10424.69,Paid
12427,1036,2025-07-05,2025-07-06,9907.05,10334.04,9907.05,10334.04,Paid
12428,1036,2025-08-05,2025-08-09,9907.05,10243.39,9907.05,10243.39,Paid
12429,1036,2025-09-05,,9907.05,10152.74,0.0,0.0,Unpaid
12430,1036,2025-10-05,2025-10-09,9907.05,10152.74,9907.05,10152.74,Paid
12431,1036,2025-11-05,2025-11-09,9907.05,10062.09,9907.05,10062.09,Paid
12432,1036,2025-12-05,2025-12-05,9907.05,9971.44,9907.05,9971.44,Paid
12433,1037,2025-01-05,2025-01-08,15338.98,5107.88,15338.98,5107.88,Paid
12434,1037,2025-02-05,2025-02-05,15338.98,4966.0,15338.98,4966.0,Paid
12435,1037,2025-03-05,2025-03-07,15338.98,4824.11,15338.98,4824.11,Paid
12436,1037,2025-04-05,2025-04-09,15338.98,4682.22,15338.98,4682.22,Paid
12437,1037,2025-05-05,2025-05-10,15338.98,4540.34,15338.98,4540.34,Paid
12438,1037,2025-06-05,2025-06-05,15338.98,4398.45,15338.98,4398.45,Paid
12439,1037,2025-07-05,2025-07-07,15338.98,4256.57,15338.98,4256.57,Paid
12440,1037,2025-08-05,,15338.98,4114.68,0.0,0.0,Unpaid
12441,1037,2025-09-05,2025-09-08,15338.98,4114.68,15338.98,4114.68,Paid
12442,1037,2025-10-05,2025-10-06,15338.98,3972.8,15338.98,3972.8,Paid
12443,1037,2025-11-05,2025-11-09,15338.98,3830.91,15338.98,3830.91,Paid
12444,1037,2025-12-05,2025-12-09,15338.98,3689.03,15338.98,3689.03,Paid
12445,1038,2025-01-05,2025-01-07,7515.18,4580.5,7515.18,4580.5,Paid
12446,1038,2025-02-05,2025-02-10,7515.18,4504.16,7515.18,4504.16,Paid
12447,1038,2025-03-05,2025-03-05,7515.18,4427.82,7515.18,4427.82,Paid
12448,1038,2025-04-05,2025-04-09,7515.18,4351.48,7515.18,4351.48,Paid
12449,1038,2025-05-05,2025-05-08,7515.18,4275.14,7515.18,4275.14,Paid
12450,1038,2025-06-05,2025-06-07,7515.18,4198.79,7515.18,4198.79,Paid
12451,1038,2025-07-05,2025-07-10,7515.18,4122.45,7515.18,4122.45,Paid
12452,1038,2025-08-05,2025-08-05,7515.18,4046.11,7515.18,4046.11,Paid
12453,1038,2025-09-05,2025-09-06,7515.18,3969.77,7515.18,3969.77,Paid
12454,1038,2025-10-05,2025-10-09,7515.18,3893.43,7515.18,3893.43,Paid
12455,1038,2025-11-05,2025-11-10,7515.18,3817.09,7515.18,3817.09,Paid
12456,1038,2025-12-05,2025-12-09,7515.18,3740.74,7515.18,3740.74,Paid
12457,1039,2025-01-05,2025-01-10,37755.33,6848.82,37755.33,6848.82,Paid
12458,1039,2025-02-05,2025-02-07,37755.33,6563.45,37755.33,6563.45,Paid
12459,1039,2025-03-05,2025-03-05,37755.33,6278.08,37755.33,6278.08,Paid
12460,1039,2025-04-05,2025-04-08,37755.33,5992.71,37755.33,5992.71,Paid
12461,1039,2025-05-05,2025-05-10,37755.33,5707.35,37755.33,5707.35,Paid
12462,1039,2025-06-05,2025-06-05,37755.33,5421.98,37755.33,5421.98,Paid
12463,1039,2025-07-05,2025-07-09,37755.33,5136.61,37755.33,5136.61,Paid
12464,1039,2025-08-05,2025-08-06,37755.33,4851.25,37755.33,4851.25,Paid
12465,1039,2025-09-05,2025-09-08,37755.33,4565.88,37755.33,4565.88,Paid
12466,1039,2025-10-05,2025-10-07,37755.33,4280.51,37755.33,4280.51,Paid
12467,1039,2025-11-05,2025-11-10,37755.33,3995.14,37755.33,3995.14,Paid
12468,1039,2025-12-05,2025-12-09,37755.33,3709.78,37755.33,3709.78,Paid
12469,1040,2025-01-05,2025-01-07,16618.69,17216.97,16618.69,17216.97,Paid
12470,1040,2025-02-05,2025-02-07,16618.69,17073.49,16618.69,17073.49,Paid
12471,1040,2025-03-05,,16618.69,16930.02,0.0,0.0,Unpaid
12472,1040,2025-04-05,2025-04-08,16618.69,16930.02,16618.69,16930.02,Paid
12473,1040,2025-05-05,2025-05-06,16618.69,16786.54,16618.69,16786.54,Paid
12474,1040,2025-06-05,2025-06-08,16618.69,16643.07,16618.69,16643.07,Paid
12475,1040,2025-07-05,2025-07-05,16618.69,16499.59,16618.69,16499.59,Paid
12476,1040,2025-08-05,2025-08-06,16618.69,16356.12,16618.69,16356.12,Paid
12477,1040,2025-09-05,,16618.69,16212.65,0.0,0.0,Unpaid
12478,1040,2025-10-05,2025-10-07,16618.69,16212.65,16618.69,16212.65,Paid
12479,1040,2025-11-05,2025-11-06,16618.69,16069.17,16618.69,16069.17,Paid
12480,1040,2025-12-05,2025-12-06,16618.69,15925.7,16618.69,15925.7,Paid
12481,1041,2025-01-05,2025-01-07,2025.56,2580.56,2025.56,2580.56,Paid
12482,1041,2025-02-05,2025-02-10,2025.56,2559.06,2025.56,2559.06,Paid
12483,1041,2025-03-05,,2025.56,2537.55,0.0,0.0,Unpaid
12484,1041,2025-04-05,2025-04-05,2025.56,2537.55,2025.56,2537.55,Paid
12485,1041,2025-05-05,2025-05-06,2025.56,2516.05,2025.56,2516.05,Paid
12486,1041,2025-06-05,2025-06-05,2025.56,2494.54,2025.56,2494.54,Paid
12487,1041,2025-07-05,2025-07-05,2025.56,2473.04,2025.56,2473.04,Paid
12488,1041,2025-08-05,2025-08-09,2025.56,2451.53,2025.56,2451.53,Paid
12489,1041,2025-09-05,2025-09-09,2025.56,2430.03,2025.56,2430.03,Paid
12490,1041,2025-10-05,2025-10-09,2025.56,2408.53,2025.56,2408.53,Paid
12491,1041,2025-11-05,2025-11-07,2025.56,2387.02,2025.56,2387.02,Paid
12492,1041,2025-12-05,2025-12-07,2025.56,2365.52,2025.56,2365.52,Paid
12493,1042,2025-01-05,2025-01-06,81948.07,35729.36,81948.07,35729.36,Paid
12494,1042,2025-02-05,2025-02-06,81948.07,35133.87,81948.07,35133.87,Paid
12495,1042,2025-03-05,2025-03-10,81948.07,34538.38,81948.07,34538.38,Paid
12496,1042,2025-04-05,2025-04-08,81948.07,33942.89,81948.07,33942.89,Paid
12497,1042,2025-05-05,2025-05-10,81948.07,33347.4,81948.07,33347.4,Paid
12498,1042,2025-06-05,2025-06-10,81948.07,32751.91,81948.07,32751.91,Paid
12499,1042,2025-07-05,2025-07-07,81948.07,32156.42,81948.07,32156.42,Paid
12500,1042,2025-08-05,2025-08-09,81948.07,31560.93,81948.07,31560.93,Paid
12501,1042,2025-09-05,2025-09-05,81948.07,30965.44,81948.07,30965.44,Paid
12502,1042,2025-10-05,2025-10-09,81948.07,30369.96,81948.07,30369.96,Paid
12503,1042,2025-11-05,2025-11-10,81948.07,29774.47,81948.07,29774.47,Paid
12504,1042,2025-12-05,2025-12-10,81948.07,29178.98,81948.07,29178.98,Paid
12505,1043,2025-01-05,2025-01-08,23162.55,7462.97,23162.55,7462.97,Paid
12506,1043,2025-02-05,2025-02-08,23162.55,7152.02,23162.55,7152.02,Paid
12507,1043,2025-03-05,2025-03-09,23162.55,6841.06,23162.55,6841.06,Paid
12508,1043,2025-04-05,2025-04-09,23162.55,6530.1,23162.55,6530.1,Paid
12509,1043,2025-05-05,2025-05-06,23162.55,6219.14,23162.55,6219.14,Paid
12510,1043,2025-06-05,2025-06-07,23162.55,5908.19,23162.55,5908.19,Paid
12511,1043,2025-07-05,2025-07-10,23162.55,5597.23,23162.55,5597.23,Paid
12512,1043,2025-08-05,2025-08-10,23162.55,5286.27,23162.55,5286.27,Paid
12513,1043,2025-09-05,2025-09-09,23162.55,4975.31,23162.55,4975.31,Paid
12514,1043,2025-10-05,2025-10-09,23162.55,4664.36,23162.55,4664.36,Paid
12515,1043,2025-11-05,,23162.55,4353.4,0.0,0.0,Unpaid
12516,1043,2025-12-05,2025-12-06,23162.55,4353.4,23162.55,4353.4,Paid
12517,1044,2025-01-05,2025-01-09,3243.07,3272.26,3243.07,3272.26,Paid
12518,1044,2025-02-05,2025-02-05,3243.07,3244.99,3243.07,3244.99,Paid
12519,1044,2025-03-05,2025-03-07,3243.07,3217.72,3243.07,3217.72,Paid
12520,1044,2025-04-05,2025-04-10,3243.07,3190.45,3243.07,3190.45,Paid
12521,1044,2025-05-05,2025-05-08,3243.07,3163.18,3243.07,3163.18,Paid
12522,1044,2025-06-05,2025-06-10,3243.07,3135.92,3243.07,3135.92,Paid
12523,1044,2025-07-05,2025-07-06,3243.07,3108.65,3243.07,3108.65,Paid
12524,1044,2025-08-05,2025-08-09,3243.07,3081.38,3243.07,3081.38,Paid
12525,1044,2025-09-05,2025-09-10,3243.07,3054.11,3243.07,3054.11,Paid
12526,1044,2025-10-05,2025-10-06,3243.07,3026.84,3243.07,3026.84,Paid
12527,1044,2025-11-05,2025-11-08,3243.07,2999.57,3243.07,2999.57,Paid
12528,1044,2025-12-05,2025-12-05,3243.07,2972.3,3243.07,2972.3,Paid
12529,1045,2025-01-05,2025-01-09,18702.99,14953.04,18702.99,14953.04,Paid
12530,1045,2025-02-05,2025-02-05,18702.99,14703.83,18702.99,14703.83,Paid
12531,1045,2025-03-05,2025-03-08,18702.99,14454.61,18702.99,14454.61,Paid
12532,1045,2025-04-05,2025-04-08,18702.99,14205.39,18702.99,14205.39,Paid
12533,1045,2025-05-05,2025-05-09,18702.99,13956.17,18702.99,13956.17,Paid
12534,1045,2025-06-05,2025-06-05,18702.99,13706.96,18702.99,13706.96,Paid
12535,1045,2025-07-05,2025-07-05,18702.99,13457.74,18702.99,13457.74,Paid
12536,1045,2025-08-05,2025-08-09,18702.99,13208.52,18702.99,13208.52,Paid
12537,1045,2025-09-05,2025-09-06,18702.99,12959.3,18702.99,12959.3,Paid
12538,1045,2025-10-05,2025-10-07,18702.99,12710.09,18702.99,12710.09,Paid
12539,1045,2025-11-05,2025-11-10,18702.99,12460.87,18702.99,12460.87,Paid
12540,1045,2025-12-05,2025-12-06,18702.99,12211.65,18702.99,12211.65,Paid
12541,1046,2025-01-05,2025-01-05,23293.8,11369.7,23293.8,11369.7,Paid
12542,1046,2025-02-05,2025-02-07,23293.8,11053.88,23293.8,11053.88,Paid
12543,1046,2025-03-05,2025-03-10,23293.8,10738.05,23293.8,10738.05,Paid
12544,1046,2025-04-05,2025-04-06,23293.8,10422.23,23293.8,10422.23,Paid
12545,1046,2025-05-05,2025-05-06,23293.8,10106.4,23293.8,10106.4,Paid
12546,1046,2025-06-05,2025-06-08,23293.8,9790.58,23293.8,9790.58,Paid
12547,1046,2025-07-05,2025-07-08,23293.8,9474.75,23293.8,9474.75,Paid
12548,1046,2025-08-05,2025-08-10,23293.8,9158.93,23293.8,9158.93,Paid
12549,1046,2025-09-05,2025-09-09,23293.8,8843.1,23293.8,8843.1,Paid
12550,1046,2025-10-05,2025-10-05,23293.8,8527.28,23293.8,8527.28,Paid
12551,1046,2025-11-05,2025-11-06,23293.8,8211.45,23293.8,8211.45,Paid
12552,1046,2025-12-05,2025-12-06,23293.8,7895.63,23293.8,7895.63,Paid
12553,1047,2025-01-05,2025-01-08,27220.93,12608.74,27220.93,12608.74,Paid
12554,1047,2025-02-05,2025-02-07,27220.93,12258.49,27220.93,12258.49,Paid
12555,1047,2025-03-05,2025-03-10,27220.93,11908.25,27220.93,11908.25,Paid
12556,1047,2025-04-05,2025-04-10,27220.93,11558.01,27220.93,11558.01,Paid
12557,1047,2025-05-05,2025-05-09,27220.93,11207.77,27220.93,11207.77,Paid
12558,1047,2025-06-05,2025-06-07,27220.93,10857.52,27220.93,10857.52,Paid
12559,1047,2025-07-05,2025-07-06,27220.93,10507.28,27220.93,10507.28,Paid
12560,1047,2025-08-05,2025-08-09,27220.93,10157.04,27220.93,10157.04,Paid
12561,1047,2025-09-05,2025-09-09,27220.93,9806.8,27220.93,9806.8,Paid
12562,1047,2025-10-05,2025-10-07,27220.93,9456.55,27220.93,9456.55,Paid
12563,1047,2025-11-05,2025-11-09,27220.93,9106.31,27220.93,9106.31,Paid
12564,1047,2025-12-05,2025-12-08,27220.93,8756.07,27220.93,8756.07,Paid
12565,1048,2025-01-05,2025-01-08,10445.32,3826.12,10445.32,3826.12,Paid
12566,1048,2025-02-05,2025-02-08,10445.32,3719.84,10445.32,3719.84,Paid
12567,1048,2025-03-05,2025-03-10,10445.32,3613.56,10445.32,3613.56,Paid
12568,1048,2025-04-05,2025-04-06,10445.32,3507.28,10445.32,3507.28,Paid
12569,1048,2025-05-05,2025-05-08,10445.32,3401.0,10445.32,3401.0,Paid
12570,1048,2025-06-05,2025-06-08,10445.32,3294.72,10445.32,3294.72,Paid
12571,1048,2025-07-05,2025-07-06,10445.32,3188.44,10445.32,3188.44,Paid
12572,1048,2025-08-05,2025-08-09,10445.32,3082.15,10445.32,3082.15,Paid
12573,1048,2025-09-05,2025-09-07,10445.32,2975.87,10445.32,2975.87,Paid
12574,1048,2025-10-05,2025-10-09,10445.32,2869.59,10445.32,2869.59,Paid
12575,1048,2025-11-05,2025-11-08,10445.32,2763.31,10445.32,2763.31,Paid
12576,1048,2025-12-05,2025-12-08,10445.32,2657.03,10445.32,2657.03,Paid
12577,1049,2025-01-05,2025-01-05,22946.87,11737.32,22946.87,11737.32,Paid
12578,1049,2025-02-05,2025-02-07,22946.87,11541.7,22946.87,11541.7,Paid
12579,1049,2025-03-05,2025-03-06,22946.87,11346.08,22946.87,11346.08,Paid
12580,1049,2025-04-05,2025-04-09,22946.87,11150.46,22946.87,11150.46,Paid
12581,1049,2025-05-05,2025-05-05,22946.87,10954.83,22946.87,10954.83,Paid
12582,1049,2025-06-05,2025-06-06,22946.87,10759.21,22946.87,10759.21,Paid
12583,1049,2025-07-05,2025-07-09,22946.87,10563.59,22946.87,10563.59,Paid
12584,1049,2025-08-05,2025-08-10,22946.87,10367.97,22946.87,10367.97,Paid
12585,1049,2025-09-05,2025-09-06,22946.87,10172.35,22946.87,10172.35,Paid
12586,1049,2025-10-05,2025-10-09,22946.87,9976.72,22946.87,9976.72,Paid
12587,1049,2025-11-05,2025-11-06,22946.87,9781.1,22946.87,9781.1,Paid
12588,1049,2025-12-05,2025-12-06,22946.87,9585.48,22946.87,9585.48,Paid
12589,1050,2025-01-05,2025-01-09,44200.45,17940.96,44200.45,17940.96,Paid
12590,1050,2025-02-05,2025-02-05,44200.45,17442.6,44200.45,17442.6,Paid
12591,1050,2025-03-05,2025-03-10,44200.45,16944.24,44200.45,16944.24,Paid
12592,1050,2025-04-05,2025-04-08,44200.45,16445.88,44200.45,16445.88,Paid
12593,1050,2025-05-05,2025-05-07,44200.45,15947.52,44200.45,15947.52,Paid
12594,1050,2025-06-05,2025-06-07,44200.45,15449.16,44200.45,15449.16,Paid
12595,1050,2025-07-05,2025-07-10,44200.45,14950.8,44200.45,14950.8,Paid
12596,1050,2025-08-05,2025-08-09,44200.45,14452.44,44200.45,14452.44,Paid
12597,1050,2025-09-05,2025-09-08,44200.45,13954.08,44200.45,13954.08,Paid
12598,1050,2025-10-05,2025-10-05,44200.45,13455.72,44200.45,13455.72,Paid
12599,1050,2025-11-05,2025-11-08,44200.45,12957.36,44200.45,12957.36,Paid
12600,1050,2025-12-05,2025-12-08,44200.45,12459.0,44200.45,12459.0,Paid
12601,1051,2025-01-05,2025-01-10,18520.63,9251.05,18520.63,9251.05,Paid
12602,1051,2025-02-05,,18520.63,8994.08,0.0,0.0,Unpaid
12603,1051,2025-03-05,2025-03-08,18520.63,8994.08,18520.63,8994.08,Paid
12604,1051,2025-04-05,2025-04-09,18520.63,8737.11,18520.63,8737.11,Paid
12605,1051,2025-05-05,2025-05-10,18520.63,8480.13,18520.63,8480.13,Paid
12606,1051,2025-06-05,2025-06-07,18520.63,8223.16,18520.63,8223.16,Paid
12607,1051,2025-07-05,,18520.63,7966.19,0.0,0.0,Unpaid
12608,1051,2025-08-05,2025-08-07,18520.63,7966.19,18520.63,7966.19,Paid
12609,1051,2025-09-05,2025-09-08,18520.63,7709.21,18520.63,7709.21,Paid
12610,1051,2025-10-05,2025-10-08,18520.63,7452.24,18520.63,7452.24,Paid
12611,1051,2025-11-05,2025-11-10,18520.63,7195.26,18520.63,7195.26,Paid
12612,1051,2025-12-05,2025-12-10,18520.63,6938.29,18520.63,6938.29,Paid
12613,1052,2025-01-05,2025-01-08,2480.96,3654.45,2480.96,3654.45,Paid
12614,1052,2025-02-05,2025-02-10,2480.96,3624.0,2480.96,3624.0,Paid
12615,1052,2025-03-05,2025-03-09,2480.96,3593.54,2480.96,3593.54,Paid
12616,1052,2025-04-05,2025-04-06,2480.96,3563.09,2480.96,3563.09,Paid
12617,1052,2025-05-05,2025-05-09,2480.96,3532.64,2480.96,3532.64,Paid
12618,1052,2025-06-05,2025-06-05,2480.96,3502.18,2480.96,3502.18,Paid
12619,1052,2025-07-05,2025-07-09,2480.96,3471.73,2480.96,3471.73,Paid
12620,1052,2025-08-05,2025-08-08,2480.96,3441.28,2480.96,3441.28,Paid
12621,1052,2025-09-05,2025-09-05,2480.96,3410.82,2480.96,3410.82,Paid
12622,1052,2025-10-05,2025-10-10,2480.96,3380.37,2480.96,3380.37,Paid
12623,1052,2025-11-05,2025-11-07,2480.96,3349.91,2480.96,3349.91,Paid
12624,1052,2025-12-05,2025-12-06,2480.96,3319.46,2480.96,3319.46,Paid
12625,1053,2025-01-05,2025-01-05,75072.44,26110.19,75072.44,26110.19,Paid
12626,1053,2025-02-05,2025-02-10,75072.44,25022.27,75072.44,25022.27,Paid
12627,1053,2025-03-05,2025-03-07,75072.44,23934.34,75072.44,23934.34,Paid
12628,1053,2025-04-05,2025-04-09,75072.44,22846.42,75072.44,22846.42,Paid
12629,1053,2025-05-05,2025-05-05,75072.44,21758.5,75072.44,21758.5,Paid
12630,1053,2025-06-05,2025-06-06,75072.44,20670.57,75072.44,20670.57,Paid
12631,1053,2025-07-05,2025-07-06,75072.44,19582.65,75072.44,19582.65,Paid
12632,1053,2025-08-05,2025-08-07,75072.44,18494.72,75072.44,18494.72,Paid
12633,1053,2025-09-05,2025-09-10,75072.44,17406.8,75072.44,17406.8,Paid
12634,1053,2025-10-05,2025-10-08,75072.44,16318.87,75072.44,16318.87,Paid
12635,1053,2025-11-05,2025-11-07,75072.44,15230.95,75072.44,15230.95,Paid
12636,1053,2025-12-05,2025-12-10,75072.44,14143.02,75072.44,14143.02,Paid
12637,1054,2025-01-05,2025-01-09,11911.77,15366.19,11911.77,15366.19,Paid
12638,1054,2025-02-05,2025-02-09,11911.77,15238.14,11911.77,15238.14,Paid
12639,1054,2025-03-05,2025-03-05,11911.77,15110.08,11911.77,15110.08,Paid
12640,1054,2025-04-05,2025-04-07,11911.77,14982.03,11911.77,14982.03,Paid
12641,1054,2025-05-05,2025-05-07,11911.77,14853.98,11911.77,14853.98,Paid
12642,1054,2025-06-05,2025-06-08,11911.77,14725.93,11911.77,14725.93,Paid
12643,1054,2025-07-05,2025-07-09,11911.77,14597.88,11911.77,14597.88,Paid
12644,1054,2025-08-05,2025-08-06,11911.77,14469.83,11911.77,14469.83,Paid
12645,1054,2025-09-05,2025-09-07,11911.77,14341.77,11911.77,14341.77,Paid
12646,1054,2025-10-05,2025-10-09,11911.77,14213.72,11911.77,14213.72,Paid
12647,1054,2025-11-05,2025-11-08,11911.77,14085.67,11911.77,14085.67,Paid
12648,1054,2025-12-05,2025-12-08,11911.77,13957.62,11911.77,13957.62,Paid
12649,1055,2025-01-05,2025-01-08,22210.29,6283.29,22210.29,6283.29,Paid
12650,1055,2025-02-05,2025-02-08,22210.29,6108.75,22210.29,6108.75,Paid
12651,1055,2025-03-05,2025-03-09,22210.29,5934.22,22210.29,5934.22,Paid
12652,1055,2025-04-05,2025-04-10,22210.29,5759.68,22210.29,5759.68,Paid
12653,1055,2025-05-05,2025-05-08,22210.29,5585.15,22210.29,5585.15,Paid
12654,1055,2025-06-05,2025-06-05,22210.29,5410.61,22210.29,5410.61,Paid
12655,1055,2025-07-05,2025-07-08,22210.29,5236.08,22210.29,5236.08,Paid
12656,1055,2025-08-05,2025-08-08,22210.29,5061.54,22210.29,5061.54,Paid
12657,1055,2025-09-05,2025-09-09,22210.29,4887.0,22210.29,4887.0,Paid
12658,1055,2025-10-05,2025-10-05,22210.29,4712.47,22210.29,4712.47,Paid
12659,1055,2025-11-05,2025-11-05,22210.29,4537.93,22210.29,4537.93,Paid
12660,1055,2025-12-05,2025-12-08,22210.29,4363.4,22210.29,4363.4,Paid
12661,1056,2025-01-05,2025-01-10,3050.88,5445.82,3050.88,5445.82,Paid
12662,1056,2025-02-05,2025-02-05,3050.88,5400.44,3050.88,5400.44,Paid
12663,1056,2025-03-05,2025-03-08,3050.88,5355.06,3050.88,5355.06,Paid
12664,1056,2025-04-05,2025-04-08,3050.88,5309.68,3050.88,5309.68,Paid
12665,1056,2025-05-05,2025-05-05,3050.88,5264.29,3050.88,5264.29,Paid
12666,1056,2025-06-05,2025-06-06,3050.88,5218.91,3050.88,5218.91,Paid
12667,1056,2025-07-05,2025-07-07,3050.88,5173.53,3050.88,5173.53,Paid
12668,1056,2025-08-05,2025-08-10,3050.88,5128.15,3050.88,5128.15,Paid
12669,1056,2025-09-05,2025-09-08,3050.88,5082.77,3050.88,5082.77,Paid
12670,1056,2025-10-05,2025-10-10,3050.88,5037.39,3050.88,5037.39,Paid
12671,1056,2025-11-05,2025-11-10,3050.88,4992.0,3050.88,4992.0,Paid
12672,1056,2025-12-05,2025-12-05,3050.88,4946.62,3050.88,4946.62,Paid
12673,1057,2025-01-05,2025-01-05,39376.68,10135.56,39376.68,10135.56,Paid
12674,1057,2025-02-05,2025-02-08,39376.68,9713.24,39376.68,9713.24,Paid
12675,1057,2025-03-05,2025-03-10,39376.68,9290.93,39376.68,9290.93,Paid
12676,1057,2025-04-05,2025-04-06,39376.68,8868.61,39376.68,8868.61,Paid
12677,1057,2025-05-05,2025-05-08,39376.68,8446.3,39376.68,8446.3,Paid
12678,1057,2025-06-05,2025-06-10,39376.68,8023.98,39376.68,8023.98,Paid
12679,1057,2025-07-05,2025-07-09,39376.68,7601.67,39376.68,7601.67,Paid
12680,1057,2025-08-05,2025-08-09,39376.68,7179.35,39376.68,7179.35,Paid
12681,1057,2025-09-05,2025-09-10,39376.68,6757.04,39376.68,6757.04,Paid
12682,1057,2025-10-05,2025-10-08,39376.68,6334.72,39376.68,6334.72,Paid
12683,1057,2025-11-05,2025-11-10,39376.68,5912.41,39376.68,5912.41,Paid
12684,1057,2025-12-05,,39376.68,5490.09,0.0,0.0,Unpaid
12685,1058,2025-01-05,2025-01-09,49772.69,13398.81,49772.69,13398.81,Paid
12686,1058,2025-02-05,2025-02-07,49772.69,12840.52,49772.69,12840.52,Paid
12687,1058,2025-03-05,2025-03-06,49772.69,12282.24,49772.69,12282.24,Paid
12688,1058,2025-04-05,2025-04-08,49772.69,11723.96,49772.69,11723.96,Paid
12689,1058,2025-05-05,2025-05-09,49772.69,11165.67,49772.69,11165.67,Paid
12690,1058,2025-06-05,2025-06-09,49772.69,10607.39,49772.69,10607.39,Paid
12691,1058,2025-07-05,2025-07-06,49772.69,10049.11,49772.69,10049.11,Paid
12692,1058,2025-08-05,2025-08-08,49772.69,9490.82,49772.69,9490.82,Paid
12693,1058,2025-09-05,2025-09-06,49772.69,8932.54,49772.69,8932.54,Paid
12694,1058,2025-10-05,2025-10-05,49772.69,8374.26,49772.69,8374.26,Paid
12695,1058,2025-11-05,2025-11-07,49772.69,7815.97,49772.69,7815.97,Paid
12696,1058,2025-12-05,2025-12-06,49772.69,7257.69,49772.69,7257.69,Paid
12697,1059,2025-01-05,2025-01-06,20575.62,6530.7,20575.62,6530.7,Paid
12698,1059,2025-02-05,2025-02-10,20575.62,6349.29,20575.62,6349.29,Paid
12699,1059,2025-03-05,2025-03-07,20575.62,6167.88,20575.62,6167.88,Paid
12700,1059,2025-04-05,2025-04-08,20575.62,5986.48,20575.62,5986.48,Paid
12701,1059,2025-05-05,2025-05-09,20575.62,5805.07,20575.62,5805.07,Paid
12702,1059,2025-06-05,2025-06-08,20575.62,5623.66,20575.62,5623.66,Paid
12703,1059,2025-07-05,2025-07-10,20575.62,5442.25,20575.62,5442.25,Paid
12704,1059,2025-08-05,2025-08-09,20575.62,5260.84,20575.62,5260.84,Paid
12705,1059,2025-09-05,2025-09-06,20575.62,5079.43,20575.62,5079.43,Paid
12706,1059,2025-10-05,2025-10-07,20575.62,4898.03,20575.62,4898.03,Paid
12707,1059,2025-11-05,2025-11-05,20575.62,4716.62,20575.62,4716.62,Paid
12708,1059,2025-12-05,2025-12-08,20575.62,4535.21,20575.62,4535.21,Paid
12709,1060,2025-01-05,2025-01-06,12924.08,4683.69,12924.08,4683.69,Paid
12710,1060,2025-02-05,,12924.08,4553.59,0.0,0.0,Unpaid
12711,1060,2025-03-05,2025-03-07,12924.08,4553.59,12924.08,4553.59,Paid
12712,1060,2025-04-05,2025-04-06,12924.08,4423.48,12924.08,4423.48,Paid
12713,1060,2025-05-05,2025-05-09,12924.08,4293.38,12924.08,4293.38,Paid
12714,1060,2025-06-05,2025-06-05,12924.08,4163.28,12924.08,4163.28,Paid
12715,1060,2025-07-05,2025-07-10,12924.08,4033.18,12924.08,4033.18,Paid
12716,1060,2025-08-05,2025-08-10,12924.08,3903.07,12924.08,3903.07,Paid
12717,1060,2025-09-05,,12924.08,3772.97,0.0,0.0,Unpaid
12718,1060,2025-10-05,,12924.08,3772.97,0.0,0.0,Unpaid
12719,1060,2025-11-05,2025-11-06,12924.08,3772.97,12924.08,3772.97,Paid
12720,1060,2025-12-05,2025-12-07,12924.08,3642.87,12924.08,3642.87,Paid
12721,1061,2025-01-05,2025-01-10,20617.63,10525.3,20617.63,10525.3,Paid
12722,1061,2025-02-05,2025-02-10,20617.63,10349.88,20617.63,10349.88,Paid
12723,1061,2025-03-05,2025-03-05,20617.63,10174.45,20617.63,10174.45,Paid
12724,1061,2025-04-05,2025-04-08,20617.63,9999.03,20617.63,9999.03,Paid
12725,1061,2025-05-05,2025-05-05,20617.63,9823.61,20617.63,9823.61,Paid
12726,1061,2025-06-05,2025-06-06,20617.63,9648.19,20617.63,9648.19,Paid
12727,1061,2025-07-05,2025-07-10,20617.63,9472.77,20617.63,9472.77,Paid
12728,1061,2025-08-05,2025-08-09,20617.63,9297.35,20617.63,9297.35,Paid
12729,1061,2025-09-05,2025-09-08,20617.63,9121.92,20617.63,9121.92,Paid
12730,1061,2025-10-05,2025-10-10,20617.63,8946.5,20617.63,8946.5,Paid
12731,1061,2025-11-05,2025-11-08,20617.63,8771.08,20617.63,8771.08,Paid
12732,1061,2025-12-05,2025-12-08,20617.63,8595.66,20617.63,8595.66,Paid
12733,1062,2025-01-05,2025-01-08,8530.37,14953.73,8530.37,14953.73,Paid
12734,1062,2025-02-05,2025-02-09,8530.37,14829.12,8530.37,14829.12,Paid
12735,1062,2025-03-05,2025-03-06,8530.37,14704.5,8530.37,14704.5,Paid
12736,1062,2025-04-05,2025-04-09,8530.37,14579.89,8530.37,14579.89,Paid
12737,1062,2025-05-05,2025-05-08,8530.37,14455.27,8530.37,14455.27,Paid
12738,1062,2025-06-05,2025-06-10,8530.37,14330.66,8530.37,14330.66,Paid
12739,1062,2025-07-05,2025-07-09,8530.37,14206.04,8530.37,14206.04,Paid
12740,1062,2025-08-05,2025-08-05,8530.37,14081.43,8530.37,14081.43,Paid
12741,1062,2025-09-05,2025-09-09,8530.37,13956.82,8530.37,13956.82,Paid
12742,1062,2025-10-05,,8530.37,13832.2,0.0,0.0,Unpaid
12743,1062,2025-11-05,2025-11-09,8530.37,13832.2,8530.37,13832.2,Paid
12744,1062,2025-12-05,2025-12-07,8530.37,13707.59,8530.37,13707.59,Paid
12745,1063,2025-01-05,,74239.44,58129.48,0.0,0.0,Unpaid
12746,1063,2025-02-05,2025-02-06,74239.44,58129.48,74239.44,58129.48,Paid
12747,1063,2025-03-05,2025-03-06,74239.44,57160.65,74239.44,57160.65,Paid
12748,1063,2025-04-05,2025-04-05,74239.44,56191.83,74239.44,56191.83,Paid
12749,1063,2025-05-05,,74239.44,55223.0,0.0,0.0,Unpaid
12750,1063,2025-06-05,2025-06-06,74239.44,55223.0,74239.44,55223.0,Paid
12751,1063,2025-07-05,2025-07-07,74239.44,54254.18,74239.44,54254.18,Paid
12752,1063,2025-08-05,2025-08-10,74239.44,53285.35,74239.44,53285.35,Paid
12753,1063,2025-09-05,2025-09-09,74239.44,52316.53,74239.44,52316.53,Paid
12754,1063,2025-10-05,,74239.44,51347.71,0.0,0.0,Unpaid
12755,1063,2025-11-05,2025-11-09,74239.44,51347.71,74239.44,51347.71,Paid
12756,1063,2025-12-05,2025-12-08,74239.44,50378.88,74239.44,50378.88,Paid
12757,1064,2025-01-05,2025-01-08,14692.2,3750.92,14692.2,3750.92,Paid
12758,1064,2025-02-05,2025-02-06,14692.2,3646.73,14692.2,3646.73,Paid
12759,1064,2025-03-05,2025-03-06,14692.2,3542.53,14692.2,3542.53,Paid
12760,1064,2025-04-05,,14692.2,3438.34,0.0,0.0,Unpaid
12761,1064,2025-05-05,2025-05-08,14692.2,3438.34,14692.2,3438.34,Paid
12762,1064,2025-06-05,2025-06-07,14692.2,3334.15,14692.2,3334.15,Paid
12763,1064,2025-07-05,2025-07-07,14692.2,3229.96,14692.2,3229.96,Paid
12764,1064,2025-08-05,2025-08-10,14692.2,3125.76,14692.2,3125.76,Paid
12765,1064,2025-09-05,2025-09-05,14692.2,3021.57,14692.2,3021.57,Paid
12766,1064,2025-10-05,2025-10-05,14692.2,2917.38,14692.2,2917.38,Paid
12767,1064,2025-11-05,2025-11-10,14692.2,2813.19,14692.2,2813.19,Paid
12768,1064,2025-12-05,2025-12-06,14692.2,2709.0,14692.2,2709.0,Paid
12769,1065,2025-01-05,2025-01-09,41275.85,18908.47,41275.85,18908.47,Paid
12770,1065,2025-02-05,2025-02-09,41275.85,18383.23,41275.85,18383.23,Paid
12771,1065,2025-03-05,2025-03-06,41275.85,17858.0,41275.85,17858.0,Paid
12772,1065,2025-04-05,2025-04-10,41275.85,17332.76,41275.85,17332.76,Paid
12773,1065,2025-05-05,2025-05-08,41275.85,16807.52,41275.85,16807.52,Paid
12774,1065,2025-06-05,2025-06-10,41275.85,16282.29,41275.85,16282.29,Paid
12775,1065,2025-07-05,2025-07-06,41275.85,15757.05,41275.85,15757.05,Paid
12776,1065,2025-08-05,2025-08-10,41275.85,15231.82,41275.85,15231.82,Paid
12777,1065,2025-09-05,2025-09-08,41275.85,14706.58,41275.85,14706.58,Paid
12778,1065,2025-10-05,2025-10-06,41275.85,14181.35,41275.85,14181.35,Paid
12779,1065,2025-11-05,2025-11-10,41275.85,13656.11,41275.85,13656.11,Paid
12780,1065,2025-12-05,2025-12-08,41275.85,13130.88,41275.85,13130.88,Paid
12781,1066,2025-01-05,2025-01-09,22740.22,4475.27,22740.22,4475.27,Paid
12782,1066,2025-02-05,2025-02-10,22740.22,4288.8,22740.22,4288.8,Paid
12783,1066,2025-03-05,2025-03-09,22740.22,4102.33,22740.22,4102.33,Paid
12784,1066,2025-04-05,2025-04-06,22740.22,3915.87,22740.22,3915.87,Paid
12785,1066,2025-05-05,2025-05-10,22740.22,3729.4,22740.22,3729.4,Paid
12786,1066,2025-06-05,2025-06-07,22740.22,3542.93,22740.22,3542.93,Paid
12787,1066,2025-07-05,2025-07-05,22740.22,3356.46,22740.22,3356.46,Paid
12788,1066,2025-08-05,2025-08-10,22740.22,3169.99,22740.22,3169.99,Paid
12789,1066,2025-09-05,2025-09-06,22740.22,2983.52,22740.22,2983.52,Paid
12790,1066,2025-10-05,2025-10-09,22740.22,2797.05,22740.22,2797.05,Paid
12791,1066,2025-11-05,2025-11-08,22740.22,2610.58,22740.22,2610.58,Paid
12792,1066,2025-12-05,2025-12-09,22740.22,2424.11,22740.22,2424.11,Paid
12793,1067,2025-01-05,2025-01-08,18353.85,13591.02,18353.85,13591.02,Paid
12794,1067,2025-02-05,2025-02-06,18353.85,13364.51,18353.85,13364.51,Paid
12795,1067,2025-03-05,2025-03-07,18353.85,13137.99,18353.85,13137.99,Paid
12796,1067,2025-04-05,2025-04-06,18353.85,12911.47,18353.85,12911.47,Paid
12797,1067,2025-05-05,,18353.85,12684.95,0.0,0.0,Unpaid
12798,1067,2025-06-05,2025-06-07,18353.85,12684.95,18353.85,12684.95,Paid
12799,1067,2025-07-05,2025-07-08,18353.85,12458.44,18353.85,12458.44,Paid
12800,1067,2025-08-05,,18353.85,12231.92,0.0,0.0,Unpaid
12801,1067,2025-09-05,2025-09-07,18353.85,12231.92,18353.85,12231.92,Paid
12802,1067,2025-10-05,2025-10-07,18353.85,12005.4,18353.85,12005.4,Paid
12803,1067,2025-11-05,2025-11-09,18353.85,11778.89,18353.85,11778.89,Paid
12804,1067,2025-12-05,2025-12-06,18353.85,11552.37,18353.85,11552.37,Paid
12805,1068,2025-01-05,2025-01-08,41457.74,53604.86,41457.74,53604.86,Paid
12806,1068,2025-02-05,2025-02-10,41457.74,53158.16,41457.74,53158.16,Paid
12807,1068,2025-03-05,2025-03-07,41457.74,52711.45,41457.74,52711.45,Paid
12808,1068,2025-04-05,2025-04-09,41457.74,52264.74,41457.74,52264.74,Paid
12809,1068,2025-05-05,2025-05-06,41457.74,51818.03,41457.74,51818.03,Paid
12810,1068,2025-06-05,2025-06-06,41457.74,51371.33,41457.74,51371.33,Paid
12811,1068,2025-07-05,2025-07-09,41457.74,50924.62,41457.74,50924.62,Paid
12812,1068,2025-08-05,2025-08-10,41457.74,50477.91,41457.74,50477.91,Paid
12813,1068,2025-09-05,2025-09-09,41457.74,50031.21,41457.74,50031.21,Paid
12814,1068,2025-10-05,2025-10-05,41457.74,49584.5,41457.74,49584.5,Paid
12815,1068,2025-11-05,2025-11-05,41457.74,49137.79,41457.74,49137.79,Paid
12816,1068,2025-12-05,2025-12-05,41457.74,48691.08,41457.74,48691.08,Paid
12817,1069,2025-01-05,2025-01-06,32579.01,14816.93,32579.01,14816.93,Paid
12818,1069,2025-02-05,2025-02-10,32579.01,14405.35,32579.01,14405.35,Paid
12819,1069,2025-03-05,2025-03-05,32579.01,13993.77,32579.01,13993.77,Paid
12820,1069,2025-04-05,2025-04-09,32579.01,13582.19,32579.01,13582.19,Paid
12821,1069,2025-05-05,2025-05-09,32579.01,13170.61,32579.01,13170.61,Paid
12822,1069,2025-06-05,2025-06-10,32579.01,12759.03,32579.01,12759.03,Paid
12823,1069,2025-07-05,,32579.01,12347.44,0.0,0.0,Unpaid
12824,1069,2025-08-05,2025-08-05,32579.01,12347.44,32579.01,12347.44,Paid
12825,1069,2025-09-05,,32579.01,11935.86,0.0,0.0,Unpaid
12826,1069,2025-10-05,,32579.01,11935.86,0.0,0.0,Unpaid
12827,1069,2025-11-05,2025-11-08,32579.01,11935.86,32579.01,11935.86,Paid
12828,1069,2025-12-05,2025-12-09,32579.01,11524.28,32579.01,11524.28,Paid
12829,1070,2025-01-05,2025-01-05,5048.15,5194.54,5048.15,5194.54,Paid
12830,1070,2025-02-05,2025-02-07,5048.15,5151.26,5048.15,5151.26,Paid
12831,1070,2025-03-05,2025-03-06,5048.15,5107.97,5048.15,5107.97,Paid
12832,1070,2025-04-05,2025-04-05,5048.15,5064.68,5048.15,5064.68,Paid
12833,1070,2025-05-05,2025-05-09,5048.15,5021.39,5048.15,5021.39,Paid
12834,1070,2025-06-05,2025-06-08,5048.15,4978.1,5048.15,4978.1,Paid
12835,1070,2025-07-05,2025-07-05,5048.15,4934.82,5048.15,4934.82,Paid
12836,1070,2025-08-05,2025-08-05,5048.15,4891.53,5048.15,4891.53,Paid
12837,1070,2025-09-05,2025-09-07,5048.15,4848.24,5048.15,4848.24,Paid
12838,1070,2025-10-05,2025-10-06,5048.15,4804.95,5048.15,4804.95,Paid
12839,1070,2025-11-05,2025-11-05,5048.15,4761.67,5048.15,4761.67,Paid
12840,1070,2025-12-05,2025-12-07,5048.15,4718.38,5048.15,4718.38,Paid
12841,1071,2025-01-05,2025-01-05,31039.51,10975.57,31039.51,10975.57,Paid
12842,1071,2025-02-05,2025-02-09,31039.51,10518.26,31039.51,10518.26,Paid
12843,1071,2025-03-05,2025-03-07,31039.51,10060.94,31039.51,10060.94,Paid
12844,1071,2025-04-05,2025-04-08,31039.51,9603.63,31039.51,9603.63,Paid
12845,1071,2025-05-05,2025-05-05,31039.51,9146.31,31039.51,9146.31,Paid
12846,1071,2025-06-05,2025-06-08,31039.51,8688.99,31039.51,8688.99,Paid
12847,1071,2025-07-05,2025-07-06,31039.51,8231.68,31039.51,8231.68,Paid
12848,1071,2025-08-05,2025-08-08,31039.51,7774.36,31039.51,7774.36,Paid
12849,1071,2025-09-05,2025-09-07,31039.51,7317.05,31039.51,7317.05,Paid
12850,1071,2025-10-05,2025-10-09,31039.51,6859.73,31039.51,6859.73,Paid
12851,1071,2025-11-05,2025-11-06,31039.51,6402.42,31039.51,6402.42,Paid
12852,1071,2025-12-05,2025-12-05,31039.51,5945.1,31039.51,5945.1,Paid
12853,1072,2025-01-05,2025-01-10,30763.6,7450.94,30763.6,7450.94,Paid
12854,1072,2025-02-05,2025-02-07,30763.6,7140.49,30763.6,7140.49,Paid
12855,1072,2025-03-05,2025-03-06,30763.6,6830.03,30763.6,6830.03,Paid
12856,1072,2025-04-05,2025-04-06,30763.6,6519.58,30763.6,6519.58,Paid
12857,1072,2025-05-05,2025-05-09,30763.6,6209.12,30763.6,6209.12,Paid
12858,1072,2025-06-05,2025-06-10,30763.6,5898.66,30763.6,5898.66,Paid
12859,1072,2025-07-05,2025-07-08,30763.6,5588.21,30763.6,5588.21,Paid
12860,1072,2025-08-05,2025-08-07,30763.6,5277.75,30763.6,5277.75,Paid
12861,1072,2025-09-05,2025-09-10,30763.6,4967.3,30763.6,4967.3,Paid
12862,1072,2025-10-05,2025-10-10,30763.6,4656.84,30763.6,4656.84,Paid
12863,1072,2025-11-05,2025-11-06,30763.6,4346.38,30763.6,4346.38,Paid
12864,1072,2025-12-05,2025-12-07,30763.6,4035.93,30763.6,4035.93,Paid
12865,1073,2025-01-05,2025-01-07,13906.47,6682.06,13906.47,6682.06,Paid
12866,1073,2025-02-05,2025-02-08,13906.47,6570.69,13906.47,6570.69,Paid
12867,1073,2025-03-05,2025-03-10,13906.47,6459.32,13906.47,6459.32,Paid
12868,1073,2025-04-05,2025-04-05,13906.47,6347.96,13906.47,6347.96,Paid
12869,1073,2025-05-05,2025-05-07,13906.47,6236.59,13906.47,6236.59,Paid
12870,1073,2025-06-05,2025-06-10,13906.47,6125.22,13906.47,6125.22,Paid
12871,1073,2025-07-05,2025-07-10,13906.47,6013.85,13906.47,6013.85,Paid
12872,1073,2025-08-05,2025-08-07,13906.47,5902.49,13906.47,5902.49,Paid
12873,1073,2025-09-05,2025-09-08,13906.47,5791.12,13906.47,5791.12,Paid
12874,1073,2025-10-05,2025-10-06,13906.47,5679.75,13906.47,5679.75,Paid
12875,1073,2025-11-05,2025-11-10,13906.47,5568.38,13906.47,5568.38,Paid
12876,1073,2025-12-05,2025-12-09,13906.47,5457.02,13906.47,5457.02,Paid
12877,1074,2025-01-05,2025-01-09,29069.19,10366.07,29069.19,10366.07,Paid
12878,1074,2025-02-05,2025-02-10,29069.19,9934.15,29069.19,9934.15,Paid
12879,1074,2025-03-05,2025-03-10,29069.19,9502.23,29069.19,9502.23,Paid
12880,1074,2025-04-05,2025-04-07,29069.19,9070.31,29069.19,9070.31,Paid
12881,1074,2025-05-05,2025-05-06,29069.19,8638.39,29069.19,8638.39,Paid
12882,1074,2025-06-05,2025-06-10,29069.19,8206.48,29069.19,8206.48,Paid
12883,1074,2025-07-05,2025-07-08,29069.19,7774.56,29069.19,7774.56,Paid
12884,1074,2025-08-05,2025-08-09,29069.19,7342.64,29069.19,7342.64,Paid
12885,1074,2025-09-05,2025-09-06,29069.19,6910.72,29069.19,6910.72,Paid
12886,1074,2025-10-05,2025-10-06,29069.19,6478.8,29069.19,6478.8,Paid
12887,1074,2025-11-05,2025-11-10,29069.19,6046.88,29069.19,6046.88,Paid
12888,1074,2025-12-05,2025-12-06,29069.19,5614.96,29069.19,5614.96,Paid
12889,1075,2025-01-05,2025-01-09,8843.97,12814.91,8843.97,12814.91,Paid
12890,1075,2025-02-05,2025-02-10,8843.97,12708.12,8843.97,12708.12,Paid
12891,1075,2025-03-05,2025-03-08,8843.97,12601.33,8843.97,12601.33,Paid
12892,1075,2025-04-05,,8843.97,12494.54,0.0,0.0,Unpaid
12893,1075,2025-05-05,2025-05-06,8843.97,12494.54,8843.97,12494.54,Paid
12894,1075,2025-06-05,2025-06-07,8843.97,12387.75,8843.97,12387.75,Paid
12895,1075,2025-07-05,2025-07-05,8843.97,12280.95,8843.97,12280.95,Paid
12896,1075,2025-08-05,2025-08-10,8843.97,12174.16,8843.97,12174.16,Paid
12897,1075,2025-09-05,2025-09-06,8843.97,12067.37,8843.97,12067.37,Paid
12898,1075,2025-10-05,2025-10-09,8843.97,11960.58,8843.97,11960.58,Paid
12899,1075,2025-11-05,,8843.97,11853.79,0.0,0.0,Unpaid
12900,1075,2025-12-05,2025-12-05,8843.97,11853.79,8843.97,11853.79,Paid
12901,1076,2025-01-05,2025-01-06,11777.57,8709.51,11777.57,8709.51,Paid
12902,1076,2025-02-05,2025-02-10,11777.57,8564.35,11777.57,8564.35,Paid
12903,1076,2025-03-05,,11777.57,8419.2,0.0,0.0,Unpaid
12904,1076,2025-04-05,2025-04-08,11777.57,8419.2,11777.57,8419.2,Paid
12905,1076,2025-05-05,2025-05-07,11777.57,8274.04,11777.57,8274.04,Paid
12906,1076,2025-06-05,,11777.57,8128.88,0.0,0.0,Unpaid
12907,1076,2025-07-05,2025-07-06,11777.57,8128.88,11777.57,8128.88,Paid
12908,1076,2025-08-05,2025-08-10,11777.57,7983.72,11777.57,7983.72,Paid
12909,1076,2025-09-05,2025-09-09,11777.57,7838.56,11777.57,7838.56,Paid
12910,1076,2025-10-05,2025-10-08,11777.57,7693.4,11777.57,7693.4,Paid
12911,1076,2025-11-05,2025-11-06,11777.57,7548.24,11777.57,7548.24,Paid
12912,1076,2025-12-05,,11777.57,7403.09,0.0,0.0,Unpaid
12913,1077,2025-01-05,2025-01-09,4878.3,3988.01,4878.3,3988.01,Paid
12914,1077,2025-02-05,,4878.3,3921.55,0.0,0.0,Unpaid
12915,1077,2025-03-05,2025-03-10,4878.3,3921.55,4878.3,3921.55,Paid
12916,1077,2025-04-05,2025-04-07,4878.3,3855.08,4878.3,3855.08,Paid
12917,1077,2025-05-05,2025-05-07,4878.3,3788.61,4878.3,3788.61,Paid
12918,1077,2025-06-05,2025-06-06,4878.3,3722.15,4878.3,3722.15,Paid
12919,1077,2025-07-05,2025-07-10,4878.3,3655.68,4878.3,3655.68,Paid
12920,1077,2025-08-05,2025-08-07,4878.3,3589.21,4878.3,3589.21,Paid
12921,1077,2025-09-05,2025-09-05,4878.3,3522.74,4878.3,3522.74,Paid
12922,1077,2025-10-05,2025-10-06,4878.3,3456.28,4878.3,3456.28,Paid
12923,1077,2025-11-05,,4878.3,3389.81,0.0,0.0,Unpaid
12924,1077,2025-12-05,2025-12-08,4878.3,3389.81,4878.3,3389.81,Paid
12925,1078,2025-01-05,2025-01-09,30302.17,7845.23,30302.17,7845.23,Paid
12926,1078,2025-02-05,,30302.17,7627.31,0.0,0.0,Unpaid
12927,1078,2025-03-05,2025-03-07,30302.17,7627.31,30302.17,7627.31,Paid
12928,1078,2025-04-05,2025-04-09,30302.17,7409.39,30302.17,7409.39,Paid
12929,1078,2025-05-05,2025-05-09,30302.17,7191.46,30302.17,7191.46,Paid
12930,1078,2025-06-05,2025-06-05,30302.17,6973.54,30302.17,6973.54,Paid
12931,1078,2025-07-05,2025-07-10,30302.17,6755.62,30302.17,6755.62,Paid
12932,1078,2025-08-05,2025-08-09,30302.17,6537.69,30302.17,6537.69,Paid
12933,1078,2025-09-05,2025-09-05,30302.17,6319.77,30302.17,6319.77,Paid
12934,1078,2025-10-05,2025-10-05,30302.17,6101.85,30302.17,6101.85,Paid
12935,1078,2025-11-05,2025-11-09,30302.17,5883.92,30302.17,5883.92,Paid
12936,1078,2025-12-05,2025-12-08,30302.17,5666.0,30302.17,5666.0,Paid
12937,1079,2025-01-05,2025-01-06,4327.57,3319.24,4327.57,3319.24,Paid
12938,1079,2025-02-05,2025-02-06,4327.57,3263.92,4327.57,3263.92,Paid
12939,1079,2025-03-05,2025-03-06,4327.57,3208.6,4327.57,3208.6,Paid
12940,1079,2025-04-05,2025-04-07,4327.57,3153.28,4327.57,3153.28,Paid
12941,1079,2025-05-05,,4327.57,3097.96,0.0,0.0,Unpaid
12942,1079,2025-06-05,2025-06-07,4327.57,3097.96,4327.57,3097.96,Paid
12943,1079,2025-07-05,2025-07-09,4327.57,3042.64,4327.57,3042.64,Paid
12944,1079,2025-08-05,2025-08-07,4327.57,2987.32,4327.57,2987.32,Paid
12945,1079,2025-09-05,2025-09-06,4327.57,2932.0,4327.57,2932.0,Paid
12946,1079,2025-10-05,2025-10-06,4327.57,2876.68,4327.57,2876.68,Paid
12947,1079,2025-11-05,2025-11-07,4327.57,2821.36,4327.57,2821.36,Paid
12948,1079,2025-12-05,2025-12-08,4327.57,2766.04,4327.57,2766.04,Paid
12949,1080,2025-01-05,2025-01-08,20784.0,17468.95,20784.0,17468.95,Paid
12950,1080,2025-02-05,2025-02-07,20784.0,17177.8,20784.0,17177.8,Paid
12951,1080,2025-03-05,2025-03-08,20784.0,16886.65,20784.0,16886.65,Paid
12952,1080,2025-04-05,2025-04-06,20784.0,16595.5,20784.0,16595.5,Paid
12953,1080,2025-05-05,2025-05-07,20784.0,16304.35,20784.0,16304.35,Paid
12954,1080,2025-06-05,2025-06-09,20784.0,16013.2,20784.0,16013.2,Paid
12955,1080,2025-07-05,2025-07-10,20784.0,15722.05,20784.0,15722.05,Paid
12956,1080,2025-08-05,2025-08-10,20784.0,15430.91,20784.0,15430.91,Paid
12957,1080,2025-09-05,2025-09-10,20784.0,15139.76,20784.0,15139.76,Paid
12958,1080,2025-10-05,2025-10-07,20784.0,14848.61,20784.0,14848.61,Paid
12959,1080,2025-11-05,2025-11-05,20784.0,14557.46,20784.0,14557.46,Paid
12960,1080,2025-12-05,2025-12-09,20784.0,14266.31,20784.0,14266.31,Paid
12961,1081,2025-01-05,2025-01-09,26993.36,4416.11,26993.36,4416.11,Paid
12962,1081,2025-02-05,2025-02-07,26993.36,4232.11,26993.36,4232.11,Paid
12963,1081,2025-03-05,2025-03-08,26993.36,4048.1,26993.36,4048.1,Paid
12964,1081,2025-04-05,2025-04-09,26993.36,3864.1,26993.36,3864.1,Paid
12965,1081,2025-05-05,2025-05-06,26993.36,3680.09,26993.36,3680.09,Paid
12966,1081,2025-06-05,2025-06-06,26993.36,3496.09,26993.36,3496.09,Paid
12967,1081,2025-07-05,2025-07-06,26993.36,3312.08,26993.36,3312.08,Paid
12968,1081,2025-08-05,2025-08-07,26993.36,3128.08,26993.36,3128.08,Paid
12969,1081,2025-09-05,2025-09-08,26993.36,2944.08,26993.36,2944.08,Paid
12970,1081,2025-10-05,2025-10-05,26993.36,2760.07,26993.36,2760.07,Paid
12971,1081,2025-11-05,2025-11-05,26993.36,2576.07,26993.36,2576.07,Paid
12972,1081,2025-12-05,2025-12-05,26993.36,2392.06,26993.36,2392.06,Paid
12973,1082,2025-01-05,2025-01-06,12475.57,12300.91,12475.57,12300.91,Paid
12974,1082,2025-02-05,2025-02-08,12475.57,12198.4,12475.57,12198.4,Paid
12975,1082,2025-03-05,2025-03-07,12475.57,12095.89,12475.57,12095.89,Paid
12976,1082,2025-04-05,2025-04-05,12475.57,11993.39,12475.57,11993.39,Paid
12977,1082,2025-05-05,,12475.57,11890.88,0.0,0.0,Unpaid
12978,1082,2025-06-05,2025-06-06,12475.57,11890.88,12475.57,11890.88,Paid
12979,1082,2025-07-05,2025-07-09,12475.57,11788.37,12475.57,11788.37,Paid
12980,1082,2025-08-05,2025-08-09,12475.57,11685.86,12475.57,11685.86,Paid
12981,1082,2025-09-05,2025-09-10,12475.57,11583.36,12475.57,11583.36,Paid
12982,1082,2025-10-05,2025-10-06,12475.57,11480.85,12475.57,11480.85,Paid
12983,1082,2025-11-05,2025-11-08,12475.57,11378.34,12475.57,11378.34,Paid
12984,1082,2025-12-05,2025-12-05,12475.57,11275.83,12475.57,11275.83,Paid
12985,1083,2025-01-05,2025-01-08,108658.74,35270.63,108658.74,35270.63,Paid
12986,1083,2025-02-05,2025-02-10,108658.74,33801.02,108658.74,33801.02,Paid
12987,1083,2025-03-05,2025-03-06,108658.74,32331.41,108658.74,32331.41,Paid
12988,1083,2025-04-05,2025-04-05,108658.74,30861.8,108658.74,30861.8,Paid
12989,1083,2025-05-05,2025-05-09,108658.74,29392.19,108658.74,29392.19,Paid
12990,1083,2025-06-05,2025-06-07,108658.74,27922.58,108658.74,27922.58,Paid
12991,1083,2025-07-05,2025-07-07,108658.74,26452.97,108658.74,26452.97,Paid
12992,1083,2025-08-05,2025-08-08,108658.74,24983.36,108658.74,24983.36,Paid
12993,1083,2025-09-05,2025-09-06,108658.74,23513.75,108658.74,23513.75,Paid
12994,1083,2025-10-05,2025-10-08,108658.74,22044.14,108658.74,22044.14,Paid
12995,1083,2025-11-05,2025-11-06,108658.74,20574.53,108658.74,20574.53,Paid
12996,1083,2025-12-05,2025-12-06,108658.74,19104.92,108658.74,19104.92,Paid
12997,1084,2025-01-05,2025-01-05,7072.1,10975.9,7072.1,10975.9,Paid
12998,1084,2025-02-05,2025-02-09,7072.1,10884.43,7072.1,10884.43,Paid
12999,1084,2025-03-05,2025-03-07,7072.1,10792.97,7072.1,10792.97,Paid
13000,1084,2025-04-05,2025-04-05,7072.1,10701.5,7072.1,10701.5,Paid
13001,1084,2025-05-05,2025-05-10,7072.1,10610.04,7072.1,10610.04,Paid
13002,1084,2025-06-05,2025-06-07,7072.1,10518.57,7072.1,10518.57,Paid
13003,1084,2025-07-05,2025-07-05,7072.1,10427.1,7072.1,10427.1,Paid
13004,1084,2025-08-05,2025-08-06,7072.1,10335.64,7072.1,10335.64,Paid
13005,1084,2025-09-05,2025-09-10,7072.1,10244.17,7072.1,10244.17,Paid
13006,1084,2025-10-05,2025-10-08,7072.1,10152.71,7072.1,10152.71,Paid
13007,1084,2025-11-05,2025-11-09,7072.1,10061.24,7072.1,10061.24,Paid
13008,1084,2025-12-05,2025-12-08,7072.1,9969.77,7072.1,9969.77,Paid
13009,1085,2025-01-05,2025-01-09,33567.7,8428.85,33567.7,8428.85,Paid
13010,1085,2025-02-05,2025-02-06,33567.7,8194.71,33567.7,8194.71,Paid
13011,1085,2025-03-05,2025-03-05,33567.7,7960.58,33567.7,7960.58,Paid
13012,1085,2025-04-05,2025-04-10,33567.7,7726.44,33567.7,7726.44,Paid
13013,1085,2025-05-05,2025-05-09,33567.7,7492.31,33567.7,7492.31,Paid
13014,1085,2025-06-05,2025-06-06,33567.7,7258.17,33567.7,7258.17,Paid
13015,1085,2025-07-05,2025-07-06,33567.7,7024.04,33567.7,7024.04,Paid
13016,1085,2025-08-05,2025-08-07,33567.7,6789.91,33567.7,6789.91,Paid
13017,1085,2025-09-05,2025-09-07,33567.7,6555.77,33567.7,6555.77,Paid
13018,1085,2025-10-05,2025-10-10,33567.7,6321.64,33567.7,6321.64,Paid
13019,1085,2025-11-05,2025-11-06,33567.7,6087.5,33567.7,6087.5,Paid
13020,1085,2025-12-05,2025-12-09,33567.7,5853.37,33567.7,5853.37,Paid
13021,1086,2025-01-05,2025-01-09,25660.61,6566.55,25660.61,6566.55,Paid
13022,1086,2025-02-05,2025-02-08,25660.61,6384.15,25660.61,6384.15,Paid
13023,1086,2025-03-05,2025-03-05,25660.61,6201.74,25660.61,6201.74,Paid
13024,1086,2025-04-05,2025-04-10,25660.61,6019.34,25660.61,6019.34,Paid
13025,1086,2025-05-05,2025-05-08,25660.61,5836.93,25660.61,5836.93,Paid
13026,1086,2025-06-05,2025-06-05,25660.61,5654.53,25660.61,5654.53,Paid
13027,1086,2025-07-05,2025-07-08,25660.61,5472.13,25660.61,5472.13,Paid
13028,1086,2025-08-05,2025-08-07,25660.61,5289.72,25660.61,5289.72,Paid
13029,1086,2025-09-05,2025-09-05,25660.61,5107.32,25660.61,5107.32,Paid
13030,1086,2025-10-05,2025-10-09,25660.61,4924.91,25660.61,4924.91,Paid
13031,1086,2025-11-05,2025-11-05,25660.61,4742.51,25660.61,4742.51,Paid
13032,1086,2025-12-05,2025-12-10,25660.61,4560.1,25660.61,4560.1,Paid
13033,1087,2025-01-05,2025-01-08,36280.29,21550.49,36280.29,21550.49,Paid
13034,1087,2025-02-05,2025-02-05,36280.29,21191.31,36280.29,21191.31,Paid
13035,1087,2025-03-05,2025-03-06,36280.29,20832.14,36280.29,20832.14,Paid
13036,1087,2025-04-05,2025-04-10,36280.29,20472.96,36280.29,20472.96,Paid
13037,1087,2025-05-05,2025-05-09,36280.29,20113.79,36280.29,20113.79,Paid
13038,1087,2025-06-05,2025-06-10,36280.29,19754.62,36280.29,19754.62,Paid
13039,1087,2025-07-05,2025-07-08,36280.29,19395.44,36280.29,19395.44,Paid
13040,1087,2025-08-05,2025-08-05,36280.29,19036.27,36280.29,19036.27,Paid
13041,1087,2025-09-05,2025-09-10,36280.29,18677.09,36280.29,18677.09,Paid
13042,1087,2025-10-05,2025-10-06,36280.29,18317.92,36280.29,18317.92,Paid
13043,1087,2025-11-05,2025-11-08,36280.29,17958.74,36280.29,17958.74,Paid
13044,1087,2025-12-05,2025-12-10,36280.29,17599.57,36280.29,17599.57,Paid
13045,1088,2025-01-05,2025-01-07,72216.24,20249.43,72216.24,20249.43,Paid
13046,1088,2025-02-05,2025-02-09,72216.24,19405.71,72216.24,19405.71,Paid
13047,1088,2025-03-05,2025-03-06,72216.24,18561.98,72216.24,18561.98,Paid
13048,1088,2025-04-05,2025-04-10,72216.24,17718.25,72216.24,17718.25,Paid
13049,1088,2025-05-05,2025-05-10,72216.24,16874.53,72216.24,16874.53,Paid
13050,1088,2025-06-05,2025-06-10,72216.24,16030.8,72216.24,16030.8,Paid
13051,1088,2025-07-05,2025-07-08,72216.24,15187.07,72216.24,15187.07,Paid
13052,1088,2025-08-05,2025-08-06,72216.24,14343.35,72216.24,14343.35,Paid
13053,1088,2025-09-05,2025-09-05,72216.24,13499.62,72216.24,13499.62,Paid
13054,1088,2025-10-05,2025-10-08,72216.24,12655.9,72216.24,12655.9,Paid
13055,1088,2025-11-05,2025-11-05,72216.24,11812.17,72216.24,11812.17,Paid
13056,1088,2025-12-05,2025-12-06,72216.24,10968.44,72216.24,10968.44,Paid
13057,1089,2025-01-05,2025-01-09,10205.68,9266.76,10205.68,9266.76,Paid
13058,1089,2025-02-05,2025-02-10,10205.68,9189.54,10205.68,9189.54,Paid
13059,1089,2025-03-05,2025-03-10,10205.68,9112.32,10205.68,9112.32,Paid
13060,1089,2025-04-05,2025-04-05,10205.68,9035.09,10205.68,9035.09,Paid
13061,1089,2025-05-05,2025-05-08,10205.68,8957.87,10205.68,8957.87,Paid
13062,1089,2025-06-05,2025-06-10,10205.68,8880.65,10205.68,8880.65,Paid
13063,1089,2025-07-05,2025-07-08,10205.68,8803.42,10205.68,8803.42,Paid
13064,1089,2025-08-05,2025-08-07,10205.68,8726.2,10205.68,8726.2,Paid
13065,1089,2025-09-05,2025-09-10,10205.68,8648.98,10205.68,8648.98,Paid
13066,1089,2025-10-05,2025-10-06,10205.68,8571.75,10205.68,8571.75,Paid
13067,1089,2025-11-05,2025-11-10,10205.68,8494.53,10205.68,8494.53,Paid
13068,1089,2025-12-05,2025-12-07,10205.68,8417.31,10205.68,8417.31,Paid
13069,1090,2025-01-05,2025-01-10,4712.82,1569.37,4712.82,1569.37,Paid
13070,1090,2025-02-05,2025-02-08,4712.82,1525.78,4712.82,1525.78,Paid
13071,1090,2025-03-05,2025-03-06,4712.82,1482.18,4712.82,1482.18,Paid
13072,1090,2025-04-05,2025-04-10,4712.82,1438.59,4712.82,1438.59,Paid
13073,1090,2025-05-05,2025-05-10,4712.82,1394.99,4712.82,1394.99,Paid
13074,1090,2025-06-05,2025-06-08,4712.82,1351.4,4712.82,1351.4,Paid
13075,1090,2025-07-05,2025-07-07,4712.82,1307.81,4712.82,1307.81,Paid
13076,1090,2025-08-05,2025-08-08,4712.82,1264.21,4712.82,1264.21,Paid
13077,1090,2025-09-05,2025-09-10,4712.82,1220.62,4712.82,1220.62,Paid
13078,1090,2025-10-05,2025-10-10,4712.82,1177.03,4712.82,1177.03,Paid
13079,1090,2025-11-05,2025-11-10,4712.82,1133.43,4712.82,1133.43,Paid
13080,1090,2025-12-05,2025-12-07,4712.82,1089.84,4712.82,1089.84,Paid
13081,1091,2025-01-05,2025-01-09,10826.81,8970.01,10826.81,8970.01,Paid
13082,1091,2025-02-05,2025-02-06,10826.81,8820.51,10826.81,8820.51,Paid
13083,1091,2025-03-05,2025-03-06,10826.81,8671.01,10826.81,8671.01,Paid
13084,1091,2025-04-05,2025-04-06,10826.81,8521.51,10826.81,8521.51,Paid
13085,1091,2025-05-05,2025-05-06,10826.81,8372.01,10826.81,8372.01,Paid
13086,1091,2025-06-05,2025-06-05,10826.81,8222.51,10826.81,8222.51,Paid
13087,1091,2025-07-05,2025-07-06,10826.81,8073.01,10826.81,8073.01,Paid
13088,1091,2025-08-05,2025-08-07,10826.81,7923.51,10826.81,7923.51,Paid
13089,1091,2025-09-05,2025-09-05,10826.81,7774.01,10826.81,7774.01,Paid
13090,1091,2025-10-05,2025-10-09,10826.81,7624.51,10826.81,7624.51,Paid
13091,1091,2025-11-05,2025-11-07,10826.81,7475.01,10826.81,7475.01,Paid
13092,1091,2025-12-05,2025-12-06,10826.81,7325.51,10826.81,7325.51,Paid
13093,1092,2025-01-05,2025-01-07,40924.45,12351.0,40924.45,12351.0,Paid
13094,1092,2025-02-05,2025-02-07,40924.45,11836.37,40924.45,11836.37,Paid
13095,1092,2025-03-05,2025-03-07,40924.45,11321.75,40924.45,11321.75,Paid
13096,1092,2025-04-05,2025-04-10,40924.45,10807.12,40924.45,10807.12,Paid
13097,1092,2025-05-05,2025-05-08,40924.45,10292.5,40924.45,10292.5,Paid
13098,1092,2025-06-05,2025-06-05,40924.45,9777.87,40924.45,9777.87,Paid
13099,1092,2025-07-05,2025-07-06,40924.45,9263.25,40924.45,9263.25,Paid
13100,1092,2025-08-05,2025-08-10,40924.45,8748.62,40924.45,8748.62,Paid
13101,1092,2025-09-05,2025-09-08,40924.45,8234.0,40924.45,8234.0,Paid
13102,1092,2025-10-05,2025-10-10,40924.45,7719.37,40924.45,7719.37,Paid
13103,1092,2025-11-05,2025-11-08,40924.45,7204.75,40924.45,7204.75,Paid
13104,1092,2025-12-05,2025-12-06,40924.45,6690.12,40924.45,6690.12,Paid
13105,1093,2025-01-05,2025-01-09,8142.6,7307.99,8142.6,7307.99,Paid
13106,1093,2025-02-05,2025-02-07,8142.6,7186.19,8142.6,7186.19,Paid
13107,1093,2025-03-05,2025-03-09,8142.6,7064.39,8142.6,7064.39,Paid
13108,1093,2025-04-05,2025-04-08,8142.6,6942.59,8142.6,6942.59,Paid
13109,1093,2025-05-05,2025-05-07,8142.6,6820.79,8142.6,6820.79,Paid
13110,1093,2025-06-05,2025-06-07,8142.6,6698.99,8142.6,6698.99,Paid
13111,1093,2025-07-05,2025-07-09,8142.6,6577.19,8142.6,6577.19,Paid
13112,1093,2025-08-05,2025-08-10,8142.6,6455.39,8142.6,6455.39,Paid
13113,1093,2025-09-05,2025-09-05,8142.6,6333.59,8142.6,6333.59,Paid
13114,1093,2025-10-05,2025-10-05,8142.6,6211.79,8142.6,6211.79,Paid
13115,1093,2025-11-05,2025-11-06,8142.6,6089.99,8142.6,6089.99,Paid
13116,1093,2025-12-05,2025-12-07,8142.6,5968.19,8142.6,5968.19,Paid
13117,1094,2025-01-05,2025-01-05,2667.25,2757.94,2667.25,2757.94,Paid
13118,1094,2025-02-05,2025-02-06,2667.25,2734.95,2667.25,2734.95,Paid
13119,1094,2025-03-05,2025-03-10,2667.25,2711.97,2667.25,2711.97,Paid
13120,1094,2025-04-05,2025-04-10,2667.25,2688.99,2667.25,2688.99,Paid
13121,1094,2025-05-05,2025-05-07,2667.25,2666.01,2667.25,2666.01,Paid
13122,1094,2025-06-05,2025-06-05,2667.25,2643.02,2667.25,2643.02,Paid
13123,1094,2025-07-05,2025-07-10,2667.25,2620.04,2667.25,2620.04,Paid
13124,1094,2025-08-05,2025-08-08,2667.25,2597.06,2667.25,2597.06,Paid
13125,1094,2025-09-05,2025-09-08,2667.25,2574.07,2667.25,2574.07,Paid
13126,1094,2025-10-05,2025-10-05,2667.25,2551.09,2667.25,2551.09,Paid
13127,1094,2025-11-05,2025-11-09,2667.25,2528.11,2667.25,2528.11,Paid
13128,1094,2025-12-05,,2667.25,2505.13,0.0,0.0,Unpaid
13129,1095,2025-01-05,2025-01-09,16975.29,11280.08,16975.29,11280.08,Paid
13130,1095,2025-02-05,2025-02-09,16975.29,11092.08,16975.29,11092.08,Paid
13131,1095,2025-03-05,2025-03-09,16975.29,10904.08,16975.29,10904.08,Paid
13132,1095,2025-04-05,2025-04-06,16975.29,10716.07,16975.29,10716.07,Paid
13133,1095,2025-05-05,2025-05-10,16975.29,10528.07,16975.29,10528.07,Paid
13134,1095,2025-06-05,2025-06-06,16975.29,10340.07,16975.29,10340.07,Paid
13135,1095,2025-07-05,2025-07-05,16975.29,10152.07,16975.29,10152.07,Paid
13136,1095,2025-08-05,2025-08-07,16975.29,9964.07,16975.29,9964.07,Paid
13137,1095,2025-09-05,2025-09-09,16975.29,9776.07,16975.29,9776.07,Paid
13138,1095,2025-10-05,2025-10-07,16975.29,9588.07,16975.29,9588.07,Paid
13139,1095,2025-11-05,2025-11-07,16975.29,9400.07,16975.29,9400.07,Paid
13140,1095,2025-12-05,2025-12-05,16975.29,9212.06,16975.29,9212.06,Paid
13141,1096,2025-01-05,,18337.56,6084.4,0.0,0.0,Unpaid
13142,1096,2025-02-05,2025-02-09,18337.56,6084.4,18337.56,6084.4,Paid
13143,1096,2025-03-05,2025-03-10,18337.56,5915.39,18337.56,5915.39,Paid
13144,1096,2025-04-05,2025-04-07,18337.56,5746.38,18337.56,5746.38,Paid
13145,1096,2025-05-05,2025-05-10,18337.56,5577.37,18337.56,5577.37,Paid
13146,1096,2025-06-05,,18337.56,5408.36,0.0,0.0,Unpaid
13147,1096,2025-07-05,2025-07-08,18337.56,5408.36,18337.56,5408.36,Paid
13148,1096,2025-08-05,,18337.56,5239.35,0.0,0.0,Unpaid
13149,1096,2025-09-05,2025-09-06,18337.56,5239.35,18337.56,5239.35,Paid
13150,1096,2025-10-05,2025-10-10,18337.56,5070.33,18337.56,5070.33,Paid
13151,1096,2025-11-05,2025-11-08,18337.56,4901.32,18337.56,4901.32,Paid
13152,1096,2025-12-05,2025-12-10,18337.56,4732.31,18337.56,4732.31,Paid
13153,1097,2025-01-05,2025-01-09,4383.83,5300.05,4383.83,5300.05,Paid
13154,1097,2025-02-05,2025-02-10,4383.83,5255.88,4383.83,5255.88,Paid
13155,1097,2025-03-05,2025-03-05,4383.83,5211.71,4383.83,5211.71,Paid
13156,1097,2025-04-05,2025-04-10,4383.83,5167.55,4383.83,5167.55,Paid
13157,1097,2025-05-05,2025-05-10,4383.83,5123.38,4383.83,5123.38,Paid
13158,1097,2025-06-05,2025-06-07,4383.83,5079.21,4383.83,5079.21,Paid
13159,1097,2025-07-05,2025-07-05,4383.83,5035.05,4383.83,5035.05,Paid
13160,1097,2025-08-05,2025-08-10,4383.83,4990.88,4383.83,4990.88,Paid
13161,1097,2025-09-05,2025-09-09,4383.83,4946.71,4383.83,4946.71,Paid
13162,1097,2025-10-05,2025-10-09,4383.83,4902.54,4383.83,4902.54,Paid
13163,1097,2025-11-05,2025-11-07,4383.83,4858.38,4383.83,4858.38,Paid
13164,1097,2025-12-05,2025-12-08,4383.83,4814.21,4383.83,4814.21,Paid
13165,1098,2025-01-05,,30030.83,12288.62,0.0,0.0,Unpaid
13166,1098,2025-02-05,2025-02-08,30030.83,12288.62,30030.83,12288.62,Paid
13167,1098,2025-03-05,2025-03-08,30030.83,11947.27,30030.83,11947.27,Paid
13168,1098,2025-04-05,2025-04-07,30030.83,11605.92,30030.83,11605.92,Paid
13169,1098,2025-05-05,2025-05-06,30030.83,11264.57,30030.83,11264.57,Paid
13170,1098,2025-06-05,2025-06-07,30030.83,10923.21,30030.83,10923.21,Paid
13171,1098,2025-07-05,2025-07-05,30030.83,10581.86,30030.83,10581.86,Paid
13172,1098,2025-08-05,2025-08-05,30030.83,10240.51,30030.83,10240.51,Paid
13173,1098,2025-09-05,2025-09-07,30030.83,9899.16,30030.83,9899.16,Paid
13174,1098,2025-10-05,,30030.83,9557.81,0.0,0.0,Unpaid
13175,1098,2025-11-05,,30030.83,9557.81,0.0,0.0,Unpaid
13176,1098,2025-12-05,2025-12-07,30030.83,9557.81,30030.83,9557.81,Paid
13177,1099,2025-01-05,2025-01-09,61324.2,13797.94,61324.2,13797.94,Paid
13178,1099,2025-02-05,2025-02-05,61324.2,13223.03,61324.2,13223.03,Paid
13179,1099,2025-03-05,2025-03-05,61324.2,12648.12,61324.2,12648.12,Paid
13180,1099,2025-04-05,2025-04-08,61324.2,12073.2,61324.2,12073.2,Paid
13181,1099,2025-05-05,2025-05-09,61324.2,11498.29,61324.2,11498.29,Paid
13182,1099,2025-06-05,2025-06-06,61324.2,10923.37,61324.2,10923.37,Paid
13183,1099,2025-07-05,2025-07-10,61324.2,10348.46,61324.2,10348.46,Paid
13184,1099,2025-08-05,2025-08-10,61324.2,9773.54,61324.2,9773.54,Paid
13185,1099,2025-09-05,2025-09-09,61324.2,9198.63,61324.2,9198.63,Paid
13186,1099,2025-10-05,2025-10-10,61324.2,8623.72,61324.2,8623.72,Paid
13187,1099,2025-11-05,2025-11-09,61324.2,8048.8,61324.2,8048.8,Paid
13188,1099,2025-12-05,2025-12-10,61324.2,7473.89,61324.2,7473.89,Paid
13189,1100,2025-01-05,2025-01-09,11609.39,3026.57,11609.39,3026.57,Paid
13190,1100,2025-02-05,2025-02-10,11609.39,2942.5,11609.39,2942.5,Paid
13191,1100,2025-03-05,2025-03-08,11609.39,2858.43,11609.39,2858.43,Paid
13192,1100,2025-04-05,2025-04-06,11609.39,2774.36,11609.39,2774.36,Paid
13193,1100,2025-05-05,2025-05-08,11609.39,2690.28,11609.39,2690.28,Paid
13194,1100,2025-06-05,2025-06-10,11609.39,2606.21,11609.39,2606.21,Paid
13195,1100,2025-07-05,2025-07-05,11609.39,2522.14,11609.39,2522.14,Paid
13196,1100,2025-08-05,2025-08-08,11609.39,2438.07,11609.39,2438.07,Paid
13197,1100,2025-09-05,2025-09-06,11609.39,2354.0,11609.39,2354.0,Paid
13198,1100,2025-10-05,2025-10-08,11609.39,2269.93,11609.39,2269.93,Paid
13199,1100,2025-11-05,2025-11-10,11609.39,2185.86,11609.39,2185.86,Paid
13200,1100,2025-12-05,2025-12-07,11609.39,2101.78,11609.39,2101.78,Paid
13201,1101,2025-01-05,2025-01-06,160347.77,35308.58,160347.77,35308.58,Paid
13202,1101,2025-02-05,2025-02-05,160347.77,33837.39,160347.77,33837.39,Paid
13203,1101,2025-03-05,2025-03-06,160347.77,32366.2,160347.77,32366.2,Paid
13204,1101,2025-04-05,2025-04-07,160347.77,30895.01,160347.77,30895.01,Paid
13205,1101,2025-05-05,2025-05-09,160347.77,29423.81,160347.77,29423.81,Paid
13206,1101,2025-06-05,2025-06-06,160347.77,27952.62,160347.77,27952.62,Paid
13207,1101,2025-07-05,2025-07-06,160347.77,26481.43,160347.77,26481.43,Paid
13208,1101,2025-08-05,2025-08-07,160347.77,25010.24,160347.77,25010.24,Paid
13209,1101,2025-09-05,2025-09-10,160347.77,23539.05,160347.77,23539.05,Paid
13210,1101,2025-10-05,2025-10-08,160347.77,22067.86,160347.77,22067.86,Paid
13211,1101,2025-11-05,2025-11-05,160347.77,20596.67,160347.77,20596.67,Paid
13212,1101,2025-12-05,2025-12-08,160347.77,19125.48,160347.77,19125.48,Paid
13213,1102,2025-01-05,2025-01-06,5770.64,3110.37,5770.64,3110.37,Paid
13214,1102,2025-02-05,2025-02-06,5770.64,3058.53,5770.64,3058.53,Paid
13215,1102,2025-03-05,2025-03-05,5770.64,3006.69,5770.64,3006.69,Paid
13216,1102,2025-04-05,2025-04-08,5770.64,2954.85,5770.64,2954.85,Paid
13217,1102,2025-05-05,2025-05-05,5770.64,2903.02,5770.64,2903.02,Paid
13218,1102,2025-06-05,2025-06-10,5770.64,2851.18,5770.64,2851.18,Paid
13219,1102,2025-07-05,2025-07-10,5770.64,2799.34,5770.64,2799.34,Paid
13220,1102,2025-08-05,2025-08-08,5770.64,2747.5,5770.64,2747.5,Paid
13221,1102,2025-09-05,2025-09-07,5770.64,2695.66,5770.64,2695.66,Paid
13222,1102,2025-10-05,2025-10-09,5770.64,2643.82,5770.64,2643.82,Paid
13223,1102,2025-11-05,2025-11-08,5770.64,2591.98,5770.64,2591.98,Paid
13224,1102,2025-12-05,2025-12-09,5770.64,2540.14,5770.64,2540.14,Paid
13225,1103,2025-01-05,2025-01-10,5113.45,8386.06,5113.45,8386.06,Paid
13226,1103,2025-02-05,2025-02-09,5113.45,8316.18,5113.45,8316.18,Paid
13227,1103,2025-03-05,2025-03-07,5113.45,8246.3,5113.45,8246.3,Paid
13228,1103,2025-04-05,2025-04-10,5113.45,8176.41,5113.45,8176.41,Paid
13229,1103,2025-05-05,2025-05-05,5113.45,8106.53,5113.45,8106.53,Paid
13230,1103,2025-06-05,2025-06-07,5113.45,8036.64,5113.45,8036.64,Paid
13231,1103,2025-07-05,2025-07-06,5113.45,7966.76,5113.45,7966.76,Paid
13232,1103,2025-08-05,2025-08-07,5113.45,7896.88,5113.45,7896.88,Paid
13233,1103,2025-09-05,2025-09-06,5113.45,7826.99,5113.45,7826.99,Paid
13234,1103,2025-10-05,2025-10-07,5113.45,7757.11,5113.45,7757.11,Paid
13235,1103,2025-11-05,2025-11-05,5113.45,7687.22,5113.45,7687.22,Paid
13236,1103,2025-12-05,2025-12-10,5113.45,7617.34,5113.45,7617.34,Paid
13237,1104,2025-01-05,2025-01-07,11426.83,3160.66,11426.83,3160.66,Paid
13238,1104,2025-02-05,2025-02-08,11426.83,3028.97,11426.83,3028.97,Paid
13239,1104,2025-03-05,2025-03-06,11426.83,2897.27,11426.83,2897.27,Paid
13240,1104,2025-04-05,2025-04-08,11426.83,2765.58,11426.83,2765.58,Paid
13241,1104,2025-05-05,2025-05-07,11426.83,2633.88,11426.83,2633.88,Paid
13242,1104,2025-06-05,2025-06-10,11426.83,2502.19,11426.83,2502.19,Paid
13243,1104,2025-07-05,2025-07-07,11426.83,2370.5,11426.83,2370.5,Paid
13244,1104,2025-08-05,2025-08-06,11426.83,2238.8,11426.83,2238.8,Paid
13245,1104,2025-09-05,2025-09-05,11426.83,2107.11,11426.83,2107.11,Paid
13246,1104,2025-10-05,2025-10-09,11426.83,1975.41,11426.83,1975.41,Paid
13247,1104,2025-11-05,2025-11-10,11426.83,1843.72,11426.83,1843.72,Paid
13248,1104,2025-12-05,2025-12-08,11426.83,1712.02,11426.83,1712.02,Paid
13249,1105,2025-01-05,2025-01-10,34256.91,18056.82,34256.91,18056.82,Paid
13250,1105,2025-02-05,2025-02-09,34256.91,17555.24,34256.91,17555.24,Paid
13251,1105,2025-03-05,2025-03-05,34256.91,17053.66,34256.91,17053.66,Paid
13252,1105,2025-04-05,2025-04-08,34256.91,16552.08,34256.91,16552.08,Paid
13253,1105,2025-05-05,2025-05-08,34256.91,16050.5,34256.91,16050.5,Paid
13254,1105,2025-06-05,2025-06-08,34256.91,15548.92,34256.91,15548.92,Paid
13255,1105,2025-07-05,2025-07-08,34256.91,15047.35,34256.91,15047.35,Paid
13256,1105,2025-08-05,2025-08-08,34256.91,14545.77,34256.91,14545.77,Paid
13257,1105,2025-09-05,2025-09-07,34256.91,14044.19,34256.91,14044.19,Paid
13258,1105,2025-10-05,2025-10-07,34256.91,13542.61,34256.91,13542.61,Paid
13259,1105,2025-11-05,2025-11-07,34256.91,13041.03,34256.91,13041.03,Paid
13260,1105,2025-12-05,2025-12-08,34256.91,12539.45,34256.91,12539.45,Paid
13261,1106,2025-01-05,2025-01-07,42021.65,11862.71,42021.65,11862.71,Paid
13262,1106,2025-02-05,2025-02-05,42021.65,11533.19,42021.65,11533.19,Paid
13263,1106,2025-03-05,2025-03-09,42021.65,11203.67,42021.65,11203.67,Paid
13264,1106,2025-04-05,2025-04-06,42021.65,10874.15,42021.65,10874.15,Paid
13265,1106,2025-05-05,2025-05-09,42021.65,10544.63,42021.65,10544.63,Paid
13266,1106,2025-06-05,2025-06-05,42021.65,10215.11,42021.65,10215.11,Paid
13267,1106,2025-07-05,2025-07-07,42021.65,9885.59,42021.65,9885.59,Paid
13268,1106,2025-08-05,2025-08-08,42021.65,9556.07,42021.65,9556.07,Paid
13269,1106,2025-09-05,2025-09-07,42021.65,9226.55,42021.65,9226.55,Paid
13270,1106,2025-10-05,2025-10-10,42021.65,8897.03,42021.65,8897.03,Paid
13271,1106,2025-11-05,2025-11-09,42021.65,8567.52,42021.65,8567.52,Paid
13272,1106,2025-12-05,2025-12-08,42021.65,8238.0,42021.65,8238.0,Paid
13273,1107,2025-01-05,2025-01-09,11583.9,4767.93,11583.9,4767.93,Paid
13274,1107,2025-02-05,2025-02-09,11583.9,4635.49,11583.9,4635.49,Paid
13275,1107,2025-03-05,2025-03-06,11583.9,4503.05,11583.9,4503.05,Paid
13276,1107,2025-04-05,2025-04-06,11583.9,4370.61,11583.9,4370.61,Paid
13277,1107,2025-05-05,2025-05-08,11583.9,4238.16,11583.9,4238.16,Paid
13278,1107,2025-06-05,2025-06-07,11583.9,4105.72,11583.9,4105.72,Paid
13279,1107,2025-07-05,2025-07-07,11583.9,3973.28,11583.9,3973.28,Paid
13280,1107,2025-08-05,2025-08-07,11583.9,3840.84,11583.9,3840.84,Paid
13281,1107,2025-09-05,2025-09-08,11583.9,3708.39,11583.9,3708.39,Paid
13282,1107,2025-10-05,2025-10-10,11583.9,3575.95,11583.9,3575.95,Paid
13283,1107,2025-11-05,2025-11-09,11583.9,3443.51,11583.9,3443.51,Paid
13284,1107,2025-12-05,2025-12-10,11583.9,3311.07,11583.9,3311.07,Paid
13285,1108,2025-01-05,2025-01-08,7443.45,1878.73,7443.45,1878.73,Paid
13286,1108,2025-02-05,2025-02-08,7443.45,1800.45,7443.45,1800.45,Paid
13287,1108,2025-03-05,2025-03-09,7443.45,1722.17,7443.45,1722.17,Paid
13288,1108,2025-04-05,2025-04-07,7443.45,1643.89,7443.45,1643.89,Paid
13289,1108,2025-05-05,2025-05-06,7443.45,1565.61,7443.45,1565.61,Paid
13290,1108,2025-06-05,2025-06-08,7443.45,1487.33,7443.45,1487.33,Paid
13291,1108,2025-07-05,2025-07-09,7443.45,1409.05,7443.45,1409.05,Paid
13292,1108,2025-08-05,2025-08-10,7443.45,1330.77,7443.45,1330.77,Paid
13293,1108,2025-09-05,2025-09-10,7443.45,1252.48,7443.45,1252.48,Paid
13294,1108,2025-10-05,2025-10-07,7443.45,1174.2,7443.45,1174.2,Paid
13295,1108,2025-11-05,2025-11-05,7443.45,1095.92,7443.45,1095.92,Paid
13296,1108,2025-12-05,2025-12-06,7443.45,1017.64,7443.45,1017.64,Paid
13297,1109,2025-01-05,2025-01-09,21906.19,11086.73,21906.19,11086.73,Paid
13298,1109,2025-02-05,,21906.19,10778.76,0.0,0.0,Unpaid
13299,1109,2025-03-05,2025-03-08,21906.19,10778.76,21906.19,10778.76,Paid
13300,1109,2025-04-05,2025-04-08,21906.19,10470.8,21906.19,10470.8,Paid
13301,1109,2025-05-05,2025-05-09,21906.19,10162.83,21906.19,10162.83,Paid
13302,1109,2025-06-05,2025-06-09,21906.19,9854.87,21906.19,9854.87,Paid
13303,1109,2025-07-05,2025-07-07,21906.19,9546.9,21906.19,9546.9,Paid
13304,1109,2025-08-05,2025-08-10,21906.19,9238.94,21906.19,9238.94,Paid
13305,1109,2025-09-05,2025-09-10,21906.19,8930.97,21906.19,8930.97,Paid
13306,1109,2025-10-05,2025-10-06,21906.19,8623.01,21906.19,8623.01,Paid
13307,1109,2025-11-05,2025-11-07,21906.19,8315.04,21906.19,8315.04,Paid
13308,1109,2025-12-05,2025-12-07,21906.19,8007.08,21906.19,8007.08,Paid
13309,1110,2025-01-05,2025-01-05,80299.95,29582.5,80299.95,29582.5,Paid
13310,1110,2025-02-05,2025-02-08,80299.95,28760.76,80299.95,28760.76,Paid
13311,1110,2025-03-05,2025-03-07,80299.95,27939.03,80299.95,27939.03,Paid
13312,1110,2025-04-05,2025-04-05,80299.95,27117.29,80299.95,27117.29,Paid
13313,1110,2025-05-05,2025-05-07,80299.95,26295.56,80299.95,26295.56,Paid
13314,1110,2025-06-05,2025-06-08,80299.95,25473.82,80299.95,25473.82,Paid
13315,1110,2025-07-05,,80299.95,24652.08,0.0,0.0,Unpaid
13316,1110,2025-08-05,2025-08-07,80299.95,24652.08,80299.95,24652.08,Paid
13317,1110,2025-09-05,2025-09-10,80299.95,23830.35,80299.95,23830.35,Paid
13318,1110,2025-10-05,2025-10-05,80299.95,23008.61,80299.95,23008.61,Paid
13319,1110,2025-11-05,2025-11-05,80299.95,22186.88,80299.95,22186.88,Paid
13320,1110,2025-12-05,2025-12-07,80299.95,21365.14,80299.95,21365.14,Paid
13321,1111,2025-01-05,,14474.47,8807.72,0.0,0.0,Unpaid
13322,1111,2025-02-05,2025-02-07,14474.47,8807.72,14474.47,8807.72,Paid
13323,1111,2025-03-05,2025-03-07,14474.47,8660.92,14474.47,8660.92,Paid
13324,1111,2025-04-05,2025-04-08,14474.47,8514.13,14474.47,8514.13,Paid
13325,1111,2025-05-05,2025-05-10,14474.47,8367.33,14474.47,8367.33,Paid
13326,1111,2025-06-05,,14474.47,8220.54,0.0,0.0,Unpaid
13327,1111,2025-07-05,2025-07-06,14474.47,8220.54,14474.47,8220.54,Paid
13328,1111,2025-08-05,,14474.47,8073.74,0.0,0.0,Unpaid
13329,1111,2025-09-05,2025-09-07,14474.47,8073.74,14474.47,8073.74,Paid
13330,1111,2025-10-05,2025-10-08,14474.47,7926.95,14474.47,7926.95,Paid
13331,1111,2025-11-05,,14474.47,7780.15,0.0,0.0,Unpaid
13332,1111,2025-12-05,2025-12-06,14474.47,7780.15,14474.47,7780.15,Paid
13333,1112,2025-01-05,2025-01-05,22174.68,33638.99,22174.68,33638.99,Paid
13334,1112,2025-02-05,2025-02-10,22174.68,33358.66,22174.68,33358.66,Paid
13335,1112,2025-03-05,2025-03-05,22174.68,33078.34,22174.68,33078.34,Paid
13336,1112,2025-04-05,2025-04-05,22174.68,32798.01,22174.68,32798.01,Paid
13337,1112,2025-05-05,2025-05-10,22174.68,32517.69,22174.68,32517.69,Paid
13338,1112,2025-06-05,2025-06-09,22174.68,32237.36,22174.68,32237.36,Paid
13339,1112,2025-07-05,2025-07-08,22174.68,31957.04,22174.68,31957.04,Paid
13340,1112,2025-08-05,2025-08-10,22174.68,31676.71,22174.68,31676.71,Paid
13341,1112,2025-09-05,2025-09-05,22174.68,31396.39,22174.68,31396.39,Paid
13342,1112,2025-10-05,2025-10-06,22174.68,31116.06,22174.68,31116.06,Paid
13343,1112,2025-11-05,2025-11-08,22174.68,30835.74,22174.68,30835.74,Paid
13344,1112,2025-12-05,,22174.68,30555.41,0.0,0.0,Unpaid
13345,1113,2025-01-05,2025-01-09,7239.01,5389.44,7239.01,5389.44,Paid
13346,1113,2025-02-05,2025-02-07,7239.01,5299.62,7239.01,5299.62,Paid
13347,1113,2025-03-05,2025-03-08,7239.01,5209.79,7239.01,5209.79,Paid
13348,1113,2025-04-05,2025-04-08,7239.01,5119.97,7239.01,5119.97,Paid
13349,1113,2025-05-05,2025-05-05,7239.01,5030.15,7239.01,5030.15,Paid
13350,1113,2025-06-05,2025-06-10,7239.01,4940.32,7239.01,4940.32,Paid
13351,1113,2025-07-05,2025-07-07,7239.01,4850.5,7239.01,4850.5,Paid
13352,1113,2025-08-05,2025-08-10,7239.01,4760.67,7239.01,4760.67,Paid
13353,1113,2025-09-05,2025-09-05,7239.01,4670.85,7239.01,4670.85,Paid
13354,1113,2025-10-05,2025-10-09,7239.01,4581.02,7239.01,4581.02,Paid
13355,1113,2025-11-05,2025-11-10,7239.01,4491.2,7239.01,4491.2,Paid
13356,1113,2025-12-05,2025-12-08,7239.01,4401.38,7239.01,4401.38,Paid
13357,1114,2025-01-05,2025-01-08,15237.91,7283.72,15237.91,7283.72,Paid
13358,1114,2025-02-05,2025-02-05,15237.91,7162.33,15237.91,7162.33,Paid
13359,1114,2025-03-05,2025-03-05,15237.91,7040.93,15237.91,7040.93,Paid
13360,1114,2025-04-05,2025-04-05,15237.91,6919.54,15237.91,6919.54,Paid
13361,1114,2025-05-05,2025-05-07,15237.91,6798.14,15237.91,6798.14,Paid
13362,1114,2025-06-05,2025-06-10,15237.91,6676.75,15237.91,6676.75,Paid
13363,1114,2025-07-05,2025-07-10,15237.91,6555.35,15237.91,6555.35,Paid
13364,1114,2025-08-05,2025-08-05,15237.91,6433.95,15237.91,6433.95,Paid
13365,1114,2025-09-05,2025-09-06,15237.91,6312.56,15237.91,6312.56,Paid
13366,1114,2025-10-05,2025-10-05,15237.91,6191.16,15237.91,6191.16,Paid
13367,1114,2025-11-05,2025-11-07,15237.91,6069.77,15237.91,6069.77,Paid
13368,1114,2025-12-05,2025-12-07,15237.91,5948.37,15237.91,5948.37,Paid
13369,1115,2025-01-05,2025-01-07,5788.0,9023.49,5788.0,9023.49,Paid
13370,1115,2025-02-05,2025-02-08,5788.0,8948.3,5788.0,8948.3,Paid
13371,1115,2025-03-05,2025-03-09,5788.0,8873.1,5788.0,8873.1,Paid
13372,1115,2025-04-05,2025-04-09,5788.0,8797.9,5788.0,8797.9,Paid
13373,1115,2025-05-05,2025-05-07,5788.0,8722.71,5788.0,8722.71,Paid
13374,1115,2025-06-05,2025-06-10,5788.0,8647.51,5788.0,8647.51,Paid
13375,1115,2025-07-05,2025-07-08,5788.0,8572.32,5788.0,8572.32,Paid
13376,1115,2025-08-05,2025-08-09,5788.0,8497.12,5788.0,8497.12,Paid
13377,1115,2025-09-05,2025-09-07,5788.0,8421.93,5788.0,8421.93,Paid
13378,1115,2025-10-05,2025-10-10,5788.0,8346.73,5788.0,8346.73,Paid
13379,1115,2025-11-05,2025-11-10,5788.0,8271.53,5788.0,8271.53,Paid
13380,1115,2025-12-05,2025-12-08,5788.0,8196.34,5788.0,8196.34,Paid
13381,1116,2025-01-05,2025-01-10,10619.18,4412.27,10619.18,4412.27,Paid
13382,1116,2025-02-05,2025-02-05,10619.18,4338.73,10619.18,4338.73,Paid
13383,1116,2025-03-05,2025-03-09,10619.18,4265.19,10619.18,4265.19,Paid
13384,1116,2025-04-05,2025-04-10,10619.18,4191.66,10619.18,4191.66,Paid
13385,1116,2025-05-05,2025-05-09,10619.18,4118.12,10619.18,4118.12,Paid
13386,1116,2025-06-05,2025-06-07,10619.18,4044.58,10619.18,4044.58,Paid
13387,1116,2025-07-05,2025-07-06,10619.18,3971.04,10619.18,3971.04,Paid
13388,1116,2025-08-05,2025-08-06,10619.18,3897.5,10619.18,3897.5,Paid
13389,1116,2025-09-05,2025-09-05,10619.18,3823.97,10619.18,3823.97,Paid
13390,1116,2025-10-05,2025-10-07,10619.18,3750.43,10619.18,3750.43,Paid
13391,1116,2025-11-05,2025-11-05,10619.18,3676.89,10619.18,3676.89,Paid
13392,1116,2025-12-05,2025-12-06,10619.18,3603.35,10619.18,3603.35,Paid
13393,1117,2025-01-05,2025-01-06,22943.06,11783.56,22943.06,11783.56,Paid
13394,1117,2025-02-05,2025-02-10,22943.06,11456.24,22943.06,11456.24,Paid
13395,1117,2025-03-05,2025-03-08,22943.06,11128.91,22943.06,11128.91,Paid
13396,1117,2025-04-05,2025-04-09,22943.06,10801.59,22943.06,10801.59,Paid
13397,1117,2025-05-05,2025-05-08,22943.06,10474.27,22943.06,10474.27,Paid
13398,1117,2025-06-05,2025-06-08,22943.06,10146.95,22943.06,10146.95,Paid
13399,1117,2025-07-05,,22943.06,9819.63,0.0,0.0,Unpaid
13400,1117,2025-08-05,2025-08-05,22943.06,9819.63,22943.06,9819.63,Paid
13401,1117,2025-09-05,2025-09-05,22943.06,9492.31,22943.06,9492.31,Paid
13402,1117,2025-10-05,2025-10-07,22943.06,9164.99,22943.06,9164.99,Paid
13403,1117,2025-11-05,2025-11-09,22943.06,8837.67,22943.06,8837.67,Paid
13404,1117,2025-12-05,2025-12-08,22943.06,8510.35,22943.06,8510.35,Paid
13405,1118,2025-01-05,2025-01-07,213936.0,39792.1,213936.0,39792.1,Paid
13406,1118,2025-02-05,2025-02-06,213936.0,38134.09,213936.0,38134.09,Paid
13407,1118,2025-03-05,2025-03-09,213936.0,36476.09,213936.0,36476.09,Paid
13408,1118,2025-04-05,2025-04-06,213936.0,34818.08,213936.0,34818.08,Paid
13409,1118,2025-05-05,,213936.0,33160.08,0.0,0.0,Unpaid
13410,1118,2025-06-05,2025-06-08,213936.0,33160.08,213936.0,33160.08,Paid
13411,1118,2025-07-05,2025-07-08,213936.0,31502.08,213936.0,31502.08,Paid
13412,1118,2025-08-05,2025-08-08,213936.0,29844.07,213936.0,29844.07,Paid
13413,1118,2025-09-05,2025-09-07,213936.0,28186.07,213936.0,28186.07,Paid
13414,1118,2025-10-05,2025-10-06,213936.0,26528.06,213936.0,26528.06,Paid
13415,1118,2025-11-05,2025-11-05,213936.0,24870.06,213936.0,24870.06,Paid
13416,1118,2025-12-05,,213936.0,23212.06,0.0,0.0,Unpaid
13417,1119,2025-01-05,2025-01-07,2801.68,4056.83,2801.68,4056.83,Paid
13418,1119,2025-02-05,2025-02-07,2801.68,4023.03,2801.68,4023.03,Paid
13419,1119,2025-03-05,2025-03-10,2801.68,3989.22,2801.68,3989.22,Paid
13420,1119,2025-04-05,2025-04-05,2801.68,3955.41,2801.68,3955.41,Paid
13421,1119,2025-05-05,2025-05-05,2801.68,3921.61,2801.68,3921.61,Paid
13422,1119,2025-06-05,2025-06-05,2801.68,3887.8,2801.68,3887.8,Paid
13423,1119,2025-07-05,2025-07-05,2801.68,3853.99,2801.68,3853.99,Paid
13424,1119,2025-08-05,2025-08-06,2801.68,3820.19,2801.68,3820.19,Paid
13425,1119,2025-09-05,2025-09-07,2801.68,3786.38,2801.68,3786.38,Paid
13426,1119,2025-10-05,2025-10-09,2801.68,3752.57,2801.68,3752.57,Paid
13427,1119,2025-11-05,2025-11-09,2801.68,3718.76,2801.68,3718.76,Paid
13428,1119,2025-12-05,2025-12-09,2801.68,3684.96,2801.68,3684.96,Paid
13429,1120,2025-01-05,2025-01-08,23999.6,20591.66,23999.6,20591.66,Paid
13430,1120,2025-02-05,2025-02-07,23999.6,20248.46,23999.6,20248.46,Paid
13431,1120,2025-03-05,2025-03-06,23999.6,19905.27,23999.6,19905.27,Paid
13432,1120,2025-04-05,2025-04-10,23999.6,19562.07,23999.6,19562.07,Paid
13433,1120,2025-05-05,2025-05-05,23999.6,19218.88,23999.6,19218.88,Paid
13434,1120,2025-06-05,2025-06-08,23999.6,18875.68,23999.6,18875.68,Paid
13435,1120,2025-07-05,2025-07-09,23999.6,18532.49,23999.6,18532.49,Paid
13436,1120,2025-08-05,2025-08-10,23999.6,18189.3,23999.6,18189.3,Paid
13437,1120,2025-09-05,2025-09-08,23999.6,17846.1,23999.6,17846.1,Paid
13438,1120,2025-10-05,2025-10-06,23999.6,17502.91,23999.6,17502.91,Paid
13439,1120,2025-11-05,2025-11-05,23999.6,17159.71,23999.6,17159.71,Paid
13440,1120,2025-12-05,2025-12-07,23999.6,16816.52,23999.6,16816.52,Paid
13441,1121,2025-01-05,2025-01-05,26891.86,6591.2,26891.86,6591.2,Paid
13442,1121,2025-02-05,2025-02-10,26891.86,6408.11,26891.86,6408.11,Paid
13443,1121,2025-03-05,2025-03-05,26891.86,6225.02,26891.86,6225.02,Paid
13444,1121,2025-04-05,2025-04-06,26891.86,6041.93,26891.86,6041.93,Paid
13445,1121,2025-05-05,2025-05-10,26891.86,5858.84,26891.86,5858.84,Paid
13446,1121,2025-06-05,2025-06-05,26891.86,5675.75,26891.86,5675.75,Paid
13447,1121,2025-07-05,2025-07-05,26891.86,5492.66,26891.86,5492.66,Paid
13448,1121,2025-08-05,2025-08-08,26891.86,5309.57,26891.86,5309.57,Paid
13449,1121,2025-09-05,2025-09-05,26891.86,5126.49,26891.86,5126.49,Paid
13450,1121,2025-10-05,2025-10-09,26891.86,4943.4,26891.86,4943.4,Paid
13451,1121,2025-11-05,2025-11-06,26891.86,4760.31,26891.86,4760.31,Paid
13452,1121,2025-12-05,2025-12-08,26891.86,4577.22,26891.86,4577.22,Paid
13453,1122,2025-01-05,2025-01-08,25696.53,9975.39,25696.53,9975.39,Paid
13454,1122,2025-02-05,2025-02-08,25696.53,9698.3,25696.53,9698.3,Paid
13455,1122,2025-03-05,2025-03-06,25696.53,9421.21,25696.53,9421.21,Paid
13456,1122,2025-04-05,2025-04-08,25696.53,9144.11,25696.53,9144.11,Paid
13457,1122,2025-05-05,2025-05-06,25696.53,8867.02,25696.53,8867.02,Paid
13458,1122,2025-06-05,2025-06-08,25696.53,8589.92,25696.53,8589.92,Paid
13459,1122,2025-07-05,2025-07-06,25696.53,8312.83,25696.53,8312.83,Paid
13460,1122,2025-08-05,2025-08-08,25696.53,8035.73,25696.53,8035.73,Paid
13461,1122,2025-09-05,2025-09-05,25696.53,7758.64,25696.53,7758.64,Paid
13462,1122,2025-10-05,2025-10-08,25696.53,7481.55,25696.53,7481.55,Paid
13463,1122,2025-11-05,2025-11-07,25696.53,7204.45,25696.53,7204.45,Paid
13464,1122,2025-12-05,2025-12-07,25696.53,6927.36,25696.53,6927.36,Paid
13465,1123,2025-01-05,2025-01-05,24159.92,6312.99,24159.92,6312.99,Paid
13466,1123,2025-02-05,2025-02-05,24159.92,6137.63,24159.92,6137.63,Paid
13467,1123,2025-03-05,2025-03-09,24159.92,5962.26,24159.92,5962.26,Paid
13468,1123,2025-04-05,2025-04-06,24159.92,5786.9,24159.92,5786.9,Paid
13469,1123,2025-05-05,2025-05-09,24159.92,5611.54,24159.92,5611.54,Paid
13470,1123,2025-06-05,2025-06-05,24159.92,5436.18,24159.92,5436.18,Paid
13471,1123,2025-07-05,2025-07-06,24159.92,5260.82,24159.92,5260.82,Paid
13472,1123,2025-08-05,,24159.92,5085.46,0.0,0.0,Unpaid
13473,1123,2025-09-05,2025-09-07,24159.92,5085.46,24159.92,5085.46,Paid
13474,1123,2025-10-05,,24159.92,4910.1,0.0,0.0,Unpaid
13475,1123,2025-11-05,2025-11-10,24159.92,4910.1,24159.92,4910.1,Paid
13476,1123,2025-12-05,2025-12-08,24159.92,4734.74,24159.92,4734.74,Paid
13477,1124,2025-01-05,2025-01-05,54179.76,19255.49,54179.76,19255.49,Paid
13478,1124,2025-02-05,2025-02-06,54179.76,18453.17,54179.76,18453.17,Paid
13479,1124,2025-03-05,2025-03-06,54179.76,17650.86,54179.76,17650.86,Paid
13480,1124,2025-04-05,2025-04-10,54179.76,16848.55,54179.76,16848.55,Paid
13481,1124,2025-05-05,,54179.76,16046.24,0.0,0.0,Unpaid
13482,1124,2025-06-05,2025-06-07,54179.76,16046.24,54179.76,16046.24,Paid
13483,1124,2025-07-05,2025-07-06,54179.76,15243.93,54179.76,15243.93,Paid
13484,1124,2025-08-05,2025-08-05,54179.76,14441.61,54179.76,14441.61,Paid
13485,1124,2025-09-05,2025-09-08,54179.76,13639.3,54179.76,13639.3,Paid
13486,1124,2025-10-05,2025-10-10,54179.76,12836.99,54179.76,12836.99,Paid
13487,1124,2025-11-05,2025-11-06,54179.76,12034.68,54179.76,12034.68,Paid
13488,1124,2025-12-05,2025-12-08,54179.76,11232.37,54179.76,11232.37,Paid
13489,1125,2025-01-05,2025-01-05,6502.27,9135.7,6502.27,9135.7,Paid
13490,1125,2025-02-05,2025-02-10,6502.27,9059.57,6502.27,9059.57,Paid
13491,1125,2025-03-05,2025-03-09,6502.27,8983.43,6502.27,8983.43,Paid
13492,1125,2025-04-05,2025-04-09,6502.27,8907.3,6502.27,8907.3,Paid
13493,1125,2025-05-05,2025-05-05,6502.27,8831.17,6502.27,8831.17,Paid
13494,1125,2025-06-05,2025-06-08,6502.27,8755.04,6502.27,8755.04,Paid
13495,1125,2025-07-05,2025-07-08,6502.27,8678.91,6502.27,8678.91,Paid
13496,1125,2025-08-05,2025-08-06,6502.27,8602.78,6502.27,8602.78,Paid
13497,1125,2025-09-05,2025-09-10,6502.27,8526.65,6502.27,8526.65,Paid
13498,1125,2025-10-05,2025-10-07,6502.27,8450.52,6502.27,8450.52,Paid
13499,1125,2025-11-05,2025-11-06,6502.27,8374.39,6502.27,8374.39,Paid
13500,1125,2025-12-05,2025-12-06,6502.27,8298.26,6502.27,8298.26,Paid
13501,1126,2025-01-05,2025-01-06,25784.97,22059.04,25784.97,22059.04,Paid
13502,1126,2025-02-05,,25784.97,21691.39,0.0,0.0,Unpaid
13503,1126,2025-03-05,2025-03-05,25784.97,21691.39,25784.97,21691.39,Paid
13504,1126,2025-04-05,2025-04-06,25784.97,21323.74,25784.97,21323.74,Paid
13505,1126,2025-05-05,2025-05-08,25784.97,20956.09,25784.97,20956.09,Paid
13506,1126,2025-06-05,2025-06-06,25784.97,20588.44,25784.97,20588.44,Paid
13507,1126,2025-07-05,2025-07-08,25784.97,20220.79,25784.97,20220.79,Paid
13508,1126,2025-08-05,2025-08-08,25784.97,19853.14,25784.97,19853.14,Paid
13509,1126,2025-09-05,2025-09-05,25784.97,19485.49,25784.97,19485.49,Paid
13510,1126,2025-10-05,2025-10-10,25784.97,19117.84,25784.97,19117.84,Paid
13511,1126,2025-11-05,2025-11-05,25784.97,18750.19,25784.97,18750.19,Paid
13512,1126,2025-12-05,2025-12-09,25784.97,18382.54,25784.97,18382.54,Paid
13513,1127,2025-01-05,2025-01-05,5556.43,8345.76,5556.43,8345.76,Paid
13514,1127,2025-02-05,2025-02-06,5556.43,8276.21,5556.43,8276.21,Paid
13515,1127,2025-03-05,2025-03-05,5556.43,8206.66,5556.43,8206.66,Paid
13516,1127,2025-04-05,2025-04-08,5556.43,8137.12,5556.43,8137.12,Paid
13517,1127,2025-05-05,2025-05-06,5556.43,8067.57,5556.43,8067.57,Paid
13518,1127,2025-06-05,2025-06-07,5556.43,7998.02,5556.43,7998.02,Paid
13519,1127,2025-07-05,2025-07-05,5556.43,7928.47,5556.43,7928.47,Paid
13520,1127,2025-08-05,2025-08-07,5556.43,7858.92,5556.43,7858.92,Paid
13521,1127,2025-09-05,2025-09-07,5556.43,7789.38,5556.43,7789.38,Paid
13522,1127,2025-10-05,2025-10-05,5556.43,7719.83,5556.43,7719.83,Paid
13523,1127,2025-11-05,2025-11-10,5556.43,7650.28,5556.43,7650.28,Paid
13524,1127,2025-12-05,2025-12-06,5556.43,7580.73,5556.43,7580.73,Paid
13525,1128,2025-01-05,2025-01-07,12098.42,18909.84,12098.42,18909.84,Paid
13526,1128,2025-02-05,2025-02-10,12098.42,18752.26,12098.42,18752.26,Paid
13527,1128,2025-03-05,2025-03-06,12098.42,18594.67,12098.42,18594.67,Paid
13528,1128,2025-04-05,2025-04-08,12098.42,18437.09,12098.42,18437.09,Paid
13529,1128,2025-05-05,2025-05-09,12098.42,18279.51,12098.42,18279.51,Paid
13530,1128,2025-06-05,,12098.42,18121.93,0.0,0.0,Unpaid
13531,1128,2025-07-05,2025-07-08,12098.42,18121.93,12098.42,18121.93,Paid
13532,1128,2025-08-05,2025-08-09,12098.42,17964.35,12098.42,17964.35,Paid
13533,1128,2025-09-05,2025-09-05,12098.42,17806.76,12098.42,17806.76,Paid
13534,1128,2025-10-05,2025-10-06,12098.42,17649.18,12098.42,17649.18,Paid
13535,1128,2025-11-05,2025-11-10,12098.42,17491.6,12098.42,17491.6,Paid
13536,1128,2025-12-05,2025-12-08,12098.42,17334.02,12098.42,17334.02,Paid
13537,1129,2025-01-05,2025-01-07,12766.69,6108.86,12766.69,6108.86,Paid
13538,1129,2025-02-05,2025-02-05,12766.69,6007.05,12766.69,6007.05,Paid
13539,1129,2025-03-05,2025-03-05,12766.69,5905.23,12766.69,5905.23,Paid
13540,1129,2025-04-05,2025-04-07,12766.69,5803.42,12766.69,5803.42,Paid
13541,1129,2025-05-05,2025-05-09,12766.69,5701.6,12766.69,5701.6,Paid
13542,1129,2025-06-05,2025-06-09,12766.69,5599.79,12766.69,5599.79,Paid
13543,1129,2025-07-05,2025-07-07,12766.69,5497.97,12766.69,5497.97,Paid
13544,1129,2025-08-05,2025-08-08,12766.69,5396.16,12766.69,5396.16,Paid
13545,1129,2025-09-05,2025-09-09,12766.69,5294.35,12766.69,5294.35,Paid
13546,1129,2025-10-05,2025-10-08,12766.69,5192.53,12766.69,5192.53,Paid
13547,1129,2025-11-05,2025-11-05,12766.69,5090.72,12766.69,5090.72,Paid
13548,1129,2025-12-05,2025-12-06,12766.69,4988.9,12766.69,4988.9,Paid
13549,1130,2025-01-05,2025-01-05,4750.95,5093.02,4750.95,5093.02,Paid
13550,1130,2025-02-05,,4750.95,5050.58,0.0,0.0,Unpaid
13551,1130,2025-03-05,2025-03-10,4750.95,5050.58,4750.95,5050.58,Paid
13552,1130,2025-04-05,2025-04-09,4750.95,5008.14,4750.95,5008.14,Paid
13553,1130,2025-05-05,2025-05-08,4750.95,4965.69,4750.95,4965.69,Paid
13554,1130,2025-06-05,2025-06-05,4750.95,4923.25,4750.95,4923.25,Paid
13555,1130,2025-07-05,2025-07-06,4750.95,4880.81,4750.95,4880.81,Paid
13556,1130,2025-08-05,2025-08-09,4750.95,4838.37,4750.95,4838.37,Paid
13557,1130,2025-09-05,,4750.95,4795.93,0.0,0.0,Unpaid
13558,1130,2025-10-05,2025-10-10,4750.95,4795.93,4750.95,4795.93,Paid
13559,1130,2025-11-05,2025-11-09,4750.95,4753.48,4750.95,4753.48,Paid
13560,1130,2025-12-05,2025-12-05,4750.95,4711.04,4750.95,4711.04,Paid
13561,1131,2025-01-05,2025-01-10,28021.13,12374.13,28021.13,12374.13,Paid
13562,1131,2025-02-05,2025-02-08,28021.13,12030.4,28021.13,12030.4,Paid
13563,1131,2025-03-05,2025-03-07,28021.13,11686.68,28021.13,11686.68,Paid
13564,1131,2025-04-05,2025-04-06,28021.13,11342.95,28021.13,11342.95,Paid
13565,1131,2025-05-05,2025-05-10,28021.13,10999.23,28021.13,10999.23,Paid
13566,1131,2025-06-05,2025-06-08,28021.13,10655.5,28021.13,10655.5,Paid
13567,1131,2025-07-05,2025-07-07,28021.13,10311.77,28021.13,10311.77,Paid
13568,1131,2025-08-05,2025-08-06,28021.13,9968.05,28021.13,9968.05,Paid
13569,1131,2025-09-05,2025-09-07,28021.13,9624.32,28021.13,9624.32,Paid
13570,1131,2025-10-05,2025-10-09,28021.13,9280.6,28021.13,9280.6,Paid
13571,1131,2025-11-05,2025-11-09,28021.13,8936.87,28021.13,8936.87,Paid
13572,1131,2025-12-05,2025-12-10,28021.13,8593.14,28021.13,8593.14,Paid
13573,1132,2025-01-05,2025-01-09,42638.72,11700.07,42638.72,11700.07,Paid
13574,1132,2025-02-05,2025-02-08,42638.72,11212.56,42638.72,11212.56,Paid
13575,1132,2025-03-05,2025-03-09,42638.72,10725.06,42638.72,10725.06,Paid
13576,1132,2025-04-05,2025-04-08,42638.72,10237.56,42638.72,10237.56,Paid
13577,1132,2025-05-05,2025-05-06,42638.72,9750.05,42638.72,9750.05,Paid
13578,1132,2025-06-05,2025-06-10,42638.72,9262.55,42638.72,9262.55,Paid
13579,1132,2025-07-05,2025-07-05,42638.72,8775.05,42638.72,8775.05,Paid
13580,1132,2025-08-05,,42638.72,8287.55,0.0,0.0,Unpaid
13581,1132,2025-09-05,2025-09-09,42638.72,8287.55,42638.72,8287.55,Paid
13582,1132,2025-10-05,2025-10-08,42638.72,7800.04,42638.72,7800.04,Paid
13583,1132,2025-11-05,2025-11-10,42638.72,7312.54,42638.72,7312.54,Paid
13584,1132,2025-12-05,2025-12-05,42638.72,6825.04,42638.72,6825.04,Paid
13585,1133,2025-01-05,2025-01-07,7577.05,8872.73,7577.05,8872.73,Paid
13586,1133,2025-02-05,2025-02-09,7577.05,8798.79,7577.05,8798.79,Paid
13587,1133,2025-03-05,2025-03-10,7577.05,8724.85,7577.05,8724.85,Paid
13588,1133,2025-04-05,2025-04-05,7577.05,8650.91,7577.05,8650.91,Paid
13589,1133,2025-05-05,2025-05-07,7577.05,8576.97,7577.05,8576.97,Paid
13590,1133,2025-06-05,2025-06-07,7577.05,8503.03,7577.05,8503.03,Paid
13591,1133,2025-07-05,2025-07-09,7577.05,8429.09,7577.05,8429.09,Paid
13592,1133,2025-08-05,2025-08-05,7577.05,8355.15,7577.05,8355.15,Paid
13593,1133,2025-09-05,2025-09-09,7577.05,8281.21,7577.05,8281.21,Paid
13594,1133,2025-10-05,2025-10-10,7577.05,8207.28,7577.05,8207.28,Paid
13595,1133,2025-11-05,,7577.05,8133.34,0.0,0.0,Unpaid
13596,1133,2025-12-05,2025-12-08,7577.05,8133.34,7577.05,8133.34,Paid
13597,1134,2025-01-05,2025-01-07,85458.68,17758.31,85458.68,17758.31,Paid
13598,1134,2025-02-05,2025-02-10,85458.68,17018.38,85458.68,17018.38,Paid
13599,1134,2025-03-05,,85458.68,16278.46,0.0,0.0,Unpaid
13600,1134,2025-04-05,2025-04-08,85458.68,16278.46,85458.68,16278.46,Paid
13601,1134,2025-05-05,2025-05-06,85458.68,15538.53,85458.68,15538.53,Paid
13602,1134,2025-06-05,2025-06-06,85458.68,14798.6,85458.68,14798.6,Paid
13603,1134,2025-07-05,2025-07-06,85458.68,14058.67,85458.68,14058.67,Paid
13604,1134,2025-08-05,2025-08-10,85458.68,13318.74,85458.68,13318.74,Paid
13605,1134,2025-09-05,2025-09-08,85458.68,12578.81,85458.68,12578.81,Paid
13606,1134,2025-10-05,2025-10-06,85458.68,11838.88,85458.68,11838.88,Paid
13607,1134,2025-11-05,2025-11-07,85458.68,11098.95,85458.68,11098.95,Paid
13608,1134,2025-12-05,2025-12-06,85458.68,10359.02,85458.68,10359.02,Paid
13609,1135,2025-01-05,2025-01-08,17326.72,26128.69,17326.72,26128.69,Paid
13610,1135,2025-02-05,2025-02-08,17326.72,25910.95,17326.72,25910.95,Paid
13611,1135,2025-03-05,2025-03-10,17326.72,25693.21,17326.72,25693.21,Paid
13612,1135,2025-04-05,2025-04-06,17326.72,25475.47,17326.72,25475.47,Paid
13613,1135,2025-05-05,2025-05-10,17326.72,25257.73,17326.72,25257.73,Paid
13614,1135,2025-06-05,2025-06-10,17326.72,25039.99,17326.72,25039.99,Paid
13615,1135,2025-07-05,2025-07-07,17326.72,24822.25,17326.72,24822.25,Paid
13616,1135,2025-08-05,2025-08-10,17326.72,24604.52,17326.72,24604.52,Paid
13617,1135,2025-09-05,2025-09-07,17326.72,24386.78,17326.72,24386.78,Paid
13618,1135,2025-10-05,2025-10-05,17326.72,24169.04,17326.72,24169.04,Paid
13619,1135,2025-11-05,2025-11-08,17326.72,23951.3,17326.72,23951.3,Paid
13620,1135,2025-12-05,2025-12-05,17326.72,23733.56,17326.72,23733.56,Paid
13621,1136,2025-01-05,2025-01-05,10609.63,3905.4,10609.63,3905.4,Paid
13622,1136,2025-02-05,2025-02-07,10609.63,3796.92,10609.63,3796.92,Paid
13623,1136,2025-03-05,2025-03-09,10609.63,3688.44,10609.63,3688.44,Paid
13624,1136,2025-04-05,2025-04-06,10609.63,3579.95,10609.63,3579.95,Paid
13625,1136,2025-05-05,2025-05-07,10609.63,3471.47,10609.63,3471.47,Paid
13626,1136,2025-06-05,2025-06-07,10609.63,3362.99,10609.63,3362.99,Paid
13627,1136,2025-07-05,2025-07-08,10609.63,3254.5,10609.63,3254.5,Paid
13628,1136,2025-08-05,2025-08-09,10609.63,3146.02,10609.63,3146.02,Paid
13629,1136,2025-09-05,2025-09-09,10609.63,3037.54,10609.63,3037.54,Paid
13630,1136,2025-10-05,2025-10-08,10609.63,2929.05,10609.63,2929.05,Paid
13631,1136,2025-11-05,2025-11-10,10609.63,2820.57,10609.63,2820.57,Paid
13632,1136,2025-12-05,2025-12-08,10609.63,2712.09,10609.63,2712.09,Paid
13633,1137,2025-01-05,2025-01-07,7453.65,3410.05,7453.65,3410.05,Paid
13634,1137,2025-02-05,2025-02-06,7453.65,3353.21,7453.65,3353.21,Paid
13635,1137,2025-03-05,2025-03-08,7453.65,3296.38,7453.65,3296.38,Paid
13636,1137,2025-04-05,2025-04-07,7453.65,3239.54,7453.65,3239.54,Paid
13637,1137,2025-05-05,2025-05-06,7453.65,3182.71,7453.65,3182.71,Paid
13638,1137,2025-06-05,2025-06-05,7453.65,3125.88,7453.65,3125.88,Paid
13639,1137,2025-07-05,2025-07-09,7453.65,3069.04,7453.65,3069.04,Paid
13640,1137,2025-08-05,2025-08-09,7453.65,3012.21,7453.65,3012.21,Paid
13641,1137,2025-09-05,2025-09-07,7453.65,2955.37,7453.65,2955.37,Paid
13642,1137,2025-10-05,2025-10-09,7453.65,2898.54,7453.65,2898.54,Paid
13643,1137,2025-11-05,2025-11-09,7453.65,2841.7,7453.65,2841.7,Paid
13644,1137,2025-12-05,2025-12-10,7453.65,2784.87,7453.65,2784.87,Paid
13645,1138,2025-01-05,2025-01-05,11483.22,2907.55,11483.22,2907.55,Paid
13646,1138,2025-02-05,2025-02-08,11483.22,2786.4,11483.22,2786.4,Paid
13647,1138,2025-03-05,2025-03-09,11483.22,2665.26,11483.22,2665.26,Paid
13648,1138,2025-04-05,2025-04-08,11483.22,2544.11,11483.22,2544.11,Paid
13649,1138,2025-05-05,2025-05-06,11483.22,2422.96,11483.22,2422.96,Paid
13650,1138,2025-06-05,2025-06-10,11483.22,2301.81,11483.22,2301.81,Paid
13651,1138,2025-07-05,2025-07-08,11483.22,2180.66,11483.22,2180.66,Paid
13652,1138,2025-08-05,2025-08-05,11483.22,2059.52,11483.22,2059.52,Paid
13653,1138,2025-09-05,2025-09-08,11483.22,1938.37,11483.22,1938.37,Paid
13654,1138,2025-10-05,2025-10-09,11483.22,1817.22,11483.22,1817.22,Paid
13655,1138,2025-11-05,2025-11-08,11483.22,1696.07,11483.22,1696.07,Paid
13656,1138,2025-12-05,,11483.22,1574.92,0.0,0.0,Unpaid
13657,1139,2025-01-05,2025-01-09,17975.13,6390.16,17975.13,6390.16,Paid
13658,1139,2025-02-05,2025-02-05,17975.13,6212.65,17975.13,6212.65,Paid
13659,1139,2025-03-05,2025-03-05,17975.13,6035.15,17975.13,6035.15,Paid
13660,1139,2025-04-05,2025-04-09,17975.13,5857.65,17975.13,5857.65,Paid
13661,1139,2025-05-05,2025-05-09,17975.13,5680.14,17975.13,5680.14,Paid
13662,1139,2025-06-05,2025-06-10,17975.13,5502.64,17975.13,5502.64,Paid
13663,1139,2025-07-05,2025-07-08,17975.13,5325.13,17975.13,5325.13,Paid
13664,1139,2025-08-05,2025-08-05,17975.13,5147.63,17975.13,5147.63,Paid
13665,1139,2025-09-05,2025-09-08,17975.13,4970.12,17975.13,4970.12,Paid
13666,1139,2025-10-05,2025-10-07,17975.13,4792.62,17975.13,4792.62,Paid
13667,1139,2025-11-05,2025-11-09,17975.13,4615.11,17975.13,4615.11,Paid
13668,1139,2025-12-05,2025-12-08,17975.13,4437.61,17975.13,4437.61,Paid
13669,1140,2025-01-05,2025-01-09,42638.77,10582.94,42638.77,10582.94,Paid
13670,1140,2025-02-05,2025-02-05,42638.77,10141.99,42638.77,10141.99,Paid
13671,1140,2025-03-05,2025-03-05,42638.77,9701.03,42638.77,9701.03,Paid
13672,1140,2025-04-05,2025-04-05,42638.77,9260.07,42638.77,9260.07,Paid
13673,1140,2025-05-05,2025-05-10,42638.77,8819.12,42638.77,8819.12,Paid
13674,1140,2025-06-05,2025-06-10,42638.77,8378.16,42638.77,8378.16,Paid
13675,1140,2025-07-05,2025-07-06,42638.77,7937.21,42638.77,7937.21,Paid
13676,1140,2025-08-05,2025-08-10,42638.77,7496.25,42638.77,7496.25,Paid
13677,1140,2025-09-05,2025-09-10,42638.77,7055.3,42638.77,7055.3,Paid
13678,1140,2025-10-05,2025-10-09,42638.77,6614.34,42638.77,6614.34,Paid
13679,1140,2025-11-05,2025-11-10,42638.77,6173.38,42638.77,6173.38,Paid
13680,1140,2025-12-05,2025-12-10,42638.77,5732.43,42638.77,5732.43,Paid
13681,1141,2025-01-05,2025-01-06,1718.99,1492.09,1718.99,1492.09,Paid
13682,1141,2025-02-05,2025-02-05,1718.99,1479.65,1718.99,1479.65,Paid
13683,1141,2025-03-05,2025-03-09,1718.99,1467.22,1718.99,1467.22,Paid
13684,1141,2025-04-05,2025-04-09,1718.99,1454.78,1718.99,1454.78,Paid
13685,1141,2025-05-05,2025-05-08,1718.99,1442.35,1718.99,1442.35,Paid
13686,1141,2025-06-05,2025-06-08,1718.99,1429.92,1718.99,1429.92,Paid
13687,1141,2025-07-05,2025-07-07,1718.99,1417.48,1718.99,1417.48,Paid
13688,1141,2025-08-05,2025-08-08,1718.99,1405.05,1718.99,1405.05,Paid
13689,1141,2025-09-05,2025-09-10,1718.99,1392.61,1718.99,1392.61,Paid
13690,1141,2025-10-05,2025-10-09,1718.99,1380.18,1718.99,1380.18,Paid
13691,1141,2025-11-05,2025-11-06,1718.99,1367.75,1718.99,1367.75,Paid
13692,1141,2025-12-05,2025-12-05,1718.99,1355.31,1718.99,1355.31,Paid
13693,1142,2025-01-05,2025-01-08,8725.42,3573.06,8725.42,3573.06,Paid
13694,1142,2025-02-05,2025-02-10,8725.42,3473.81,8725.42,3473.81,Paid
13695,1142,2025-03-05,2025-03-10,8725.42,3374.56,8725.42,3374.56,Paid
13696,1142,2025-04-05,2025-04-09,8725.42,3275.3,8725.42,3275.3,Paid
13697,1142,2025-05-05,2025-05-10,8725.42,3176.05,8725.42,3176.05,Paid
13698,1142,2025-06-05,2025-06-07,8725.42,3076.8,8725.42,3076.8,Paid
13699,1142,2025-07-05,2025-07-06,8725.42,2977.55,8725.42,2977.55,Paid
13700,1142,2025-08-05,2025-08-05,8725.42,2878.3,8725.42,2878.3,Paid
13701,1142,2025-09-05,2025-09-09,8725.42,2779.05,8725.42,2779.05,Paid
13702,1142,2025-10-05,2025-10-06,8725.42,2679.79,8725.42,2679.79,Paid
13703,1142,2025-11-05,2025-11-06,8725.42,2580.54,8725.42,2580.54,Paid
13704,1142,2025-12-05,2025-12-05,8725.42,2481.29,8725.42,2481.29,Paid
13705,1143,2025-01-05,2025-01-07,5563.23,3685.64,5563.23,3685.64,Paid
13706,1143,2025-02-05,2025-02-06,5563.23,3624.21,5563.23,3624.21,Paid
13707,1143,2025-03-05,2025-03-07,5563.23,3562.78,5563.23,3562.78,Paid
13708,1143,2025-04-05,2025-04-10,5563.23,3501.36,5563.23,3501.36,Paid
13709,1143,2025-05-05,2025-05-08,5563.23,3439.93,5563.23,3439.93,Paid
13710,1143,2025-06-05,2025-06-05,5563.23,3378.5,5563.23,3378.5,Paid
13711,1143,2025-07-05,2025-07-07,5563.23,3317.07,5563.23,3317.07,Paid
13712,1143,2025-08-05,2025-08-07,5563.23,3255.65,5563.23,3255.65,Paid
13713,1143,2025-09-05,2025-09-06,5563.23,3194.22,5563.23,3194.22,Paid
13714,1143,2025-10-05,2025-10-09,5563.23,3132.79,5563.23,3132.79,Paid
13715,1143,2025-11-05,2025-11-05,5563.23,3071.36,5563.23,3071.36,Paid
13716,1143,2025-12-05,2025-12-10,5563.23,3009.94,5563.23,3009.94,Paid
13717,1144,2025-01-05,2025-01-10,23382.0,39959.83,23382.0,39959.83,Paid
13718,1144,2025-02-05,2025-02-09,23382.0,39626.83,23382.0,39626.83,Paid
13719,1144,2025-03-05,2025-03-10,23382.0,39293.83,23382.0,39293.83,Paid
13720,1144,2025-04-05,2025-04-05,23382.0,38960.83,23382.0,38960.83,Paid
13721,1144,2025-05-05,,23382.0,38627.84,0.0,0.0,Unpaid
13722,1144,2025-06-05,2025-06-05,23382.0,38627.84,23382.0,38627.84,Paid
13723,1144,2025-07-05,2025-07-06,23382.0,38294.84,23382.0,38294.84,Paid
13724,1144,2025-08-05,2025-08-06,23382.0,37961.84,23382.0,37961.84,Paid
13725,1144,2025-09-05,,23382.0,37628.84,0.0,0.0,Unpaid
13726,1144,2025-10-05,2025-10-09,23382.0,37628.84,23382.0,37628.84,Paid
13727,1144,2025-11-05,2025-11-10,23382.0,37295.84,23382.0,37295.84,Paid
13728,1144,2025-12-05,2025-12-06,23382.0,36962.84,23382.0,36962.84,Paid
13729,1145,2025-01-05,2025-01-08,49507.12,13604.56,49507.12,13604.56,Paid
13730,1145,2025-02-05,2025-02-08,49507.12,13037.7,49507.12,13037.7,Paid
13731,1145,2025-03-05,2025-03-09,49507.12,12470.84,49507.12,12470.84,Paid
13732,1145,2025-04-05,2025-04-10,49507.12,11903.99,49507.12,11903.99,Paid
13733,1145,2025-05-05,2025-05-07,49507.12,11337.13,49507.12,11337.13,Paid
13734,1145,2025-06-05,2025-06-09,49507.12,10770.27,49507.12,10770.27,Paid
13735,1145,2025-07-05,2025-07-07,49507.12,10203.42,49507.12,10203.42,Paid
13736,1145,2025-08-05,2025-08-05,49507.12,9636.56,49507.12,9636.56,Paid
13737,1145,2025-09-05,2025-09-08,49507.12,9069.7,49507.12,9069.7,Paid
13738,1145,2025-10-05,2025-10-09,49507.12,8502.85,49507.12,8502.85,Paid
13739,1145,2025-11-05,2025-11-07,49507.12,7935.99,49507.12,7935.99,Paid
13740,1145,2025-12-05,2025-12-07,49507.12,7369.14,49507.12,7369.14,Paid
13741,1146,2025-01-05,2025-01-05,29327.14,7812.75,29327.14,7812.75,Paid
13742,1146,2025-02-05,2025-02-06,29327.14,7595.73,29327.14,7595.73,Paid
13743,1146,2025-03-05,2025-03-07,29327.14,7378.71,29327.14,7378.71,Paid
13744,1146,2025-04-05,2025-04-10,29327.14,7161.69,29327.14,7161.69,Paid
13745,1146,2025-05-05,2025-05-06,29327.14,6944.67,29327.14,6944.67,Paid
13746,1146,2025-06-05,2025-06-10,29327.14,6727.65,29327.14,6727.65,Paid
13747,1146,2025-07-05,2025-07-08,29327.14,6510.63,29327.14,6510.63,Paid
13748,1146,2025-08-05,2025-08-06,29327.14,6293.61,29327.14,6293.61,Paid
13749,1146,2025-09-05,,29327.14,6076.58,0.0,0.0,Unpaid
13750,1146,2025-10-05,2025-10-05,29327.14,6076.58,29327.14,6076.58,Paid
13751,1146,2025-11-05,2025-11-05,29327.14,5859.56,29327.14,5859.56,Paid
13752,1146,2025-12-05,2025-12-05,29327.14,5642.54,29327.14,5642.54,Paid
13753,1147,2025-01-05,2025-01-09,5066.3,1217.43,5066.3,1217.43,Paid
13754,1147,2025-02-05,2025-02-09,5066.3,1183.61,5066.3,1183.61,Paid
13755,1147,2025-03-05,2025-03-08,5066.3,1149.8,5066.3,1149.8,Paid
13756,1147,2025-04-05,2025-04-08,5066.3,1115.98,5066.3,1115.98,Paid
13757,1147,2025-05-05,2025-05-09,5066.3,1082.16,5066.3,1082.16,Paid
13758,1147,2025-06-05,2025-06-08,5066.3,1048.34,5066.3,1048.34,Paid
13759,1147,2025-07-05,2025-07-07,5066.3,1014.53,5066.3,1014.53,Paid
13760,1147,2025-08-05,2025-08-06,5066.3,980.71,5066.3,980.71,Paid
13761,1147,2025-09-05,2025-09-06,5066.3,946.89,5066.3,946.89,Paid
13762,1147,2025-10-05,2025-10-07,5066.3,913.07,5066.3,913.07,Paid
13763,1147,2025-11-05,2025-11-06,5066.3,879.26,5066.3,879.26,Paid
13764,1147,2025-12-05,2025-12-07,5066.3,845.44,5066.3,845.44,Paid
13765,1148,2025-01-05,2025-01-10,49958.91,14328.22,49958.91,14328.22,Paid
13766,1148,2025-02-05,2025-02-07,49958.91,13930.21,49958.91,13930.21,Paid
13767,1148,2025-03-05,2025-03-08,49958.91,13532.2,49958.91,13532.2,Paid
13768,1148,2025-04-05,2025-04-06,49958.91,13134.2,49958.91,13134.2,Paid
13769,1148,2025-05-05,2025-05-07,49958.91,12736.19,49958.91,12736.19,Paid
13770,1148,2025-06-05,2025-06-07,49958.91,12338.19,49958.91,12338.19,Paid
13771,1148,2025-07-05,2025-07-07,49958.91,11940.18,49958.91,11940.18,Paid
13772,1148,2025-08-05,2025-08-06,49958.91,11542.17,49958.91,11542.17,Paid
13773,1148,2025-09-05,2025-09-09,49958.91,11144.17,49958.91,11144.17,Paid
13774,1148,2025-10-05,2025-10-07,49958.91,10746.16,49958.91,10746.16,Paid
13775,1148,2025-11-05,,49958.91,10348.16,0.0,0.0,Unpaid
13776,1148,2025-12-05,2025-12-07,49958.91,10348.16,49958.91,10348.16,Paid
13777,1149,2025-01-05,2025-01-05,10805.84,7601.91,10805.84,7601.91,Paid
13778,1149,2025-02-05,2025-02-05,10805.84,7475.21,10805.84,7475.21,Paid
13779,1149,2025-03-05,2025-03-09,10805.84,7348.51,10805.84,7348.51,Paid
13780,1149,2025-04-05,2025-04-09,10805.84,7221.81,10805.84,7221.81,Paid
13781,1149,2025-05-05,2025-05-08,10805.84,7095.11,10805.84,7095.11,Paid
13782,1149,2025-06-05,2025-06-10,10805.84,6968.41,10805.84,6968.41,Paid
13783,1149,2025-07-05,2025-07-10,10805.84,6841.72,10805.84,6841.72,Paid
13784,1149,2025-08-05,2025-08-09,10805.84,6715.02,10805.84,6715.02,Paid
13785,1149,2025-09-05,2025-09-08,10805.84,6588.32,10805.84,6588.32,Paid
13786,1149,2025-10-05,2025-10-08,10805.84,6461.62,10805.84,6461.62,Paid
13787,1149,2025-11-05,,10805.84,6334.92,0.0,0.0,Unpaid
13788,1149,2025-12-05,2025-12-06,10805.84,6334.92,10805.84,6334.92,Paid
13789,1150,2025-01-05,2025-01-06,11763.86,5261.97,11763.86,5261.97,Paid
13790,1150,2025-02-05,2025-02-06,11763.86,5115.81,11763.86,5115.81,Paid
13791,1150,2025-03-05,2025-03-08,11763.86,4969.64,11763.86,4969.64,Paid
13792,1150,2025-04-05,2025-04-05,11763.86,4823.48,11763.86,4823.48,Paid
13793,1150,2025-05-05,2025-05-06,11763.86,4677.31,11763.86,4677.31,Paid
13794,1150,2025-06-05,2025-06-09,11763.86,4531.14,11763.86,4531.14,Paid
13795,1150,2025-07-05,2025-07-10,11763.86,4384.98,11763.86,4384.98,Paid
13796,1150,2025-08-05,2025-08-05,11763.86,4238.81,11763.86,4238.81,Paid
13797,1150,2025-09-05,2025-09-09,11763.86,4092.65,11763.86,4092.65,Paid
13798,1150,2025-10-05,2025-10-07,11763.86,3946.48,11763.86,3946.48,Paid
13799,1150,2025-11-05,2025-11-06,11763.86,3800.31,11763.86,3800.31,Paid
13800,1150,2025-12-05,2025-12-07,11763.86,3654.15,11763.86,3654.15,Paid
13801,1151,2025-01-05,2025-01-10,10068.89,11428.19,10068.89,11428.19,Paid
13802,1151,2025-02-05,2025-02-10,10068.89,11332.96,10068.89,11332.96,Paid
13803,1151,2025-03-05,2025-03-08,10068.89,11237.72,10068.89,11237.72,Paid
13804,1151,2025-04-05,2025-04-08,10068.89,11142.49,10068.89,11142.49,Paid
13805,1151,2025-05-05,2025-05-07,10068.89,11047.25,10068.89,11047.25,Paid
13806,1151,2025-06-05,2025-06-07,10068.89,10952.02,10068.89,10952.02,Paid
13807,1151,2025-07-05,2025-07-08,10068.89,10856.78,10068.89,10856.78,Paid
13808,1151,2025-08-05,2025-08-07,10068.89,10761.55,10068.89,10761.55,Paid
13809,1151,2025-09-05,2025-09-09,10068.89,10666.31,10068.89,10666.31,Paid
13810,1151,2025-10-05,2025-10-07,10068.89,10571.08,10068.89,10571.08,Paid
13811,1151,2025-11-05,2025-11-06,10068.89,10475.84,10068.89,10475.84,Paid
13812,1151,2025-12-05,,10068.89,10380.61,0.0,0.0,Unpaid
13813,1152,2025-01-05,2025-01-07,12765.66,8048.75,12765.66,8048.75,Paid
13814,1152,2025-02-05,2025-02-07,12765.66,7914.6,12765.66,7914.6,Paid
13815,1152,2025-03-05,2025-03-05,12765.66,7780.46,12765.66,7780.46,Paid
13816,1152,2025-04-05,2025-04-06,12765.66,7646.31,12765.66,7646.31,Paid
13817,1152,2025-05-05,2025-05-09,12765.66,7512.17,12765.66,7512.17,Paid
13818,1152,2025-06-05,2025-06-05,12765.66,7378.02,12765.66,7378.02,Paid
13819,1152,2025-07-05,2025-07-06,12765.66,7243.88,12765.66,7243.88,Paid
13820,1152,2025-08-05,2025-08-05,12765.66,7109.73,12765.66,7109.73,Paid
13821,1152,2025-09-05,2025-09-07,12765.66,6975.58,12765.66,6975.58,Paid
13822,1152,2025-10-05,2025-10-10,12765.66,6841.44,12765.66,6841.44,Paid
13823,1152,2025-11-05,2025-11-08,12765.66,6707.29,12765.66,6707.29,Paid
13824,1152,2025-12-05,2025-12-10,12765.66,6573.15,12765.66,6573.15,Paid
13825,1153,2025-01-05,2025-01-06,49908.13,25348.34,49908.13,25348.34,Paid
13826,1153,2025-02-05,2025-02-05,49908.13,24644.22,49908.13,24644.22,Paid
13827,1153,2025-03-05,2025-03-07,49908.13,23940.1,49908.13,23940.1,Paid
13828,1153,2025-04-05,2025-04-07,49908.13,23235.98,49908.13,23235.98,Paid
13829,1153,2025-05-05,2025-05-10,49908.13,22531.86,49908.13,22531.86,Paid
13830,1153,2025-06-05,2025-06-05,49908.13,21827.74,49908.13,21827.74,Paid
13831,1153,2025-07-05,2025-07-05,49908.13,21123.62,49908.13,21123.62,Paid
13832,1153,2025-08-05,2025-08-08,49908.13,20419.5,49908.13,20419.5,Paid
13833,1153,2025-09-05,2025-09-08,49908.13,19715.38,49908.13,19715.38,Paid
13834,1153,2025-10-05,2025-10-08,49908.13,19011.26,49908.13,19011.26,Paid
13835,1153,2025-11-05,2025-11-09,49908.13,18307.13,49908.13,18307.13,Paid
13836,1153,2025-12-05,2025-12-08,49908.13,17603.01,49908.13,17603.01,Paid
13837,1154,2025-01-05,2025-01-05,32286.69,5566.23,32286.69,5566.23,Paid
13838,1154,2025-02-05,2025-02-08,32286.69,5334.3,32286.69,5334.3,Paid
13839,1154,2025-03-05,2025-03-08,32286.69,5102.37,32286.69,5102.37,Paid
13840,1154,2025-04-05,2025-04-07,32286.69,4870.45,32286.69,4870.45,Paid
13841,1154,2025-05-05,2025-05-08,32286.69,4638.52,32286.69,4638.52,Paid
13842,1154,2025-06-05,2025-06-05,32286.69,4406.6,32286.69,4406.6,Paid
13843,1154,2025-07-05,,32286.69,4174.67,0.0,0.0,Unpaid
13844,1154,2025-08-05,2025-08-09,32286.69,4174.67,32286.69,4174.67,Paid
13845,1154,2025-09-05,2025-09-06,32286.69,3942.74,32286.69,3942.74,Paid
13846,1154,2025-10-05,,32286.69,3710.82,0.0,0.0,Unpaid
13847,1154,2025-11-05,2025-11-10,32286.69,3710.82,32286.69,3710.82,Paid
13848,1154,2025-12-05,2025-12-07,32286.69,3478.89,32286.69,3478.89,Paid
13849,1155,2025-01-05,2025-01-05,3060.84,3758.71,3060.84,3758.71,Paid
13850,1155,2025-02-05,2025-02-06,3060.84,3727.39,3060.84,3727.39,Paid
13851,1155,2025-03-05,2025-03-07,3060.84,3696.07,3060.84,3696.07,Paid
13852,1155,2025-04-05,2025-04-10,3060.84,3664.75,3060.84,3664.75,Paid
13853,1155,2025-05-05,2025-05-05,3060.84,3633.42,3060.84,3633.42,Paid
13854,1155,2025-06-05,2025-06-05,3060.84,3602.1,3060.84,3602.1,Paid
13855,1155,2025-07-05,2025-07-06,3060.84,3570.78,3060.84,3570.78,Paid
13856,1155,2025-08-05,2025-08-05,3060.84,3539.46,3060.84,3539.46,Paid
13857,1155,2025-09-05,2025-09-07,3060.84,3508.13,3060.84,3508.13,Paid
13858,1155,2025-10-05,2025-10-10,3060.84,3476.81,3060.84,3476.81,Paid
13859,1155,2025-11-05,2025-11-06,3060.84,3445.49,3060.84,3445.49,Paid
13860,1155,2025-12-05,2025-12-06,3060.84,3414.17,3060.84,3414.17,Paid
13861,1156,2025-01-05,2025-01-09,4977.18,2291.99,4977.18,2291.99,Paid
13862,1156,2025-02-05,2025-02-09,4977.18,2253.79,4977.18,2253.79,Paid
13863,1156,2025-03-05,2025-03-05,4977.18,2215.59,4977.18,2215.59,Paid
13864,1156,2025-04-05,2025-04-10,4977.18,2177.39,4977.18,2177.39,Paid
13865,1156,2025-05-05,2025-05-05,4977.18,2139.19,4977.18,2139.19,Paid
13866,1156,2025-06-05,2025-06-07,4977.18,2100.99,4977.18,2100.99,Paid
13867,1156,2025-07-05,2025-07-05,4977.18,2062.79,4977.18,2062.79,Paid
13868,1156,2025-08-05,2025-08-09,4977.18,2024.59,4977.18,2024.59,Paid
13869,1156,2025-09-05,2025-09-05,4977.18,1986.39,4977.18,1986.39,Paid
13870,1156,2025-10-05,2025-10-06,4977.18,1948.19,4977.18,1948.19,Paid
13871,1156,2025-11-05,2025-11-09,4977.18,1910.0,4977.18,1910.0,Paid
13872,1156,2025-12-05,2025-12-05,4977.18,1871.8,4977.18,1871.8,Paid
13873,1157,2025-01-05,,6944.99,11084.2,0.0,0.0,Unpaid
13874,1157,2025-02-05,2025-02-06,6944.99,11084.2,6944.99,11084.2,Paid
13875,1157,2025-03-05,2025-03-05,6944.99,10991.83,6944.99,10991.83,Paid
13876,1157,2025-04-05,2025-04-09,6944.99,10899.46,6944.99,10899.46,Paid
13877,1157,2025-05-05,2025-05-10,6944.99,10807.09,6944.99,10807.09,Paid
13878,1157,2025-06-05,2025-06-05,6944.99,10714.72,6944.99,10714.72,Paid
13879,1157,2025-07-05,2025-07-07,6944.99,10622.36,6944.99,10622.36,Paid
13880,1157,2025-08-05,2025-08-09,6944.99,10529.99,6944.99,10529.99,Paid
13881,1157,2025-09-05,2025-09-09,6944.99,10437.62,6944.99,10437.62,Paid
13882,1157,2025-10-05,2025-10-05,6944.99,10345.25,6944.99,10345.25,Paid
13883,1157,2025-11-05,2025-11-10,6944.99,10252.88,6944.99,10252.88,Paid
13884,1157,2025-12-05,2025-12-10,6944.99,10160.51,6944.99,10160.51,Paid
13885,1158,2025-01-05,2025-01-05,6662.64,2958.21,6662.64,2958.21,Paid
13886,1158,2025-02-05,2025-02-09,6662.64,2908.91,6662.64,2908.91,Paid
13887,1158,2025-03-05,2025-03-08,6662.64,2859.6,6662.64,2859.6,Paid
13888,1158,2025-04-05,2025-04-10,6662.64,2810.3,6662.64,2810.3,Paid
13889,1158,2025-05-05,2025-05-07,6662.64,2761.0,6662.64,2761.0,Paid
13890,1158,2025-06-05,,6662.64,2711.69,0.0,0.0,Unpaid
13891,1158,2025-07-05,2025-07-05,6662.64,2711.69,6662.64,2711.69,Paid
13892,1158,2025-08-05,2025-08-07,6662.64,2662.39,6662.64,2662.39,Paid
13893,1158,2025-09-05,2025-09-10,6662.64,2613.09,6662.64,2613.09,Paid
13894,1158,2025-10-05,2025-10-10,6662.64,2563.78,6662.64,2563.78,Paid
13895,1158,2025-11-05,2025-11-10,6662.64,2514.48,6662.64,2514.48,Paid
13896,1158,2025-12-05,2025-12-05,6662.64,2465.18,6662.64,2465.18,Paid
13897,1159,2025-01-05,2025-01-10,45390.15,9659.02,45390.15,9659.02,Paid
13898,1159,2025-02-05,2025-02-06,45390.15,9256.57,45390.15,9256.57,Paid
13899,1159,2025-03-05,2025-03-08,45390.15,8854.11,45390.15,8854.11,Paid
13900,1159,2025-04-05,2025-04-10,45390.15,8451.65,45390.15,8451.65,Paid
13901,1159,2025-05-05,2025-05-10,45390.15,8049.19,45390.15,8049.19,Paid
13902,1159,2025-06-05,2025-06-08,45390.15,7646.73,45390.15,7646.73,Paid
13903,1159,2025-07-05,2025-07-05,45390.15,7244.27,45390.15,7244.27,Paid
13904,1159,2025-08-05,2025-08-06,45390.15,6841.81,45390.15,6841.81,Paid
13905,1159,2025-09-05,,45390.15,6439.35,0.0,0.0,Unpaid
13906,1159,2025-10-05,2025-10-10,45390.15,6439.35,45390.15,6439.35,Paid
13907,1159,2025-11-05,2025-11-05,45390.15,6036.89,45390.15,6036.89,Paid
13908,1159,2025-12-05,2025-12-05,45390.15,5634.43,45390.15,5634.43,Paid
13909,1160,2025-01-05,2025-01-06,3060.68,5503.11,3060.68,5503.11,Paid
13910,1160,2025-02-05,2025-02-10,3060.68,5457.25,3060.68,5457.25,Paid
13911,1160,2025-03-05,2025-03-08,3060.68,5411.39,3060.68,5411.39,Paid
13912,1160,2025-04-05,2025-04-07,3060.68,5365.53,3060.68,5365.53,Paid
13913,1160,2025-05-05,2025-05-08,3060.68,5319.67,3060.68,5319.67,Paid
13914,1160,2025-06-05,2025-06-05,3060.68,5273.81,3060.68,5273.81,Paid
13915,1160,2025-07-05,2025-07-07,3060.68,5227.95,3060.68,5227.95,Paid
13916,1160,2025-08-05,2025-08-10,3060.68,5182.09,3060.68,5182.09,Paid
13917,1160,2025-09-05,2025-09-06,3060.68,5136.24,3060.68,5136.24,Paid
13918,1160,2025-10-05,2025-10-10,3060.68,5090.38,3060.68,5090.38,Paid
13919,1160,2025-11-05,2025-11-10,3060.68,5044.52,3060.68,5044.52,Paid
13920,1160,2025-12-05,2025-12-10,3060.68,4998.66,3060.68,4998.66,Paid
13921,1161,2025-01-05,2025-01-07,32895.98,17102.62,32895.98,17102.62,Paid
13922,1161,2025-02-05,2025-02-10,32895.98,16627.55,32895.98,16627.55,Paid
13923,1161,2025-03-05,2025-03-10,32895.98,16152.47,32895.98,16152.47,Paid
13924,1161,2025-04-05,2025-04-05,32895.98,15677.4,32895.98,15677.4,Paid
13925,1161,2025-05-05,2025-05-09,32895.98,15202.33,32895.98,15202.33,Paid
13926,1161,2025-06-05,2025-06-08,32895.98,14727.25,32895.98,14727.25,Paid
13927,1161,2025-07-05,2025-07-05,32895.98,14252.18,32895.98,14252.18,Paid
13928,1161,2025-08-05,2025-08-05,32895.98,13777.11,32895.98,13777.11,Paid
13929,1161,2025-09-05,2025-09-09,32895.98,13302.04,32895.98,13302.04,Paid
13930,1161,2025-10-05,2025-10-09,32895.98,12826.96,32895.98,12826.96,Paid
13931,1161,2025-11-05,2025-11-07,32895.98,12351.89,32895.98,12351.89,Paid
13932,1161,2025-12-05,2025-12-10,32895.98,11876.82,32895.98,11876.82,Paid
13933,1162,2025-01-05,2025-01-07,5707.75,4823.05,5707.75,4823.05,Paid
13934,1162,2025-02-05,2025-02-06,5707.75,4782.86,5707.75,4782.86,Paid
13935,1162,2025-03-05,2025-03-05,5707.75,4742.67,5707.75,4742.67,Paid
13936,1162,2025-04-05,2025-04-05,5707.75,4702.48,5707.75,4702.48,Paid
13937,1162,2025-05-05,2025-05-06,5707.75,4662.28,5707.75,4662.28,Paid
13938,1162,2025-06-05,2025-06-09,5707.75,4622.09,5707.75,4622.09,Paid
13939,1162,2025-07-05,,5707.75,4581.9,0.0,0.0,Unpaid
13940,1162,2025-08-05,2025-08-05,5707.75,4581.9,5707.75,4581.9,Paid
13941,1162,2025-09-05,2025-09-06,5707.75,4541.71,5707.75,4541.71,Paid
13942,1162,2025-10-05,2025-10-07,5707.75,4501.52,5707.75,4501.52,Paid
13943,1162,2025-11-05,2025-11-09,5707.75,4461.32,5707.75,4461.32,Paid
13944,1162,2025-12-05,2025-12-08,5707.75,4421.13,5707.75,4421.13,Paid
13945,1163,2025-01-05,2025-01-09,4241.29,7049.02,4241.29,7049.02,Paid
13946,1163,2025-02-05,2025-02-07,4241.29,6990.28,4241.29,6990.28,Paid
13947,1163,2025-03-05,2025-03-05,4241.29,6931.54,4241.29,6931.54,Paid
13948,1163,2025-04-05,2025-04-05,4241.29,6872.8,4241.29,6872.8,Paid
13949,1163,2025-05-05,2025-05-07,4241.29,6814.06,4241.29,6814.06,Paid
13950,1163,2025-06-05,2025-06-05,4241.29,6755.32,4241.29,6755.32,Paid
13951,1163,2025-07-05,2025-07-07,4241.29,6696.57,4241.29,6696.57,Paid
13952,1163,2025-08-05,2025-08-10,4241.29,6637.83,4241.29,6637.83,Paid
13953,1163,2025-09-05,2025-09-08,4241.29,6579.09,4241.29,6579.09,Paid
13954,1163,2025-10-05,2025-10-10,4241.29,6520.35,4241.29,6520.35,Paid
13955,1163,2025-11-05,2025-11-09,4241.29,6461.61,4241.29,6461.61,Paid
13956,1163,2025-12-05,2025-12-06,4241.29,6402.86,4241.29,6402.86,Paid
13957,1164,2025-01-05,2025-01-05,3360.03,3897.63,3360.03,3897.63,Paid
13958,1164,2025-02-05,2025-02-07,3360.03,3865.15,3360.03,3865.15,Paid
13959,1164,2025-03-05,2025-03-09,3360.03,3832.67,3360.03,3832.67,Paid
13960,1164,2025-04-05,2025-04-08,3360.03,3800.19,3360.03,3800.19,Paid
13961,1164,2025-05-05,2025-05-10,3360.03,3767.71,3360.03,3767.71,Paid
13962,1164,2025-06-05,2025-06-08,3360.03,3735.23,3360.03,3735.23,Paid
13963,1164,2025-07-05,2025-07-08,3360.03,3702.75,3360.03,3702.75,Paid
13964,1164,2025-08-05,2025-08-10,3360.03,3670.27,3360.03,3670.27,Paid
13965,1164,2025-09-05,2025-09-08,3360.03,3637.79,3360.03,3637.79,Paid
13966,1164,2025-10-05,2025-10-06,3360.03,3605.31,3360.03,3605.31,Paid
13967,1164,2025-11-05,2025-11-06,3360.03,3572.83,3360.03,3572.83,Paid
13968,1164,2025-12-05,2025-12-07,3360.03,3540.35,3360.03,3540.35,Paid
13969,1165,2025-01-05,2025-01-05,24491.7,9992.61,24491.7,9992.61,Paid
13970,1165,2025-02-05,2025-02-05,24491.7,9715.04,24491.7,9715.04,Paid
13971,1165,2025-03-05,2025-03-06,24491.7,9437.47,24491.7,9437.47,Paid
13972,1165,2025-04-05,2025-04-06,24491.7,9159.9,24491.7,9159.9,Paid
13973,1165,2025-05-05,2025-05-07,24491.7,8882.32,24491.7,8882.32,Paid
13974,1165,2025-06-05,2025-06-07,24491.7,8604.75,24491.7,8604.75,Paid
13975,1165,2025-07-05,2025-07-06,24491.7,8327.18,24491.7,8327.18,Paid
13976,1165,2025-08-05,2025-08-09,24491.7,8049.61,24491.7,8049.61,Paid
13977,1165,2025-09-05,2025-09-08,24491.7,7772.03,24491.7,7772.03,Paid
13978,1165,2025-10-05,2025-10-08,24491.7,7494.46,24491.7,7494.46,Paid
13979,1165,2025-11-05,2025-11-07,24491.7,7216.89,24491.7,7216.89,Paid
13980,1165,2025-12-05,2025-12-10,24491.7,6939.32,24491.7,6939.32,Paid
13981,1166,2025-01-05,2025-01-10,10629.51,3003.9,10629.51,3003.9,Paid
13982,1166,2025-02-05,2025-02-09,10629.51,2920.46,10629.51,2920.46,Paid
13983,1166,2025-03-05,2025-03-06,10629.51,2837.02,10629.51,2837.02,Paid
13984,1166,2025-04-05,2025-04-09,10629.51,2753.58,10629.51,2753.58,Paid
13985,1166,2025-05-05,2025-05-05,10629.51,2670.13,10629.51,2670.13,Paid
13986,1166,2025-06-05,2025-06-06,10629.51,2586.69,10629.51,2586.69,Paid
13987,1166,2025-07-05,2025-07-09,10629.51,2503.25,10629.51,2503.25,Paid
13988,1166,2025-08-05,2025-08-05,10629.51,2419.81,10629.51,2419.81,Paid
13989,1166,2025-09-05,2025-09-10,10629.51,2336.37,10629.51,2336.37,Paid
13990,1166,2025-10-05,2025-10-10,10629.51,2252.93,10629.51,2252.93,Paid
13991,1166,2025-11-05,2025-11-07,10629.51,2169.48,10629.51,2169.48,Paid
13992,1166,2025-12-05,2025-12-05,10629.51,2086.04,10629.51,2086.04,Paid
13993,1167,2025-01-05,2025-01-09,16105.32,8833.77,16105.32,8833.77,Paid
13994,1167,2025-02-05,2025-02-06,16105.32,8686.54,16105.32,8686.54,Paid
13995,1167,2025-03-05,2025-03-06,16105.32,8539.31,16105.32,8539.31,Paid
13996,1167,2025-04-05,2025-04-10,16105.32,8392.08,16105.32,8392.08,Paid
13997,1167,2025-05-05,2025-05-10,16105.32,8244.85,16105.32,8244.85,Paid
13998,1167,2025-06-05,2025-06-08,16105.32,8097.62,16105.32,8097.62,Paid
13999,1167,2025-07-05,2025-07-10,16105.32,7950.39,16105.32,7950.39,Paid
14000,1167,2025-08-05,2025-08-08,16105.32,7803.16,16105.32,7803.16,Paid
14001,1167,2025-09-05,2025-09-08,16105.32,7655.93,16105.32,7655.93,Paid
14002,1167,2025-10-05,2025-10-09,16105.32,7508.7,16105.32,7508.7,Paid
14003,1167,2025-11-05,2025-11-05,16105.32,7361.47,16105.32,7361.47,Paid
14004,1167,2025-12-05,2025-12-05,16105.32,7214.24,16105.32,7214.24,Paid
14005,1168,2025-01-05,2025-01-07,17297.39,13016.29,17297.39,13016.29,Paid
14006,1168,2025-02-05,2025-02-08,17297.39,12799.35,17297.39,12799.35,Paid
14007,1168,2025-03-05,2025-03-09,17297.39,12582.41,17297.39,12582.41,Paid
14008,1168,2025-04-05,2025-04-09,17297.39,12365.47,17297.39,12365.47,Paid
14009,1168,2025-05-05,2025-05-06,17297.39,12148.54,17297.39,12148.54,Paid
14010,1168,2025-06-05,2025-06-06,17297.39,11931.6,17297.39,11931.6,Paid
14011,1168,2025-07-05,2025-07-05,17297.39,11714.66,17297.39,11714.66,Paid
14012,1168,2025-08-05,2025-08-07,17297.39,11497.72,17297.39,11497.72,Paid
14013,1168,2025-09-05,2025-09-06,17297.39,11280.78,17297.39,11280.78,Paid
14014,1168,2025-10-05,2025-10-06,17297.39,11063.84,17297.39,11063.84,Paid
14015,1168,2025-11-05,2025-11-05,17297.39,10846.91,17297.39,10846.91,Paid
14016,1168,2025-12-05,2025-12-10,17297.39,10629.97,17297.39,10629.97,Paid
14017,1169,2025-01-05,2025-01-10,9803.29,6862.3,9803.29,6862.3,Paid
14018,1169,2025-02-05,2025-02-09,9803.29,6747.93,9803.29,6747.93,Paid
14019,1169,2025-03-05,,9803.29,6633.56,0.0,0.0,Unpaid
14020,1169,2025-04-05,2025-04-05,9803.29,6633.56,9803.29,6633.56,Paid
14021,1169,2025-05-05,2025-05-10,9803.29,6519.18,9803.29,6519.18,Paid
14022,1169,2025-06-05,2025-06-07,9803.29,6404.81,9803.29,6404.81,Paid
14023,1169,2025-07-05,2025-07-06,9803.29,6290.44,9803.29,6290.44,Paid
14024,1169,2025-08-05,2025-08-07,9803.29,6176.07,9803.29,6176.07,Paid
14025,1169,2025-09-05,2025-09-05,9803.29,6061.7,9803.29,6061.7,Paid
14026,1169,2025-10-05,2025-10-09,9803.29,5947.33,9803.29,5947.33,Paid
14027,1169,2025-11-05,2025-11-05,9803.29,5832.95,9803.29,5832.95,Paid
14028,1169,2025-12-05,2025-12-08,9803.29,5718.58,9803.29,5718.58,Paid
14029,1170,2025-01-05,2025-01-07,55457.6,13886.58,55457.6,13886.58,Paid
14030,1170,2025-02-05,2025-02-05,55457.6,13307.97,55457.6,13307.97,Paid
14031,1170,2025-03-05,2025-03-09,55457.6,12729.37,55457.6,12729.37,Paid
14032,1170,2025-04-05,2025-04-06,55457.6,12150.76,55457.6,12150.76,Paid
14033,1170,2025-05-05,2025-05-05,55457.6,11572.15,55457.6,11572.15,Paid
14034,1170,2025-06-05,2025-06-09,55457.6,10993.54,55457.6,10993.54,Paid
14035,1170,2025-07-05,2025-07-08,55457.6,10414.94,55457.6,10414.94,Paid
14036,1170,2025-08-05,2025-08-07,55457.6,9836.33,55457.6,9836.33,Paid
14037,1170,2025-09-05,2025-09-08,55457.6,9257.72,55457.6,9257.72,Paid
14038,1170,2025-10-05,,55457.6,8679.11,0.0,0.0,Unpaid
14039,1170,2025-11-05,2025-11-10,55457.6,8679.11,55457.6,8679.11,Paid
14040,1170,2025-12-05,2025-12-09,55457.6,8100.51,55457.6,8100.51,Paid
14041,1171,2025-01-05,2025-01-10,10697.54,5417.23,10697.54,5417.23,Paid
14042,1171,2025-02-05,2025-02-05,10697.54,5266.75,10697.54,5266.75,Paid
14043,1171,2025-03-05,2025-03-08,10697.54,5116.28,10697.54,5116.28,Paid
14044,1171,2025-04-05,2025-04-06,10697.54,4965.8,10697.54,4965.8,Paid
14045,1171,2025-05-05,2025-05-08,10697.54,4815.32,10697.54,4815.32,Paid
14046,1171,2025-06-05,2025-06-06,10697.54,4664.84,10697.54,4664.84,Paid
14047,1171,2025-07-05,2025-07-09,10697.54,4514.36,10697.54,4514.36,Paid
14048,1171,2025-08-05,2025-08-09,10697.54,4363.88,10697.54,4363.88,Paid
14049,1171,2025-09-05,2025-09-08,10697.54,4213.4,10697.54,4213.4,Paid
14050,1171,2025-10-05,2025-10-10,10697.54,4062.92,10697.54,4062.92,Paid
14051,1171,2025-11-05,2025-11-05,10697.54,3912.45,10697.54,3912.45,Paid
14052,1171,2025-12-05,2025-12-06,10697.54,3761.97,10697.54,3761.97,Paid
14053,1172,2025-01-05,2025-01-07,18464.63,6004.7,18464.63,6004.7,Paid
14054,1172,2025-02-05,2025-02-10,18464.63,5837.9,18464.63,5837.9,Paid
14055,1172,2025-03-05,2025-03-05,18464.63,5671.1,18464.63,5671.1,Paid
14056,1172,2025-04-05,,18464.63,5504.3,0.0,0.0,Unpaid
14057,1172,2025-05-05,2025-05-06,18464.63,5504.3,18464.63,5504.3,Paid
14058,1172,2025-06-05,,18464.63,5337.51,0.0,0.0,Unpaid
14059,1172,2025-07-05,2025-07-06,18464.63,5337.51,18464.63,5337.51,Paid
14060,1172,2025-08-05,2025-08-08,18464.63,5170.71,18464.63,5170.71,Paid
14061,1172,2025-09-05,,18464.63,5003.91,0.0,0.0,Unpaid
14062,1172,2025-10-05,2025-10-09,18464.63,5003.91,18464.63,5003.91,Paid
14063,1172,2025-11-05,2025-11-08,18464.63,4837.12,18464.63,4837.12,Paid
14064,1172,2025-12-05,2025-12-09,18464.63,4670.32,18464.63,4670.32,Paid
14065,1173,2025-01-05,2025-01-09,5340.92,1733.66,5340.92,1733.66,Paid
14066,1173,2025-02-05,2025-02-10,5340.92,1661.43,5340.92,1661.43,Paid
14067,1173,2025-03-05,2025-03-06,5340.92,1589.19,5340.92,1589.19,Paid
14068,1173,2025-04-05,2025-04-05,5340.92,1516.95,5340.92,1516.95,Paid
14069,1173,2025-05-05,2025-05-09,5340.92,1444.72,5340.92,1444.72,Paid
14070,1173,2025-06-05,2025-06-06,5340.92,1372.48,5340.92,1372.48,Paid
14071,1173,2025-07-05,2025-07-10,5340.92,1300.25,5340.92,1300.25,Paid
14072,1173,2025-08-05,2025-08-05,5340.92,1228.01,5340.92,1228.01,Paid
14073,1173,2025-09-05,2025-09-06,5340.92,1155.77,5340.92,1155.77,Paid
14074,1173,2025-10-05,2025-10-10,5340.92,1083.54,5340.92,1083.54,Paid
14075,1173,2025-11-05,2025-11-08,5340.92,1011.3,5340.92,1011.3,Paid
14076,1173,2025-12-05,2025-12-06,5340.92,939.07,5340.92,939.07,Paid
14077,1174,2025-01-05,2025-01-08,2319.73,2465.87,2319.73,2465.87,Paid
14078,1174,2025-02-05,2025-02-07,2319.73,2445.33,2319.73,2445.33,Paid
14079,1174,2025-03-05,2025-03-09,2319.73,2424.78,2319.73,2424.78,Paid
14080,1174,2025-04-05,2025-04-09,2319.73,2404.23,2319.73,2404.23,Paid
14081,1174,2025-05-05,2025-05-10,2319.73,2383.68,2319.73,2383.68,Paid
14082,1174,2025-06-05,2025-06-07,2319.73,2363.13,2319.73,2363.13,Paid
14083,1174,2025-07-05,2025-07-06,2319.73,2342.58,2319.73,2342.58,Paid
14084,1174,2025-08-05,2025-08-07,2319.73,2322.03,2319.73,2322.03,Paid
14085,1174,2025-09-05,2025-09-09,2319.73,2301.48,2319.73,2301.48,Paid
14086,1174,2025-10-05,2025-10-08,2319.73,2280.93,2319.73,2280.93,Paid
14087,1174,2025-11-05,,2319.73,2260.38,0.0,0.0,Unpaid
14088,1174,2025-12-05,2025-12-09,2319.73,2260.38,2319.73,2260.38,Paid
14089,1175,2025-01-05,2025-01-09,29075.05,4971.83,29075.05,4971.83,Paid
14090,1175,2025-02-05,2025-02-10,29075.05,4764.67,29075.05,4764.67,Paid
14091,1175,2025-03-05,2025-03-08,29075.05,4557.51,29075.05,4557.51,Paid
14092,1175,2025-04-05,2025-04-08,29075.05,4350.35,29075.05,4350.35,Paid
14093,1175,2025-05-05,2025-05-05,29075.05,4143.2,29075.05,4143.2,Paid
14094,1175,2025-06-05,2025-06-09,29075.05,3936.04,29075.05,3936.04,Paid
14095,1175,2025-07-05,2025-07-09,29075.05,3728.88,29075.05,3728.88,Paid
14096,1175,2025-08-05,2025-08-08,29075.05,3521.72,29075.05,3521.72,Paid
14097,1175,2025-09-05,2025-09-05,29075.05,3314.56,29075.05,3314.56,Paid
14098,1175,2025-10-05,2025-10-07,29075.05,3107.4,29075.05,3107.4,Paid
14099,1175,2025-11-05,2025-11-05,29075.05,2900.24,29075.05,2900.24,Paid
14100,1175,2025-12-05,2025-12-05,29075.05,2693.08,29075.05,2693.08,Paid
14101,1176,2025-01-05,2025-01-05,68935.5,11912.05,68935.5,11912.05,Paid
14102,1176,2025-02-05,2025-02-05,68935.5,11415.72,68935.5,11415.72,Paid
14103,1176,2025-03-05,2025-03-10,68935.5,10919.38,68935.5,10919.38,Paid
14104,1176,2025-04-05,2025-04-10,68935.5,10423.05,68935.5,10423.05,Paid
14105,1176,2025-05-05,2025-05-10,68935.5,9926.71,68935.5,9926.71,Paid
14106,1176,2025-06-05,2025-06-07,68935.5,9430.38,68935.5,9430.38,Paid
14107,1176,2025-07-05,2025-07-05,68935.5,8934.04,68935.5,8934.04,Paid
14108,1176,2025-08-05,2025-08-07,68935.5,8437.71,68935.5,8437.71,Paid
14109,1176,2025-09-05,2025-09-07,68935.5,7941.37,68935.5,7941.37,Paid
14110,1176,2025-10-05,2025-10-06,68935.5,7445.03,68935.5,7445.03,Paid
14111,1176,2025-11-05,2025-11-10,68935.5,6948.7,68935.5,6948.7,Paid
14112,1176,2025-12-05,2025-12-10,68935.5,6452.36,68935.5,6452.36,Paid
14113,1177,2025-01-05,,14825.21,13090.66,0.0,0.0,Unpaid
14114,1177,2025-02-05,2025-02-05,14825.21,13090.66,14825.21,13090.66,Paid
14115,1177,2025-03-05,2025-03-05,14825.21,12981.57,14825.21,12981.57,Paid
14116,1177,2025-04-05,,14825.21,12872.48,0.0,0.0,Unpaid
14117,1177,2025-05-05,2025-05-05,14825.21,12872.48,14825.21,12872.48,Paid
14118,1177,2025-06-05,2025-06-05,14825.21,12763.39,14825.21,12763.39,Paid
14119,1177,2025-07-05,2025-07-07,14825.21,12654.3,14825.21,12654.3,Paid
14120,1177,2025-08-05,2025-08-08,14825.21,12545.21,14825.21,12545.21,Paid
14121,1177,2025-09-05,2025-09-09,14825.21,12436.13,14825.21,12436.13,Paid
14122,1177,2025-10-05,2025-10-05,14825.21,12327.04,14825.21,12327.04,Paid
14123,1177,2025-11-05,2025-11-09,14825.21,12217.95,14825.21,12217.95,Paid
14124,1177,2025-12-05,2025-12-07,14825.21,12108.86,14825.21,12108.86,Paid
14125,1178,2025-01-05,2025-01-09,9734.73,13356.05,9734.73,13356.05,Paid
14126,1178,2025-02-05,,9734.73,13244.75,0.0,0.0,Unpaid
14127,1178,2025-03-05,2025-03-10,9734.73,13244.75,9734.73,13244.75,Paid
14128,1178,2025-04-05,2025-04-08,9734.73,13133.44,9734.73,13133.44,Paid
14129,1178,2025-05-05,2025-05-06,9734.73,13022.14,9734.73,13022.14,Paid
14130,1178,2025-06-05,2025-06-10,9734.73,12910.84,9734.73,12910.84,Paid
14131,1178,2025-07-05,2025-07-09,9734.73,12799.54,9734.73,12799.54,Paid
14132,1178,2025-08-05,2025-08-06,9734.73,12688.24,9734.73,12688.24,Paid
14133,1178,2025-09-05,2025-09-10,9734.73,12576.94,9734.73,12576.94,Paid
14134,1178,2025-10-05,2025-10-08,9734.73,12465.64,9734.73,12465.64,Paid
14135,1178,2025-11-05,2025-11-10,9734.73,12354.34,9734.73,12354.34,Paid
14136,1178,2025-12-05,2025-12-09,9734.73,12243.04,9734.73,12243.04,Paid
14137,1179,2025-01-05,2025-01-06,9539.82,10016.81,9539.82,10016.81,Paid
14138,1179,2025-02-05,2025-02-10,9539.82,9933.33,9539.82,9933.33,Paid
14139,1179,2025-03-05,2025-03-10,9539.82,9849.86,9539.82,9849.86,Paid
14140,1179,2025-04-05,2025-04-07,9539.82,9766.39,9539.82,9766.39,Paid
14141,1179,2025-05-05,2025-05-09,9539.82,9682.91,9539.82,9682.91,Paid
14142,1179,2025-06-05,2025-06-06,9539.82,9599.44,9539.82,9599.44,Paid
14143,1179,2025-07-05,2025-07-09,9539.82,9515.97,9539.82,9515.97,Paid
14144,1179,2025-08-05,2025-08-09,9539.82,9432.49,9539.82,9432.49,Paid
14145,1179,2025-09-05,2025-09-09,9539.82,9349.02,9539.82,9349.02,Paid
14146,1179,2025-10-05,2025-10-05,9539.82,9265.55,9539.82,9265.55,Paid
14147,1179,2025-11-05,2025-11-06,9539.82,9182.07,9539.82,9182.07,Paid
14148,1179,2025-12-05,2025-12-06,9539.82,9098.6,9539.82,9098.6,Paid
14149,1180,2025-01-05,2025-01-07,9612.77,7161.52,9612.77,7161.52,Paid
14150,1180,2025-02-05,2025-02-08,9612.77,7042.16,9612.77,7042.16,Paid
14151,1180,2025-03-05,2025-03-05,9612.77,6922.8,9612.77,6922.8,Paid
14152,1180,2025-04-05,2025-04-08,9612.77,6803.44,9612.77,6803.44,Paid
14153,1180,2025-05-05,2025-05-07,9612.77,6684.08,9612.77,6684.08,Paid
14154,1180,2025-06-05,2025-06-05,9612.77,6564.72,9612.77,6564.72,Paid
14155,1180,2025-07-05,2025-07-05,9612.77,6445.36,9612.77,6445.36,Paid
14156,1180,2025-08-05,2025-08-09,9612.77,6326.01,9612.77,6326.01,Paid
14157,1180,2025-09-05,2025-09-06,9612.77,6206.65,9612.77,6206.65,Paid
14158,1180,2025-10-05,2025-10-06,9612.77,6087.29,9612.77,6087.29,Paid
14159,1180,2025-11-05,2025-11-08,9612.77,5967.93,9612.77,5967.93,Paid
14160,1180,2025-12-05,2025-12-07,9612.77,5848.57,9612.77,5848.57,Paid
14161,1181,2025-01-05,2025-01-05,12345.47,9573.91,12345.47,9573.91,Paid
14162,1181,2025-02-05,,12345.47,9414.35,0.0,0.0,Unpaid
14163,1181,2025-03-05,2025-03-09,12345.47,9414.35,12345.47,9414.35,Paid
14164,1181,2025-04-05,2025-04-09,12345.47,9254.78,12345.47,9254.78,Paid
14165,1181,2025-05-05,2025-05-08,12345.47,9095.22,12345.47,9095.22,Paid
14166,1181,2025-06-05,2025-06-08,12345.47,8935.65,12345.47,8935.65,Paid
14167,1181,2025-07-05,2025-07-10,12345.47,8776.09,12345.47,8776.09,Paid
14168,1181,2025-08-05,2025-08-08,12345.47,8616.52,12345.47,8616.52,Paid
14169,1181,2025-09-05,2025-09-09,12345.47,8456.96,12345.47,8456.96,Paid
14170,1181,2025-10-05,2025-10-09,12345.47,8297.39,12345.47,8297.39,Paid
14171,1181,2025-11-05,2025-11-09,12345.47,8137.83,12345.47,8137.83,Paid
14172,1181,2025-12-05,2025-12-07,12345.47,7978.26,12345.47,7978.26,Paid
14173,1182,2025-01-05,2025-01-05,7746.54,8466.97,7746.54,8466.97,Paid
14174,1182,2025-02-05,2025-02-06,7746.54,8396.41,7746.54,8396.41,Paid
14175,1182,2025-03-05,2025-03-10,7746.54,8325.85,7746.54,8325.85,Paid
14176,1182,2025-04-05,2025-04-05,7746.54,8255.3,7746.54,8255.3,Paid
14177,1182,2025-05-05,2025-05-05,7746.54,8184.74,7746.54,8184.74,Paid
14178,1182,2025-06-05,2025-06-10,7746.54,8114.18,7746.54,8114.18,Paid
14179,1182,2025-07-05,2025-07-08,7746.54,8043.62,7746.54,8043.62,Paid
14180,1182,2025-08-05,2025-08-08,7746.54,7973.06,7746.54,7973.06,Paid
14181,1182,2025-09-05,2025-09-05,7746.54,7902.51,7746.54,7902.51,Paid
14182,1182,2025-10-05,2025-10-05,7746.54,7831.95,7746.54,7831.95,Paid
14183,1182,2025-11-05,2025-11-10,7746.54,7761.39,7746.54,7761.39,Paid
14184,1182,2025-12-05,2025-12-10,7746.54,7690.83,7746.54,7690.83,Paid
14185,1183,2025-01-05,2025-01-10,18883.8,9224.74,18883.8,9224.74,Paid
14186,1183,2025-02-05,2025-02-10,18883.8,9070.99,18883.8,9070.99,Paid
14187,1183,2025-03-05,2025-03-06,18883.8,8917.25,18883.8,8917.25,Paid
14188,1183,2025-04-05,2025-04-09,18883.8,8763.5,18883.8,8763.5,Paid
14189,1183,2025-05-05,2025-05-06,18883.8,8609.76,18883.8,8609.76,Paid
14190,1183,2025-06-05,2025-06-08,18883.8,8456.01,18883.8,8456.01,Paid
14191,1183,2025-07-05,2025-07-10,18883.8,8302.26,18883.8,8302.26,Paid
14192,1183,2025-08-05,2025-08-10,18883.8,8148.52,18883.8,8148.52,Paid
14193,1183,2025-09-05,2025-09-05,18883.8,7994.77,18883.8,7994.77,Paid
14194,1183,2025-10-05,2025-10-07,18883.8,7841.03,18883.8,7841.03,Paid
14195,1183,2025-11-05,2025-11-08,18883.8,7687.28,18883.8,7687.28,Paid
14196,1183,2025-12-05,2025-12-09,18883.8,7533.54,18883.8,7533.54,Paid
14197,1184,2025-01-05,2025-01-07,57155.49,19707.21,57155.49,19707.21,Paid
14198,1184,2025-02-05,2025-02-10,57155.49,18886.08,57155.49,18886.08,Paid
14199,1184,2025-03-05,2025-03-07,57155.49,18064.94,57155.49,18064.94,Paid
14200,1184,2025-04-05,2025-04-06,57155.49,17243.81,57155.49,17243.81,Paid
14201,1184,2025-05-05,2025-05-08,57155.49,16422.68,57155.49,16422.68,Paid
14202,1184,2025-06-05,2025-06-06,57155.49,15601.54,57155.49,15601.54,Paid
14203,1184,2025-07-05,2025-07-06,57155.49,14780.41,57155.49,14780.41,Paid
14204,1184,2025-08-05,2025-08-10,57155.49,13959.27,57155.49,13959.27,Paid
14205,1184,2025-09-05,2025-09-07,57155.49,13138.14,57155.49,13138.14,Paid
14206,1184,2025-10-05,2025-10-09,57155.49,12317.01,57155.49,12317.01,Paid
14207,1184,2025-11-05,2025-11-06,57155.49,11495.87,57155.49,11495.87,Paid
14208,1184,2025-12-05,2025-12-06,57155.49,10674.74,57155.49,10674.74,Paid
14209,1185,2025-01-05,2025-01-09,9964.64,3117.93,9964.64,3117.93,Paid
14210,1185,2025-02-05,2025-02-09,9964.64,3031.32,9964.64,3031.32,Paid
14211,1185,2025-03-05,2025-03-06,9964.64,2944.72,9964.64,2944.72,Paid
14212,1185,2025-04-05,2025-04-08,9964.64,2858.11,9964.64,2858.11,Paid
14213,1185,2025-05-05,2025-05-10,9964.64,2771.5,9964.64,2771.5,Paid
14214,1185,2025-06-05,2025-06-08,9964.64,2684.89,9964.64,2684.89,Paid
14215,1185,2025-07-05,2025-07-08,9964.64,2598.28,9964.64,2598.28,Paid
14216,1185,2025-08-05,2025-08-10,9964.64,2511.67,9964.64,2511.67,Paid
14217,1185,2025-09-05,2025-09-07,9964.64,2425.06,9964.64,2425.06,Paid
14218,1185,2025-10-05,2025-10-06,9964.64,2338.45,9964.64,2338.45,Paid
14219,1185,2025-11-05,2025-11-10,9964.64,2251.84,9964.64,2251.84,Paid
14220,1185,2025-12-05,2025-12-05,9964.64,2165.23,9964.64,2165.23,Paid
14221,1186,2025-01-05,2025-01-05,7517.17,9824.94,7517.17,9824.94,Paid
14222,1186,2025-02-05,2025-02-10,7517.17,9743.06,7517.17,9743.06,Paid
14223,1186,2025-03-05,2025-03-06,7517.17,9661.19,7517.17,9661.19,Paid
14224,1186,2025-04-05,2025-04-09,7517.17,9579.31,7517.17,9579.31,Paid
14225,1186,2025-05-05,2025-05-06,7517.17,9497.44,7517.17,9497.44,Paid
14226,1186,2025-06-05,2025-06-10,7517.17,9415.56,7517.17,9415.56,Paid
14227,1186,2025-07-05,2025-07-06,7517.17,9333.69,7517.17,9333.69,Paid
14228,1186,2025-08-05,2025-08-10,7517.17,9251.81,7517.17,9251.81,Paid
14229,1186,2025-09-05,2025-09-06,7517.17,9169.94,7517.17,9169.94,Paid
14230,1186,2025-10-05,2025-10-09,7517.17,9088.07,7517.17,9088.07,Paid
14231,1186,2025-11-05,2025-11-07,7517.17,9006.19,7517.17,9006.19,Paid
14232,1186,2025-12-05,2025-12-05,7517.17,8924.32,7517.17,8924.32,Paid
14233,1187,2025-01-05,2025-01-08,13942.44,19449.7,13942.44,19449.7,Paid
14234,1187,2025-02-05,2025-02-07,13942.44,19287.62,13942.44,19287.62,Paid
14235,1187,2025-03-05,2025-03-09,13942.44,19125.54,13942.44,19125.54,Paid
14236,1187,2025-04-05,2025-04-07,13942.44,18963.46,13942.44,18963.46,Paid
14237,1187,2025-05-05,2025-05-10,13942.44,18801.38,13942.44,18801.38,Paid
14238,1187,2025-06-05,2025-06-08,13942.44,18639.29,13942.44,18639.29,Paid
14239,1187,2025-07-05,2025-07-06,13942.44,18477.21,13942.44,18477.21,Paid
14240,1187,2025-08-05,2025-08-05,13942.44,18315.13,13942.44,18315.13,Paid
14241,1187,2025-09-05,2025-09-06,13942.44,18153.05,13942.44,18153.05,Paid
14242,1187,2025-10-05,2025-10-06,13942.44,17990.97,13942.44,17990.97,Paid
14243,1187,2025-11-05,2025-11-06,13942.44,17828.89,13942.44,17828.89,Paid
14244,1187,2025-12-05,2025-12-05,13942.44,17666.81,13942.44,17666.81,Paid
14245,1188,2025-01-05,2025-01-08,1759.94,2430.47,1759.94,2430.47,Paid
14246,1188,2025-02-05,,1759.94,2410.22,0.0,0.0,Unpaid
14247,1188,2025-03-05,2025-03-07,1759.94,2410.22,1759.94,2410.22,Paid
14248,1188,2025-04-05,2025-04-10,1759.94,2389.96,1759.94,2389.96,Paid
14249,1188,2025-05-05,2025-05-09,1759.94,2369.71,1759.94,2369.71,Paid
14250,1188,2025-06-05,2025-06-05,1759.94,2349.46,1759.94,2349.46,Paid
14251,1188,2025-07-05,2025-07-06,1759.94,2329.2,1759.94,2329.2,Paid
14252,1188,2025-08-05,2025-08-06,1759.94,2308.95,1759.94,2308.95,Paid
14253,1188,2025-09-05,2025-09-10,1759.94,2288.69,1759.94,2288.69,Paid
14254,1188,2025-10-05,2025-10-09,1759.94,2268.44,1759.94,2268.44,Paid
14255,1188,2025-11-05,2025-11-07,1759.94,2248.19,1759.94,2248.19,Paid
14256,1188,2025-12-05,2025-12-08,1759.94,2227.93,1759.94,2227.93,Paid
14257,1189,2025-01-05,2025-01-07,10625.53,2808.33,10625.53,2808.33,Paid
14258,1189,2025-02-05,2025-02-06,10625.53,2730.32,10625.53,2730.32,Paid
14259,1189,2025-03-05,2025-03-05,10625.53,2652.31,10625.53,2652.31,Paid
14260,1189,2025-04-05,2025-04-07,10625.53,2574.3,10625.53,2574.3,Paid
14261,1189,2025-05-05,2025-05-10,10625.53,2496.29,10625.53,2496.29,Paid
14262,1189,2025-06-05,2025-06-07,10625.53,2418.28,10625.53,2418.28,Paid
14263,1189,2025-07-05,,10625.53,2340.27,0.0,0.0,Unpaid
14264,1189,2025-08-05,2025-08-05,10625.53,2340.27,10625.53,2340.27,Paid
14265,1189,2025-09-05,2025-09-10,10625.53,2262.26,10625.53,2262.26,Paid
14266,1189,2025-10-05,2025-10-08,10625.53,2184.26,10625.53,2184.26,Paid
14267,1189,2025-11-05,2025-11-05,10625.53,2106.25,10625.53,2106.25,Paid
14268,1189,2025-12-05,2025-12-05,10625.53,2028.24,10625.53,2028.24,Paid
14269,1190,2025-01-05,2025-01-06,20035.11,6539.46,20035.11,6539.46,Paid
14270,1190,2025-02-05,2025-02-08,20035.11,6266.98,20035.11,6266.98,Paid
14271,1190,2025-03-05,2025-03-07,20035.11,5994.51,20035.11,5994.51,Paid
14272,1190,2025-04-05,2025-04-10,20035.11,5722.03,20035.11,5722.03,Paid
14273,1190,2025-05-05,2025-05-08,20035.11,5449.55,20035.11,5449.55,Paid
14274,1190,2025-06-05,2025-06-07,20035.11,5177.07,20035.11,5177.07,Paid
14275,1190,2025-07-05,2025-07-08,20035.11,4904.6,20035.11,4904.6,Paid
14276,1190,2025-08-05,2025-08-05,20035.11,4632.12,20035.11,4632.12,Paid
14277,1190,2025-09-05,2025-09-06,20035.11,4359.64,20035.11,4359.64,Paid
14278,1190,2025-10-05,2025-10-05,20035.11,4087.16,20035.11,4087.16,Paid
14279,1190,2025-11-05,2025-11-05,20035.11,3814.69,20035.11,3814.69,Paid
14280,1190,2025-12-05,2025-12-08,20035.11,3542.21,20035.11,3542.21,Paid
14281,1191,2025-01-05,2025-01-05,32018.73,16416.0,32018.73,16416.0,Paid
14282,1191,2025-02-05,2025-02-06,32018.73,15960.0,32018.73,15960.0,Paid
14283,1191,2025-03-05,2025-03-09,32018.73,15504.0,32018.73,15504.0,Paid
14284,1191,2025-04-05,2025-04-10,32018.73,15048.0,32018.73,15048.0,Paid
14285,1191,2025-05-05,2025-05-10,32018.73,14592.0,32018.73,14592.0,Paid
14286,1191,2025-06-05,2025-06-10,32018.73,14136.0,32018.73,14136.0,Paid
14287,1191,2025-07-05,2025-07-10,32018.73,13680.0,32018.73,13680.0,Paid
14288,1191,2025-08-05,2025-08-08,32018.73,13224.0,32018.73,13224.0,Paid
14289,1191,2025-09-05,2025-09-07,32018.73,12768.0,32018.73,12768.0,Paid
14290,1191,2025-10-05,,32018.73,12312.0,0.0,0.0,Unpaid
14291,1191,2025-11-05,2025-11-10,32018.73,12312.0,32018.73,12312.0,Paid
14292,1191,2025-12-05,2025-12-10,32018.73,11856.0,32018.73,11856.0,Paid
14293,1192,2025-01-05,2025-01-05,9415.5,6256.6,9415.5,6256.6,Paid
14294,1192,2025-02-05,2025-02-10,9415.5,6152.32,9415.5,6152.32,Paid
14295,1192,2025-03-05,2025-03-06,9415.5,6048.05,9415.5,6048.05,Paid
14296,1192,2025-04-05,2025-04-06,9415.5,5943.77,9415.5,5943.77,Paid
14297,1192,2025-05-05,2025-05-10,9415.5,5839.49,9415.5,5839.49,Paid
14298,1192,2025-06-05,2025-06-09,9415.5,5735.22,9415.5,5735.22,Paid
14299,1192,2025-07-05,2025-07-06,9415.5,5630.94,9415.5,5630.94,Paid
14300,1192,2025-08-05,2025-08-09,9415.5,5526.66,9415.5,5526.66,Paid
14301,1192,2025-09-05,2025-09-10,9415.5,5422.39,9415.5,5422.39,Paid
14302,1192,2025-10-05,2025-10-07,9415.5,5318.11,9415.5,5318.11,Paid
14303,1192,2025-11-05,2025-11-05,9415.5,5213.83,9415.5,5213.83,Paid
14304,1192,2025-12-05,2025-12-07,9415.5,5109.56,9415.5,5109.56,Paid
14305,1193,2025-01-05,2025-01-09,4117.64,3530.88,4117.64,3530.88,Paid
14306,1193,2025-02-05,2025-02-07,4117.64,3472.03,4117.64,3472.03,Paid
14307,1193,2025-03-05,2025-03-08,4117.64,3413.18,4117.64,3413.18,Paid
14308,1193,2025-04-05,2025-04-06,4117.64,3354.33,4117.64,3354.33,Paid
14309,1193,2025-05-05,2025-05-10,4117.64,3295.49,4117.64,3295.49,Paid
14310,1193,2025-06-05,2025-06-08,4117.64,3236.64,4117.64,3236.64,Paid
14311,1193,2025-07-05,2025-07-09,4117.64,3177.79,4117.64,3177.79,Paid
14312,1193,2025-08-05,2025-08-05,4117.64,3118.94,4117.64,3118.94,Paid
14313,1193,2025-09-05,2025-09-05,4117.64,3060.09,4117.64,3060.09,Paid
14314,1193,2025-10-05,2025-10-09,4117.64,3001.25,4117.64,3001.25,Paid
14315,1193,2025-11-05,2025-11-09,4117.64,2942.4,4117.64,2942.4,Paid
14316,1193,2025-12-05,2025-12-07,4117.64,2883.55,4117.64,2883.55,Paid
14317,1194,2025-01-05,2025-01-10,11443.85,5915.33,11443.85,5915.33,Paid
14318,1194,2025-02-05,2025-02-10,11443.85,5751.01,11443.85,5751.01,Paid
14319,1194,2025-03-05,2025-03-05,11443.85,5586.7,11443.85,5586.7,Paid
14320,1194,2025-04-05,2025-04-07,11443.85,5422.38,11443.85,5422.38,Paid
14321,1194,2025-05-05,2025-05-07,11443.85,5258.07,11443.85,5258.07,Paid
14322,1194,2025-06-05,2025-06-09,11443.85,5093.75,11443.85,5093.75,Paid
14323,1194,2025-07-05,2025-07-08,11443.85,4929.44,11443.85,4929.44,Paid
14324,1194,2025-08-05,2025-08-07,11443.85,4765.12,11443.85,4765.12,Paid
14325,1194,2025-09-05,2025-09-07,11443.85,4600.81,11443.85,4600.81,Paid
14326,1194,2025-10-05,2025-10-10,11443.85,4436.5,11443.85,4436.5,Paid
14327,1194,2025-11-05,2025-11-08,11443.85,4272.18,11443.85,4272.18,Paid
14328,1194,2025-12-05,2025-12-09,11443.85,4107.87,11443.85,4107.87,Paid
14329,1195,2025-01-05,2025-01-10,28997.23,18674.21,28997.23,18674.21,Paid
14330,1195,2025-02-05,2025-02-09,28997.23,18362.98,28997.23,18362.98,Paid
14331,1195,2025-03-05,2025-03-09,28997.23,18051.74,28997.23,18051.74,Paid
14332,1195,2025-04-05,2025-04-05,28997.23,17740.5,28997.23,17740.5,Paid
14333,1195,2025-05-05,2025-05-10,28997.23,17429.27,28997.23,17429.27,Paid
14334,1195,2025-06-05,2025-06-10,28997.23,17118.03,28997.23,17118.03,Paid
14335,1195,2025-07-05,2025-07-09,28997.23,16806.79,28997.23,16806.79,Paid
14336,1195,2025-08-05,2025-08-09,28997.23,16495.56,28997.23,16495.56,Paid
14337,1195,2025-09-05,,28997.23,16184.32,0.0,0.0,Unpaid
14338,1195,2025-10-05,2025-10-08,28997.23,16184.32,28997.23,16184.32,Paid
14339,1195,2025-11-05,2025-11-10,28997.23,15873.08,28997.23,15873.08,Paid
14340,1195,2025-12-05,2025-12-05,28997.23,15561.85,28997.23,15561.85,Paid
14341,1196,2025-01-05,2025-01-08,2438.89,3687.6,2438.89,3687.6,Paid
14342,1196,2025-02-05,2025-02-10,2438.89,3656.87,2438.89,3656.87,Paid
14343,1196,2025-03-05,2025-03-09,2438.89,3626.14,2438.89,3626.14,Paid
14344,1196,2025-04-05,2025-04-08,2438.89,3595.41,2438.89,3595.41,Paid
14345,1196,2025-05-05,2025-05-05,2438.89,3564.68,2438.89,3564.68,Paid
14346,1196,2025-06-05,2025-06-05,2438.89,3533.95,2438.89,3533.95,Paid
14347,1196,2025-07-05,2025-07-06,2438.89,3503.22,2438.89,3503.22,Paid
14348,1196,2025-08-05,2025-08-08,2438.89,3472.49,2438.89,3472.49,Paid
14349,1196,2025-09-05,2025-09-05,2438.89,3441.76,2438.89,3441.76,Paid
14350,1196,2025-10-05,2025-10-06,2438.89,3411.03,2438.89,3411.03,Paid
14351,1196,2025-11-05,2025-11-09,2438.89,3380.3,2438.89,3380.3,Paid
14352,1196,2025-12-05,2025-12-09,2438.89,3349.57,2438.89,3349.57,Paid
14353,1197,2025-01-05,2025-01-10,18882.83,26171.61,18882.83,26171.61,Paid
14354,1197,2025-02-05,2025-02-09,18882.83,25953.51,18882.83,25953.51,Paid
14355,1197,2025-03-05,2025-03-06,18882.83,25735.41,18882.83,25735.41,Paid
14356,1197,2025-04-05,2025-04-08,18882.83,25517.32,18882.83,25517.32,Paid
14357,1197,2025-05-05,2025-05-08,18882.83,25299.22,18882.83,25299.22,Paid
14358,1197,2025-06-05,2025-06-07,18882.83,25081.12,18882.83,25081.12,Paid
14359,1197,2025-07-05,2025-07-05,18882.83,24863.03,18882.83,24863.03,Paid
14360,1197,2025-08-05,2025-08-07,18882.83,24644.93,18882.83,24644.93,Paid
14361,1197,2025-09-05,2025-09-09,18882.83,24426.83,18882.83,24426.83,Paid
14362,1197,2025-10-05,2025-10-06,18882.83,24208.74,18882.83,24208.74,Paid
14363,1197,2025-11-05,2025-11-06,18882.83,23990.64,18882.83,23990.64,Paid
14364,1197,2025-12-05,2025-12-05,18882.83,23772.54,18882.83,23772.54,Paid
14365,1198,2025-01-05,2025-01-06,41710.31,13747.72,41710.31,13747.72,Paid
14366,1198,2025-02-05,2025-02-06,41710.31,13174.9,41710.31,13174.9,Paid
14367,1198,2025-03-05,2025-03-10,41710.31,12602.07,41710.31,12602.07,Paid
14368,1198,2025-04-05,2025-04-09,41710.31,12029.25,41710.31,12029.25,Paid
14369,1198,2025-05-05,,41710.31,11456.43,0.0,0.0,Unpaid
14370,1198,2025-06-05,2025-06-09,41710.31,11456.43,41710.31,11456.43,Paid
14371,1198,2025-07-05,2025-07-10,41710.31,10883.61,41710.31,10883.61,Paid
14372,1198,2025-08-05,2025-08-09,41710.31,10310.79,41710.31,10310.79,Paid
14373,1198,2025-09-05,2025-09-07,41710.31,9737.97,41710.31,9737.97,Paid
14374,1198,2025-10-05,2025-10-07,41710.31,9165.14,41710.31,9165.14,Paid
14375,1198,2025-11-05,2025-11-10,41710.31,8592.32,41710.31,8592.32,Paid
14376,1198,2025-12-05,2025-12-09,41710.31,8019.5,41710.31,8019.5,Paid
14377,1199,2025-01-05,2025-01-06,66478.4,23313.98,66478.4,23313.98,Paid
14378,1199,2025-02-05,2025-02-06,66478.4,22666.37,66478.4,22666.37,Paid
14379,1199,2025-03-05,2025-03-10,66478.4,22018.75,66478.4,22018.75,Paid
14380,1199,2025-04-05,2025-04-06,66478.4,21371.14,66478.4,21371.14,Paid
14381,1199,2025-05-05,2025-05-10,66478.4,20723.53,66478.4,20723.53,Paid
14382,1199,2025-06-05,2025-06-10,66478.4,20075.92,66478.4,20075.92,Paid
14383,1199,2025-07-05,2025-07-07,66478.4,19428.31,66478.4,19428.31,Paid
14384,1199,2025-08-05,2025-08-07,66478.4,18780.7,66478.4,18780.7,Paid
14385,1199,2025-09-05,2025-09-08,66478.4,18133.09,66478.4,18133.09,Paid
14386,1199,2025-10-05,2025-10-08,66478.4,17485.48,66478.4,17485.48,Paid
14387,1199,2025-11-05,2025-11-08,66478.4,16837.87,66478.4,16837.87,Paid
14388,1199,2025-12-05,2025-12-08,66478.4,16190.26,66478.4,16190.26,Paid
14389,1200,2025-01-05,,5308.52,3368.25,0.0,0.0,Unpaid
14390,1200,2025-02-05,2025-02-08,5308.52,3368.25,5308.52,3368.25,Paid
14391,1200,2025-03-05,2025-03-07,5308.52,3312.12,5308.52,3312.12,Paid
14392,1200,2025-04-05,2025-04-05,5308.52,3255.98,5308.52,3255.98,Paid
14393,1200,2025-05-05,2025-05-06,5308.52,3199.84,5308.52,3199.84,Paid
14394,1200,2025-06-05,2025-06-05,5308.52,3143.7,5308.52,3143.7,Paid
14395,1200,2025-07-05,2025-07-05,5308.52,3087.57,5308.52,3087.57,Paid
14396,1200,2025-08-05,2025-08-10,5308.52,3031.43,5308.52,3031.43,Paid
14397,1200,2025-09-05,2025-09-08,5308.52,2975.29,5308.52,2975.29,Paid
14398,1200,2025-10-05,2025-10-09,5308.52,2919.15,5308.52,2919.15,Paid
14399,1200,2025-11-05,2025-11-05,5308.52,2863.02,5308.52,2863.02,Paid
14400,1200,2025-12-05,2025-12-05,5308.52,2806.88,5308.52,2806.88,Paid
